{
	"credit": "Made with Blockbench",
	"textures": {
		"0": "block/dark_prismarine",
		"1": "block/baronmok",
		"particle": "block/baronmok"
	},
	"elements": [
		{
			"from": [3.27908, 4.83333, 6.83044],
			"to": [4.27908, 13.83333, 8.83044],
			"rotation": {"angle": 0, "axis": "y", "origin": [11.27908, 12.83333, 15.83044]},
			"faces": {
				"north": {"uv": [0.25, 0.25, 0.75, 0.625], "texture": "#0"},
				"east": {"uv": [0.25, 0.25, 0.75, 0.625], "texture": "#0"},
				"south": {"uv": [0.25, 0.25, 0.75, 0.625], "texture": "#0"},
				"west": {"uv": [0.25, 0.25, 0.75, 0.625], "texture": "#0"},
				"up": {"uv": [0.25, 0.25, 0.75, 0.625], "texture": "#0"},
				"down": {"uv": [0.25, 0.25, 0.75, 0.625], "texture": "#0"}
			}
		},
		{
			"from": [3.17908, 7.43333, 6.83044],
			"to": [3.37908, 12.13333, 8.83044],
			"rotation": {"angle": 0, "axis": "y", "origin": [11.17908, 15.13333, 15.83044]},
			"faces": {
				"west": {"uv": [6, 0, 9, 16], "texture": "#1"}
			}
		},
		{
			"from": [3.93683, 7.43333, 5.02095],
			"to": [4.13683, 12.13333, 7.02095],
			"rotation": {"angle": -22.5, "axis": "y", "origin": [4.03683, 10.13333, 5.02095]},
			"faces": {
				"west": {"uv": [3, 0, 6, 16], "texture": "#1"}
			}
		},
		{
			"from": [3.91516, 7.43333, 10.60749],
			"to": [4.11516, 12.13333, 12.60749],
			"rotation": {"angle": 45, "axis": "y", "origin": [4.01516, 10.13333, 10.60749]},
			"faces": {
				"west": {"uv": [12, 0, 16, 16], "texture": "#1"}
			}
		},
		{
			"from": [3.91516, 7.43333, 3.05339],
			"to": [4.11516, 12.13333, 5.05339],
			"rotation": {"angle": -45, "axis": "y", "origin": [4.01516, 10.13333, 5.05339]},
			"faces": {
				"west": {"uv": [0, 0, 3, 16], "texture": "#1"}
			}
		},
		{
			"from": [3.93683, 7.43333, 8.63993],
			"to": [4.13683, 12.13333, 10.63993],
			"rotation": {"angle": 22.5, "axis": "y", "origin": [4.03683, 10.13333, 10.63993]},
			"faces": {
				"west": {"uv": [9, 0, 12, 16], "texture": "#1"}
			}
		},
		{
			"from": [3.75117, 12.25, 6.94739],
			"to": [4.65117, 14.35, 8.74739],
			"rotation": {"angle": 0, "axis": "y", "origin": [10.95117, 19.45, 15.04739]},
			"faces": {
				"north": {"uv": [0.25, 0.25, 0.75, 0.625], "texture": "#0"},
				"east": {"uv": [0.25, 0.25, 0.75, 0.625], "texture": "#0"},
				"south": {"uv": [0.25, 0.25, 0.75, 0.625], "texture": "#0"},
				"west": {"uv": [0.25, 0.25, 0.75, 0.625], "texture": "#0"},
				"up": {"uv": [0.25, 0.25, 0.75, 0.625], "texture": "#0"},
				"down": {"uv": [0.25, 0.25, 0.75, 0.625], "texture": "#0"}
			}
		},
		{
			"from": [12.33376, 4.83333, 6.83044],
			"to": [13.33376, 13.83333, 8.83044],
			"rotation": {"angle": 0, "axis": "y", "origin": [8.87234, 5.33333, 10.6755]},
			"faces": {
				"north": {"uv": [0.25, 0.25, 0.75, 0.625], "texture": "#0"},
				"east": {"uv": [0.25, 0.25, 0.75, 0.625], "texture": "#0"},
				"south": {"uv": [0.25, 0.25, 0.75, 0.625], "texture": "#0"},
				"west": {"uv": [0.25, 0.25, 0.75, 0.625], "texture": "#0"},
				"up": {"uv": [0.25, 0.25, 0.75, 0.625], "texture": "#0"},
				"down": {"uv": [0.25, 0.25, 0.75, 0.625], "texture": "#0"}
			}
		},
		{
			"from": [11.90038, 12.25, 6.94739],
			"to": [12.80038, 14.35, 8.74739],
			"rotation": {"angle": 0, "axis": "y", "origin": [8.7851, 12.7, 10.40795]},
			"faces": {
				"north": {"uv": [0.25, 0.25, 0.75, 0.625], "texture": "#0"},
				"east": {"uv": [0.25, 0.25, 0.75, 0.625], "texture": "#0"},
				"south": {"uv": [0.25, 0.25, 0.75, 0.625], "texture": "#0"},
				"west": {"uv": [0.25, 0.25, 0.75, 0.625], "texture": "#0"},
				"up": {"uv": [0.25, 0.25, 0.75, 0.625], "texture": "#0"},
				"down": {"uv": [0.25, 0.25, 0.75, 0.625], "texture": "#0"}
			}
		},
		{
			"from": [4.33376, 4.83333, 6.83044],
			"to": [12.33376, 5.83333, 8.83044],
			"rotation": {"angle": 0, "axis": "y", "origin": [8.33376, 5.33333, 7.83044]},
			"faces": {
				"north": {"uv": [0.25, 0.25, 0.75, 0.625], "texture": "#0"},
				"east": {"uv": [0.25, 0.25, 0.75, 0.625], "texture": "#0"},
				"south": {"uv": [0.25, 0.25, 0.75, 0.625], "texture": "#0"},
				"west": {"uv": [0.25, 0.25, 0.75, 0.625], "texture": "#0"},
				"up": {"uv": [0.25, 0.25, 0.75, 0.625], "texture": "#0"},
				"down": {"uv": [0.25, 0.25, 0.75, 0.625], "texture": "#0"}
			}
		},
		{
			"from": [7.33376, 4.83333, 3.83044],
			"to": [9.33376, 5.83333, 11.83044],
			"rotation": {"angle": 45, "axis": "y", "origin": [8.33376, 5.33333, 7.83044]},
			"faces": {
				"north": {"uv": [0.25, 0.25, 0.75, 0.625], "texture": "#0"},
				"east": {"uv": [0.25, 0.25, 0.75, 0.625], "texture": "#0"},
				"south": {"uv": [0.25, 0.25, 0.75, 0.625], "texture": "#0"},
				"west": {"uv": [0.25, 0.25, 0.75, 0.625], "texture": "#0"},
				"up": {"uv": [0.25, 0.25, 0.75, 0.625], "texture": "#0"},
				"down": {"uv": [0.25, 0.25, 0.75, 0.625], "texture": "#0"}
			}
		},
		{
			"from": [7.33376, 4.83333, 3.83044],
			"to": [9.33376, 5.83333, 11.83044],
			"rotation": {"angle": -45, "axis": "y", "origin": [8.33376, 5.33333, 7.83044]},
			"faces": {
				"north": {"uv": [0.25, 0.25, 0.75, 0.625], "texture": "#0"},
				"east": {"uv": [0.25, 0.25, 0.75, 0.625], "texture": "#0"},
				"south": {"uv": [0.25, 0.25, 0.75, 0.625], "texture": "#0"},
				"west": {"uv": [0.25, 0.25, 0.75, 0.625], "texture": "#0"},
				"up": {"uv": [0.25, 0.25, 0.75, 0.625], "texture": "#0"},
				"down": {"uv": [0.25, 0.25, 0.75, 0.625], "texture": "#0"}
			}
		},
		{
			"from": [7.33376, 4.83333, 3.83044],
			"to": [9.33376, 5.83333, 11.83044],
			"rotation": {"angle": 0, "axis": "y", "origin": [8.33376, 5.33333, 7.83044]},
			"faces": {
				"north": {"uv": [0.25, 0.25, 0.75, 0.625], "texture": "#0"},
				"east": {"uv": [0.25, 0.25, 0.75, 0.625], "texture": "#0"},
				"south": {"uv": [0.25, 0.25, 0.75, 0.625], "texture": "#0"},
				"west": {"uv": [0.25, 0.25, 0.75, 0.625], "texture": "#0"},
				"up": {"uv": [0.25, 0.25, 0.75, 0.625], "texture": "#0"},
				"down": {"uv": [0.25, 0.25, 0.75, 0.625], "texture": "#0"}
			}
		},
		{
			"from": [4.33376, 4.83333, 6.83044],
			"to": [12.33376, 5.83333, 8.83044],
			"rotation": {"angle": -22.5, "axis": "y", "origin": [8.33376, 5.33333, 7.83044]},
			"faces": {
				"north": {"uv": [0.25, 0.25, 0.75, 0.625], "texture": "#0"},
				"east": {"uv": [0.25, 0.25, 0.75, 0.625], "texture": "#0"},
				"south": {"uv": [0.25, 0.25, 0.75, 0.625], "texture": "#0"},
				"west": {"uv": [0.25, 0.25, 0.75, 0.625], "texture": "#0"},
				"up": {"uv": [0.25, 0.25, 0.75, 0.625], "texture": "#0"},
				"down": {"uv": [0.25, 0.25, 0.75, 0.625], "texture": "#0"}
			}
		},
		{
			"from": [7.33376, 4.83333, 3.83044],
			"to": [9.33376, 5.83333, 11.83044],
			"rotation": {"angle": 22.5, "axis": "y", "origin": [8.33376, 5.33333, 7.83044]},
			"faces": {
				"north": {"uv": [0.25, 0.25, 0.75, 0.625], "texture": "#0"},
				"east": {"uv": [0.25, 0.25, 0.75, 0.625], "texture": "#0"},
				"south": {"uv": [0.25, 0.25, 0.75, 0.625], "texture": "#0"},
				"west": {"uv": [0.25, 0.25, 0.75, 0.625], "texture": "#0"},
				"up": {"uv": [0.25, 0.25, 0.75, 0.625], "texture": "#0"},
				"down": {"uv": [0.25, 0.25, 0.75, 0.625], "texture": "#0"}
			}
		},
		{
			"from": [4.33376, 4.83333, 6.83044],
			"to": [12.33376, 5.83333, 8.83044],
			"rotation": {"angle": 22.5, "axis": "y", "origin": [8.33376, 5.33333, 7.83044]},
			"faces": {
				"north": {"uv": [0.25, 0.25, 0.75, 0.625], "texture": "#0"},
				"east": {"uv": [0.25, 0.25, 0.75, 0.625], "texture": "#0"},
				"south": {"uv": [0.25, 0.25, 0.75, 0.625], "texture": "#0"},
				"west": {"uv": [0.25, 0.25, 0.75, 0.625], "texture": "#0"},
				"up": {"uv": [0.25, 0.25, 0.75, 0.625], "texture": "#0"},
				"down": {"uv": [0.25, 0.25, 0.75, 0.625], "texture": "#0"}
			}
		},
		{
			"from": [7.33376, 4.83333, 3.83044],
			"to": [9.33376, 5.83333, 11.83044],
			"rotation": {"angle": -22.5, "axis": "y", "origin": [8.33376, 5.33333, 7.83044]},
			"faces": {
				"north": {"uv": [0.25, 0.25, 0.75, 0.625], "texture": "#0"},
				"east": {"uv": [0.25, 0.25, 0.75, 0.625], "texture": "#0"},
				"south": {"uv": [0.25, 0.25, 0.75, 0.625], "texture": "#0"},
				"west": {"uv": [0.25, 0.25, 0.75, 0.625], "texture": "#0"},
				"up": {"uv": [0.25, 0.25, 0.75, 0.625], "texture": "#0"},
				"down": {"uv": [0.25, 0.25, 0.75, 0.625], "texture": "#0"}
			}
		},
		{
			"from": [7.30642, 4.83333, 2.8031],
			"to": [9.30642, 13.83333, 3.8031],
			"rotation": {"angle": 0, "axis": "y", "origin": [10.58556, 5.33333, 4.41946]},
			"faces": {
				"north": {"uv": [0.25, 0.25, 0.75, 0.625], "texture": "#0"},
				"east": {"uv": [0.25, 0.25, 0.75, 0.625], "texture": "#0"},
				"south": {"uv": [0.25, 0.25, 0.75, 0.625], "texture": "#0"},
				"west": {"uv": [0.25, 0.25, 0.75, 0.625], "texture": "#0"},
				"up": {"uv": [0.25, 0.25, 0.75, 0.625], "texture": "#0"},
				"down": {"uv": [0.25, 0.25, 0.75, 0.625], "texture": "#0"}
			}
		},
		{
			"from": [7.37578, 12.25, 3.32279],
			"to": [9.17578, 14.35, 4.22279],
			"rotation": {"angle": 0, "axis": "y", "origin": [10.32701, 12.7, 4.77752]},
			"faces": {
				"north": {"uv": [0.25, 0.25, 0.75, 0.625], "texture": "#0"},
				"east": {"uv": [0.25, 0.25, 0.75, 0.625], "texture": "#0"},
				"south": {"uv": [0.25, 0.25, 0.75, 0.625], "texture": "#0"},
				"west": {"uv": [0.25, 0.25, 0.75, 0.625], "texture": "#0"},
				"up": {"uv": [0.25, 0.25, 0.75, 0.625], "texture": "#0"},
				"down": {"uv": [0.25, 0.25, 0.75, 0.625], "texture": "#0"}
			}
		},
		{
			"from": [7.30642, 4.83333, 11.85778],
			"to": [9.30642, 13.83333, 12.85778],
			"rotation": {"angle": 0, "axis": "y", "origin": [8.87234, 5.33333, 10.6755]},
			"faces": {
				"north": {"uv": [0.25, 0.25, 0.75, 0.625], "texture": "#0"},
				"east": {"uv": [0.25, 0.25, 0.75, 0.625], "texture": "#0"},
				"south": {"uv": [0.25, 0.25, 0.75, 0.625], "texture": "#0"},
				"west": {"uv": [0.25, 0.25, 0.75, 0.625], "texture": "#0"},
				"up": {"uv": [0.25, 0.25, 0.75, 0.625], "texture": "#0"},
				"down": {"uv": [0.25, 0.25, 0.75, 0.625], "texture": "#0"}
			}
		},
		{
			"from": [7.30642, 11.83333, 12.85778],
			"to": [9.30642, 12.83333, 16.85778],
			"rotation": {"angle": 0, "axis": "y", "origin": [8.87234, 4.33333, 11.6755]},
			"faces": {
				"north": {"uv": [0.25, 0.25, 0.75, 0.625], "texture": "#0"},
				"east": {"uv": [0.25, 0.25, 0.75, 0.625], "texture": "#0"},
				"south": {"uv": [0.25, 0.25, 0.75, 0.625], "texture": "#0"},
				"west": {"uv": [0.25, 0.25, 0.75, 0.625], "texture": "#0"},
				"up": {"uv": [0.25, 0.25, 0.75, 0.625], "texture": "#0"},
				"down": {"uv": [0.25, 0.25, 0.75, 0.625], "texture": "#0"}
			}
		},
		{
			"from": [7.30642, 6.83333, 12.85778],
			"to": [9.30642, 7.83333, 16.85778],
			"rotation": {"angle": 0, "axis": "y", "origin": [8.87234, -0.66667, 11.6755]},
			"faces": {
				"north": {"uv": [0.25, 0.25, 0.75, 0.625], "texture": "#0"},
				"east": {"uv": [0.25, 0.25, 0.75, 0.625], "texture": "#0"},
				"south": {"uv": [0.25, 0.25, 0.75, 0.625], "texture": "#0"},
				"west": {"uv": [0.25, 0.25, 0.75, 0.625], "texture": "#0"},
				"up": {"uv": [0.25, 0.25, 0.75, 0.625], "texture": "#0"},
				"down": {"uv": [0.25, 0.25, 0.75, 0.625], "texture": "#0"}
			}
		},
		{
			"from": [7.30642, 6.83333, 16.85778],
			"to": [9.30642, 12.83333, 17.85778],
			"rotation": {"angle": 0, "axis": "y", "origin": [8.87234, -0.66667, 15.6755]},
			"faces": {
				"north": {"uv": [0.25, 0.25, 0.75, 0.625], "texture": "#0"},
				"east": {"uv": [0.25, 0.25, 0.75, 0.625], "texture": "#0"},
				"south": {"uv": [0.25, 0.25, 0.75, 0.625], "texture": "#0"},
				"west": {"uv": [0.25, 0.25, 0.75, 0.625], "texture": "#0"},
				"up": {"uv": [0.25, 0.25, 0.75, 0.625], "texture": "#0"},
				"down": {"uv": [0.25, 0.25, 0.75, 0.625], "texture": "#0"}
			}
		},
		{
			"from": [7.37578, 12.25, 11.472],
			"to": [9.17578, 14.35, 12.372],
			"rotation": {"angle": 0, "axis": "y", "origin": [8.7851, 12.7, 10.40795]},
			"faces": {
				"north": {"uv": [0.25, 0.25, 0.75, 0.625], "texture": "#0"},
				"east": {"uv": [0.25, 0.25, 0.75, 0.625], "texture": "#0"},
				"south": {"uv": [0.25, 0.25, 0.75, 0.625], "texture": "#0"},
				"west": {"uv": [0.25, 0.25, 0.75, 0.625], "texture": "#0"},
				"up": {"uv": [0.25, 0.25, 0.75, 0.625], "texture": "#0"},
				"down": {"uv": [0.25, 0.25, 0.75, 0.625], "texture": "#0"}
			}
		},
		{
			"from": [-2.65928, 4.83333, 4.10966],
			"to": [-1.65928, 13.83333, 6.10966],
			"rotation": {"angle": -45, "axis": "y", "origin": [2.05297, 12.83333, 13.63829]},
			"faces": {
				"north": {"uv": [0.25, 0.25, 0.75, 0.625], "texture": "#0"},
				"east": {"uv": [0.25, 0.25, 0.75, 0.625], "texture": "#0"},
				"south": {"uv": [0.25, 0.25, 0.75, 0.625], "texture": "#0"},
				"west": {"uv": [0.25, 0.25, 0.75, 0.625], "texture": "#0"},
				"up": {"uv": [0.25, 0.25, 0.75, 0.625], "texture": "#0"},
				"down": {"uv": [0.25, 0.25, 0.75, 0.625], "texture": "#0"}
			}
		},
		{
			"from": [-1.59335, 12.25, 4.4987],
			"to": [-0.69335, 14.35, 6.2987],
			"rotation": {"angle": -45, "axis": "y", "origin": [2.64768, 19.45, 13.07446]},
			"faces": {
				"north": {"uv": [0.25, 0.25, 0.75, 0.625], "texture": "#0"},
				"east": {"uv": [0.25, 0.25, 0.75, 0.625], "texture": "#0"},
				"south": {"uv": [0.25, 0.25, 0.75, 0.625], "texture": "#0"},
				"west": {"uv": [0.25, 0.25, 0.75, 0.625], "texture": "#0"},
				"up": {"uv": [0.25, 0.25, 0.75, 0.625], "texture": "#0"},
				"down": {"uv": [0.25, 0.25, 0.75, 0.625], "texture": "#0"}
			}
		},
		{
			"from": [10.48775, 4.83333, 8.0639],
			"to": [11.48775, 13.83333, 10.0639],
			"rotation": {"angle": -45, "axis": "y", "origin": [8.87234, 5.33333, 10.6755]},
			"faces": {
				"north": {"uv": [0.25, 0.25, 0.75, 0.625], "texture": "#0"},
				"east": {"uv": [0.25, 0.25, 0.75, 0.625], "texture": "#0"},
				"south": {"uv": [0.25, 0.25, 0.75, 0.625], "texture": "#0"},
				"west": {"uv": [0.25, 0.25, 0.75, 0.625], "texture": "#0"},
				"up": {"uv": [0.25, 0.25, 0.75, 0.625], "texture": "#0"},
				"down": {"uv": [0.25, 0.25, 0.75, 0.625], "texture": "#0"}
			}
		},
		{
			"from": [10.23898, 12.25, 8.05751],
			"to": [11.13898, 14.35, 9.85751],
			"rotation": {"angle": -45, "axis": "y", "origin": [8.7851, 12.7, 10.40795]},
			"faces": {
				"north": {"uv": [0.25, 0.25, 0.75, 0.625], "texture": "#0"},
				"east": {"uv": [0.25, 0.25, 0.75, 0.625], "texture": "#0"},
				"south": {"uv": [0.25, 0.25, 0.75, 0.625], "texture": "#0"},
				"west": {"uv": [0.25, 0.25, 0.75, 0.625], "texture": "#0"},
				"up": {"uv": [0.25, 0.25, 0.75, 0.625], "texture": "#0"},
				"down": {"uv": [0.25, 0.25, 0.75, 0.625], "texture": "#0"}
			}
		},
		{
			"from": [10.38589, 4.83333, 3.41564],
			"to": [12.38589, 13.83333, 4.41564],
			"rotation": {"angle": -45, "axis": "y", "origin": [10.58556, 5.33333, 4.41946]},
			"faces": {
				"north": {"uv": [0.25, 0.25, 0.75, 0.625], "texture": "#0"},
				"east": {"uv": [0.25, 0.25, 0.75, 0.625], "texture": "#0"},
				"south": {"uv": [0.25, 0.25, 0.75, 0.625], "texture": "#0"},
				"west": {"uv": [0.25, 0.25, 0.75, 0.625], "texture": "#0"},
				"up": {"uv": [0.25, 0.25, 0.75, 0.625], "texture": "#0"},
				"down": {"uv": [0.25, 0.25, 0.75, 0.625], "texture": "#0"}
			}
		},
		{
			"from": [10.1473, 12.25, 3.87408],
			"to": [11.9473, 14.35, 4.77408],
			"rotation": {"angle": -45, "axis": "y", "origin": [10.32701, 12.7, 4.77752]},
			"faces": {
				"north": {"uv": [0.25, 0.25, 0.75, 0.625], "texture": "#0"},
				"east": {"uv": [0.25, 0.25, 0.75, 0.625], "texture": "#0"},
				"south": {"uv": [0.25, 0.25, 0.75, 0.625], "texture": "#0"},
				"west": {"uv": [0.25, 0.25, 0.75, 0.625], "texture": "#0"},
				"up": {"uv": [0.25, 0.25, 0.75, 0.625], "texture": "#0"},
				"down": {"uv": [0.25, 0.25, 0.75, 0.625], "texture": "#0"}
			}
		},
		{
			"from": [5.46041, 4.83333, 13.09124],
			"to": [7.46041, 13.83333, 14.09124],
			"rotation": {"angle": -45, "axis": "y", "origin": [8.87234, 5.33333, 10.6755]},
			"faces": {
				"north": {"uv": [0.25, 0.25, 0.75, 0.625], "texture": "#0"},
				"east": {"uv": [0.25, 0.25, 0.75, 0.625], "texture": "#0"},
				"south": {"uv": [0.25, 0.25, 0.75, 0.625], "texture": "#0"},
				"west": {"uv": [0.25, 0.25, 0.75, 0.625], "texture": "#0"},
				"up": {"uv": [0.25, 0.25, 0.75, 0.625], "texture": "#0"},
				"down": {"uv": [0.25, 0.25, 0.75, 0.625], "texture": "#0"}
			}
		},
		{
			"from": [5.71437, 12.25, 12.58212],
			"to": [7.51437, 14.35, 13.48212],
			"rotation": {"angle": -45, "axis": "y", "origin": [8.7851, 12.7, 10.40795]},
			"faces": {
				"north": {"uv": [0.25, 0.25, 0.75, 0.625], "texture": "#0"},
				"east": {"uv": [0.25, 0.25, 0.75, 0.625], "texture": "#0"},
				"south": {"uv": [0.25, 0.25, 0.75, 0.625], "texture": "#0"},
				"west": {"uv": [0.25, 0.25, 0.75, 0.625], "texture": "#0"},
				"up": {"uv": [0.25, 0.25, 0.75, 0.625], "texture": "#0"},
				"down": {"uv": [0.25, 0.25, 0.75, 0.625], "texture": "#0"}
			}
		},
		{
			"from": [-0.00867, 4.83333, 7.35906],
			"to": [0.99133, 13.83333, 9.35906],
			"rotation": {"angle": -22.5, "axis": "y", "origin": [7.99133, 12.83333, 16.35906]},
			"faces": {
				"north": {"uv": [0.25, 0.25, 0.75, 0.625], "texture": "#0"},
				"east": {"uv": [0.25, 0.25, 0.75, 0.625], "texture": "#0"},
				"south": {"uv": [0.25, 0.25, 0.75, 0.625], "texture": "#0"},
				"west": {"uv": [0.25, 0.25, 0.75, 0.625], "texture": "#0"},
				"up": {"uv": [0.25, 0.25, 0.75, 0.625], "texture": "#0"},
				"down": {"uv": [0.25, 0.25, 0.75, 0.625], "texture": "#0"}
			}
		},
		{
			"from": [0.7922, 12.25, 7.42316],
			"to": [1.6922, 14.35, 9.22316],
			"rotation": {"angle": -22.5, "axis": "y", "origin": [7.9922, 19.45, 15.52316]},
			"faces": {
				"north": {"uv": [0.25, 0.25, 0.75, 0.625], "texture": "#0"},
				"east": {"uv": [0.25, 0.25, 0.75, 0.625], "texture": "#0"},
				"south": {"uv": [0.25, 0.25, 0.75, 0.625], "texture": "#0"},
				"west": {"uv": [0.25, 0.25, 0.75, 0.625], "texture": "#0"},
				"up": {"uv": [0.25, 0.25, 0.75, 0.625], "texture": "#0"},
				"down": {"uv": [0.25, 0.25, 0.75, 0.625], "texture": "#0"}
			}
		},
		{
			"from": [11.28808, 4.83333, 7.26357],
			"to": [12.28808, 13.83333, 9.26357],
			"rotation": {"angle": -22.5, "axis": "y", "origin": [8.87234, 5.33333, 10.6755]},
			"faces": {
				"north": {"uv": [0.25, 0.25, 0.75, 0.625], "texture": "#0"},
				"east": {"uv": [0.25, 0.25, 0.75, 0.625], "texture": "#0"},
				"south": {"uv": [0.25, 0.25, 0.75, 0.625], "texture": "#0"},
				"west": {"uv": [0.25, 0.25, 0.75, 0.625], "texture": "#0"},
				"up": {"uv": [0.25, 0.25, 0.75, 0.625], "texture": "#0"},
				"down": {"uv": [0.25, 0.25, 0.75, 0.625], "texture": "#0"}
			}
		},
		{
			"from": [10.95927, 12.25, 7.33722],
			"to": [11.85927, 14.35, 9.13722],
			"rotation": {"angle": -22.5, "axis": "y", "origin": [8.7851, 12.7, 10.40795]},
			"faces": {
				"north": {"uv": [0.25, 0.25, 0.75, 0.625], "texture": "#0"},
				"east": {"uv": [0.25, 0.25, 0.75, 0.625], "texture": "#0"},
				"south": {"uv": [0.25, 0.25, 0.75, 0.625], "texture": "#0"},
				"west": {"uv": [0.25, 0.25, 0.75, 0.625], "texture": "#0"},
				"up": {"uv": [0.25, 0.25, 0.75, 0.625], "texture": "#0"},
				"down": {"uv": [0.25, 0.25, 0.75, 0.625], "texture": "#0"}
			}
		},
		{
			"from": [8.78523, 4.83333, 3.41564],
			"to": [10.78523, 13.83333, 4.41564],
			"rotation": {"angle": -22.5, "axis": "y", "origin": [10.58556, 5.33333, 4.41946]},
			"faces": {
				"north": {"uv": [0.25, 0.25, 0.75, 0.625], "texture": "#0"},
				"east": {"uv": [0.25, 0.25, 0.75, 0.625], "texture": "#0"},
				"south": {"uv": [0.25, 0.25, 0.75, 0.625], "texture": "#0"},
				"west": {"uv": [0.25, 0.25, 0.75, 0.625], "texture": "#0"},
				"up": {"uv": [0.25, 0.25, 0.75, 0.625], "texture": "#0"},
				"down": {"uv": [0.25, 0.25, 0.75, 0.625], "texture": "#0"}
			}
		},
		{
			"from": [8.70671, 12.25, 3.87408],
			"to": [10.50671, 14.35, 4.77408],
			"rotation": {"angle": -22.5, "axis": "y", "origin": [10.32701, 12.7, 4.77752]},
			"faces": {
				"north": {"uv": [0.25, 0.25, 0.75, 0.625], "texture": "#0"},
				"east": {"uv": [0.25, 0.25, 0.75, 0.625], "texture": "#0"},
				"south": {"uv": [0.25, 0.25, 0.75, 0.625], "texture": "#0"},
				"west": {"uv": [0.25, 0.25, 0.75, 0.625], "texture": "#0"},
				"up": {"uv": [0.25, 0.25, 0.75, 0.625], "texture": "#0"},
				"down": {"uv": [0.25, 0.25, 0.75, 0.625], "texture": "#0"}
			}
		},
		{
			"from": [6.26074, 4.83333, 12.29091],
			"to": [8.26074, 13.83333, 13.29091],
			"rotation": {"angle": -22.5, "axis": "y", "origin": [8.87234, 5.33333, 10.6755]},
			"faces": {
				"north": {"uv": [0.25, 0.25, 0.75, 0.625], "texture": "#0"},
				"east": {"uv": [0.25, 0.25, 0.75, 0.625], "texture": "#0"},
				"south": {"uv": [0.25, 0.25, 0.75, 0.625], "texture": "#0"},
				"west": {"uv": [0.25, 0.25, 0.75, 0.625], "texture": "#0"},
				"up": {"uv": [0.25, 0.25, 0.75, 0.625], "texture": "#0"},
				"down": {"uv": [0.25, 0.25, 0.75, 0.625], "texture": "#0"}
			}
		},
		{
			"from": [6.43467, 12.25, 11.86182],
			"to": [8.23467, 14.35, 12.76182],
			"rotation": {"angle": -22.5, "axis": "y", "origin": [8.7851, 12.7, 10.40795]},
			"faces": {
				"north": {"uv": [0.25, 0.25, 0.75, 0.625], "texture": "#0"},
				"east": {"uv": [0.25, 0.25, 0.75, 0.625], "texture": "#0"},
				"south": {"uv": [0.25, 0.25, 0.75, 0.625], "texture": "#0"},
				"west": {"uv": [0.25, 0.25, 0.75, 0.625], "texture": "#0"},
				"up": {"uv": [0.25, 0.25, 0.75, 0.625], "texture": "#0"},
				"down": {"uv": [0.25, 0.25, 0.75, 0.625], "texture": "#0"}
			}
		},
		{
			"from": [9.05297, 4.83333, 5.63829],
			"to": [11.05297, 13.83333, 6.63829],
			"rotation": {"angle": 22.5, "axis": "y", "origin": [2.05297, 12.83333, 13.63829]},
			"faces": {
				"north": {"uv": [0.25, 0.25, 0.75, 0.625], "texture": "#0"},
				"east": {"uv": [0.25, 0.25, 0.75, 0.625], "texture": "#0"},
				"south": {"uv": [0.25, 0.25, 0.75, 0.625], "texture": "#0"},
				"west": {"uv": [0.25, 0.25, 0.75, 0.625], "texture": "#0"},
				"up": {"uv": [0.25, 0.25, 0.75, 0.625], "texture": "#0"},
				"down": {"uv": [0.25, 0.25, 0.75, 0.625], "texture": "#0"}
			}
		},
		{
			"from": [8.94768, 12.25, 5.87446],
			"to": [10.74768, 14.35, 6.77446],
			"rotation": {"angle": 22.5, "axis": "y", "origin": [2.64768, 19.45, 13.07446]},
			"faces": {
				"north": {"uv": [0.25, 0.25, 0.75, 0.625], "texture": "#0"},
				"east": {"uv": [0.25, 0.25, 0.75, 0.625], "texture": "#0"},
				"south": {"uv": [0.25, 0.25, 0.75, 0.625], "texture": "#0"},
				"west": {"uv": [0.25, 0.25, 0.75, 0.625], "texture": "#0"},
				"up": {"uv": [0.25, 0.25, 0.75, 0.625], "texture": "#0"},
				"down": {"uv": [0.25, 0.25, 0.75, 0.625], "texture": "#0"}
			}
		},
		{
			"from": [8.43826, 4.83333, 11.85778],
			"to": [10.43826, 13.83333, 12.85778],
			"rotation": {"angle": 22.5, "axis": "y", "origin": [8.87234, 5.33333, 10.6755]},
			"faces": {
				"north": {"uv": [0.25, 0.25, 0.75, 0.625], "texture": "#0"},
				"east": {"uv": [0.25, 0.25, 0.75, 0.625], "texture": "#0"},
				"south": {"uv": [0.25, 0.25, 0.75, 0.625], "texture": "#0"},
				"west": {"uv": [0.25, 0.25, 0.75, 0.625], "texture": "#0"},
				"up": {"uv": [0.25, 0.25, 0.75, 0.625], "texture": "#0"},
				"down": {"uv": [0.25, 0.25, 0.75, 0.625], "texture": "#0"}
			}
		},
		{
			"from": [8.39443, 12.25, 11.472],
			"to": [10.19443, 14.35, 12.372],
			"rotation": {"angle": 22.5, "axis": "y", "origin": [8.7851, 12.7, 10.40795]},
			"faces": {
				"north": {"uv": [0.25, 0.25, 0.75, 0.625], "texture": "#0"},
				"east": {"uv": [0.25, 0.25, 0.75, 0.625], "texture": "#0"},
				"south": {"uv": [0.25, 0.25, 0.75, 0.625], "texture": "#0"},
				"west": {"uv": [0.25, 0.25, 0.75, 0.625], "texture": "#0"},
				"up": {"uv": [0.25, 0.25, 0.75, 0.625], "texture": "#0"},
				"down": {"uv": [0.25, 0.25, 0.75, 0.625], "texture": "#0"}
			}
		},
		{
			"from": [11.20193, 4.83333, 5.6986],
			"to": [12.20193, 13.83333, 7.6986],
			"rotation": {"angle": 22.5, "axis": "y", "origin": [10.58556, 5.33333, 4.41946]},
			"faces": {
				"north": {"uv": [0.25, 0.25, 0.75, 0.625], "texture": "#0"},
				"east": {"uv": [0.25, 0.25, 0.75, 0.625], "texture": "#0"},
				"south": {"uv": [0.25, 0.25, 0.75, 0.625], "texture": "#0"},
				"west": {"uv": [0.25, 0.25, 0.75, 0.625], "texture": "#0"},
				"up": {"uv": [0.25, 0.25, 0.75, 0.625], "texture": "#0"},
				"down": {"uv": [0.25, 0.25, 0.75, 0.625], "texture": "#0"}
			}
		},
		{
			"from": [10.88173, 12.25, 5.92874],
			"to": [11.78173, 14.35, 7.72874],
			"rotation": {"angle": 22.5, "axis": "y", "origin": [10.32701, 12.7, 4.77752]},
			"faces": {
				"north": {"uv": [0.25, 0.25, 0.75, 0.625], "texture": "#0"},
				"east": {"uv": [0.25, 0.25, 0.75, 0.625], "texture": "#0"},
				"south": {"uv": [0.25, 0.25, 0.75, 0.625], "texture": "#0"},
				"west": {"uv": [0.25, 0.25, 0.75, 0.625], "texture": "#0"},
				"up": {"uv": [0.25, 0.25, 0.75, 0.625], "texture": "#0"},
				"down": {"uv": [0.25, 0.25, 0.75, 0.625], "texture": "#0"}
			}
		},
		{
			"from": [4.41092, 4.83333, 6.83044],
			"to": [5.41092, 13.83333, 8.83044],
			"rotation": {"angle": 22.5, "axis": "y", "origin": [8.87234, 5.33333, 10.6755]},
			"faces": {
				"north": {"uv": [0.25, 0.25, 0.75, 0.625], "texture": "#0"},
				"east": {"uv": [0.25, 0.25, 0.75, 0.625], "texture": "#0"},
				"south": {"uv": [0.25, 0.25, 0.75, 0.625], "texture": "#0"},
				"west": {"uv": [0.25, 0.25, 0.75, 0.625], "texture": "#0"},
				"up": {"uv": [0.25, 0.25, 0.75, 0.625], "texture": "#0"},
				"down": {"uv": [0.25, 0.25, 0.75, 0.625], "texture": "#0"}
			}
		},
		{
			"from": [4.76982, 12.25, 6.94739],
			"to": [5.66982, 14.35, 8.74739],
			"rotation": {"angle": 22.5, "axis": "y", "origin": [8.7851, 12.7, 10.40795]},
			"faces": {
				"north": {"uv": [0.25, 0.25, 0.75, 0.625], "texture": "#0"},
				"east": {"uv": [0.25, 0.25, 0.75, 0.625], "texture": "#0"},
				"south": {"uv": [0.25, 0.25, 0.75, 0.625], "texture": "#0"},
				"west": {"uv": [0.25, 0.25, 0.75, 0.625], "texture": "#0"},
				"up": {"uv": [0.25, 0.25, 0.75, 0.625], "texture": "#0"},
				"down": {"uv": [0.25, 0.25, 0.75, 0.625], "texture": "#0"}
			}
		}
	],
	"display": {
		"thirdperson_righthand": {
			"translation": [-0.25, -1.5, -2.75],
			"scale": [0.45, 0.45, 0.45]
		},
		"thirdperson_lefthand": {
			"translation": [-0.25, -1.5, -2.75],
			"scale": [0.45, 0.45, 0.45]
		},
		"firstperson_righthand": {
			"rotation": [0, 32, 0],
			"translation": [2, 2.25, 0],
			"scale": [0.6, 0.6, 0.6]
		},
		"firstperson_lefthand": {
			"rotation": [0, 32, 0],
			"translation": [2, 2.25, 0],
			"scale": [0.6, 0.6, 0.6]
		},
		"gui": {
			"rotation": [34, 64, 0],
			"translation": [-0.75, -0.75, 0],
			"scale": [0.8, 0.8, 0.8]
		},
		"head": {
			"scale": [0.45, 0.45, 0.45]
		},
		"fixed": {
			"scale": [0.45, 0.45, 0.45]
		}
	}
}