{
	"format_version": "1.9.0",
	"credit": "Made with Blockbench",
	"ambientocclusion": false,
	"texture_size": [64, 64],
	"textures": {
		"1": "block/hulkgreen",
		"2": "block/black_concrete_powder",
		"4": "block/black",
		"5": "block/darkred",
		"6": "block/Cartoon-Monkey",
		"particle": "block/black_concrete_powder"
	},
	"elements": [
		{
			"from": [-3, 0, 5],
			"to": [7, 2, 9],
			"rotation": {"angle": 22.5, "axis": "x", "origin": [-3, 0, 5]},
			"faces": {
				"north": {"uv": [6.5, 5.5, 9, 6], "texture": "#1"},
				"east": {"uv": [7.5, 7, 8.5, 7.5], "texture": "#1"},
				"south": {"uv": [0, 7, 2.5, 7.5], "texture": "#1"},
				"west": {"uv": [7.5, 7.5, 8.5, 8], "texture": "#1"},
				"up": {"uv": [6.5, 5, 4, 4], "texture": "#1"},
				"down": {"uv": [6.5, 5, 4, 6], "texture": "#1"}
			}
		},
		{
			"from": [7, 0, 4],
			"to": [9, 2, 9],
			"rotation": {"angle": 22.5, "axis": "x", "origin": [7, 0, 5]},
			"faces": {
				"north": {"uv": [2, 8.5, 2.5, 9], "texture": "#1"},
				"east": {"uv": [1.5, 7.5, 2.75, 8], "texture": "#1"},
				"south": {"uv": [2.5, 8.5, 3, 9], "texture": "#1"},
				"west": {"uv": [2.75, 7.5, 4, 8], "texture": "#1"},
				"up": {"uv": [4.5, 8.75, 4, 7.5], "texture": "#1"},
				"down": {"uv": [5, 7.5, 4.5, 8.75], "texture": "#1"}
			}
		},
		{
			"from": [9, 0, 5],
			"to": [19, 2, 9],
			"rotation": {"angle": 22.5, "axis": "x", "origin": [9, 0, 5]},
			"faces": {
				"north": {"uv": [2.5, 7, 5, 7.5], "texture": "#1"},
				"east": {"uv": [1.5, 8, 2.5, 8.5], "texture": "#1"},
				"south": {"uv": [7, 6.5, 9.5, 7], "texture": "#1"},
				"west": {"uv": [2.5, 8, 3.5, 8.5], "texture": "#1"},
				"up": {"uv": [2.5, 7, 0, 6], "texture": "#1"},
				"down": {"uv": [5, 6, 2.5, 7], "texture": "#1"}
			}
		},
		{
			"from": [7, 0, 3],
			"to": [9, 10, 5],
			"rotation": {"angle": 22.5, "axis": "x", "origin": [7, -12, 3]},
			"faces": {
				"north": {"uv": [7, 7, 7.5, 9.5], "texture": "#1"},
				"east": {"uv": [0, 7.5, 0.5, 10], "texture": "#1"},
				"south": {"uv": [0.5, 7.5, 1, 10], "texture": "#1"},
				"west": {"uv": [1, 7.5, 1.5, 10], "texture": "#1"},
				"up": {"uv": [3.5, 9, 3, 8.5], "texture": "#1"},
				"down": {"uv": [4, 8.5, 3.5, 9], "texture": "#1"}
			}
		},
		{
			"from": [7, 7.4, 11.3],
			"to": [9, 23.4, 13.3],
			"rotation": {"angle": 0, "axis": "y", "origin": [7, 12.4, 11.3]},
			"faces": {
				"north": {"uv": [5, 6.5, 5.5, 10.5], "texture": "#1"},
				"east": {"uv": [5.5, 6.5, 6, 10.5], "texture": "#1"},
				"south": {"uv": [6, 6.5, 6.5, 10.5], "texture": "#1"},
				"west": {"uv": [6.5, 6.5, 7, 10.5], "texture": "#1"},
				"up": {"uv": [4, 8.5, 3.5, 8], "texture": "#1"},
				"down": {"uv": [8, 8, 7.5, 8.5], "texture": "#1"}
			}
		},
		{
			"from": [-3, 5, 9],
			"to": [19, 7, 11],
			"rotation": {"angle": 22.5, "axis": "x", "origin": [7, 5, 9]},
			"faces": {
				"north": {"uv": [4, 2, 9.5, 2.5], "texture": "#1"},
				"east": {"uv": [8.5, 7, 9, 7.5], "texture": "#1"},
				"south": {"uv": [4, 2.5, 9.5, 3], "texture": "#1"},
				"west": {"uv": [7.5, 8.5, 8, 9], "texture": "#1"},
				"up": {"uv": [9.5, 3.5, 4, 3], "texture": "#1"},
				"down": {"uv": [9.5, 3.5, 4, 4], "texture": "#1"}
			}
		},
		{
			"from": [-3, 13, 10.5],
			"to": [19, 15, 12.5],
			"rotation": {"angle": 0, "axis": "x", "origin": [7, 13, 10.5]},
			"faces": {
				"north": {"uv": [4, 0, 9.5, 0.5], "texture": "#1"},
				"east": {"uv": [8, 8, 8.5, 8.5], "texture": "#1"},
				"south": {"uv": [4, 0.5, 9.5, 1], "texture": "#1"},
				"west": {"uv": [1.5, 8.5, 2, 9], "texture": "#1"},
				"up": {"uv": [9.5, 1.5, 4, 1], "texture": "#1"},
				"down": {"uv": [9.5, 1.5, 4, 2], "texture": "#1"}
			}
		},
		{
			"from": [0, 23.4, 1],
			"to": [16, 25.4, 13],
			"rotation": {"angle": 0, "axis": "y", "origin": [7, 23.4, 11]},
			"faces": {
				"north": {"uv": [5, 6, 9, 6.5], "texture": "#1"},
				"east": {"uv": [6.5, 4.5, 9.5, 5], "texture": "#1"},
				"south": {"uv": [6.5, 4, 10.5, 4.5], "texture": "#1"},
				"west": {"uv": [6.5, 5, 9.5, 5.5], "texture": "#1"},
				"up": {"uv": [4, 3, 0, 0], "texture": "#1"},
				"down": {"uv": [4, 3, 0, 6], "texture": "#1"}
			}
		},
		{
			"from": [-2, 1, 6.75],
			"to": [6, 9, 7.75],
			"rotation": {"angle": 22.5, "axis": "x", "origin": [0, 1, 6.75]},
			"faces": {
				"north": {"uv": [0, 0, 2, 2], "texture": "#2"},
				"east": {"uv": [0, 0, 0.25, 2], "texture": "#2"},
				"south": {"uv": [0, 0, 2, 2], "texture": "#2"},
				"west": {"uv": [0, 0, 0.25, 2], "texture": "#2"},
				"up": {"uv": [0, 0, 2, 0.25], "texture": "#2"},
				"down": {"uv": [0, 0, 2, 0.25], "texture": "#2"}
			}
		},
		{
			"from": [-2, 7.5, 9.9],
			"to": [6, 15, 10.9],
			"rotation": {"angle": 0, "axis": "x", "origin": [0, 7.5, 9.9]},
			"faces": {
				"north": {"uv": [0, 0, 2, 1.875], "texture": "#2"},
				"east": {"uv": [0, 0, 0.25, 1.875], "texture": "#2"},
				"south": {"uv": [0, 0, 2, 1.875], "texture": "#2"},
				"west": {"uv": [0, 0, 0.25, 1.875], "texture": "#2"},
				"up": {"uv": [0, 0, 2, 0.25], "texture": "#2"},
				"down": {"uv": [0, 0, 2, 0.25], "texture": "#2"}
			}
		},
		{
			"from": [-2, 0.5, 2],
			"to": [6, 1.5, 7.5],
			"rotation": {"angle": 22.5, "axis": "x", "origin": [0, 0.5, 7.5]},
			"faces": {
				"north": {"uv": [0, 0, 2, 0.25], "rotation": 180, "texture": "#2"},
				"east": {"uv": [0, 0, 0.25, 1.375], "rotation": 90, "texture": "#2"},
				"south": {"uv": [0, 0, 2, 0.25], "texture": "#2"},
				"west": {"uv": [0, 0, 0.25, 1.375], "rotation": 270, "texture": "#2"},
				"up": {"uv": [0, 0, 2, 1.375], "texture": "#2"},
				"down": {"uv": [0, 0, 2, 1.375], "rotation": 180, "texture": "#2"}
			}
		},
		{
			"from": [1.75, 3.5, 3.4],
			"to": [2.25, 4, 4.4],
			"rotation": {"angle": 22.5, "axis": "x", "origin": [1.75, 3.5, 2.4]},
			"faces": {
				"north": {"uv": [0, 0, 0.125, 0.125], "texture": "#5"},
				"east": {"uv": [0, 0, 0.25, 0.125], "texture": "#5"},
				"south": {"uv": [0, 0, 0.125, 0.125], "texture": "#5"},
				"west": {"uv": [0, 0, 0.25, 0.125], "texture": "#5"},
				"up": {"uv": [0, 0, 0.125, 0.25], "texture": "#5"},
				"down": {"uv": [0, 0, 0.125, 0.25], "texture": "#5"}
			}
		},
		{
			"from": [10, 1, 6.75],
			"to": [18, 9, 7.75],
			"rotation": {"angle": 22.5, "axis": "x", "origin": [12, 1, 6.75]},
			"faces": {
				"north": {"uv": [0, 0, 2, 2], "texture": "#2"},
				"east": {"uv": [0, 0, 0.25, 2], "texture": "#2"},
				"south": {"uv": [0, 0, 2, 2], "texture": "#2"},
				"west": {"uv": [0, 0, 0.25, 2], "texture": "#2"},
				"up": {"uv": [0, 0, 2, 0.25], "texture": "#2"},
				"down": {"uv": [0, 0, 2, 0.25], "texture": "#2"}
			}
		},
		{
			"from": [10, 7.5, 9.9],
			"to": [18, 15, 10.9],
			"rotation": {"angle": 0, "axis": "x", "origin": [12, 7.5, 9.9]},
			"faces": {
				"north": {"uv": [0, 0, 2, 1.875], "texture": "#2"},
				"east": {"uv": [0, 0, 0.25, 1.875], "texture": "#2"},
				"south": {"uv": [0, 0, 2, 1.875], "texture": "#2"},
				"west": {"uv": [0, 0, 0.25, 1.875], "texture": "#2"},
				"up": {"uv": [0, 0, 2, 0.25], "texture": "#2"},
				"down": {"uv": [0, 0, 2, 0.25], "texture": "#2"}
			}
		},
		{
			"from": [10, 0.5, 2],
			"to": [18, 1.5, 7.5],
			"rotation": {"angle": 22.5, "axis": "x", "origin": [12, 0.5, 7.5]},
			"faces": {
				"north": {"uv": [0, 0, 2, 0.25], "rotation": 180, "texture": "#2"},
				"east": {"uv": [0, 0, 0.25, 1.375], "rotation": 90, "texture": "#2"},
				"south": {"uv": [0, 0, 2, 0.25], "texture": "#2"},
				"west": {"uv": [0, 0, 0.25, 1.375], "rotation": 270, "texture": "#2"},
				"up": {"uv": [0, 0, 2, 1.375], "texture": "#2"},
				"down": {"uv": [0, 0, 2, 1.375], "rotation": 180, "texture": "#2"}
			}
		},
		{
			"from": [13.75, 3.5, 3.4],
			"to": [14.25, 4, 4.4],
			"rotation": {"angle": 22.5, "axis": "x", "origin": [13.75, 3.5, 2.4]},
			"faces": {
				"north": {"uv": [0, 0, 0.125, 0.125], "texture": "#5"},
				"east": {"uv": [0, 0, 0.25, 0.125], "texture": "#5"},
				"south": {"uv": [0, 0, 0.125, 0.125], "texture": "#5"},
				"west": {"uv": [0, 0, 0.25, 0.125], "texture": "#5"},
				"up": {"uv": [0, 0, 0.125, 0.25], "texture": "#5"},
				"down": {"uv": [0, 0, 0.125, 0.25], "texture": "#5"}
			}
		},
		{
			"from": [0.56, 23.99756, 6.5],
			"to": [15.44, 26.39756, 7.7],
			"rotation": {"angle": 0, "axis": "y", "origin": [-1.6, 27.8, -6.1]},
			"faces": {
				"north": {"uv": [0, 1, 3.25, 0], "texture": "#5"},
				"east": {"uv": [0, 1, 0.5, 0], "texture": "#5"},
				"south": {"uv": [0, 1, 3.25, 0], "texture": "#5"},
				"west": {"uv": [0, 1.25, 0.5, 0], "texture": "#5"},
				"up": {"uv": [0.5, 0, 0, 1.25], "rotation": 270, "texture": "#5"},
				"down": {"uv": [0.5, 1, 0, 2.25], "rotation": 90, "texture": "#5"}
			}
		},
		{
			"from": [0.44, 25.19744, 6.26],
			"to": [1.28, 26.51744, 7.94],
			"rotation": {"angle": 0, "axis": "y", "origin": [-1.6, 27.8, -6.1]},
			"faces": {
				"north": {"uv": [0, 1, 0.75, 0], "texture": "#5"},
				"east": {"uv": [0, 1, 0.5, 0], "texture": "#5"},
				"south": {"uv": [0, 1, 0.5, 0], "texture": "#5"},
				"west": {"uv": [0, 1.25, 0.5, 0], "texture": "#5"},
				"up": {"uv": [0.5, 0, 0, 0.75], "rotation": 270, "texture": "#5"},
				"down": {"uv": [0.5, 1, 0, 1.75], "rotation": 90, "texture": "#5"}
			}
		},
		{
			"from": [5.48, 28.19744, 6.26],
			"to": [6.32, 29.51744, 7.94],
			"rotation": {"angle": 22.5, "axis": "z", "origin": [8, 14.6375, 4.69995]},
			"faces": {
				"north": {"uv": [0, 1, 0.75, 0], "texture": "#5"},
				"east": {"uv": [0, 1, 0.5, 0], "texture": "#5"},
				"south": {"uv": [0, 1, 0.5, 0], "texture": "#5"},
				"west": {"uv": [0, 1.25, 0.5, 0], "texture": "#5"},
				"up": {"uv": [0.5, 0, 0, 0.75], "rotation": 270, "texture": "#5"},
				"down": {"uv": [0.5, 1, 0, 1.75], "rotation": 90, "texture": "#5"}
			}
		},
		{
			"from": [-0.04, 27.23756, 5.9],
			"to": [0.8, 28.55756, 8.3],
			"rotation": {"angle": 0, "axis": "y", "origin": [-1.6, 27.8, -6.1]},
			"faces": {
				"north": {"uv": [0, 1, 0.75, 0], "texture": "#5"},
				"east": {"uv": [0, 1, 0.5, 0], "texture": "#5"},
				"south": {"uv": [0, 1, 0.5, 0], "texture": "#5"},
				"west": {"uv": [0, 1.25, 0.5, 0], "texture": "#5"},
				"up": {"uv": [0.5, 0, 0, 0.75], "rotation": 270, "texture": "#5"},
				"down": {"uv": [0.5, 1, 0, 1.75], "rotation": 90, "texture": "#5"}
			}
		},
		{
			"from": [-0.4, 27.59744, 8.9],
			"to": [1.04, 28.31744, 10.34],
			"rotation": {"angle": 0, "axis": "y", "origin": [-1.6, 27.8, -6.1]},
			"faces": {
				"north": {"uv": [0, 0.3, 0.3, 0], "texture": "#4"},
				"east": {"uv": [0, 0.3, 0.3, 0], "texture": "#4"},
				"south": {"uv": [0, 0.3, 0.3, 0], "texture": "#4"},
				"west": {"uv": [0, 0.3, 0.3, 0], "texture": "#4"},
				"up": {"uv": [0.3, 0, 0, 0.3], "rotation": 270, "texture": "#4"},
				"down": {"uv": [0.3, 0, 0, 0.3], "rotation": 90, "texture": "#4"}
			}
		},
		{
			"from": [-0.4, 27.59744, 3.86],
			"to": [1.04, 28.31744, 5.3],
			"rotation": {"angle": 0, "axis": "y", "origin": [-1.6, 27.8, -6.1]},
			"faces": {
				"north": {"uv": [0, 0.3, 0.3, 0], "texture": "#4"},
				"east": {"uv": [0, 0.3, 0.3, 0], "texture": "#4"},
				"south": {"uv": [0, 0.3, 0.3, 0], "texture": "#4"},
				"west": {"uv": [0, 0.3, 0.3, 0], "texture": "#4"},
				"up": {"uv": [0.3, 0, 0, 0.3], "rotation": 270, "texture": "#4"},
				"down": {"uv": [0.3, 0, 0, 0.3], "rotation": 90, "texture": "#4"}
			}
		},
		{
			"from": [-0.76, 27.59744, 3.86],
			"to": [-0.4, 28.31744, 5.3],
			"rotation": {"angle": 0, "axis": "y", "origin": [-1.6, 27.8, -6.1]},
			"faces": {
				"north": {"uv": [0, 0.15, 0.3, 0], "texture": "#4"},
				"east": {"uv": [0, 0.15, 0.3, 0], "texture": "#4"},
				"south": {"uv": [0, 0.15, 0.3, 0], "texture": "#4"},
				"west": {"uv": [0, 0.15, 0.3, 0], "texture": "#4"},
				"up": {"uv": [0.3, 0, 0, 0.15], "rotation": 270, "texture": "#4"},
				"down": {"uv": [0.3, 0, 0, 0.15], "rotation": 90, "texture": "#4"}
			}
		},
		{
			"from": [1.04, 27.59744, 3.86],
			"to": [1.4, 28.31744, 5.3],
			"rotation": {"angle": 0, "axis": "y", "origin": [-1.6, 27.8, -6.1]},
			"faces": {
				"north": {"uv": [0, 0.15, 0.3, 0], "texture": "#4"},
				"east": {"uv": [0, 0.15, 0.3, 0], "texture": "#4"},
				"south": {"uv": [0, 0.15, 0.3, 0], "texture": "#4"},
				"west": {"uv": [0, 0.15, 0.3, 0], "texture": "#4"},
				"up": {"uv": [0.3, 0, 0, 0.15], "rotation": 270, "texture": "#4"},
				"down": {"uv": [0.3, 0, 0, 0.15], "rotation": 90, "texture": "#4"}
			}
		},
		{
			"from": [1.04, 27.59744, 8.9],
			"to": [1.4, 28.31744, 10.34],
			"rotation": {"angle": 0, "axis": "y", "origin": [-1.6, 27.8, -6.1]},
			"faces": {
				"north": {"uv": [0, 0.075, 0.3, 0], "texture": "#4"},
				"east": {"uv": [0, 0.075, 0.3, 0], "texture": "#4"},
				"south": {"uv": [0, 0.075, 0.3, 0], "texture": "#4"},
				"west": {"uv": [0, 0.075, 0.3, 0], "texture": "#4"},
				"up": {"uv": [0.3, 0, 0, 0.075], "rotation": 270, "texture": "#4"},
				"down": {"uv": [0.3, 0, 0, 0.075], "rotation": 90, "texture": "#4"}
			}
		},
		{
			"from": [-0.76, 27.59744, 8.9],
			"to": [-0.4, 28.31744, 10.34],
			"rotation": {"angle": 0, "axis": "y", "origin": [-1.6, 27.8, -6.1]},
			"faces": {
				"north": {"uv": [0, 0.075, 0.3, 0], "texture": "#4"},
				"east": {"uv": [0, 0.075, 0.3, 0], "texture": "#4"},
				"south": {"uv": [0, 0.075, 0.3, 0], "texture": "#4"},
				"west": {"uv": [0, 0.075, 0.3, 0], "texture": "#4"},
				"up": {"uv": [0.3, 0, 0, 0.075], "rotation": 270, "texture": "#4"},
				"down": {"uv": [0.3, 0, 0, 0.075], "rotation": 90, "texture": "#4"}
			}
		},
		{
			"from": [-0.4, 27.59744, 10.34],
			"to": [1.04, 28.31744, 10.7],
			"rotation": {"angle": 0, "axis": "y", "origin": [-1.6, 27.8, -6.1]},
			"faces": {
				"north": {"uv": [0, 0.3, 0.075, 0], "texture": "#4"},
				"east": {"uv": [0, 0.3, 0.075, 0], "texture": "#4"},
				"south": {"uv": [0, 0.3, 0.075, 0], "texture": "#4"},
				"west": {"uv": [0, 0.3, 0.075, 0], "texture": "#4"},
				"up": {"uv": [0.075, 0, 0, 0.3], "rotation": 270, "texture": "#4"},
				"down": {"uv": [0.075, 0, 0, 0.3], "rotation": 90, "texture": "#4"}
			}
		},
		{
			"from": [-0.4, 27.59744, 8.54],
			"to": [1.04, 28.31744, 8.9],
			"rotation": {"angle": 0, "axis": "y", "origin": [-1.6, 27.8, -6.1]},
			"faces": {
				"north": {"uv": [0, 0.3, 0.075, 0], "texture": "#4"},
				"east": {"uv": [0, 0.3, 0.075, 0], "texture": "#4"},
				"south": {"uv": [0, 0.3, 0.075, 0], "texture": "#4"},
				"west": {"uv": [0, 0.3, 0.075, 0], "texture": "#4"},
				"up": {"uv": [0.075, 0, 0, 0.3], "rotation": 270, "texture": "#4"},
				"down": {"uv": [0.075, 0, 0, 0.3], "rotation": 90, "texture": "#4"}
			}
		},
		{
			"from": [-0.4, 27.59744, 3.5],
			"to": [1.04, 28.31744, 3.86],
			"rotation": {"angle": 0, "axis": "y", "origin": [-1.6, 27.8, -6.1]},
			"faces": {
				"north": {"uv": [0, 0.15, 0.075, 0], "texture": "#4"},
				"east": {"uv": [0, 0.15, 0.075, 0], "texture": "#4"},
				"south": {"uv": [0, 0.15, 0.075, 0], "texture": "#4"},
				"west": {"uv": [0, 0.15, 0.075, 0], "texture": "#4"},
				"up": {"uv": [0.075, 0, 0, 0.15], "rotation": 270, "texture": "#4"},
				"down": {"uv": [0.075, 0, 0, 0.15], "rotation": 90, "texture": "#4"}
			}
		},
		{
			"from": [-0.4, 27.59744, 5.3],
			"to": [1.04, 28.31744, 5.66],
			"rotation": {"angle": 0, "axis": "y", "origin": [-1.6, 27.8, -6.1]},
			"faces": {
				"north": {"uv": [0, 0.15, 0.075, 0], "texture": "#4"},
				"east": {"uv": [0, 0.15, 0.075, 0], "texture": "#4"},
				"south": {"uv": [0, 0.15, 0.075, 0], "texture": "#4"},
				"west": {"uv": [0, 0.15, 0.075, 0], "texture": "#4"},
				"up": {"uv": [0.075, 0, 0, 0.15], "rotation": 270, "texture": "#4"},
				"down": {"uv": [0.075, 0, 0, 0.15], "rotation": 90, "texture": "#4"}
			}
		},
		{
			"from": [1.52, 25.31744, 3.86],
			"to": [2.24, 25.67744, 5.3],
			"rotation": {"angle": 0, "axis": "y", "origin": [-1.6, 27.8, -6.1]},
			"faces": {
				"north": {"uv": [0, 0.075, 0.3, 0], "texture": "#4"},
				"east": {"uv": [0, 0.075, 0.3, 0], "texture": "#4"},
				"south": {"uv": [0, 0.075, 0.3, 0], "texture": "#4"},
				"west": {"uv": [0, 0.075, 0.3, 0], "texture": "#4"},
				"up": {"uv": [0.3, 0, 0, 0.075], "rotation": 270, "texture": "#4"},
				"down": {"uv": [0.3, 0, 0, 0.075], "rotation": 90, "texture": "#4"}
			}
		},
		{
			"from": [1.52, 27.11744, 3.86],
			"to": [2.24, 27.47744, 5.3],
			"rotation": {"angle": 0, "axis": "y", "origin": [-1.6, 27.8, -6.1]},
			"faces": {
				"north": {"uv": [0, 0.075, 0.3, 0], "texture": "#4"},
				"east": {"uv": [0, 0.075, 0.3, 0], "texture": "#4"},
				"south": {"uv": [0, 0.075, 0.3, 0], "texture": "#4"},
				"west": {"uv": [0, 0.075, 0.3, 0], "texture": "#4"},
				"up": {"uv": [0.3, 0, 0, 0.075], "rotation": 270, "texture": "#4"},
				"down": {"uv": [0.3, 0, 0, 0.075], "rotation": 90, "texture": "#4"}
			}
		},
		{
			"from": [1.52, 25.67744, 5.3],
			"to": [2.24, 27.11744, 5.66],
			"rotation": {"angle": 0, "axis": "y", "origin": [-1.6, 27.8, -6.1]},
			"faces": {
				"north": {"uv": [0, 0.3, 0.075, 0], "texture": "#4"},
				"east": {"uv": [0, 0.3, 0.075, 0], "texture": "#4"},
				"south": {"uv": [0, 0.3, 0.075, 0], "texture": "#4"},
				"west": {"uv": [0, 0.3, 0.075, 0], "texture": "#4"},
				"up": {"uv": [0.075, 0, 0, 0.3], "rotation": 270, "texture": "#4"},
				"down": {"uv": [0.075, 0, 0, 0.3], "rotation": 90, "texture": "#4"}
			}
		},
		{
			"from": [1.52, 25.67744, 3.5],
			"to": [2.24, 27.11744, 3.86],
			"rotation": {"angle": 0, "axis": "y", "origin": [-1.6, 27.8, -6.1]},
			"faces": {
				"north": {"uv": [0, 0.3, 0.075, 0], "texture": "#4"},
				"east": {"uv": [0, 0.3, 0.075, 0], "texture": "#4"},
				"south": {"uv": [0, 0.3, 0.075, 0], "texture": "#4"},
				"west": {"uv": [0, 0.3, 0.075, 0], "texture": "#4"},
				"up": {"uv": [0.075, 0, 0, 0.3], "rotation": 270, "texture": "#4"},
				"down": {"uv": [0.075, 0, 0, 0.3], "rotation": 90, "texture": "#4"}
			}
		},
		{
			"from": [1.52, 25.67744, 8.9],
			"to": [2.24, 27.11744, 10.34],
			"rotation": {"angle": 0, "axis": "y", "origin": [-1.6, 27.8, -6.1]},
			"faces": {
				"north": {"uv": [0, 0.15, 0.3, 0], "texture": "#4"},
				"east": {"uv": [0, 0.15, 0.3, 0], "texture": "#4"},
				"south": {"uv": [0, 0.15, 0.3, 0], "texture": "#4"},
				"west": {"uv": [0, 0.15, 0.3, 0], "texture": "#4"},
				"up": {"uv": [0.3, 0, 0, 0.15], "rotation": 270, "texture": "#4"},
				"down": {"uv": [0.3, 0, 0, 0.15], "rotation": 90, "texture": "#4"}
			}
		},
		{
			"from": [1.52, 25.67744, 8.54],
			"to": [2.24, 27.11744, 8.9],
			"rotation": {"angle": 0, "axis": "y", "origin": [-1.6, 27.8, -6.1]},
			"faces": {
				"north": {"uv": [0, 0.3, 0.075, 0], "texture": "#4"},
				"east": {"uv": [0, 0.3, 0.075, 0], "texture": "#4"},
				"south": {"uv": [0, 0.3, 0.075, 0], "texture": "#4"},
				"west": {"uv": [0, 0.3, 0.075, 0], "texture": "#4"},
				"up": {"uv": [0.075, 0, 0, 0.3], "rotation": 270, "texture": "#4"},
				"down": {"uv": [0.075, 0, 0, 0.3], "rotation": 90, "texture": "#4"}
			}
		},
		{
			"from": [1.52, 25.67744, 10.34],
			"to": [2.24, 27.11744, 10.7],
			"rotation": {"angle": 0, "axis": "y", "origin": [-1.6, 27.8, -6.1]},
			"faces": {
				"north": {"uv": [0, 0.3, 0.075, 0], "texture": "#4"},
				"east": {"uv": [0, 0.3, 0.075, 0], "texture": "#4"},
				"south": {"uv": [0, 0.3, 0.075, 0], "texture": "#4"},
				"west": {"uv": [0, 0.3, 0.075, 0], "texture": "#4"},
				"up": {"uv": [0.075, 0, 0, 0.3], "rotation": 270, "texture": "#4"},
				"down": {"uv": [0.075, 0, 0, 0.3], "rotation": 90, "texture": "#4"}
			}
		},
		{
			"from": [1.52, 25.31744, 8.9],
			"to": [2.24, 25.67744, 10.34],
			"rotation": {"angle": 0, "axis": "y", "origin": [-1.6, 27.8, -6.1]},
			"faces": {
				"north": {"uv": [0, 0.075, 0.3, 0], "texture": "#4"},
				"east": {"uv": [0, 0.075, 0.3, 0], "texture": "#4"},
				"south": {"uv": [0, 0.075, 0.3, 0], "texture": "#4"},
				"west": {"uv": [0, 0.075, 0.3, 0], "texture": "#4"},
				"up": {"uv": [0.3, 0, 0, 0.075], "rotation": 270, "texture": "#4"},
				"down": {"uv": [0.3, 0, 0, 0.075], "rotation": 90, "texture": "#4"}
			}
		},
		{
			"from": [1.52, 27.11744, 8.9],
			"to": [2.24, 27.47744, 10.34],
			"rotation": {"angle": 0, "axis": "y", "origin": [-1.6, 27.8, -6.1]},
			"faces": {
				"north": {"uv": [0, 0.075, 0.3, 0], "texture": "#4"},
				"east": {"uv": [0, 0.075, 0.3, 0], "texture": "#4"},
				"south": {"uv": [0, 0.075, 0.3, 0], "texture": "#4"},
				"west": {"uv": [0, 0.075, 0.3, 0], "texture": "#4"},
				"up": {"uv": [0.3, 0, 0, 0.075], "rotation": 270, "texture": "#4"},
				"down": {"uv": [0.3, 0, 0, 0.075], "rotation": 90, "texture": "#4"}
			}
		},
		{
			"from": [-0.04, 27.47756, 8.3],
			"to": [0.68, 27.59756, 9.98],
			"rotation": {"angle": 0, "axis": "y", "origin": [-1.6, 27.8, -6.1]},
			"faces": {
				"north": {"uv": [0, 1, 0.75, 0], "texture": "#5"},
				"east": {"uv": [0, 1, 0.5, 0], "texture": "#5"},
				"south": {"uv": [0, 1, 0.5, 0], "texture": "#5"},
				"west": {"uv": [0, 1.25, 0.5, 0], "texture": "#5"},
				"up": {"uv": [0.5, 0, 0, 0.75], "rotation": 270, "texture": "#5"},
				"down": {"uv": [0.5, 1, 0, 1.75], "rotation": 90, "texture": "#5"}
			}
		},
		{
			"from": [-0.04, 27.47756, 4.22],
			"to": [0.68, 27.59756, 5.9],
			"rotation": {"angle": 0, "axis": "y", "origin": [-1.6, 27.8, -6.1]},
			"faces": {
				"north": {"uv": [0, 1, 0.75, 0], "texture": "#5"},
				"east": {"uv": [0, 1, 0.5, 0], "texture": "#5"},
				"south": {"uv": [0, 1, 0.5, 0], "texture": "#5"},
				"west": {"uv": [0, 1.25, 0.5, 0], "texture": "#5"},
				"up": {"uv": [0.5, 0, 0, 0.75], "rotation": 270, "texture": "#5"},
				"down": {"uv": [0.5, 1, 0, 1.75], "rotation": 90, "texture": "#5"}
			}
		},
		{
			"from": [-0.04, 28.31744, 4.22],
			"to": [0.68, 28.43744, 5.9],
			"rotation": {"angle": 0, "axis": "y", "origin": [-1.6, 27.8, -6.1]},
			"faces": {
				"north": {"uv": [0, 1, 0.75, 0], "texture": "#5"},
				"east": {"uv": [0, 1, 0.5, 0], "texture": "#5"},
				"south": {"uv": [0, 1, 0.5, 0], "texture": "#5"},
				"west": {"uv": [0, 1.25, 0.5, 0], "texture": "#5"},
				"up": {"uv": [0.5, 0, 0, 0.75], "rotation": 270, "texture": "#5"},
				"down": {"uv": [0.5, 1, 0, 1.75], "rotation": 90, "texture": "#5"}
			}
		},
		{
			"from": [-0.04, 28.31744, 8.3],
			"to": [0.68, 28.43744, 9.98],
			"rotation": {"angle": 0, "axis": "y", "origin": [-1.6, 27.8, -6.1]},
			"faces": {
				"north": {"uv": [0, 1, 0.75, 0], "texture": "#5"},
				"east": {"uv": [0, 1, 0.5, 0], "texture": "#5"},
				"south": {"uv": [0, 1, 0.5, 0], "texture": "#5"},
				"west": {"uv": [0, 1.25, 0.5, 0], "texture": "#5"},
				"up": {"uv": [0.5, 0, 0, 0.75], "rotation": 270, "texture": "#5"},
				"down": {"uv": [0.5, 1, 0, 1.75], "rotation": 90, "texture": "#5"}
			}
		},
		{
			"from": [1.4, 26.03756, 4.22],
			"to": [1.52, 26.75756, 9.98],
			"rotation": {"angle": 0, "axis": "y", "origin": [-1.6, 27.8, -6.1]},
			"faces": {
				"north": {"uv": [0, 1, 0.75, 0], "texture": "#5"},
				"east": {"uv": [0, 1, 0.5, 0], "texture": "#5"},
				"south": {"uv": [0, 1, 0.5, 0], "texture": "#5"},
				"west": {"uv": [0, 1.25, 0.5, 0], "texture": "#5"},
				"up": {"uv": [0.5, 0, 0, 0.75], "rotation": 270, "texture": "#5"},
				"down": {"uv": [0.5, 1, 0, 1.75], "rotation": 90, "texture": "#5"}
			}
		},
		{
			"from": [14.72, 25.19744, 6.26],
			"to": [15.56, 26.51744, 7.94],
			"rotation": {"angle": 0, "axis": "y", "origin": [-1.6, 27.8, -6.1]},
			"faces": {
				"north": {"uv": [0, 1, 0.75, 0], "texture": "#5"},
				"east": {"uv": [0, 1, 0.5, 0], "texture": "#5"},
				"south": {"uv": [0, 1, 0.5, 0], "texture": "#5"},
				"west": {"uv": [0, 1.25, 0.5, 0], "texture": "#5"},
				"up": {"uv": [0.5, 0, 0, 0.75], "rotation": 270, "texture": "#5"},
				"down": {"uv": [0.5, 1, 0, 1.75], "rotation": 90, "texture": "#5"}
			}
		},
		{
			"from": [9.68, 28.19744, 6.26],
			"to": [10.52, 29.51744, 7.94],
			"rotation": {"angle": -22.5, "axis": "z", "origin": [8, 14.6375, 4.69995]},
			"faces": {
				"north": {"uv": [0, 1, 0.75, 0], "texture": "#5"},
				"east": {"uv": [0, 1, 0.5, 0], "texture": "#5"},
				"south": {"uv": [0, 1, 0.5, 0], "texture": "#5"},
				"west": {"uv": [0, 1.25, 0.5, 0], "texture": "#5"},
				"up": {"uv": [0.5, 0, 0, 0.75], "rotation": 270, "texture": "#5"},
				"down": {"uv": [0.5, 1, 0, 1.75], "rotation": 90, "texture": "#5"}
			}
		},
		{
			"from": [15.2, 27.23756, 5.9],
			"to": [16.04, 28.55756, 8.3],
			"rotation": {"angle": 0, "axis": "y", "origin": [-1.6, 27.8, -6.1]},
			"faces": {
				"north": {"uv": [0, 1, 0.75, 0], "texture": "#5"},
				"east": {"uv": [0, 1, 0.5, 0], "texture": "#5"},
				"south": {"uv": [0, 1, 0.5, 0], "texture": "#5"},
				"west": {"uv": [0, 1.25, 0.5, 0], "texture": "#5"},
				"up": {"uv": [0.5, 0, 0, 0.75], "rotation": 270, "texture": "#5"},
				"down": {"uv": [0.5, 1, 0, 1.75], "rotation": 90, "texture": "#5"}
			}
		},
		{
			"from": [15.32, 27.47756, 4.22],
			"to": [16.04, 27.59756, 5.9],
			"rotation": {"angle": 0, "axis": "y", "origin": [-1.6, 27.8, -6.1]},
			"faces": {
				"north": {"uv": [0, 1, 0.75, 0], "texture": "#5"},
				"east": {"uv": [0, 1, 0.5, 0], "texture": "#5"},
				"south": {"uv": [0, 1, 0.5, 0], "texture": "#5"},
				"west": {"uv": [0, 1.25, 0.5, 0], "texture": "#5"},
				"up": {"uv": [0.5, 0, 0, 0.75], "rotation": 270, "texture": "#5"},
				"down": {"uv": [0.5, 1, 0, 1.75], "rotation": 90, "texture": "#5"}
			}
		},
		{
			"from": [15.32, 27.47756, 8.3],
			"to": [16.04, 27.59756, 9.98],
			"rotation": {"angle": 0, "axis": "y", "origin": [-1.6, 27.8, -6.1]},
			"faces": {
				"north": {"uv": [0, 1, 0.75, 0], "texture": "#5"},
				"east": {"uv": [0, 1, 0.5, 0], "texture": "#5"},
				"south": {"uv": [0, 1, 0.5, 0], "texture": "#5"},
				"west": {"uv": [0, 1.25, 0.5, 0], "texture": "#5"},
				"up": {"uv": [0.5, 0, 0, 0.75], "rotation": 270, "texture": "#5"},
				"down": {"uv": [0.5, 1, 0, 1.75], "rotation": 90, "texture": "#5"}
			}
		},
		{
			"from": [14.96, 27.59744, 3.86],
			"to": [16.4, 28.31744, 5.3],
			"rotation": {"angle": 0, "axis": "y", "origin": [-1.6, 27.8, -6.1]},
			"faces": {
				"north": {"uv": [0, 0.3, 0.3, 0], "texture": "#4"},
				"east": {"uv": [0, 0.3, 0.3, 0], "texture": "#4"},
				"south": {"uv": [0, 0.3, 0.3, 0], "texture": "#4"},
				"west": {"uv": [0, 0.3, 0.3, 0], "texture": "#4"},
				"up": {"uv": [0.3, 0, 0, 0.3], "rotation": 270, "texture": "#4"},
				"down": {"uv": [0.3, 0, 0, 0.3], "rotation": 90, "texture": "#4"}
			}
		},
		{
			"from": [14.96, 27.59744, 8.9],
			"to": [16.4, 28.31744, 10.34],
			"rotation": {"angle": 0, "axis": "y", "origin": [-1.6, 27.8, -6.1]},
			"faces": {
				"north": {"uv": [0, 0.3, 0.3, 0], "texture": "#4"},
				"east": {"uv": [0, 0.3, 0.3, 0], "texture": "#4"},
				"south": {"uv": [0, 0.3, 0.3, 0], "texture": "#4"},
				"west": {"uv": [0, 0.3, 0.3, 0], "texture": "#4"},
				"up": {"uv": [0.3, 0, 0, 0.3], "rotation": 270, "texture": "#4"},
				"down": {"uv": [0.3, 0, 0, 0.3], "rotation": 90, "texture": "#4"}
			}
		},
		{
			"from": [14.96, 27.59744, 3.5],
			"to": [16.4, 28.31744, 3.86],
			"rotation": {"angle": 0, "axis": "y", "origin": [-1.6, 27.8, -6.1]},
			"faces": {
				"north": {"uv": [0, 0.3, 0.075, 0], "texture": "#4"},
				"east": {"uv": [0, 0.3, 0.075, 0], "texture": "#4"},
				"south": {"uv": [0, 0.3, 0.075, 0], "texture": "#4"},
				"west": {"uv": [0, 0.3, 0.075, 0], "texture": "#4"},
				"up": {"uv": [0.075, 0, 0, 0.3], "rotation": 270, "texture": "#4"},
				"down": {"uv": [0.075, 0, 0, 0.3], "rotation": 90, "texture": "#4"}
			}
		},
		{
			"from": [14.96, 27.59744, 5.3],
			"to": [16.4, 28.31744, 5.66],
			"rotation": {"angle": 0, "axis": "y", "origin": [-1.6, 27.8, -6.1]},
			"faces": {
				"north": {"uv": [0, 0.3, 0.075, 0], "texture": "#4"},
				"east": {"uv": [0, 0.3, 0.075, 0], "texture": "#4"},
				"south": {"uv": [0, 0.3, 0.075, 0], "texture": "#4"},
				"west": {"uv": [0, 0.3, 0.075, 0], "texture": "#4"},
				"up": {"uv": [0.075, 0, 0, 0.3], "rotation": 270, "texture": "#4"},
				"down": {"uv": [0.075, 0, 0, 0.3], "rotation": 90, "texture": "#4"}
			}
		},
		{
			"from": [14.96, 27.59744, 8.54],
			"to": [16.4, 28.31744, 8.9],
			"rotation": {"angle": 0, "axis": "y", "origin": [-1.6, 27.8, -6.1]},
			"faces": {
				"north": {"uv": [0, 0.3, 0.075, 0], "texture": "#4"},
				"east": {"uv": [0, 0.3, 0.075, 0], "texture": "#4"},
				"south": {"uv": [0, 0.3, 0.075, 0], "texture": "#4"},
				"west": {"uv": [0, 0.3, 0.075, 0], "texture": "#4"},
				"up": {"uv": [0.075, 0, 0, 0.3], "rotation": 270, "texture": "#4"},
				"down": {"uv": [0.075, 0, 0, 0.3], "rotation": 90, "texture": "#4"}
			}
		},
		{
			"from": [14.96, 27.59744, 10.34],
			"to": [16.4, 28.31744, 10.7],
			"rotation": {"angle": 0, "axis": "y", "origin": [-1.6, 27.8, -6.1]},
			"faces": {
				"north": {"uv": [0, 0.3, 0.075, 0], "texture": "#4"},
				"east": {"uv": [0, 0.3, 0.075, 0], "texture": "#4"},
				"south": {"uv": [0, 0.3, 0.075, 0], "texture": "#4"},
				"west": {"uv": [0, 0.3, 0.075, 0], "texture": "#4"},
				"up": {"uv": [0.075, 0, 0, 0.3], "rotation": 270, "texture": "#4"},
				"down": {"uv": [0.075, 0, 0, 0.3], "rotation": 90, "texture": "#4"}
			}
		},
		{
			"from": [16.4, 27.59744, 3.86],
			"to": [16.76, 28.31744, 5.3],
			"rotation": {"angle": 0, "axis": "y", "origin": [-1.6, 27.8, -6.1]},
			"faces": {
				"north": {"uv": [0, 0.075, 0.3, 0], "texture": "#4"},
				"east": {"uv": [0, 0.075, 0.3, 0], "texture": "#4"},
				"south": {"uv": [0, 0.075, 0.3, 0], "texture": "#4"},
				"west": {"uv": [0, 0.075, 0.3, 0], "texture": "#4"},
				"up": {"uv": [0.3, 0, 0, 0.075], "rotation": 270, "texture": "#4"},
				"down": {"uv": [0.3, 0, 0, 0.075], "rotation": 90, "texture": "#4"}
			}
		},
		{
			"from": [16.4, 27.59744, 8.9],
			"to": [16.76, 28.31744, 10.34],
			"rotation": {"angle": 0, "axis": "y", "origin": [-1.6, 27.8, -6.1]},
			"faces": {
				"north": {"uv": [0, 0.075, 0.3, 0], "texture": "#4"},
				"east": {"uv": [0, 0.075, 0.3, 0], "texture": "#4"},
				"south": {"uv": [0, 0.075, 0.3, 0], "texture": "#4"},
				"west": {"uv": [0, 0.075, 0.3, 0], "texture": "#4"},
				"up": {"uv": [0.3, 0, 0, 0.075], "rotation": 270, "texture": "#4"},
				"down": {"uv": [0.3, 0, 0, 0.075], "rotation": 90, "texture": "#4"}
			}
		},
		{
			"from": [14.6, 27.59744, 3.86],
			"to": [14.96, 28.31744, 5.3],
			"rotation": {"angle": 0, "axis": "y", "origin": [-1.6, 27.8, -6.1]},
			"faces": {
				"north": {"uv": [0, 0.075, 0.3, 0], "texture": "#4"},
				"east": {"uv": [0, 0.075, 0.3, 0], "texture": "#4"},
				"south": {"uv": [0, 0.075, 0.3, 0], "texture": "#4"},
				"west": {"uv": [0, 0.075, 0.3, 0], "texture": "#4"},
				"up": {"uv": [0.3, 0, 0, 0.075], "rotation": 270, "texture": "#4"},
				"down": {"uv": [0.3, 0, 0, 0.075], "rotation": 90, "texture": "#4"}
			}
		},
		{
			"from": [14.6, 27.59744, 8.9],
			"to": [14.96, 28.31744, 10.34],
			"rotation": {"angle": 0, "axis": "y", "origin": [-1.6, 27.8, -6.1]},
			"faces": {
				"north": {"uv": [0, 0.075, 0.3, 0], "texture": "#4"},
				"east": {"uv": [0, 0.075, 0.3, 0], "texture": "#4"},
				"south": {"uv": [0, 0.075, 0.3, 0], "texture": "#4"},
				"west": {"uv": [0, 0.075, 0.3, 0], "texture": "#4"},
				"up": {"uv": [0.3, 0, 0, 0.075], "rotation": 270, "texture": "#4"},
				"down": {"uv": [0.3, 0, 0, 0.075], "rotation": 90, "texture": "#4"}
			}
		},
		{
			"from": [15.32, 28.31744, 4.22],
			"to": [16.04, 28.43744, 5.9],
			"rotation": {"angle": 0, "axis": "y", "origin": [-1.6, 27.8, -6.1]},
			"faces": {
				"north": {"uv": [0, 1, 0.75, 0], "texture": "#5"},
				"east": {"uv": [0, 1, 0.5, 0], "texture": "#5"},
				"south": {"uv": [0, 1, 0.5, 0], "texture": "#5"},
				"west": {"uv": [0, 1.25, 0.5, 0], "texture": "#5"},
				"up": {"uv": [0.5, 0, 0, 0.75], "rotation": 270, "texture": "#5"},
				"down": {"uv": [0.5, 1, 0, 1.75], "rotation": 90, "texture": "#5"}
			}
		},
		{
			"from": [15.32, 28.31744, 8.3],
			"to": [16.04, 28.43744, 9.98],
			"rotation": {"angle": 0, "axis": "y", "origin": [-1.6, 27.8, -6.1]},
			"faces": {
				"north": {"uv": [0, 1, 0.75, 0], "texture": "#5"},
				"east": {"uv": [0, 1, 0.5, 0], "texture": "#5"},
				"south": {"uv": [0, 1, 0.5, 0], "texture": "#5"},
				"west": {"uv": [0, 1.25, 0.5, 0], "texture": "#5"},
				"up": {"uv": [0.5, 0, 0, 0.75], "rotation": 270, "texture": "#5"},
				"down": {"uv": [0.5, 1, 0, 1.75], "rotation": 90, "texture": "#5"}
			}
		},
		{
			"from": [14.48, 26.03756, 4.1],
			"to": [14.6, 26.75756, 9.86],
			"rotation": {"angle": 0, "axis": "y", "origin": [-1.6, 27.8, -6.1]},
			"faces": {
				"north": {"uv": [0, 1, 0.75, 0], "texture": "#5"},
				"east": {"uv": [0, 1, 0.5, 0], "texture": "#5"},
				"south": {"uv": [0, 1, 0.5, 0], "texture": "#5"},
				"west": {"uv": [0, 1.25, 0.5, 0], "texture": "#5"},
				"up": {"uv": [0.5, 0, 0, 0.75], "rotation": 270, "texture": "#5"},
				"down": {"uv": [0.5, 1, 0, 1.75], "rotation": 90, "texture": "#5"}
			}
		},
		{
			"from": [13.76, 25.67744, 3.74],
			"to": [14.48, 27.11744, 5.18],
			"rotation": {"angle": 0, "axis": "y", "origin": [-1.6, 27.8, -6.1]},
			"faces": {
				"north": {"uv": [0, 0.15, 0.3, 0], "texture": "#4"},
				"east": {"uv": [0, 0.15, 0.3, 0], "texture": "#4"},
				"south": {"uv": [0, 0.15, 0.3, 0], "texture": "#4"},
				"west": {"uv": [0, 0.15, 0.3, 0], "texture": "#4"},
				"up": {"uv": [0.3, 0, 0, 0.15], "rotation": 270, "texture": "#4"},
				"down": {"uv": [0.3, 0, 0, 0.15], "rotation": 90, "texture": "#4"}
			}
		},
		{
			"from": [13.76, 25.67744, 8.78],
			"to": [14.48, 27.11744, 10.22],
			"rotation": {"angle": 0, "axis": "y", "origin": [-1.6, 27.8, -6.1]},
			"faces": {
				"north": {"uv": [0, 0.15, 0.3, 0], "texture": "#4"},
				"east": {"uv": [0, 0.15, 0.3, 0], "texture": "#4"},
				"south": {"uv": [0, 0.15, 0.3, 0], "texture": "#4"},
				"west": {"uv": [0, 0.15, 0.3, 0], "texture": "#4"},
				"up": {"uv": [0.3, 0, 0, 0.15], "rotation": 270, "texture": "#4"},
				"down": {"uv": [0.3, 0, 0, 0.15], "rotation": 90, "texture": "#4"}
			}
		},
		{
			"from": [13.76, 25.67744, 3.38],
			"to": [14.48, 27.11744, 3.74],
			"rotation": {"angle": 0, "axis": "y", "origin": [-1.6, 27.8, -6.1]},
			"faces": {
				"north": {"uv": [0, 0.3, 0.075, 0], "texture": "#4"},
				"east": {"uv": [0, 0.3, 0.075, 0], "texture": "#4"},
				"south": {"uv": [0, 0.3, 0.075, 0], "texture": "#4"},
				"west": {"uv": [0, 0.3, 0.075, 0], "texture": "#4"},
				"up": {"uv": [0.075, 0, 0, 0.3], "rotation": 270, "texture": "#4"},
				"down": {"uv": [0.075, 0, 0, 0.3], "rotation": 90, "texture": "#4"}
			}
		},
		{
			"from": [13.76, 25.67744, 5.18],
			"to": [14.48, 27.11744, 5.54],
			"rotation": {"angle": 0, "axis": "y", "origin": [-1.6, 27.8, -6.1]},
			"faces": {
				"north": {"uv": [0, 0.3, 0.075, 0], "texture": "#4"},
				"east": {"uv": [0, 0.3, 0.075, 0], "texture": "#4"},
				"south": {"uv": [0, 0.3, 0.075, 0], "texture": "#4"},
				"west": {"uv": [0, 0.3, 0.075, 0], "texture": "#4"},
				"up": {"uv": [0.075, 0, 0, 0.3], "rotation": 270, "texture": "#4"},
				"down": {"uv": [0.075, 0, 0, 0.3], "rotation": 90, "texture": "#4"}
			}
		},
		{
			"from": [13.76, 25.67744, 8.42],
			"to": [14.48, 27.11744, 8.78],
			"rotation": {"angle": 0, "axis": "y", "origin": [-1.6, 27.8, -6.1]},
			"faces": {
				"north": {"uv": [0, 0.3, 0.075, 0], "texture": "#4"},
				"east": {"uv": [0, 0.3, 0.075, 0], "texture": "#4"},
				"south": {"uv": [0, 0.3, 0.075, 0], "texture": "#4"},
				"west": {"uv": [0, 0.3, 0.075, 0], "texture": "#4"},
				"up": {"uv": [0.075, 0, 0, 0.3], "rotation": 270, "texture": "#4"},
				"down": {"uv": [0.075, 0, 0, 0.3], "rotation": 90, "texture": "#4"}
			}
		},
		{
			"from": [13.76, 25.67744, 10.22],
			"to": [14.48, 27.11744, 10.58],
			"rotation": {"angle": 0, "axis": "y", "origin": [-1.6, 27.8, -6.1]},
			"faces": {
				"north": {"uv": [0, 0.3, 0.075, 0], "texture": "#4"},
				"east": {"uv": [0, 0.3, 0.075, 0], "texture": "#4"},
				"south": {"uv": [0, 0.3, 0.075, 0], "texture": "#4"},
				"west": {"uv": [0, 0.3, 0.075, 0], "texture": "#4"},
				"up": {"uv": [0.075, 0, 0, 0.3], "rotation": 270, "texture": "#4"},
				"down": {"uv": [0.075, 0, 0, 0.3], "rotation": 90, "texture": "#4"}
			}
		},
		{
			"from": [13.76, 25.31744, 3.74],
			"to": [14.48, 25.67744, 5.18],
			"rotation": {"angle": 0, "axis": "y", "origin": [-1.6, 27.8, -6.1]},
			"faces": {
				"north": {"uv": [0, 0.075, 0.3, 0], "texture": "#4"},
				"east": {"uv": [0, 0.075, 0.3, 0], "texture": "#4"},
				"south": {"uv": [0, 0.075, 0.3, 0], "texture": "#4"},
				"west": {"uv": [0, 0.075, 0.3, 0], "texture": "#4"},
				"up": {"uv": [0.3, 0, 0, 0.075], "rotation": 270, "texture": "#4"},
				"down": {"uv": [0.3, 0, 0, 0.075], "rotation": 90, "texture": "#4"}
			}
		},
		{
			"from": [13.76, 25.31744, 8.78],
			"to": [14.48, 25.67744, 10.22],
			"rotation": {"angle": 0, "axis": "y", "origin": [-1.6, 27.8, -6.1]},
			"faces": {
				"north": {"uv": [0, 0.075, 0.3, 0], "texture": "#4"},
				"east": {"uv": [0, 0.075, 0.3, 0], "texture": "#4"},
				"south": {"uv": [0, 0.075, 0.3, 0], "texture": "#4"},
				"west": {"uv": [0, 0.075, 0.3, 0], "texture": "#4"},
				"up": {"uv": [0.3, 0, 0, 0.075], "rotation": 270, "texture": "#4"},
				"down": {"uv": [0.3, 0, 0, 0.075], "rotation": 90, "texture": "#4"}
			}
		},
		{
			"from": [13.76, 27.11744, 3.74],
			"to": [14.48, 27.47744, 5.18],
			"rotation": {"angle": 0, "axis": "y", "origin": [-1.6, 27.8, -6.1]},
			"faces": {
				"north": {"uv": [0, 0.075, 0.3, 0], "texture": "#4"},
				"east": {"uv": [0, 0.075, 0.3, 0], "texture": "#4"},
				"south": {"uv": [0, 0.075, 0.3, 0], "texture": "#4"},
				"west": {"uv": [0, 0.075, 0.3, 0], "texture": "#4"},
				"up": {"uv": [0.3, 0, 0, 0.075], "rotation": 270, "texture": "#4"},
				"down": {"uv": [0.3, 0, 0, 0.075], "rotation": 90, "texture": "#4"}
			}
		},
		{
			"from": [13.76, 27.11744, 8.78],
			"to": [14.48, 27.47744, 10.22],
			"rotation": {"angle": 0, "axis": "y", "origin": [-1.6, 27.8, -6.1]},
			"faces": {
				"north": {"uv": [0, 0.075, 0.3, 0], "texture": "#4"},
				"east": {"uv": [0, 0.075, 0.3, 0], "texture": "#4"},
				"south": {"uv": [0, 0.075, 0.3, 0], "texture": "#4"},
				"west": {"uv": [0, 0.075, 0.3, 0], "texture": "#4"},
				"up": {"uv": [0.3, 0, 0, 0.075], "rotation": 270, "texture": "#4"},
				"down": {"uv": [0.3, 0, 0, 0.075], "rotation": 90, "texture": "#4"}
			}
		},
		{
			"from": [2.24, 26.03756, 4.22],
			"to": [2.36, 26.75756, 9.98],
			"rotation": {"angle": 0, "axis": "y", "origin": [-1.6, 27.8, -6.1]},
			"faces": {
				"north": {"uv": [0, 1, 0.75, 0], "texture": "#5"},
				"east": {"uv": [0, 1, 0.5, 0], "texture": "#5"},
				"south": {"uv": [0, 1, 0.5, 0], "texture": "#5"},
				"west": {"uv": [0, 1.25, 0.5, 0], "texture": "#5"},
				"up": {"uv": [0.5, 0, 0, 0.75], "rotation": 270, "texture": "#5"},
				"down": {"uv": [0.5, 1, 0, 1.75], "rotation": 90, "texture": "#5"}
			}
		},
		{
			"from": [1.52, 25.67744, 3.86],
			"to": [2.24, 27.11744, 5.3],
			"rotation": {"angle": 0, "axis": "y", "origin": [-1.6, 27.8, -6.1]},
			"faces": {
				"north": {"uv": [0, 0.15, 0.3, 0], "texture": "#4"},
				"east": {"uv": [0, 0.15, 0.3, 0], "texture": "#4"},
				"south": {"uv": [0, 0.15, 0.3, 0], "texture": "#4"},
				"west": {"uv": [0, 0.15, 0.3, 0], "texture": "#4"},
				"up": {"uv": [0.3, 0, 0, 0.15], "rotation": 270, "texture": "#4"},
				"down": {"uv": [0.3, 0, 0, 0.15], "rotation": 90, "texture": "#4"}
			}
		},
		{
			"from": [13.64, 26.03756, 4.22],
			"to": [13.76, 26.75756, 9.98],
			"rotation": {"angle": 0, "axis": "y", "origin": [-1.6, 27.8, -6.1]},
			"faces": {
				"north": {"uv": [0, 1, 0.75, 0], "texture": "#5"},
				"east": {"uv": [0, 1, 0.5, 0], "texture": "#5"},
				"south": {"uv": [0, 1, 0.5, 0], "texture": "#5"},
				"west": {"uv": [0, 1.25, 0.5, 0], "texture": "#5"},
				"up": {"uv": [0.5, 0, 0, 0.75], "rotation": 270, "texture": "#5"},
				"down": {"uv": [0.5, 1, 0, 1.75], "rotation": 90, "texture": "#5"}
			}
		},
		{
			"from": [-3, 7, 13.3],
			"to": [19, 24, 13.3],
			"rotation": {"angle": 0, "axis": "y", "origin": [6, 15, 13.3]},
			"faces": {
				"north": {"uv": [0, 0, 16, 16], "texture": "#6"},
				"east": {"uv": [0, 0, 0, 4.25], "texture": "#6"},
				"south": {"uv": [0, 0, 16, 16], "texture": "#6"},
				"west": {"uv": [0, 0, 0, 4.25], "texture": "#6"},
				"up": {"uv": [0, 0, 5.5, 0], "texture": "#6"},
				"down": {"uv": [0, 0, 5.5, 0], "texture": "#6"}
			}
		}
	],
	"display": {
		"thirdperson_righthand": {
			"translation": [0, 0, 1],
			"scale": [0.63086, 0.39648, 1]
		}
	},
	"groups": [
		{
			"name": "skeleton",
			"origin": [8, 8, 8],
			"color": 0,
			"children": [0, 1, 2, 3, 4, 5, 6, 7]
		},
		{
			"name": "seats",
			"origin": [8, 8, 8],
			"color": 0,
			"children": [
				{
					"name": "seat",
					"origin": [8, 8, 8],
					"color": 0,
					"children": [8, 9, 10, 11]
				},
				{
					"name": "seat",
					"origin": [8, 8, 8],
					"color": 0,
					"children": [12, 13, 14, 15]
				}
			]
		},
		{
			"name": "wielen",
			"origin": [0, 0, 0],
			"color": 0,
			"children": [
				16,
				17,
				18,
				19,
				20,
				21,
				22,
				23,
				24,
				25,
				26,
				27,
				28,
				29,
				30,
				31,
				32,
				33,
				34,
				35,
				36,
				37,
				38,
				39,
				40,
				41,
				42,
				43,
				44,
				45,
				46,
				47,
				48,
				49,
				50,
				51,
				52,
				53,
				54,
				55,
				56,
				57,
				58,
				59,
				60,
				61,
				62,
				63,
				64,
				65,
				66,
				67,
				68,
				69,
				70,
				71,
				72,
				73,
				74
			]
		},
		75
	]
}