{
  "variants": {
    "facing=north,open=false": { "model": "block/trashcan", "y": 0 },
    "facing=east,open=false":  { "model": "block/trashcan", "y": 90 },
    "facing=south,open=false": { "model": "block/trashcan", "y": 180 },
    "facing=west,open=false":  { "model": "block/trashcan", "y": 270 },

    "facing=north,open=true":  { "model": "block/trashcan_open", "y": 0 },
    "facing=east,open=true":   { "model": "block/trashcan_open", "y": 90 },
    "facing=south,open=true":  { "model": "block/trashcan_open", "y": 180 },
    "facing=west,open=true":   { "model": "block/trashcan_open", "y": 270 }
  }
}
