{
	"credit": "Made with Blockbench",
	"textures": {
		"0": "block/dm/dmvloer",
		"1": "block/dm/dmbank",
		"2": "block/dm/dmbank2",
		"particle": "block/dm/dmvloer"
	},
	"elements": [
		{
			"from": [-6.8381, 3.72077, 20.0254],
			"to": [22.522, 4.43687, 25.7542],
			"rotation": {"angle": 0, "axis": "x", "origin": [17.5093, 3.72077, 20.7415]},
			"faces": {
				"north": {"uv": [0, 0, 16, 1], "texture": "#2"},
				"east": {"uv": [0, 0, 8, 1], "texture": "#2"},
				"south": {"uv": [0, 0, 16, 1], "texture": "#2"},
				"west": {"uv": [0, 0, 8, 1], "texture": "#2"},
				"up": {"uv": [0, 0, 16, 8], "texture": "#2"},
				"down": {"uv": [0, 0, 16, 8], "texture": "#2"}
			}
		},
		{
			"from": [-6.8381, 3.72077, 25.7542],
			"to": [22.522, 9.6644, 26.4703],
			"rotation": {"angle": 0, "axis": "x", "origin": [21.8059, 3.2195, 25.7542]},
			"faces": {
				"north": {"uv": [0, 0, 16, 8.3], "texture": "#2"},
				"east": {"uv": [0, 0, 1, 8.3], "texture": "#2"},
				"south": {"uv": [0, 0, 16, 8.3], "texture": "#2"},
				"west": {"uv": [0, 0, 1, 8.3], "texture": "#2"},
				"up": {"uv": [0, 0, 16, 1], "texture": "#2"},
				"down": {"uv": [0, 0, 16, 1], "texture": "#2"}
			}
		},
		{
			"from": [-7.5542, 1.0712, 19.3093],
			"to": [-6.8381, 6.0839, 27.1864],
			"rotation": {"angle": 0, "axis": "y", "origin": [-7.5542, 1.0712, 16.4449]},
			"faces": {
				"north": {"uv": [0, 0, 1, 7], "texture": "#1"},
				"east": {"uv": [0, 0, 11, 7], "texture": "#1"},
				"south": {"uv": [0, 0, 1, 7], "texture": "#1"},
				"west": {"uv": [0, 0, 11, 7], "texture": "#1"},
				"up": {"uv": [0, 0, 1, 11], "texture": "#1"},
				"down": {"uv": [0, 0, 1, 11], "texture": "#1"}
			}
		},
		{
			"from": [-7.5542, 6.0839, 22.8898],
			"to": [-6.8381, 9.6644, 27.1864],
			"rotation": {"angle": 0, "axis": "y", "origin": [-7.5542, 6.0839, 26.4703]},
			"faces": {
				"north": {"uv": [0, 0, 1, 5], "texture": "#1"},
				"east": {"uv": [0, 0, 6, 5], "texture": "#1"},
				"south": {"uv": [0, 0, 1, 5], "texture": "#1"},
				"west": {"uv": [0, 0, 6, 5], "texture": "#1"},
				"up": {"uv": [0, 0, 1, 6], "texture": "#1"},
				"down": {"uv": [0, 0, 1, 6], "texture": "#1"}
			}
		},
		{
			"from": [22.522, 1.0712, 19.3093],
			"to": [23.2381, 6.0839, 27.1864],
			"rotation": {"angle": 0, "axis": "y", "origin": [22.522, 1.0712, 16.4449]},
			"faces": {
				"north": {"uv": [0, 0, 1, 7], "texture": "#1"},
				"east": {"uv": [0, 0, 11, 7], "texture": "#1"},
				"south": {"uv": [0, 0, 1, 7], "texture": "#1"},
				"west": {"uv": [0, 0, 11, 7], "texture": "#1"},
				"up": {"uv": [0, 0, 1, 11], "texture": "#1"},
				"down": {"uv": [0, 0, 1, 11], "texture": "#1"}
			}
		},
		{
			"from": [22.522, 6.0839, 22.8898],
			"to": [23.2381, 9.6644, 27.1864],
			"rotation": {"angle": 0, "axis": "y", "origin": [22.522, 6.0839, 26.4703]},
			"faces": {
				"north": {"uv": [0, 0, 1, 5], "texture": "#1"},
				"east": {"uv": [0, 0, 6, 5], "texture": "#1"},
				"south": {"uv": [0, 0, 1, 5], "texture": "#1"},
				"west": {"uv": [0, 0, 6, 5], "texture": "#1"},
				"up": {"uv": [0, 0, 1, 6], "texture": "#1"},
				"down": {"uv": [0, 0, 1, 6], "texture": "#1"}
			}
		},
		{
			"from": [-6.8381, 3.72077, 8.5678],
			"to": [22.522, 4.43687, 14.2966],
			"rotation": {"angle": 0, "axis": "x", "origin": [17.5093, 3.72077, 9.2839]},
			"faces": {
				"north": {"uv": [0, 0, 16, 1], "texture": "#2"},
				"east": {"uv": [0, 0, 8, 1], "texture": "#2"},
				"south": {"uv": [0, 0, 16, 1], "texture": "#2"},
				"west": {"uv": [0, 0, 8, 1], "texture": "#2"},
				"up": {"uv": [0, 0, 16, 8], "texture": "#2"},
				"down": {"uv": [0, 0, 16, 8], "texture": "#2"}
			}
		},
		{
			"from": [-6.8381, 3.72077, 14.2966],
			"to": [22.522, 9.6644, 15.0127],
			"rotation": {"angle": 0, "axis": "x", "origin": [21.8059, 3.2195, 14.2966]},
			"faces": {
				"north": {"uv": [0, 0, 16, 8.3], "texture": "#2"},
				"east": {"uv": [0, 0, 1, 8.3], "texture": "#2"},
				"south": {"uv": [0, 0, 16, 8.3], "texture": "#2"},
				"west": {"uv": [0, 0, 1, 8.3], "texture": "#2"},
				"up": {"uv": [0, 0, 16, 1], "texture": "#2"},
				"down": {"uv": [0, 0, 16, 1], "texture": "#2"}
			}
		},
		{
			"from": [-7.5542, 1.0712, 7.8517],
			"to": [-6.8381, 6.0839, 15.7288],
			"rotation": {"angle": 0, "axis": "y", "origin": [-7.5542, 1.0712, 4.9873]},
			"faces": {
				"north": {"uv": [0, 0, 1, 7], "texture": "#1"},
				"east": {"uv": [0, 0, 11, 7], "texture": "#1"},
				"south": {"uv": [0, 0, 1, 7], "texture": "#1"},
				"west": {"uv": [0, 0, 11, 7], "texture": "#1"},
				"up": {"uv": [0, 0, 1, 11], "texture": "#1"},
				"down": {"uv": [0, 0, 1, 11], "texture": "#1"}
			}
		},
		{
			"from": [-7.5542, 6.0839, 11.4322],
			"to": [-6.8381, 9.6644, 15.7288],
			"rotation": {"angle": 0, "axis": "y", "origin": [-7.5542, 6.0839, 15.0127]},
			"faces": {
				"north": {"uv": [0, 0, 1, 5], "texture": "#1"},
				"east": {"uv": [0, 0, 6, 5], "texture": "#1"},
				"south": {"uv": [0, 0, 1, 5], "texture": "#1"},
				"west": {"uv": [0, 0, 6, 5], "texture": "#1"},
				"up": {"uv": [0, 0, 1, 6], "texture": "#1"},
				"down": {"uv": [0, 0, 1, 6], "texture": "#1"}
			}
		},
		{
			"from": [22.522, 1.0712, 7.8517],
			"to": [23.2381, 6.0839, 15.7288],
			"rotation": {"angle": 0, "axis": "y", "origin": [22.522, 1.0712, 4.9873]},
			"faces": {
				"north": {"uv": [0, 0, 1, 7], "texture": "#1"},
				"east": {"uv": [0, 0, 11, 7], "texture": "#1"},
				"south": {"uv": [0, 0, 1, 7], "texture": "#1"},
				"west": {"uv": [0, 0, 11, 7], "texture": "#1"},
				"up": {"uv": [0, 0, 1, 11], "texture": "#1"},
				"down": {"uv": [0, 0, 1, 11], "texture": "#1"}
			}
		},
		{
			"from": [22.522, 6.0839, 11.4322],
			"to": [23.2381, 9.6644, 15.7288],
			"rotation": {"angle": 0, "axis": "y", "origin": [22.522, 6.0839, 15.0127]},
			"faces": {
				"north": {"uv": [0, 0, 1, 5], "texture": "#1"},
				"east": {"uv": [0, 0, 6, 5], "texture": "#1"},
				"south": {"uv": [0, 0, 1, 5], "texture": "#1"},
				"west": {"uv": [0, 0, 6, 5], "texture": "#1"},
				"up": {"uv": [0, 0, 1, 6], "texture": "#1"},
				"down": {"uv": [0, 0, 1, 6], "texture": "#1"}
			}
		},
		{
			"from": [-6.8381, 3.72077, -2.8898],
			"to": [22.522, 4.43687, 2.839],
			"rotation": {"angle": 0, "axis": "x", "origin": [17.5093, 3.72077, -2.1737]},
			"faces": {
				"north": {"uv": [0, 0, 16, 1], "texture": "#2"},
				"east": {"uv": [0, 0, 8, 1], "texture": "#2"},
				"south": {"uv": [0, 0, 16, 1], "texture": "#2"},
				"west": {"uv": [0, 0, 8, 1], "texture": "#2"},
				"up": {"uv": [0, 0, 16, 8], "texture": "#2"},
				"down": {"uv": [0, 0, 16, 8], "texture": "#2"}
			}
		},
		{
			"from": [-6.8381, 3.72077, 2.839],
			"to": [22.522, 9.6644, 3.5551],
			"rotation": {"angle": 0, "axis": "x", "origin": [21.8059, 3.2195, 2.839]},
			"faces": {
				"north": {"uv": [0, 0, 16, 8.3], "texture": "#2"},
				"east": {"uv": [0, 0, 1, 8.3], "texture": "#2"},
				"south": {"uv": [0, 0, 16, 8.3], "texture": "#2"},
				"west": {"uv": [0, 0, 1, 8.3], "texture": "#2"},
				"up": {"uv": [0, 0, 16, 1], "texture": "#2"},
				"down": {"uv": [0, 0, 16, 1], "texture": "#2"}
			}
		},
		{
			"from": [-7.5542, 1.0712, -3.6059],
			"to": [-6.8381, 6.0839, 4.2712],
			"rotation": {"angle": 0, "axis": "y", "origin": [-7.5542, 1.0712, -6.4703]},
			"faces": {
				"north": {"uv": [0, 0, 1, 7], "texture": "#1"},
				"east": {"uv": [0, 0, 11, 7], "texture": "#1"},
				"south": {"uv": [0, 0, 1, 7], "texture": "#1"},
				"west": {"uv": [0, 0, 11, 7], "texture": "#1"},
				"up": {"uv": [0, 0, 1, 11], "texture": "#1"},
				"down": {"uv": [0, 0, 1, 11], "texture": "#1"}
			}
		},
		{
			"from": [-7.5542, 6.0839, -0.0254],
			"to": [-6.8381, 9.6644, 4.2712],
			"rotation": {"angle": 0, "axis": "y", "origin": [-7.5542, 6.0839, 3.5551]},
			"faces": {
				"north": {"uv": [0, 0, 1, 5], "texture": "#1"},
				"east": {"uv": [0, 0, 6, 5], "texture": "#1"},
				"south": {"uv": [0, 0, 1, 5], "texture": "#1"},
				"west": {"uv": [0, 0, 6, 5], "texture": "#1"},
				"up": {"uv": [0, 0, 1, 6], "texture": "#1"},
				"down": {"uv": [0, 0, 1, 6], "texture": "#1"}
			}
		},
		{
			"from": [22.522, 1.0712, -3.6059],
			"to": [23.2381, 6.0839, 4.2712],
			"rotation": {"angle": 0, "axis": "y", "origin": [22.522, 1.0712, -6.4703]},
			"faces": {
				"north": {"uv": [0, 0, 1, 7], "texture": "#1"},
				"east": {"uv": [0, 0, 11, 7], "texture": "#1"},
				"south": {"uv": [0, 0, 1, 7], "texture": "#1"},
				"west": {"uv": [0, 0, 11, 7], "texture": "#1"},
				"up": {"uv": [0, 0, 1, 11], "texture": "#1"},
				"down": {"uv": [0, 0, 1, 11], "texture": "#1"}
			}
		},
		{
			"from": [22.522, 6.0839, -0.0254],
			"to": [23.2381, 9.6644, 4.2712],
			"rotation": {"angle": 0, "axis": "y", "origin": [22.522, 6.0839, 3.5551]},
			"faces": {
				"north": {"uv": [0, 0, 1, 5], "texture": "#1"},
				"east": {"uv": [0, 0, 6, 5], "texture": "#1"},
				"south": {"uv": [0, 0, 1, 5], "texture": "#1"},
				"west": {"uv": [0, 0, 6, 5], "texture": "#1"},
				"up": {"uv": [0, 0, 1, 6], "texture": "#1"},
				"down": {"uv": [0, 0, 1, 6], "texture": "#1"}
			}
		},
		{
			"name": "hexadecagon",
			"from": [3, 0.8, -16],
			"to": [13, 1.8, 32],
			"rotation": {"angle": -45, "axis": "y", "origin": [8, 1.8, 8]},
			"faces": {
				"north": {"uv": [0, 0, 1, 1], "texture": "#0"},
				"east": {"uv": [0, 0, 1, 1], "texture": "#0"},
				"south": {"uv": [0, 0, 1, 1], "texture": "#0"},
				"west": {"uv": [0, 0, 1, 1], "texture": "#0"},
				"up": {"uv": [0, 0, 1, 1], "texture": "#0"},
				"down": {"uv": [0, 0, 1, 1], "texture": "#0"}
			}
		},
		{
			"name": "hexadecagon",
			"from": [3, 0.8, -16],
			"to": [13, 1.8, 32],
			"rotation": {"angle": -22.5, "axis": "y", "origin": [8, 1.8, 8]},
			"faces": {
				"north": {"uv": [0, 0, 1, 1], "texture": "#0"},
				"east": {"uv": [0, 0, 1, 1], "texture": "#0"},
				"south": {"uv": [0, 0, 1, 1], "texture": "#0"},
				"west": {"uv": [0, 0, 1, 1], "texture": "#0"},
				"up": {"uv": [0, 0, 1, 1], "texture": "#0"},
				"down": {"uv": [0, 0, 1, 1], "texture": "#0"}
			}
		},
		{
			"name": "hexadecagon",
			"from": [3, 0.8, -16],
			"to": [13, 1.8, 32],
			"rotation": {"angle": 0, "axis": "y", "origin": [8, 1.8, 8]},
			"faces": {
				"north": {"uv": [0, 0, 1, 1], "texture": "#0"},
				"east": {"uv": [0, 0, 1, 1], "texture": "#0"},
				"south": {"uv": [0, 0, 1, 1], "texture": "#0"},
				"west": {"uv": [0, 0, 1, 1], "texture": "#0"},
				"up": {"uv": [0, 0, 1, 1], "texture": "#0"},
				"down": {"uv": [0, 0, 1, 1], "texture": "#0"}
			}
		},
		{
			"name": "hexadecagon",
			"from": [3, 0.8, -16],
			"to": [13, 1.8, 32],
			"rotation": {"angle": 22.5, "axis": "y", "origin": [8, 1.8, 8]},
			"faces": {
				"north": {"uv": [0, 0, 1, 1], "texture": "#0"},
				"east": {"uv": [0, 0, 1, 1], "texture": "#0"},
				"south": {"uv": [0, 0, 1, 1], "texture": "#0"},
				"west": {"uv": [0, 0, 1, 1], "texture": "#0"},
				"up": {"uv": [0, 0, 1, 1], "texture": "#0"},
				"down": {"uv": [0, 0, 1, 1], "texture": "#0"}
			}
		},
		{
			"name": "hexadecagon",
			"from": [3, 0.8, -16],
			"to": [13, 1.8, 32],
			"rotation": {"angle": 45, "axis": "y", "origin": [8, 1.8, 8]},
			"faces": {
				"north": {"uv": [0, 0, 1, 1], "texture": "#0"},
				"east": {"uv": [0, 0, 1, 1], "texture": "#0"},
				"south": {"uv": [0, 0, 1, 1], "texture": "#0"},
				"west": {"uv": [0, 0, 1, 1], "texture": "#0"},
				"up": {"uv": [0, 0, 1, 1], "texture": "#0"},
				"down": {"uv": [0, 0, 1, 1], "texture": "#0"}
			}
		},
		{
			"name": "hexadecagon",
			"from": [-16, 0.8, 3],
			"to": [32, 1.8, 13],
			"rotation": {"angle": -22.5, "axis": "y", "origin": [8, 1.8, 8]},
			"faces": {
				"north": {"uv": [0, 0, 1, 1], "texture": "#0"},
				"east": {"uv": [0, 0, 1, 1], "texture": "#0"},
				"south": {"uv": [0, 0, 1, 1], "texture": "#0"},
				"west": {"uv": [0, 0, 1, 1], "texture": "#0"},
				"up": {"uv": [0, 0, 1, 1], "texture": "#0"},
				"down": {"uv": [0, 0, 1, 1], "texture": "#0"}
			}
		},
		{
			"name": "hexadecagon",
			"from": [-16, 0.8, 3],
			"to": [32, 1.8, 13],
			"rotation": {"angle": 0, "axis": "y", "origin": [8, 1.8, 8]},
			"faces": {
				"north": {"uv": [0, 0, 1, 1], "texture": "#0"},
				"east": {"uv": [0, 0, 1, 1], "texture": "#0"},
				"south": {"uv": [0, 0, 1, 1], "texture": "#0"},
				"west": {"uv": [0, 0, 1, 1], "texture": "#0"},
				"up": {"uv": [0, 0, 1, 1], "texture": "#0"},
				"down": {"uv": [0, 0, 1, 1], "texture": "#0"}
			}
		},
		{
			"name": "hexadecagon",
			"from": [-16, 0.8, 3],
			"to": [32, 1.8, 13],
			"rotation": {"angle": 22.5, "axis": "y", "origin": [8, 1.8, 8]},
			"faces": {
				"north": {"uv": [0, 0, 1, 1], "texture": "#0"},
				"east": {"uv": [0, 0, 1, 1], "texture": "#0"},
				"south": {"uv": [0, 0, 1, 1], "texture": "#0"},
				"west": {"uv": [0, 0, 1, 1], "texture": "#0"},
				"up": {"uv": [0, 0, 1, 1], "texture": "#0"},
				"down": {"uv": [0, 0, 1, 1], "texture": "#0"}
			}
		},
		{
			"from": [-7.8, 1, -11],
			"to": [23.2, 6, -8],
			"rotation": {"angle": 0, "axis": "y", "origin": [0.2, 1, -9]},
			"faces": {
				"north": {"uv": [0, 0, 16, 5], "texture": "#1"},
				"east": {"uv": [0, 0, 3, 5], "texture": "#1"},
				"south": {"uv": [0, 0, 16, 5], "texture": "#1"},
				"west": {"uv": [0, 0, 3, 5], "texture": "#1"},
				"up": {"uv": [0, 0, 16, 3], "texture": "#1"},
				"down": {"uv": [0, 0, 16, 3], "texture": "#1"}
			}
		},
		{
			"from": [-16, 1, -16],
			"to": [32, 1, 32],
			"rotation": {"angle": 0, "axis": "y", "origin": [1, 1, -7]},
			"faces": {
				"north": {"uv": [0, 0, 16, 0], "texture": "#0"},
				"east": {"uv": [0, 0, 16, 0], "texture": "#0"},
				"south": {"uv": [0, 0, 16, 0], "texture": "#0"},
				"west": {"uv": [0, 0, 16, 0], "texture": "#0"},
				"up": {"uv": [0, 0, 16, 16], "texture": "#0"},
				"down": {"uv": [0, 0, 16, 16], "texture": "#0"}
			}
		}
	],
	"groups": [
		{
			"name": "koorbank",
			"origin": [8, 8, 8],
			"color": 0,
			"children": [
				{
					"name": "bank",
					"origin": [28, 7, 15],
					"color": 0,
					"children": [0, 1, 2, 3, 4, 5]
				},
				{
					"name": "bank",
					"origin": [28, 7, 15],
					"color": 0,
					"children": [6, 7, 8, 9, 10, 11]
				},
				{
					"name": "bank",
					"origin": [28, 7, 15],
					"color": 0,
					"children": [12, 13, 14, 15, 16, 17]
				},
				{
					"name": "hexadecagon",
					"origin": [8, 8, 8],
					"color": 0,
					"children": [18, 19, 20, 21, 22, 23, 24, 25]
				},
				26
			]
		},
		27
	]
}