{
	"credit": "Made with Blockbench",
	"textures": {
		"2": "block/friendsparklogo",
		"particle": "block/polished_basalt_side"
	},
	"elements": [
		{
			"from": [3.50608, 6.01212, 6.38699],
			"to": [4.79308, 6.68062, 14.10899],
			"rotation": {"angle": 0, "axis": "y", "origin": [12.51508, 8.58612, 16.68299]},
			"faces": {
				"north": {"uv": [1.125, 0.5, 1.75, 1.625], "texture": "#2"},
				"east": {"uv": [1.125, 0.5, 1.75, 1.625], "texture": "#2"},
				"south": {"uv": [1.125, 0.5, 1.75, 1.625], "texture": "#2"},
				"west": {"uv": [1.125, 0.5, 1.75, 1.625], "texture": "#2"},
				"up": {"uv": [1.125, 0.5, 1.75, 1.625], "texture": "#2"},
				"down": {"uv": [1.125, 0.5, 1.75, 1.625], "texture": "#2"}
			}
		},
		{
			"from": [11.22808, 6.01212, 6.38699],
			"to": [12.51508, 6.68062, 14.10899],
			"rotation": {"angle": 0, "axis": "y", "origin": [18.95008, 8.58612, 16.68299]},
			"faces": {
				"north": {"uv": [1.125, 0.5, 1.75, 1.625], "texture": "#2"},
				"east": {"uv": [1.125, 0.5, 1.75, 1.625], "texture": "#2"},
				"south": {"uv": [1.125, 0.5, 1.75, 1.625], "texture": "#2"},
				"west": {"uv": [1.125, 0.5, 1.75, 1.625], "texture": "#2"},
				"up": {"uv": [1.125, 0.5, 1.75, 1.625], "texture": "#2"},
				"down": {"uv": [1.125, 0.5, 1.75, 1.625], "texture": "#2"}
			}
		},
		{
			"from": [4.79308, 6.01212, 14.10899],
			"to": [11.22808, 6.65562, 15.39599],
			"rotation": {"angle": 0, "axis": "y", "origin": [18.95008, 8.58612, 16.68299]},
			"faces": {
				"north": {"uv": [1.125, 0.5, 1.75, 1.625], "texture": "#2"},
				"east": {"uv": [1.125, 0.5, 1.75, 1.625], "texture": "#2"},
				"south": {"uv": [1.125, 0.5, 1.75, 1.625], "texture": "#2"},
				"west": {"uv": [1.125, 0.5, 1.75, 1.625], "texture": "#2"},
				"up": {"uv": [1.125, 0.5, 1.75, 1.625], "texture": "#2"},
				"down": {"uv": [1.125, 0.5, 1.75, 1.625], "texture": "#2"}
			}
		},
		{
			"from": [3.50608, 6.01212, 6.38699],
			"to": [12.46508, 6.65562, 7.67399],
			"rotation": {"angle": 0, "axis": "y", "origin": [12.51508, 8.58612, 16.68299]},
			"faces": {
				"north": {"uv": [1.125, 0.5, 1.75, 1.625], "texture": "#2"},
				"east": {"uv": [1.125, 0.5, 1.75, 1.625], "texture": "#2"},
				"south": {"uv": [1.125, 0.5, 1.75, 1.625], "texture": "#2"},
				"west": {"uv": [1.125, 0.5, 1.75, 1.625], "texture": "#2"},
				"up": {"uv": [1.125, 0.5, 1.75, 1.625], "texture": "#2"},
				"down": {"uv": [1.125, 0.5, 1.75, 1.625], "texture": "#2"}
			}
		},
		{
			"from": [1.34277, 6.01212, 8.25368],
			"to": [4.40467, 6.68062, 9.54068],
			"rotation": {"angle": -22.5, "axis": "y", "origin": [10.35177, 7.94262, 13.40168]},
			"faces": {
				"north": {"uv": [1.125, 0.5, 1.75, 1.625], "texture": "#2"},
				"east": {"uv": [1.125, 0.5, 1.75, 1.625], "texture": "#2"},
				"south": {"uv": [1.125, 0.5, 1.75, 1.625], "texture": "#2"},
				"west": {"uv": [1.125, 0.5, 1.75, 1.625], "texture": "#2"},
				"up": {"uv": [1.125, 0.5, 1.75, 1.625], "texture": "#2"},
				"down": {"uv": [1.125, 0.5, 1.75, 1.625], "texture": "#2"}
			}
		},
		{
			"from": [11.54339, 6.01212, 8.25368],
			"to": [14.67839, 6.68062, 9.54068],
			"rotation": {"angle": 22.5, "axis": "y", "origin": [5.66939, 7.94262, 13.40168]},
			"faces": {
				"north": {"uv": [1.125, 0.5, 1.75, 1.625], "texture": "#2"},
				"east": {"uv": [1.125, 0.5, 1.75, 1.625], "texture": "#2"},
				"south": {"uv": [1.125, 0.5, 1.75, 1.625], "texture": "#2"},
				"west": {"uv": [1.125, 0.5, 1.75, 1.625], "texture": "#2"},
				"up": {"uv": [1.125, 0.5, 1.75, 1.625], "texture": "#2"},
				"down": {"uv": [1.125, 0.5, 1.75, 1.625], "texture": "#2"}
			}
		},
		{
			"from": [-1.37022, 6.01212, 9.15042],
			"to": [1.96298, 6.68062, 10.43742],
			"rotation": {"angle": -45, "axis": "y", "origin": [7.63878, 7.94262, 14.29842]},
			"faces": {
				"north": {"uv": [1.125, 0.5, 1.75, 1.625], "texture": "#2"},
				"east": {"uv": [1.125, 0.5, 1.75, 1.625], "texture": "#2"},
				"south": {"uv": [1.125, 0.5, 1.75, 1.625], "texture": "#2"},
				"west": {"uv": [1.125, 0.5, 1.75, 1.625], "texture": "#2"},
				"up": {"uv": [1.125, 0.5, 1.75, 1.625], "texture": "#2"},
				"down": {"uv": [1.125, 0.5, 1.75, 1.625], "texture": "#2"}
			}
		},
		{
			"from": [-1.86273, 6.01212, 8.86952],
			"to": [-0.70443, 6.65562, 10.68962],
			"rotation": {"angle": 45, "axis": "y", "origin": [7.14627, 7.94262, 5.00852]},
			"faces": {
				"north": {"uv": [1.125, 0.5, 1.75, 1.625], "texture": "#2"},
				"east": {"uv": [1.125, 0.5, 1.75, 1.625], "texture": "#2"},
				"south": {"uv": [1.125, 0.5, 1.75, 1.625], "texture": "#2"},
				"west": {"uv": [1.125, 0.5, 1.75, 1.625], "texture": "#2"},
				"up": {"uv": [1.125, 0.5, 1.75, 1.625], "texture": "#2"},
				"down": {"uv": [1.125, 0.5, 1.75, 1.625], "texture": "#2"}
			}
		},
		{
			"from": [16.72559, 6.01212, 8.86952],
			"to": [17.88389, 6.68062, 10.68962],
			"rotation": {"angle": -45, "axis": "y", "origin": [8.87489, 7.94262, 5.00852]},
			"faces": {
				"north": {"uv": [1.125, 0.5, 1.75, 1.625], "texture": "#2"},
				"east": {"uv": [1.125, 0.5, 1.75, 1.625], "texture": "#2"},
				"south": {"uv": [1.125, 0.5, 1.75, 1.625], "texture": "#2"},
				"west": {"uv": [1.125, 0.5, 1.75, 1.625], "texture": "#2"},
				"up": {"uv": [1.125, 0.5, 1.75, 1.625], "texture": "#2"},
				"down": {"uv": [1.125, 0.5, 1.75, 1.625], "texture": "#2"}
			}
		},
		{
			"from": [13.98778, 6.01212, 9.15042],
			"to": [17.39138, 6.68062, 10.43742],
			"rotation": {"angle": 45, "axis": "y", "origin": [8.38238, 7.94262, 14.29842]},
			"faces": {
				"north": {"uv": [1.125, 0.5, 1.75, 1.625], "texture": "#2"},
				"east": {"uv": [1.125, 0.5, 1.75, 1.625], "texture": "#2"},
				"south": {"uv": [1.125, 0.5, 1.75, 1.625], "texture": "#2"},
				"west": {"uv": [1.125, 0.5, 1.75, 1.625], "texture": "#2"},
				"up": {"uv": [1.125, 0.5, 1.75, 1.625], "texture": "#2"},
				"down": {"uv": [1.125, 0.5, 1.75, 1.625], "texture": "#2"}
			}
		},
		{
			"from": [8.65014, 6.01212, 5.07968],
			"to": [10.22414, 6.68062, 8.68328],
			"rotation": {"angle": 22.5, "axis": "y", "origin": [4.78914, 7.94262, 14.08868]},
			"faces": {
				"north": {"uv": [1.125, 0.5, 1.75, 1.625], "texture": "#2"},
				"east": {"uv": [1.125, 0.5, 1.75, 1.625], "texture": "#2"},
				"south": {"uv": [1.125, 0.5, 1.75, 1.625], "texture": "#2"},
				"west": {"uv": [1.125, 0.5, 1.75, 1.625], "texture": "#2"},
				"up": {"uv": [1.125, 0.5, 1.75, 1.625], "texture": "#2"},
				"down": {"uv": [1.125, 0.5, 1.75, 1.625], "texture": "#2"}
			}
		},
		{
			"from": [6.36283, 6.01212, 3.68557],
			"to": [9.65833, 6.68062, 6.90648],
			"rotation": {"angle": 0, "axis": "y", "origin": [2.29945, 7.94262, 12.31188]},
			"faces": {
				"north": {"uv": [1.125, 0.5, 1.75, 1.625], "texture": "#2"},
				"east": {"uv": [1.125, 0.5, 1.75, 1.625], "texture": "#2"},
				"south": {"uv": [1.125, 0.5, 1.75, 1.625], "texture": "#2"},
				"west": {"uv": [1.125, 0.5, 1.75, 1.625], "texture": "#2"},
				"up": {"uv": [1.125, 0.5, 1.75, 1.625], "texture": "#2"},
				"down": {"uv": [1.125, 0.5, 1.75, 1.625], "texture": "#2"}
			}
		},
		{
			"from": [5.79702, 6.01212, 5.07968],
			"to": [7.37102, 6.68062, 8.55458],
			"rotation": {"angle": -22.5, "axis": "y", "origin": [11.23202, 7.94262, 14.08868]},
			"faces": {
				"north": {"uv": [1.125, 0.5, 1.75, 1.625], "texture": "#2"},
				"east": {"uv": [1.125, 0.5, 1.75, 1.625], "texture": "#2"},
				"south": {"uv": [1.125, 0.5, 1.75, 1.625], "texture": "#2"},
				"west": {"uv": [1.125, 0.5, 1.75, 1.625], "texture": "#2"},
				"up": {"uv": [1.125, 0.5, 1.75, 1.625], "texture": "#2"},
				"down": {"uv": [1.125, 0.5, 1.75, 1.625], "texture": "#2"}
			}
		},
		{
			"from": [5.26882, 6.46503, 6.93971],
			"to": [10.73941, 8.59086, 15.24329],
			"rotation": {"angle": 0, "axis": "y", "origin": [19.60684, 9.27297, 17.99915]},
			"faces": {
				"north": {"uv": [0.1, 1.25833, 2.48333, 4.85], "texture": "#2"},
				"east": {"uv": [1.125, 0.5, 1.75, 1.625], "texture": "#2"},
				"south": {"uv": [1.125, 0.5, 1.75, 1.625], "texture": "#2"},
				"west": {"uv": [1.125, 0.5, 1.75, 1.625], "texture": "#2"},
				"up": {"uv": [1.125, 0.5, 1.75, 1.625], "texture": "#2"},
				"down": {"uv": [1.125, 0.5, 1.75, 1.625], "texture": "#2"}
			}
		},
		{
			"from": [5.26882, 6.46503, 6.53971],
			"to": [10.73941, 8.39086, 7.04329],
			"rotation": {"angle": 0, "axis": "y", "origin": [19.60684, 9.27297, 17.99915]},
			"faces": {
				"north": {"uv": [0.20833, 0.35, 2.59166, 3.94167], "texture": "#2"},
				"east": {"uv": [1.125, 0.5, 1.75, 1.625], "texture": "#2"},
				"south": {"uv": [1.125, 0.5, 1.75, 1.625], "texture": "#2"},
				"west": {"uv": [1.125, 0.5, 1.75, 1.625], "texture": "#2"},
				"up": {"uv": [1.125, 0.5, 1.75, 1.625], "texture": "#2"},
				"down": {"uv": [1.125, 0.5, 1.75, 1.625], "texture": "#2"}
			}
		},
		{
			"from": [6.26882, 6.96503, 6.33971],
			"to": [9.73941, 7.96503, 7.04329],
			"rotation": {"angle": 0, "axis": "y", "origin": [19.60684, 9.77297, 17.79915]},
			"faces": {
				"north": {"uv": [4.43334, 9.2, 12.19167, 13.66667], "texture": "#2"}
			}
		},
		{
			"from": [6.26882, 3.36594, 6.54196],
			"to": [9.73941, 4.36594, 7.24555],
			"rotation": {"angle": 22.5, "axis": "x", "origin": [19.60684, 6.17388, 18.00141]},
			"faces": {
				"north": {"uv": [4.39167, 6.88333, 12.01667, 8.925], "texture": "#2"}
			}
		},
		{
			"from": [6.26882, -0.03658, 5.35151],
			"to": [9.73941, 0.96342, 6.05509],
			"rotation": {"angle": 45, "axis": "x", "origin": [19.60684, 2.77136, 16.81096]},
			"faces": {
				"north": {"uv": [4.45833, 3.65833, 12.08333, 6.68333], "texture": "#2"}
			}
		},
		{
			"from": [3.91831, 6.46503, 7.89022],
			"to": [5.28253, 8.59086, 13.89278],
			"rotation": {"angle": 0, "axis": "y", "origin": [14.14996, 9.27297, 17.98544]},
			"faces": {
				"north": {"uv": [0.1, 1.25833, 2.48333, 4.85], "texture": "#2"},
				"east": {"uv": [1.125, 0.5, 1.75, 1.625], "texture": "#2"},
				"south": {"uv": [1.125, 0.5, 1.75, 1.625], "texture": "#2"},
				"west": {"uv": [1.125, 0.5, 1.75, 1.625], "texture": "#2"},
				"up": {"uv": [1.125, 0.5, 1.75, 1.625], "texture": "#2"},
				"down": {"uv": [1.125, 0.5, 1.75, 1.625], "texture": "#2"}
			}
		},
		{
			"from": [8.35618, 6.54453, 22.27789],
			"to": [10.26609, 8.59086, 23.64211],
			"rotation": {"angle": -45, "axis": "y", "origin": [17.90572, 9.27297, 13.41046]},
			"faces": {
				"north": {"uv": [0.1, 1.25833, 2.48333, 4.85], "texture": "#2"},
				"east": {"uv": [1.125, 0.5, 1.75, 1.625], "texture": "#2"},
				"south": {"uv": [1.125, 0.5, 1.75, 1.625], "texture": "#2"},
				"west": {"uv": [1.125, 0.5, 1.75, 1.625], "texture": "#2"},
				"up": {"uv": [1.125, 0.5, 1.75, 1.625], "texture": "#2"},
				"down": {"uv": [1.125, 0.5, 1.75, 1.625], "texture": "#2"}
			}
		},
		{
			"from": [5.74214, 6.54453, 22.27789],
			"to": [7.65204, 8.59086, 23.64211],
			"rotation": {"angle": 45, "axis": "y", "origin": [-1.8975, 9.27297, 13.41046]},
			"faces": {
				"north": {"uv": [0.1, 1.25833, 2.48333, 4.85], "texture": "#2"},
				"east": {"uv": [1.125, 0.5, 1.75, 1.625], "texture": "#2"},
				"south": {"uv": [1.125, 0.5, 1.75, 1.625], "texture": "#2"},
				"west": {"uv": [1.125, 0.5, 1.75, 1.625], "texture": "#2"},
				"up": {"uv": [1.125, 0.5, 1.75, 1.625], "texture": "#2"},
				"down": {"uv": [1.125, 0.5, 1.75, 1.625], "texture": "#2"}
			}
		},
		{
			"from": [10.7257, 6.46503, 7.89022],
			"to": [12.08992, 8.59086, 13.89278],
			"rotation": {"angle": 0, "axis": "y", "origin": [1.85827, 9.27297, 17.98544]},
			"faces": {
				"north": {"uv": [0.1, 1.25833, 2.48333, 4.85], "texture": "#2"},
				"east": {"uv": [1.125, 0.5, 1.75, 1.625], "texture": "#2"},
				"south": {"uv": [1.125, 0.5, 1.75, 1.625], "texture": "#2"},
				"west": {"uv": [1.125, 0.5, 1.75, 1.625], "texture": "#2"},
				"up": {"uv": [1.125, 0.5, 1.75, 1.625], "texture": "#2"},
				"down": {"uv": [1.125, 0.5, 1.75, 1.625], "texture": "#2"}
			}
		},
		{
			"from": [5.74214, 6.54453, -1.85911],
			"to": [7.65204, 8.59086, -0.49489],
			"rotation": {"angle": -45, "axis": "y", "origin": [-1.8975, 9.27297, 8.37254]},
			"faces": {
				"north": {"uv": [0.03333, 0.35, 2.41666, 3.94167], "texture": "#2"},
				"east": {"uv": [1.125, 0.5, 1.75, 1.625], "texture": "#2"},
				"south": {"uv": [1.125, 0.5, 1.75, 1.625], "texture": "#2"},
				"west": {"uv": [1.125, 0.5, 1.75, 1.625], "texture": "#2"},
				"up": {"uv": [1.125, 0.5, 1.75, 1.625], "texture": "#2"},
				"down": {"uv": [1.125, 0.5, 1.75, 1.625], "texture": "#2"}
			}
		},
		{
			"from": [8.35618, 6.54453, -1.85911],
			"to": [10.26609, 8.59086, -0.49489],
			"rotation": {"angle": 45, "axis": "y", "origin": [17.90572, 9.27297, 8.37254]},
			"faces": {
				"north": {"uv": [0.20833, 0.14166, 2.59166, 3.73333], "texture": "#2"},
				"east": {"uv": [1.125, 0.5, 1.75, 1.625], "texture": "#2"},
				"south": {"uv": [1.125, 0.5, 1.75, 1.625], "texture": "#2"},
				"west": {"uv": [1.125, 0.5, 1.75, 1.625], "texture": "#2"},
				"up": {"uv": [1.125, 0.5, 1.75, 1.625], "texture": "#2"},
				"down": {"uv": [1.125, 0.5, 1.75, 1.625], "texture": "#2"}
			}
		},
		{
			"from": [5.81588, 7.84053, 7.30987],
			"to": [10.19235, 9.6776, 14.37274],
			"rotation": {"angle": 0, "axis": "y", "origin": [17.28629, 10.02329, 16.57743]},
			"faces": {
				"north": {"uv": [2.85833, 1.33333, 3.525, 2.5], "texture": "#2"},
				"east": {"uv": [2.76667, 1.33333, 3.43334, 2.5], "texture": "#2"},
				"south": {"uv": [2.90833, 1.33333, 3.575, 2.5], "texture": "#2"},
				"west": {"uv": [2.63333, 1.24166, 3.3, 2.40833], "texture": "#2"},
				"up": {"uv": [2.76667, 1.15, 3.43334, 2.31667], "texture": "#2"},
				"down": {"uv": [2.85833, 1.15, 3.525, 2.31667], "texture": "#2"}
			}
		},
		{
			"from": [4.73547, 7.84053, 8.39028],
			"to": [5.82684, 9.6776, 13.29233],
			"rotation": {"angle": 0, "axis": "y", "origin": [12.92079, 10.02329, 16.56646]},
			"faces": {
				"north": {"uv": [2.85833, 1.33333, 3.525, 2.5], "texture": "#2"},
				"east": {"uv": [2.76667, 1.33333, 3.43334, 2.5], "texture": "#2"},
				"south": {"uv": [2.90833, 1.33333, 3.575, 2.5], "texture": "#2"},
				"west": {"uv": [2.63333, 1.24166, 3.3, 2.40833], "texture": "#2"},
				"up": {"uv": [2.76667, 1.15, 3.43334, 2.31667], "texture": "#2"},
				"down": {"uv": [2.85833, 1.15, 3.525, 2.31667], "texture": "#2"}
			}
		},
		{
			"from": [8.28577, 7.84053, 20.00042],
			"to": [9.81369, 9.6776, 21.09179],
			"rotation": {"angle": -45, "axis": "y", "origin": [15.9254, 10.02329, 12.90647]},
			"faces": {
				"north": {"uv": [2.85833, 1.33333, 3.525, 2.5], "texture": "#2"},
				"east": {"uv": [2.76667, 1.33333, 3.43334, 2.5], "texture": "#2"},
				"south": {"uv": [2.90833, 1.33333, 3.575, 2.5], "texture": "#2"},
				"west": {"uv": [2.63333, 1.24166, 3.3, 2.40833], "texture": "#2"},
				"up": {"uv": [2.76667, 1.15, 3.43334, 2.31667], "texture": "#2"},
				"down": {"uv": [2.85833, 1.15, 3.525, 2.31667], "texture": "#2"}
			}
		},
		{
			"from": [6.19453, 7.84053, 20.00042],
			"to": [7.72246, 9.6776, 21.09179],
			"rotation": {"angle": 45, "axis": "y", "origin": [0.08283, 10.02329, 12.90647]},
			"faces": {
				"north": {"uv": [2.85833, 1.33333, 3.525, 2.5], "texture": "#2"},
				"east": {"uv": [2.76667, 1.33333, 3.43334, 2.5], "texture": "#2"},
				"south": {"uv": [2.90833, 1.33333, 3.575, 2.5], "texture": "#2"},
				"west": {"uv": [2.63333, 1.24166, 3.3, 2.40833], "texture": "#2"},
				"up": {"uv": [2.76667, 1.15, 3.43334, 2.31667], "texture": "#2"},
				"down": {"uv": [2.85833, 1.15, 3.525, 2.31667], "texture": "#2"}
			}
		},
		{
			"from": [10.18138, 7.84053, 8.39028],
			"to": [11.27276, 9.6776, 13.29233],
			"rotation": {"angle": 0, "axis": "y", "origin": [3.08744, 10.02329, 16.56646]},
			"faces": {
				"north": {"uv": [2.85833, 1.33333, 3.525, 2.5], "texture": "#2"},
				"east": {"uv": [2.76667, 1.33333, 3.43334, 2.5], "texture": "#2"},
				"south": {"uv": [2.90833, 1.33333, 3.575, 2.5], "texture": "#2"},
				"west": {"uv": [2.63333, 1.24166, 3.3, 2.40833], "texture": "#2"},
				"up": {"uv": [2.76667, 1.15, 3.43334, 2.31667], "texture": "#2"},
				"down": {"uv": [2.85833, 1.15, 3.525, 2.31667], "texture": "#2"}
			}
		},
		{
			"from": [6.19453, 7.84053, 0.59082],
			"to": [7.72246, 9.6776, 1.68219],
			"rotation": {"angle": -45, "axis": "y", "origin": [0.08283, 10.02329, 8.77614]},
			"faces": {
				"north": {"uv": [2.85833, 1.33333, 3.525, 2.5], "texture": "#2"},
				"east": {"uv": [2.76667, 1.33333, 3.43334, 2.5], "texture": "#2"},
				"south": {"uv": [2.90833, 1.33333, 3.575, 2.5], "texture": "#2"},
				"west": {"uv": [2.63333, 1.24166, 3.3, 2.40833], "texture": "#2"},
				"up": {"uv": [2.76667, 1.15, 3.43334, 2.31667], "texture": "#2"},
				"down": {"uv": [2.85833, 1.15, 3.525, 2.31667], "texture": "#2"}
			}
		},
		{
			"from": [8.28577, 7.84053, 0.59082],
			"to": [9.81369, 9.6776, 1.68219],
			"rotation": {"angle": 45, "axis": "y", "origin": [15.9254, 10.02329, 8.77614]},
			"faces": {
				"north": {"uv": [2.85833, 1.33333, 3.525, 2.5], "texture": "#2"},
				"east": {"uv": [2.76667, 1.33333, 3.43334, 2.5], "texture": "#2"},
				"south": {"uv": [2.90833, 1.33333, 3.575, 2.5], "texture": "#2"},
				"west": {"uv": [2.63333, 1.24166, 3.3, 2.40833], "texture": "#2"},
				"up": {"uv": [2.76667, 1.15, 3.43334, 2.31667], "texture": "#2"},
				"down": {"uv": [2.85833, 1.15, 3.525, 2.31667], "texture": "#2"}
			}
		},
		{
			"from": [6.36294, 8.72728, 8.28003],
			"to": [9.64529, 10.25508, 13.50218],
			"rotation": {"angle": 0, "axis": "y", "origin": [14.96575, 10.36434, 15.1557]},
			"faces": {
				"north": {"uv": [4.39167, 0.975, 5.86667, 2.14167], "texture": "#2"},
				"east": {"uv": [3.30833, 0.43333, 3.975, 1.6], "texture": "#2"},
				"south": {"uv": [0.75, 0.61666, 1.41667, 1.78333], "texture": "#2"},
				"west": {"uv": [6.725, 0.61666, 7.39167, 1.78333], "texture": "#2"},
				"up": {"uv": [2.54167, 1.24166, 3.20834, 2.40833], "texture": "#2"},
				"down": {"uv": [1.375, 1.46666, 2.04167, 2.63333], "texture": "#2"}
			}
		},
		{
			"from": [5.55263, 8.72728, 9.09034],
			"to": [6.37116, 10.25508, 12.69188],
			"rotation": {"angle": 0, "axis": "y", "origin": [11.69162, 10.36434, 15.14747]},
			"faces": {
				"north": {"uv": [4.39167, 0.975, 5.86667, 2.14167], "texture": "#2"},
				"east": {"uv": [3.30833, 0.43333, 3.975, 1.6], "texture": "#2"},
				"south": {"uv": [0.75, 0.61666, 1.41667, 1.78333], "texture": "#2"},
				"west": {"uv": [6.725, 0.61666, 7.39167, 1.78333], "texture": "#2"},
				"up": {"uv": [2.54167, 1.24166, 3.20834, 2.40833], "texture": "#2"},
				"down": {"uv": [1.375, 1.46666, 2.04167, 2.63333], "texture": "#2"}
			}
		},
		{
			"from": [8.21535, 8.72728, 17.72294],
			"to": [9.3613, 10.25508, 18.54147],
			"rotation": {"angle": -45, "axis": "y", "origin": [13.94508, 10.36434, 12.40248]},
			"faces": {
				"north": {"uv": [4.39167, 0.975, 5.86667, 2.14167], "texture": "#2"},
				"east": {"uv": [3.30833, 0.43333, 3.975, 1.6], "texture": "#2"},
				"south": {"uv": [0.75, 0.61666, 1.41667, 1.78333], "texture": "#2"},
				"west": {"uv": [6.725, 0.61666, 7.39167, 1.78333], "texture": "#2"},
				"up": {"uv": [2.54167, 1.24166, 3.20834, 2.40833], "texture": "#2"},
				"down": {"uv": [1.375, 1.46666, 2.04167, 2.63333], "texture": "#2"}
			}
		},
		{
			"from": [6.64693, 8.72728, 17.72294],
			"to": [7.79287, 10.25508, 18.54147],
			"rotation": {"angle": 45, "axis": "y", "origin": [2.06315, 10.36434, 12.40248]},
			"faces": {
				"north": {"uv": [4.39167, 0.975, 5.86667, 2.14167], "texture": "#2"},
				"east": {"uv": [3.30833, 0.43333, 3.975, 1.6], "texture": "#2"},
				"south": {"uv": [0.75, 0.61666, 1.41667, 1.78333], "texture": "#2"},
				"west": {"uv": [6.725, 0.61666, 7.39167, 1.78333], "texture": "#2"},
				"up": {"uv": [2.54167, 1.24166, 3.20834, 2.40833], "texture": "#2"},
				"down": {"uv": [1.375, 1.46666, 2.04167, 2.63333], "texture": "#2"}
			}
		},
		{
			"from": [9.63706, 8.72728, 9.09034],
			"to": [10.4556, 10.25508, 12.69188],
			"rotation": {"angle": 0, "axis": "y", "origin": [4.31661, 10.36434, 15.14747]},
			"faces": {
				"north": {"uv": [4.39167, 0.975, 5.86667, 2.14167], "texture": "#2"},
				"east": {"uv": [3.30833, 0.43333, 3.975, 1.6], "texture": "#2"},
				"south": {"uv": [0.75, 0.61666, 1.41667, 1.78333], "texture": "#2"},
				"west": {"uv": [6.725, 0.61666, 7.39167, 1.78333], "texture": "#2"},
				"up": {"uv": [2.54167, 1.24166, 3.20834, 2.40833], "texture": "#2"},
				"down": {"uv": [1.375, 1.46666, 2.04167, 2.63333], "texture": "#2"}
			}
		},
		{
			"from": [6.64693, 8.72728, 3.24074],
			"to": [7.79287, 10.25508, 4.05927],
			"rotation": {"angle": -45, "axis": "y", "origin": [2.06315, 10.36434, 9.37973]},
			"faces": {
				"north": {"uv": [4.39167, 0.975, 5.86667, 2.14167], "texture": "#2"},
				"east": {"uv": [3.30833, 0.43333, 3.975, 1.6], "texture": "#2"},
				"south": {"uv": [0.75, 0.61666, 1.41667, 1.78333], "texture": "#2"},
				"west": {"uv": [6.725, 0.61666, 7.39167, 1.78333], "texture": "#2"},
				"up": {"uv": [2.54167, 1.24166, 3.20834, 2.40833], "texture": "#2"},
				"down": {"uv": [1.375, 1.46666, 2.04167, 2.63333], "texture": "#2"}
			}
		},
		{
			"from": [8.21535, 8.72728, 3.24074],
			"to": [9.3613, 10.25508, 4.05927],
			"rotation": {"angle": 45, "axis": "y", "origin": [13.94508, 10.36434, 9.37973]},
			"faces": {
				"north": {"uv": [4.39167, 0.975, 5.86667, 2.14167], "texture": "#2"},
				"east": {"uv": [3.30833, 0.43333, 3.975, 1.6], "texture": "#2"},
				"south": {"uv": [0.75, 0.61666, 1.41667, 1.78333], "texture": "#2"},
				"west": {"uv": [6.725, 0.61666, 7.39167, 1.78333], "texture": "#2"},
				"up": {"uv": [2.54167, 1.24166, 3.20834, 2.40833], "texture": "#2"},
				"down": {"uv": [1.375, 1.46666, 2.04167, 2.63333], "texture": "#2"}
			}
		}
	],
	"display": {
		"thirdperson_righthand": {
			"rotation": [21, 0, 0],
			"translation": [0, 1, -1.5],
			"scale": [0.7, 0.7, 0.7]
		},
		"thirdperson_lefthand": {
			"rotation": [21, 0, 0],
			"translation": [0, 1, -1.5],
			"scale": [0.7, 0.7, 0.7]
		},
		"firstperson_righthand": {
			"rotation": [-19, 0, 0],
			"translation": [0, -1.5, -1.5],
			"scale": [0.7, 0.7, 0.7]
		},
		"firstperson_lefthand": {
			"rotation": [-19, 0, 0],
			"translation": [0, -1.5, -1.5],
			"scale": [0.7, 0.7, 0.7]
		},
		"ground": {
			"translation": [0.75, 5.25, 0]
		},
		"gui": {
			"rotation": [27, -149, 0],
			"translation": [1.25, 1, 0]
		},
		"head": {
			"translation": [0, 5.75, -5.75],
			"scale": [1.7, 2, 2]
		},
		"fixed": {
			"translation": [0, 0, -4]
		}
	},
	"groups": [
		{
			"name": "group",
			"origin": [11.23202, 7.94262, 14.08868],
			"color": 0,
			"children": [0, 1, 2, 3, 4, 5, 6, 7, 8, 9, 10, 11, 12]
		},
		{
			"name": "group",
			"origin": [15.25305, 13, 6.15355],
			"color": 0,
			"children": [13, 14, 15, 16, 17, 18, 19, 20, 21, 22, 23]
		},
		{
			"name": "group",
			"origin": [15.25305, 13, 6.15355],
			"color": 0,
			"children": [24, 25, 26, 27, 28, 29, 30]
		},
		{
			"name": "group",
			"origin": [15.25305, 13, 6.15355],
			"color": 0,
			"children": [31, 32, 33, 34, 35, 36, 37]
		}
	]
}