{
	"credit": "Made with Blockbench",
	"textures": {
		"0": "block/anvil",
		"3": "block/friendsparklogo",
		"6": "block/white_concrete_powder",
		"particle": "block/anvil"
	},
	"elements": [
		{
			"name": "Cube",
			"from": [-15.25004, -5.75, 10.05089],
			"to": [-13.75004, -3.3125, 11.55089],
			"rotation": {"angle": 0, "axis": "y", "origin": [30.49996, 7.21875, 10.80089]},
			"faces": {
				"north": {"uv": [1, 0, 2, 1], "texture": "#0"},
				"east": {"uv": [1, 0, 2, 1], "texture": "#0"},
				"south": {"uv": [1, 0, 2, 1], "texture": "#0"},
				"west": {"uv": [1, 0, 2, 1], "texture": "#0"},
				"up": {"uv": [1, 0, 2, 1], "texture": "#0"},
				"down": {"uv": [1, 0, 2, 1], "texture": "#0"}
			}
		},
		{
			"name": "Cube",
			"from": [27.49996, -5.75, 10.05089],
			"to": [28.99996, -3.3125, 11.55089],
			"rotation": {"angle": 0, "axis": "y", "origin": [30.49996, 7.21875, 10.80089]},
			"faces": {
				"north": {"uv": [1, 0, 2, 1], "texture": "#0"},
				"east": {"uv": [1, 0, 2, 1], "texture": "#0"},
				"south": {"uv": [1, 0, 2, 1], "texture": "#0"},
				"west": {"uv": [1, 0, 2, 1], "texture": "#0"},
				"up": {"uv": [1, 0, 2, 1], "texture": "#0"},
				"down": {"uv": [1, 0, 2, 1], "texture": "#0"}
			}
		},
		{
			"name": "Cube",
			"from": [27.74996, -5.75, 10.30089],
			"to": [28.74996, 22.1875, 11.30089],
			"rotation": {"angle": 0, "axis": "y", "origin": [30.49996, 7.21875, 10.80089]},
			"faces": {
				"north": {"uv": [1, 0, 2, 1], "texture": "#0"},
				"east": {"uv": [1, 0, 2, 1], "texture": "#0"},
				"south": {"uv": [1, 0, 2, 1], "texture": "#0"},
				"west": {"uv": [1, 0, 2, 1], "texture": "#0"},
				"up": {"uv": [1, 0, 2, 1], "texture": "#0"},
				"down": {"uv": [1, 0, 2, 1], "texture": "#0"}
			}
		},
		{
			"name": "Cube",
			"from": [-15.00004, -5.75, 10.30089],
			"to": [-14.00004, 22.1875, 11.30089],
			"rotation": {"angle": 0, "axis": "y", "origin": [-14.50004, 7.21875, 10.80089]},
			"faces": {
				"north": {"uv": [1, 0, 2, 1], "texture": "#0"},
				"east": {"uv": [1, 0, 2, 1], "texture": "#0"},
				"south": {"uv": [1, 0, 2, 1], "texture": "#0"},
				"west": {"uv": [1, 0, 2, 1], "texture": "#0"},
				"up": {"uv": [1, 0, 2, 1], "texture": "#0"},
				"down": {"uv": [1, 0, 2, 1], "texture": "#0"}
			}
		},
		{
			"name": "Cube",
			"from": [-16, -6.25, 7.0938],
			"to": [-13, -4.75, 14.3438],
			"faces": {
				"north": {"uv": [1, 0, 2, 1], "texture": "#0"},
				"east": {"uv": [1, 0, 2, 1], "texture": "#0"},
				"south": {"uv": [1, 0, 2, 1], "texture": "#0"},
				"west": {"uv": [1, 0, 2, 1], "texture": "#0"},
				"up": {"uv": [1, 0, 2, 1], "texture": "#0"},
				"down": {"uv": [1, 0, 2, 1], "texture": "#0"}
			}
		},
		{
			"name": "Cube",
			"from": [26.75, -6.25, 7.0938],
			"to": [29.75, -4.75, 14.3438],
			"faces": {
				"north": {"uv": [1, 0, 2, 1], "texture": "#0"},
				"east": {"uv": [1, 0, 2, 1], "texture": "#0"},
				"south": {"uv": [1, 0, 2, 1], "texture": "#0"},
				"west": {"uv": [1, 0, 2, 1], "texture": "#0"},
				"up": {"uv": [1, 0, 2, 1], "texture": "#0"},
				"down": {"uv": [1, 0, 2, 1], "texture": "#0"}
			}
		},
		{
			"name": "Cube",
			"from": [-15.00156, -3.56207, 10.30199],
			"to": [28.74844, -2.56207, 11.30199],
			"rotation": {"angle": 0, "axis": "y", "origin": [8.24844, 19.68793, 10.80199]},
			"faces": {
				"north": {"uv": [1, 0, 2, 1], "texture": "#0"},
				"east": {"uv": [1, 0, 2, 1], "texture": "#0"},
				"south": {"uv": [1, 0, 2, 1], "texture": "#0"},
				"west": {"uv": [1, 0, 2, 1], "texture": "#0"},
				"up": {"uv": [1, 0, 2, 1], "texture": "#0"},
				"down": {"uv": [1, 0, 2, 1], "texture": "#0"}
			}
		},
		{
			"name": "Cube",
			"from": [-15.00156, 7.43793, 10.30199],
			"to": [28.74844, 8.43793, 11.30199],
			"rotation": {"angle": 0, "axis": "y", "origin": [8.24844, 30.68793, 10.80199]},
			"faces": {
				"north": {"uv": [1, 0, 2, 1], "texture": "#0"},
				"east": {"uv": [1, 0, 2, 1], "texture": "#0"},
				"south": {"uv": [1, 0, 2, 1], "texture": "#0"},
				"west": {"uv": [1, 0, 2, 1], "texture": "#0"},
				"up": {"uv": [1, 0, 2, 1], "texture": "#0"},
				"down": {"uv": [1, 0, 2, 1], "texture": "#0"}
			}
		},
		{
			"name": "Cube",
			"from": [-15.00156, 19.18793, 10.30199],
			"to": [28.74844, 20.18793, 11.30199],
			"rotation": {"angle": 0, "axis": "y", "origin": [8.24844, 19.68793, 10.80199]},
			"faces": {
				"north": {"uv": [1, 0, 2, 1], "texture": "#0"},
				"east": {"uv": [1, 0, 2, 1], "texture": "#0"},
				"south": {"uv": [1, 0, 2, 1], "texture": "#0"},
				"west": {"uv": [1, 0, 2, 1], "texture": "#0"},
				"up": {"uv": [1, 0, 2, 1], "texture": "#0"},
				"down": {"uv": [1, 0, 2, 1], "texture": "#0"}
			}
		},
		{
			"from": [-1, -3, 10.3],
			"to": [0, 19.3, 11.3],
			"rotation": {"angle": 0, "axis": "y", "origin": [7, 3, 18.3]},
			"faces": {
				"north": {"uv": [0, 0, 1, 16], "texture": "#0"},
				"east": {"uv": [0, 0, 1, 16], "texture": "#0"},
				"south": {"uv": [0, 0, 1, 16], "texture": "#0"},
				"west": {"uv": [0, 0, 1, 16], "texture": "#0"},
				"up": {"uv": [0, 0, 1, 1], "texture": "#0"},
				"down": {"uv": [0, 0, 1, 1], "texture": "#0"}
			}
		},
		{
			"from": [-8, -3, 10.3],
			"to": [-7, 19.3, 11.3],
			"rotation": {"angle": 0, "axis": "y", "origin": [0, 3, 18.3]},
			"faces": {
				"north": {"uv": [0, 0, 1, 16], "texture": "#0"},
				"east": {"uv": [0, 0, 1, 16], "texture": "#0"},
				"south": {"uv": [0, 0, 1, 16], "texture": "#0"},
				"west": {"uv": [0, 0, 1, 16], "texture": "#0"},
				"up": {"uv": [0, 0, 1, 1], "texture": "#0"},
				"down": {"uv": [0, 0, 1, 1], "texture": "#0"}
			}
		},
		{
			"from": [6.7, -3, 10.3],
			"to": [7.7, 19.3, 11.3],
			"rotation": {"angle": 0, "axis": "y", "origin": [14.7, 3, 18.3]},
			"faces": {
				"north": {"uv": [0, 0, 1, 16], "texture": "#0"},
				"east": {"uv": [0, 0, 1, 16], "texture": "#0"},
				"south": {"uv": [0, 0, 1, 16], "texture": "#0"},
				"west": {"uv": [0, 0, 1, 16], "texture": "#0"},
				"up": {"uv": [0, 0, 1, 1], "texture": "#0"},
				"down": {"uv": [0, 0, 1, 1], "texture": "#0"}
			}
		},
		{
			"from": [20.7, -3, 10.3],
			"to": [21.7, 19.3, 11.3],
			"rotation": {"angle": 0, "axis": "y", "origin": [28.7, 3, 18.3]},
			"faces": {
				"north": {"uv": [0, 0, 1, 16], "texture": "#0"},
				"east": {"uv": [0, 0, 1, 16], "texture": "#0"},
				"south": {"uv": [0, 0, 1, 16], "texture": "#0"},
				"west": {"uv": [0, 0, 1, 16], "texture": "#0"},
				"up": {"uv": [0, 0, 1, 1], "texture": "#0"},
				"down": {"uv": [0, 0, 1, 1], "texture": "#0"}
			}
		},
		{
			"from": [14, -3, 10.3],
			"to": [15, 19.3, 11.3],
			"rotation": {"angle": 0, "axis": "y", "origin": [22, 3, 18.3]},
			"faces": {
				"north": {"uv": [0, 0, 1, 16], "texture": "#0"},
				"east": {"uv": [0, 0, 1, 16], "texture": "#0"},
				"south": {"uv": [0, 0, 1, 16], "texture": "#0"},
				"west": {"uv": [0, 0, 1, 16], "texture": "#0"},
				"up": {"uv": [0, 0, 1, 1], "texture": "#0"},
				"down": {"uv": [0, 0, 1, 1], "texture": "#0"}
			}
		},
		{
			"from": [-14.9, -2.5, 9.71],
			"to": [-13.9, 19.5, 10.71],
			"rotation": {"angle": 0, "axis": "y", "origin": [-6.9, 5.5, 17.6]},
			"faces": {
				"north": {"uv": [0, 0, 1, 6], "texture": "#6"},
				"east": {"uv": [0, 0, 1, 16], "texture": "#6"},
				"south": {"uv": [0, 0, 1, 16], "texture": "#6"},
				"west": {"uv": [0, 0, 1, 16], "texture": "#6"},
				"up": {"uv": [0, 0, 1, 1], "texture": "#6"},
				"down": {"uv": [0, 0, 1, 1], "texture": "#6"}
			}
		},
		{
			"from": [-14.9, -2.5, 10.91],
			"to": [-13.9, 19.5, 11.91],
			"rotation": {"angle": 0, "axis": "y", "origin": [-6.9, 5.5, 18.6]},
			"faces": {
				"north": {"uv": [0, 0, 1, 6], "texture": "#6"},
				"east": {"uv": [0, 0, 1, 16], "texture": "#6"},
				"south": {"uv": [0, 0, 1, 16], "texture": "#6"},
				"west": {"uv": [0, 0, 1, 16], "texture": "#6"},
				"up": {"uv": [0, 0, 1, 1], "texture": "#6"},
				"down": {"uv": [0, 0, 1, 1], "texture": "#6"}
			}
		},
		{
			"from": [27.5, -2.5, 9.71],
			"to": [28.5, 19.5, 10.71],
			"rotation": {"angle": 0, "axis": "y", "origin": [35.5, 5.5, 17.6]},
			"faces": {
				"north": {"uv": [0, 0, 1, 6], "texture": "#6"},
				"east": {"uv": [0, 0, 1, 16], "texture": "#6"},
				"south": {"uv": [0, 0, 1, 16], "texture": "#6"},
				"west": {"uv": [0, 0, 1, 16], "texture": "#6"},
				"up": {"uv": [0, 0, 1, 1], "texture": "#6"},
				"down": {"uv": [0, 0, 1, 1], "texture": "#6"}
			}
		},
		{
			"from": [27.5, -2.5, 10.91],
			"to": [28.5, 19.5, 11.91],
			"rotation": {"angle": 0, "axis": "y", "origin": [35.5, 5.5, 18.6]},
			"faces": {
				"north": {"uv": [0, 0, 1, 6], "texture": "#6"},
				"east": {"uv": [0, 0, 1, 16], "texture": "#6"},
				"south": {"uv": [0, 0, 1, 16], "texture": "#6"},
				"west": {"uv": [0, 0, 1, 16], "texture": "#6"},
				"up": {"uv": [0, 0, 1, 1], "texture": "#6"},
				"down": {"uv": [0, 0, 1, 1], "texture": "#6"}
			}
		},
		{
			"from": [-14, -3, 10.2],
			"to": [28, 20, 10.2],
			"faces": {
				"north": {"uv": [0, 0, 16, 16], "texture": "#3"},
				"east": {"uv": [0, 0, 0, 16], "texture": "#missing"},
				"south": {"uv": [0, 0, 16, 16], "texture": "#missing"},
				"west": {"uv": [0, 0, 0, 16], "texture": "#missing"},
				"up": {"uv": [0, 0, 16, 0], "texture": "#missing"},
				"down": {"uv": [0, 0, 16, 0], "texture": "#missing"}
			}
		},
		{
			"from": [-14, -3, 11.4],
			"to": [28, 20, 11.4],
			"faces": {
				"north": {"uv": [0, 0, 16, 16], "texture": "#missing"},
				"east": {"uv": [0, 0, 0, 16], "texture": "#missing"},
				"south": {"uv": [0, 0, 16, 16], "texture": "#3"},
				"west": {"uv": [0, 0, 0, 16], "texture": "#missing"},
				"up": {"uv": [0, 0, 16, 0], "texture": "#missing"},
				"down": {"uv": [0, 0, 16, 0], "texture": "#missing"}
			}
		}
	],
	"display": {
		"gui": {
			"rotation": [27, 27, 0],
			"translation": [0, 0.25, 0],
			"scale": [0.3, 0.3, 0.3]
		},
		"head": {
			"translation": [3.5, -2.25, 12],
			"scale": [3, 3, 3]
		}
	}
}