{"display":{"firstperson_lefthand":{"rotation":[0,225,0],"scale":[0.4,0.4,0.4]},"firstperson_righthand":{"rotation":[0,45,0],"scale":[0.4,0.4,0.4]},"fixed":{"rotation":[-90,0,0],"scale":[4,4,4],"translation":[0,0,-21.5]},"ground":{"translation":[0,6.5,0]},"gui":{"rotation":[30,225,0],"scale":[0.625,0.625,0.625]},"head":{"scale":[3,3,3],"translation":[0,-26.5,0]},"thirdperson_lefthand":{"rotation":[75,45,0],"scale":[0.375,0.375,0.375],"translation":[0,2.5,0]},"thirdperson_righthand":{"rotation":[75,45,0],"scale":[0.375,0.375,0.375],"translation":[0,2.5,0]}},"elements":[{"faces":{"east":{"texture":"#0","uv":[4,5.33333,6,6.83333]},"west":{"texture":"#0","uv":[6,2,8,3.5]}},"from":[19.2375,2.69058,5.08896],"rotation":{"angle":0,"axis":"y","origin":[8,8,8]},"to":[19.5875,7.14058,10.98896]},{"faces":{"down":{"rotation":270,"texture":"#0","uv":[11.5,2.66667,11.33333,2.83333]},"east":{"texture":"#0","uv":[5.33333,7,5.5,10.5]},"north":{"texture":"#0","uv":[3.33333,7.66667,3.5,11.16667]},"south":{"texture":"#0","uv":[5.66667,7,5.83333,10.5]},"west":{"texture":"#0","uv":[3,7.66667,3.16667,11.16667]}},"from":[19.0875,2.39058,10.98896],"rotation":{"angle":0,"axis":"y","origin":[8,8,8]},"to":[19.7375,13.09058,11.53896]},{"faces":{"down":{"rotation":270,"texture":"#0","uv":[10,3.33333,8,3.5]},"east":{"texture":"#0","uv":[8,2.33333,10,2.5]},"up":{"rotation":90,"texture":"#0","uv":[10,3.16667,8,3]},"west":{"texture":"#0","uv":[8,2.66667,10,2.83333]}},"from":[19.0875,2.39058,5.08896],"rotation":{"angle":0,"axis":"y","origin":[8,8,8]},"to":[19.7375,2.69058,10.98896]},{"faces":{"down":{"rotation":270,"texture":"#0","uv":[11.5,3.33333,11.33333,3.5]},"east":{"texture":"#0","uv":[2,8.66667,2.16667,10.33333]},"north":{"texture":"#0","uv":[7,9,7.16667,10.66667]},"south":{"texture":"#0","uv":[2.33333,8.66667,2.5,10.33333]},"west":{"texture":"#0","uv":[2.66667,8.66667,2.83333,10.33333]}},"from":[19.0875,2.39058,4.53896],"rotation":{"angle":0,"axis":"y","origin":[8,8,8]},"to":[19.7375,7.19058,5.08896]},{"faces":{"down":{"rotation":270,"texture":"#0","uv":[1.83333,8.66667,0,8.83333]},"east":{"texture":"#0","uv":[1,7.66667,2.83333,8]},"up":{"rotation":90,"texture":"#0","uv":[8.83333,8.5,7,8.33333]},"west":{"texture":"#0","uv":[7,7.66667,8.83333,8]}},"from":[19.0875,7.14058,5.28896],"rotation":{"angle":0,"axis":"y","origin":[8,8,8]},"to":[19.7375,7.89058,10.98896]},{"faces":{"down":{"rotation":270,"texture":"#0","uv":[11.16667,8.33333,10.66667,8.5]},"east":{"texture":"#0","uv":[10.66667,7.66667,11.16667,7.83333]},"north":{"texture":"#0","uv":[5.33333,11.33333,5.5,11.5]},"south":{"texture":"#0","uv":[3.66667,11.33333,3.83333,11.5]},"up":{"rotation":90,"texture":"#0","uv":[11.16667,8.16667,10.66667,8]},"west":{"texture":"#0","uv":[8,10.66667,8.5,10.83333]}},"from":[19.0875,10.27471,9.09369],"rotation":{"angle":-22.5,"axis":"x","origin":[8,8,8]},"to":[19.7375,10.57471,10.59369]},{"faces":{"down":{"rotation":270,"texture":"#0","uv":[10.5,8.33333,9.33333,8.5]},"east":{"texture":"#0","uv":[0.66667,9.33333,1.83333,9.5]},"north":{"texture":"#0","uv":[11.33333,5.66667,11.5,5.83333]},"south":{"texture":"#0","uv":[5.66667,11.33333,5.83333,11.5]},"up":{"rotation":90,"texture":"#0","uv":[10.5,8.16667,9.33333,8]},"west":{"texture":"#0","uv":[9.33333,7.66667,10.5,7.83333]}},"from":[19.0875,10.50953,4.7559],"rotation":{"angle":0,"axis":"y","origin":[8,8,8]},"to":[19.7375,10.81138,8.12938]},{"faces":{"down":{"rotation":270,"texture":"#0","uv":[11.5,6.33333,11.33333,6.5]},"east":{"texture":"#0","uv":[1,10,1.16667,10.83333]},"north":{"texture":"#0","uv":[10,2,10.16667,2.83333]},"south":{"texture":"#0","uv":[1.33333,10,1.5,10.83333]},"west":{"texture":"#0","uv":[1.66667,10,1.83333,10.83333]}},"from":[19.0875,11.27813,6.58769],"rotation":{"angle":45,"axis":"x","origin":[8,8,8]},"to":[19.7375,13.87813,6.88769]},{"faces":{"down":{"rotation":270,"texture":"#0","uv":[0.66667,11.33333,0.33333,11.5]},"east":{"texture":"#0","uv":[10.33333,6.66667,10.66667,7]},"north":{"texture":"#0","uv":[11,11,11.16667,11.33333]},"south":{"texture":"#0","uv":[11,10.66667,11.16667,11]},"up":{"rotation":90,"texture":"#0","uv":[0.33333,11.5,0,11.33333]},"west":{"texture":"#0","uv":[10.33333,7,10.66667,7.33333]}},"from":[19.0725,11.14739,12.61916],"rotation":{"angle":-22.5,"axis":"x","origin":[8,8,8]},"to":[19.7525,12.34739,13.81916]},{"faces":{"down":{"rotation":270,"texture":"#0","uv":[7.16667,11.33333,7,11.5]},"east":{"texture":"#0","uv":[8.66667,10.66667,8.83333,11.16667]},"north":{"texture":"#0","uv":[9.33333,10.66667,9.5,11.16667]},"south":{"texture":"#0","uv":[10.66667,8.66667,10.83333,9.16667]},"up":{"rotation":90,"texture":"#0","uv":[11.5,6.83333,11.33333,6.66667]},"west":{"texture":"#0","uv":[9,10.66667,9.16667,11.16667]}},"from":[19.0625,4.98033,6.12502],"rotation":{"angle":45,"axis":"x","origin":[8,8,8]},"to":[19.7625,6.58033,6.72502]},{"faces":{"down":{"rotation":270,"texture":"#0","uv":[11.5,10.66667,11.33333,10.83333]},"east":{"texture":"#0","uv":[7.33333,9,7.5,10.66667]},"north":{"texture":"#0","uv":[8,9,8.16667,10.66667]},"south":{"texture":"#0","uv":[7.66667,9,7.83333,10.66667]},"west":{"texture":"#0","uv":[9,7.66667,9.16667,9.33333]}},"from":[-3.7375,2.39058,4.53896],"rotation":{"angle":0,"axis":"y","origin":[8,8,8]},"to":[-3.0875,7.19058,5.08896]},{"faces":{"down":{"rotation":270,"texture":"#0","uv":[11.5,10.33333,11.33333,10.5]},"east":{"texture":"#0","uv":[11,8.66667,11.16667,9.16667]},"north":{"texture":"#0","uv":[10.33333,11,10.5,11.5]},"south":{"texture":"#0","uv":[11,9.33333,11.16667,9.83333]},"up":{"rotation":90,"texture":"#0","uv":[11.5,10.16667,11.33333,10]},"west":{"texture":"#0","uv":[11,10,11.16667,10.5]}},"from":[-3.7625,4.98033,6.12502],"rotation":{"angle":45,"axis":"x","origin":[8,8,8]},"to":[-3.0625,6.58033,6.72502]},{"faces":{"east":{"texture":"#0","uv":[10.33333,9.33333,10.5,10]},"north":{"texture":"#0","uv":[5.66667,10.66667,5.83333,11.33333]},"south":{"texture":"#0","uv":[10.33333,10,10.5,10.66667]},"west":{"texture":"#0","uv":[5.33333,10.66667,5.5,11.33333]}},"from":[19.0875,8.10981,5.58246],"rotation":{"angle":0,"axis":"y","origin":[8,8,8]},"to":[19.7375,9.90981,5.88246]},{"faces":{"east":{"texture":"#0","uv":[7,10.66667,7.16667,11.33333]},"north":{"texture":"#0","uv":[7.66667,10.66667,7.83333,11.33333]},"south":{"texture":"#0","uv":[10.66667,7,10.83333,7.66667]},"west":{"texture":"#0","uv":[7.33333,10.66667,7.5,11.33333]}},"from":[-3.7375,8.10981,5.58246],"rotation":{"angle":0,"axis":"y","origin":[8,8,8]},"to":[-3.0875,9.90981,5.88246]},{"faces":{"east":{"texture":"#0","uv":[10.66667,9.33333,10.83333,9.83333]},"north":{"texture":"#0","uv":[10.66667,10,10.83333,10.5]},"south":{"texture":"#0","uv":[9.66667,10.66667,9.83333,11.16667]},"west":{"texture":"#0","uv":[10,10.66667,10.16667,11.16667]}},"from":[19.0875,10.84777,7.55312],"rotation":{"angle":-45,"axis":"x","origin":[8,8,8]},"to":[19.7375,12.12277,7.85312]},{"faces":{"down":{"rotation":270,"texture":"#0","uv":[10.83333,3.33333,10,3.5]},"east":{"texture":"#0","uv":[4.33333,7,5.16667,8]},"north":{"texture":"#0","uv":[9.33333,9.66667,9.5,10.66667]},"south":{"texture":"#0","uv":[9,9.66667,9.16667,10.66667]},"up":{"rotation":90,"texture":"#0","uv":[10.83333,3.16667,10,3]},"west":{"texture":"#0","uv":[7,5.66667,7.83333,6.66667]}},"from":[19.2375,4.96651,3.4174],"rotation":{"angle":45,"axis":"x","origin":[8,8,8]},"to":[19.5875,7.91651,6.1174]},{"faces":{"east":{"texture":"#0","uv":[4,5.33333,6,6.83333]},"west":{"texture":"#0","uv":[6,2,8,3.5]}},"from":[-3.5875,2.69058,5.08896],"rotation":{"angle":0,"axis":"y","origin":[8,8,8]},"to":[-3.2375,7.14058,10.98896]},{"faces":{"down":{"rotation":270,"texture":"#0","uv":[11.5,8,11.33333,8.16667]},"east":{"texture":"#0","uv":[3.66667,7.66667,3.83333,11.16667]},"north":{"texture":"#0","uv":[5,8,5.16667,11.5]},"south":{"texture":"#0","uv":[4.33333,8,4.5,11.5]},"west":{"texture":"#0","uv":[4.66667,8,4.83333,11.5]}},"from":[-3.7375,2.39058,10.98896],"rotation":{"angle":0,"axis":"y","origin":[8,8,8]},"to":[-3.0875,13.09058,11.53896]},{"faces":{"down":{"rotation":270,"texture":"#0","uv":[3,8.33333,1,8.5]},"east":{"texture":"#0","uv":[7,8,9,8.16667]},"up":{"rotation":90,"texture":"#0","uv":[10,7.5,8,7.33333]},"west":{"texture":"#0","uv":[8,7,10,7.16667]}},"from":[-3.7375,2.39058,5.08896],"rotation":{"angle":0,"axis":"y","origin":[8,8,8]},"to":[-3.0875,2.69058,10.98896]},{"faces":{"down":{"rotation":270,"texture":"#0","uv":[1.83333,9,0,9.16667]},"east":{"texture":"#0","uv":[1,8,2.83333,8.33333]},"up":{"rotation":90,"texture":"#0","uv":[8.83333,8.83333,7,8.66667]},"west":{"texture":"#0","uv":[8,2,9.83333,2.33333]}},"from":[-3.7375,7.14058,5.28896],"rotation":{"angle":0,"axis":"y","origin":[8,8,8]},"to":[-3.0875,7.89058,10.98896]},{"faces":{"down":{"texture":"#0","uv":[15.5,15.5,15.83333,15.83333]},"east":{"texture":"#0","uv":[15.5,15.5,15.83333,15.83333]},"north":{"texture":"#0","uv":[15.5,15.5,15.83333,15.83333]},"south":{"texture":"#0","uv":[15.5,15.5,15.83333,15.83333]},"up":{"texture":"#0","uv":[15.5,15.5,15.83333,15.83333]},"west":{"texture":"#0","uv":[15.5,15.5,15.83333,15.83333]}},"from":[-3.1375,7.44058,5.28896],"rotation":{"angle":0,"axis":"y","origin":[8,8,8]},"to":[19.5125,7.79058,7.78896]},{"faces":{"down":{"rotation":270,"texture":"#0","uv":[6.5,4.33333,6.33333,12.33333]},"east":{"texture":"#0","uv":[2.33333,11.33333,2.5,11.5]},"north":{"texture":"#0","uv":[6,4,14,4.16667]},"south":{"texture":"#0","uv":[6,3.66667,14,3.83333]},"up":{"rotation":90,"texture":"#0","uv":[6.16667,12.33333,6,4.33333]},"west":{"texture":"#0","uv":[11.33333,2.33333,11.5,2.5]}},"from":[-4.0045,4.9145,7.785],"rotation":{"angle":0,"axis":"y","origin":[8,8,8]},"to":[20.0045,5.4145,8.285]},{"faces":{"down":{"texture":"#0","uv":[15.5,15.5,15.83333,15.83333]},"east":{"texture":"#0","uv":[15.5,15.5,15.83333,15.83333]},"north":{"texture":"#0","uv":[15.5,15.5,15.83333,15.83333]},"south":{"texture":"#0","uv":[15.5,15.5,15.83333,15.83333]},"up":{"texture":"#0","uv":[15.5,15.5,15.83333,15.83333]},"west":{"texture":"#0","uv":[15.5,15.5,15.83333,15.83333]}},"from":[-3.1375,7.44058,8.28896],"rotation":{"angle":0,"axis":"y","origin":[8,8,8]},"to":[19.5125,7.79058,10.78896]},{"faces":{"down":{"texture":"#0","uv":[15.5,15.5,15.83333,15.83333]},"east":{"texture":"#0","uv":[15.5,15.5,15.83333,15.83333]},"north":{"texture":"#0","uv":[15.5,15.5,15.83333,15.83333]},"south":{"texture":"#0","uv":[15.5,15.5,15.83333,15.83333]},"up":{"texture":"#0","uv":[15.5,15.5,15.83333,15.83333]},"west":{"texture":"#0","uv":[15.5,15.5,15.83333,15.83333]}},"from":[-3.1375,10.36558,11.06396],"rotation":{"angle":0,"axis":"y","origin":[8,8,8]},"to":[19.5125,12.86558,11.41396]},{"faces":{"down":{"rotation":270,"texture":"#0","uv":[1.83333,11,1.33333,11.16667]},"east":{"texture":"#0","uv":[10.33333,10.66667,10.83333,10.83333]},"north":{"texture":"#0","uv":[9,11.33333,9.16667,11.5]},"south":{"texture":"#0","uv":[11.33333,8.66667,11.5,8.83333]},"up":{"rotation":90,"texture":"#0","uv":[1.16667,11.16667,0.66667,11]},"west":{"texture":"#0","uv":[0,11,0.5,11.16667]}},"from":[-3.7375,10.27471,9.09369],"rotation":{"angle":-22.5,"axis":"x","origin":[8,8,8]},"to":[-3.0875,10.57471,10.59369]},{"faces":{"down":{"rotation":270,"texture":"#0","uv":[1.83333,9.66667,0.66667,9.83333]},"east":{"texture":"#0","uv":[9.33333,8.66667,10.5,8.83333]},"north":{"texture":"#0","uv":[9.33333,11.33333,9.5,11.5]},"south":{"texture":"#0","uv":[11.33333,9,11.5,9.16667]},"up":{"rotation":90,"texture":"#0","uv":[10.5,9.16667,9.33333,9]},"west":{"texture":"#0","uv":[9,9.33333,10.16667,9.5]}},"from":[-3.7375,10.50953,4.7559],"rotation":{"angle":0,"axis":"y","origin":[8,8,8]},"to":[-3.0875,10.81138,8.12938]},{"faces":{"down":{"rotation":270,"texture":"#0","uv":[9.83333,11.33333,9.66667,11.5]},"east":{"texture":"#0","uv":[10,5.66667,10.16667,6.5]},"north":{"texture":"#0","uv":[2,10.33333,2.16667,11.16667]},"south":{"texture":"#0","uv":[10,6.66667,10.16667,7.5]},"west":{"texture":"#0","uv":[10,9.66667,10.16667,10.5]}},"from":[-3.7375,11.27813,6.58769],"rotation":{"angle":45,"axis":"x","origin":[8,8,8]},"to":[-3.0875,13.87813,6.88769]},{"faces":{"down":{"rotation":270,"texture":"#0","uv":[11.66667,2,11.33333,2.16667]},"east":{"texture":"#0","uv":[10.33333,7.33333,10.66667,7.66667]},"north":{"texture":"#0","uv":[1.66667,11.33333,1.83333,11.66667]},"south":{"texture":"#0","uv":[1.33333,11.33333,1.5,11.66667]},"up":{"rotation":90,"texture":"#0","uv":[2.33333,11.5,2,11.33333]},"west":{"texture":"#0","uv":[10.66667,6.66667,11,7]}},"from":[-3.7525,11.14739,12.61916],"rotation":{"angle":-22.5,"axis":"x","origin":[8,8,8]},"to":[-3.0725,12.34739,13.81916]},{"faces":{"east":{"texture":"#0","uv":[11,3,11.16667,3.5]},"north":{"texture":"#0","uv":[8.33333,11,8.5,11.5]},"south":{"texture":"#0","uv":[11,6.66667,11.16667,7.16667]},"west":{"texture":"#0","uv":[8,11,8.16667,11.5]}},"from":[-3.7375,10.84777,7.55312],"rotation":{"angle":-45,"axis":"x","origin":[8,8,8]},"to":[-3.0875,12.12277,7.85312]},{"faces":{"down":{"rotation":270,"texture":"#0","uv":[11.16667,2.33333,10.33333,2.5]},"east":{"texture":"#0","uv":[7,6.66667,7.83333,7.66667]},"north":{"texture":"#0","uv":[0.66667,10,0.83333,11]},"south":{"texture":"#0","uv":[9.66667,9.66667,9.83333,10.66667]},"up":{"rotation":90,"texture":"#0","uv":[11.16667,2.16667,10.33333,2]},"west":{"texture":"#0","uv":[0,7.66667,0.83333,8.66667]}},"from":[-3.5875,4.96651,3.4174],"rotation":{"angle":45,"axis":"x","origin":[8,8,8]},"to":[-3.2375,7.91651,6.1174]}],"groups":[{"children":[0,1,2,3,4,5,6,7,8,9,10,11,12,13,14,15],"color":0,"name":"group","origin":[1.38049,13.37187,-14.65]},{"children":[16,17,18,19,20,21,22,23,24,25,26,27,28,29],"color":0,"name":"group","origin":[-0.62208,10.43115,7.825]}],"texture_size":[48,48],"textures":{"0":"block/park/bankjes/dekrul","particle":"block/park/bankjes/dekrul"}}