{"display":{"head":{"scale":[4,4,4],"translation":[16,0,-13.25]}},"elements":[{"faces":{"east":{"texture":"#0","uv":[0,0,3,16]},"west":{"texture":"#0","uv":[0,0,3,16]}},"from":[17.05469,24.2155,14.46469],"rotation":{"angle":0,"axis":"y","origin":[17.05469,24.2155,11.46469]},"to":[17.11469,30.6155,15.30469]},{"faces":{"east":{"texture":"#0","uv":[0,0,3,16]},"west":{"texture":"#0","uv":[0,0,3,16]}},"from":[17.05469,17.8155,14.46469],"rotation":{"angle":0,"axis":"y","origin":[17.05469,17.8155,11.46469]},"to":[17.11469,24.2155,15.30469]},{"faces":{"east":{"texture":"#0","uv":[0,0,3,16]},"west":{"texture":"#0","uv":[0,0,3,16]}},"from":[17.05469,11.4155,14.46469],"rotation":{"angle":0,"axis":"y","origin":[17.05469,11.4155,11.46469]},"to":[17.11469,17.8155,15.30469]},{"faces":{"east":{"texture":"#0","uv":[0,0,3,16]},"west":{"texture":"#0","uv":[0,0,3,16]}},"from":[17.05469,5.0155,14.46469],"rotation":{"angle":0,"axis":"y","origin":[17.05469,5.0155,11.46469]},"to":[17.11469,11.4155,15.30469]},{"faces":{"east":{"texture":"#0","uv":[0,0,3,16]},"west":{"texture":"#0","uv":[0,0,3,16]}},"from":[17.05469,-1.3845,14.46469],"rotation":{"angle":0,"axis":"y","origin":[17.05469,-1.3845,11.46469]},"to":[17.11469,5.0155,15.30469]},{"faces":{"east":{"texture":"#0","uv":[0,0,3,8]},"west":{"texture":"#0","uv":[0,0,3,8]}},"from":[17.05469,-4.7845,14.46469],"rotation":{"angle":0,"axis":"y","origin":[17.05469,-7.7845,11.46469]},"to":[17.11469,-1.3845,15.30469]},{"faces":{"north":{"texture":"#0","uv":[3,0,6,16]},"south":{"texture":"#0","uv":[3,0,6,16]}},"from":[16.66469,24.2155,14.85469],"rotation":{"angle":0,"axis":"y","origin":[17.08469,27.4155,14.88469]},"to":[17.50469,30.6155,14.91469]},{"faces":{"north":{"texture":"#0","uv":[3,0,6,16]},"south":{"texture":"#0","uv":[3,0,6,16]}},"from":[16.66469,17.8155,14.85469],"rotation":{"angle":0,"axis":"y","origin":[17.08469,21.0155,14.88469]},"to":[17.50469,24.2155,14.91469]},{"faces":{"north":{"texture":"#0","uv":[3,0,6,16]},"south":{"texture":"#0","uv":[3,0,6,16]}},"from":[16.66469,11.4155,14.85469],"rotation":{"angle":0,"axis":"y","origin":[17.08469,14.6155,14.88469]},"to":[17.50469,17.8155,14.91469]},{"faces":{"north":{"texture":"#0","uv":[3,0,6,16]},"south":{"texture":"#0","uv":[3,0,6,16]}},"from":[16.66469,5.0155,14.85469],"rotation":{"angle":0,"axis":"y","origin":[17.08469,8.2155,14.88469]},"to":[17.50469,11.4155,14.91469]},{"faces":{"north":{"texture":"#0","uv":[3,0,6,16]},"south":{"texture":"#0","uv":[3,0,6,16]}},"from":[16.66469,-1.3845,14.85469],"rotation":{"angle":0,"axis":"y","origin":[17.08469,1.8155,14.88469]},"to":[17.50469,5.0155,14.91469]},{"faces":{"north":{"texture":"#0","uv":[3,0,6,8]},"south":{"texture":"#0","uv":[3,0,6,8]}},"from":[16.66469,-4.7845,14.85469],"rotation":{"angle":0,"axis":"y","origin":[17.08469,-4.5845,14.88469]},"to":[17.50469,-1.3845,14.91469]},{"faces":{"down":{"texture":"#1","uv":[9,9,14,14]},"east":{"texture":"#1","uv":[9,9,14,14]},"north":{"texture":"#1","uv":[9,9,14,14]},"south":{"texture":"#1","uv":[9,9,14,14]},"up":{"texture":"#1","uv":[9,9,14,14]},"west":{"texture":"#1","uv":[9,9,14,14]}},"from":[16.66469,-6.0845,14.70469],"rotation":{"angle":45,"axis":"z","origin":[17.08469,-5.4845,14.88469]},"to":[17.50469,-4.8845,15.06469]},{"faces":{"down":{"texture":"#1","uv":[9,9,14,14]},"east":{"texture":"#1","uv":[9,9,14,14]},"north":{"texture":"#1","uv":[9,9,14,14]},"south":{"texture":"#1","uv":[9,9,14,14]},"up":{"texture":"#1","uv":[9,9,14,14]},"west":{"texture":"#1","uv":[9,9,14,14]}},"from":[16.66469,-6.0845,14.71969],"rotation":{"angle":-45,"axis":"z","origin":[17.08469,-5.4845,14.88469]},"to":[17.50469,-4.8845,15.04969]},{"faces":{"down":{"texture":"#1","uv":[9,9,14,14]},"east":{"texture":"#1","uv":[9,9,14,14]},"north":{"texture":"#1","uv":[9,9,14,14]},"south":{"texture":"#1","uv":[9,9,14,14]},"up":{"texture":"#1","uv":[9,9,14,14]},"west":{"texture":"#1","uv":[9,9,14,14]}},"from":[16.66469,-6.0845,14.67469],"rotation":{"angle":0,"axis":"y","origin":[17.08469,-5.4845,14.88469]},"to":[17.50469,-4.8845,15.09469]},{"faces":{"east":{"texture":"#0","uv":[0,0,3,16]},"west":{"texture":"#0","uv":[0,0,3,16]}},"from":[18.05469,26.2155,16.46469],"rotation":{"angle":0,"axis":"y","origin":[18.05469,26.2155,13.46469]},"to":[18.11469,32,17.30469]},{"faces":{"east":{"texture":"#0","uv":[0,0,3,16]},"west":{"texture":"#0","uv":[0,0,3,16]}},"from":[18.05469,19.8155,16.46469],"rotation":{"angle":0,"axis":"y","origin":[18.05469,19.8155,13.46469]},"to":[18.11469,26.2155,17.30469]},{"faces":{"east":{"texture":"#0","uv":[0,0,3,16]},"west":{"texture":"#0","uv":[0,0,3,16]}},"from":[18.05469,13.4155,16.46469],"rotation":{"angle":0,"axis":"y","origin":[18.05469,13.4155,13.46469]},"to":[18.11469,19.8155,17.30469]},{"faces":{"east":{"texture":"#0","uv":[0,0,3,16]},"west":{"texture":"#0","uv":[0,0,3,16]}},"from":[18.05469,7.0155,16.46469],"rotation":{"angle":0,"axis":"y","origin":[18.05469,7.0155,13.46469]},"to":[18.11469,13.4155,17.30469]},{"faces":{"east":{"texture":"#0","uv":[0,0,3,16]},"west":{"texture":"#0","uv":[0,0,3,16]}},"from":[18.05469,0.6155,16.46469],"rotation":{"angle":0,"axis":"y","origin":[18.05469,0.6155,13.46469]},"to":[18.11469,7.0155,17.30469]},{"faces":{"east":{"texture":"#0","uv":[0,0,3,8]},"west":{"texture":"#0","uv":[0,0,3,8]}},"from":[18.05469,-2.7845,16.46469],"rotation":{"angle":0,"axis":"y","origin":[18.05469,-5.7845,13.46469]},"to":[18.11469,0.6155,17.30469]},{"faces":{"north":{"texture":"#0","uv":[3,0,6,16]},"south":{"texture":"#0","uv":[3,0,6,16]}},"from":[17.66469,26.2155,16.85469],"rotation":{"angle":0,"axis":"y","origin":[18.08469,29.4155,16.88469]},"to":[18.50469,32,16.91469]},{"faces":{"north":{"texture":"#0","uv":[3,0,6,16]},"south":{"texture":"#0","uv":[3,0,6,16]}},"from":[17.66469,19.8155,16.85469],"rotation":{"angle":0,"axis":"y","origin":[18.08469,23.0155,16.88469]},"to":[18.50469,26.2155,16.91469]},{"faces":{"north":{"texture":"#0","uv":[3,0,6,16]},"south":{"texture":"#0","uv":[3,0,6,16]}},"from":[17.66469,13.4155,16.85469],"rotation":{"angle":0,"axis":"y","origin":[18.08469,16.6155,16.88469]},"to":[18.50469,19.8155,16.91469]},{"faces":{"north":{"texture":"#0","uv":[3,0,6,16]},"south":{"texture":"#0","uv":[3,0,6,16]}},"from":[17.66469,7.0155,16.85469],"rotation":{"angle":0,"axis":"y","origin":[18.08469,10.2155,16.88469]},"to":[18.50469,13.4155,16.91469]},{"faces":{"north":{"texture":"#0","uv":[3,0,6,16]},"south":{"texture":"#0","uv":[3,0,6,16]}},"from":[17.66469,0.6155,16.85469],"rotation":{"angle":0,"axis":"y","origin":[18.08469,3.8155,16.88469]},"to":[18.50469,7.0155,16.91469]},{"faces":{"north":{"texture":"#0","uv":[3,0,6,8]},"south":{"texture":"#0","uv":[3,0,6,8]}},"from":[17.66469,-2.7845,16.85469],"rotation":{"angle":0,"axis":"y","origin":[18.08469,-2.5845,16.88469]},"to":[18.50469,0.6155,16.91469]},{"faces":{"down":{"texture":"#1","uv":[9,9,14,14]},"east":{"texture":"#1","uv":[9,9,14,14]},"north":{"texture":"#1","uv":[9,9,14,14]},"south":{"texture":"#1","uv":[9,9,14,14]},"up":{"texture":"#1","uv":[9,9,14,14]},"west":{"texture":"#1","uv":[9,9,14,14]}},"from":[17.66469,-4.0845,16.70469],"rotation":{"angle":45,"axis":"z","origin":[18.08469,-3.4845,16.88469]},"to":[18.50469,-2.8845,17.06469]},{"faces":{"down":{"texture":"#1","uv":[9,9,14,14]},"east":{"texture":"#1","uv":[9,9,14,14]},"north":{"texture":"#1","uv":[9,9,14,14]},"south":{"texture":"#1","uv":[9,9,14,14]},"up":{"texture":"#1","uv":[9,9,14,14]},"west":{"texture":"#1","uv":[9,9,14,14]}},"from":[17.66469,-4.0845,16.71969],"rotation":{"angle":-45,"axis":"z","origin":[18.08469,-3.4845,16.88469]},"to":[18.50469,-2.8845,17.04969]},{"faces":{"down":{"texture":"#1","uv":[9,9,14,14]},"east":{"texture":"#1","uv":[9,9,14,14]},"north":{"texture":"#1","uv":[9,9,14,14]},"south":{"texture":"#1","uv":[9,9,14,14]},"up":{"texture":"#1","uv":[9,9,14,14]},"west":{"texture":"#1","uv":[9,9,14,14]}},"from":[17.66469,-4.0845,16.67469],"rotation":{"angle":0,"axis":"y","origin":[18.08469,-3.4845,16.88469]},"to":[18.50469,-2.8845,17.09469]},{"faces":{"east":{"texture":"#0","uv":[0,0,3,16]},"west":{"texture":"#0","uv":[0,0,3,16]}},"from":[19.45469,23.2155,15.56469],"rotation":{"angle":0,"axis":"y","origin":[19.45469,23.2155,12.56469]},"to":[19.51469,29.6155,16.40469]},{"faces":{"east":{"texture":"#0","uv":[0,0,3,16]},"west":{"texture":"#0","uv":[0,0,3,16]}},"from":[19.45469,16.8155,15.56469],"rotation":{"angle":0,"axis":"y","origin":[19.45469,16.8155,12.56469]},"to":[19.51469,23.2155,16.40469]},{"faces":{"east":{"texture":"#0","uv":[0,0,3,16]},"west":{"texture":"#0","uv":[0,0,3,16]}},"from":[19.45469,10.4155,15.56469],"rotation":{"angle":0,"axis":"y","origin":[19.45469,10.4155,12.56469]},"to":[19.51469,16.8155,16.40469]},{"faces":{"east":{"texture":"#0","uv":[0,0,3,16]},"west":{"texture":"#0","uv":[0,0,3,16]}},"from":[19.45469,4.0155,15.56469],"rotation":{"angle":0,"axis":"y","origin":[19.45469,4.0155,12.56469]},"to":[19.51469,10.4155,16.40469]},{"faces":{"east":{"texture":"#0","uv":[0,0,3,16]},"west":{"texture":"#0","uv":[0,0,3,16]}},"from":[19.45469,-2.3845,15.56469],"rotation":{"angle":0,"axis":"y","origin":[19.45469,-2.3845,12.56469]},"to":[19.51469,4.0155,16.40469]},{"faces":{"east":{"texture":"#0","uv":[0,0,3,8]},"west":{"texture":"#0","uv":[0,0,3,8]}},"from":[19.45469,-5.7845,15.56469],"rotation":{"angle":0,"axis":"y","origin":[19.45469,-8.7845,12.56469]},"to":[19.51469,-2.3845,16.40469]},{"faces":{"north":{"texture":"#0","uv":[3,0,6,16]},"south":{"texture":"#0","uv":[3,0,6,16]}},"from":[19.06469,23.2155,15.95469],"rotation":{"angle":0,"axis":"y","origin":[19.48469,26.4155,15.98469]},"to":[19.90469,29.6155,16.01469]},{"faces":{"north":{"texture":"#0","uv":[3,0,6,16]},"south":{"texture":"#0","uv":[3,0,6,16]}},"from":[19.06469,16.8155,15.95469],"rotation":{"angle":0,"axis":"y","origin":[19.48469,20.0155,15.98469]},"to":[19.90469,23.2155,16.01469]},{"faces":{"north":{"texture":"#0","uv":[3,0,6,16]},"south":{"texture":"#0","uv":[3,0,6,16]}},"from":[19.06469,10.4155,15.95469],"rotation":{"angle":0,"axis":"y","origin":[19.48469,13.6155,15.98469]},"to":[19.90469,16.8155,16.01469]},{"faces":{"north":{"texture":"#0","uv":[3,0,6,16]},"south":{"texture":"#0","uv":[3,0,6,16]}},"from":[19.06469,4.0155,15.95469],"rotation":{"angle":0,"axis":"y","origin":[19.48469,7.2155,15.98469]},"to":[19.90469,10.4155,16.01469]},{"faces":{"north":{"texture":"#0","uv":[3,0,6,16]},"south":{"texture":"#0","uv":[3,0,6,16]}},"from":[19.06469,-2.3845,15.95469],"rotation":{"angle":0,"axis":"y","origin":[19.48469,0.8155,15.98469]},"to":[19.90469,4.0155,16.01469]},{"faces":{"north":{"texture":"#0","uv":[3,0,6,8]},"south":{"texture":"#0","uv":[3,0,6,8]}},"from":[19.06469,-5.7845,15.95469],"rotation":{"angle":0,"axis":"y","origin":[19.48469,-5.5845,15.98469]},"to":[19.90469,-2.3845,16.01469]},{"faces":{"down":{"texture":"#1","uv":[9,9,14,14]},"east":{"texture":"#1","uv":[9,9,14,14]},"north":{"texture":"#1","uv":[9,9,14,14]},"south":{"texture":"#1","uv":[9,9,14,14]},"up":{"texture":"#1","uv":[9,9,14,14]},"west":{"texture":"#1","uv":[9,9,14,14]}},"from":[19.06469,-7.0845,15.80469],"rotation":{"angle":45,"axis":"z","origin":[19.48469,-6.4845,15.98469]},"to":[19.90469,-5.8845,16.16469]},{"faces":{"down":{"texture":"#1","uv":[9,9,14,14]},"east":{"texture":"#1","uv":[9,9,14,14]},"north":{"texture":"#1","uv":[9,9,14,14]},"south":{"texture":"#1","uv":[9,9,14,14]},"up":{"texture":"#1","uv":[9,9,14,14]},"west":{"texture":"#1","uv":[9,9,14,14]}},"from":[19.06469,-7.0845,15.81969],"rotation":{"angle":-45,"axis":"z","origin":[19.48469,-6.4845,15.98469]},"to":[19.90469,-5.8845,16.14969]},{"faces":{"down":{"texture":"#1","uv":[9,9,14,14]},"east":{"texture":"#1","uv":[9,9,14,14]},"north":{"texture":"#1","uv":[9,9,14,14]},"south":{"texture":"#1","uv":[9,9,14,14]},"up":{"texture":"#1","uv":[9,9,14,14]},"west":{"texture":"#1","uv":[9,9,14,14]}},"from":[19.06469,-7.0845,15.77469],"rotation":{"angle":0,"axis":"y","origin":[19.48469,-6.4845,15.98469]},"to":[19.90469,-5.8845,16.19469]},{"faces":{"north":{"texture":"#0","uv":[3,0,0,16]},"south":{"texture":"#0","uv":[3,0,0,16]}},"from":[11.10469,23.3155,9.63469],"rotation":{"angle":0,"axis":"y","origin":[12.01669,7.7355,11.00869]},"to":[11.94469,29.7155,9.69469]},{"faces":{"north":{"texture":"#0","uv":[3,0,0,16]},"south":{"texture":"#0","uv":[3,0,0,16]}},"from":[11.10469,16.9155,9.63469],"rotation":{"angle":0,"axis":"y","origin":[12.01669,7.7355,11.00869]},"to":[11.94469,23.3155,9.69469]},{"faces":{"north":{"texture":"#0","uv":[3,0,0,16]},"south":{"texture":"#0","uv":[3,0,0,16]}},"from":[11.10469,10.5155,9.63469],"rotation":{"angle":0,"axis":"y","origin":[12.01669,7.7355,11.00869]},"to":[11.94469,16.9155,9.69469]},{"faces":{"north":{"texture":"#0","uv":[3,0,0,16]},"south":{"texture":"#0","uv":[3,0,0,16]}},"from":[11.10469,4.1155,9.63469],"rotation":{"angle":0,"axis":"y","origin":[12.01669,7.7355,11.00869]},"to":[11.94469,10.5155,9.69469]},{"faces":{"north":{"texture":"#0","uv":[3,0,0,16]},"south":{"texture":"#0","uv":[3,0,0,16]}},"from":[11.10469,-2.2845,9.63469],"rotation":{"angle":0,"axis":"y","origin":[12.01669,7.7355,11.00869]},"to":[11.94469,4.1155,9.69469]},{"faces":{"north":{"texture":"#0","uv":[3,0,0,8]},"south":{"texture":"#0","uv":[3,0,0,8]}},"from":[11.10469,-5.6845,9.63469],"rotation":{"angle":0,"axis":"y","origin":[12.01669,7.7355,11.00869]},"to":[11.94469,-2.2845,9.69469]},{"faces":{"east":{"texture":"#0","uv":[6,0,3,16]},"west":{"texture":"#0","uv":[6,0,3,16]}},"from":[11.49469,23.3155,9.24469],"rotation":{"angle":0,"axis":"y","origin":[12.01669,7.7355,11.00869]},"to":[11.55469,29.7155,10.08469]},{"faces":{"east":{"texture":"#0","uv":[6,0,3,16]},"west":{"texture":"#0","uv":[6,0,3,16]}},"from":[11.49469,16.9155,9.24469],"rotation":{"angle":0,"axis":"y","origin":[12.01669,7.7355,11.00869]},"to":[11.55469,23.3155,10.08469]},{"faces":{"east":{"texture":"#0","uv":[6,0,3,16]},"west":{"texture":"#0","uv":[6,0,3,16]}},"from":[11.49469,10.5155,9.24469],"rotation":{"angle":0,"axis":"y","origin":[12.01669,7.7355,11.00869]},"to":[11.55469,16.9155,10.08469]},{"faces":{"east":{"texture":"#0","uv":[6,0,3,16]},"west":{"texture":"#0","uv":[6,0,3,16]}},"from":[11.49469,4.1155,9.24469],"rotation":{"angle":0,"axis":"y","origin":[12.01669,7.7355,11.00869]},"to":[11.55469,10.5155,10.08469]},{"faces":{"east":{"texture":"#0","uv":[6,0,3,16]},"west":{"texture":"#0","uv":[6,0,3,16]}},"from":[11.49469,-2.2845,9.24469],"rotation":{"angle":0,"axis":"y","origin":[12.01669,7.7355,11.00869]},"to":[11.55469,4.1155,10.08469]},{"faces":{"east":{"texture":"#0","uv":[6,0,3,8]},"west":{"texture":"#0","uv":[6,0,3,8]}},"from":[11.49469,-5.6845,9.24469],"rotation":{"angle":0,"axis":"y","origin":[12.01669,7.7355,11.00869]},"to":[11.55469,-2.2845,10.08469]},{"faces":{"down":{"rotation":270,"texture":"#1","uv":[9,14,14,9]},"east":{"texture":"#1","uv":[14,9,9,14]},"north":{"texture":"#1","uv":[14,9,9,14]},"south":{"texture":"#1","uv":[14,9,9,14]},"up":{"rotation":90,"texture":"#1","uv":[9,14,14,9]},"west":{"texture":"#1","uv":[14,9,9,14]}},"from":[11.34469,-3.55276,3.64773],"rotation":{"angle":-45,"axis":"x","origin":[12.01669,2.0875,11.00869]},"to":[11.70469,-2.35276,4.48773]},{"faces":{"down":{"rotation":270,"texture":"#1","uv":[9,14,14,9]},"east":{"texture":"#1","uv":[14,9,9,14]},"north":{"texture":"#1","uv":[14,9,9,14]},"south":{"texture":"#1","uv":[14,9,9,14]},"up":{"rotation":90,"texture":"#1","uv":[9,14,14,9]},"west":{"texture":"#1","uv":[14,9,9,14]}},"from":[11.35969,-5.45346,15.62895],"rotation":{"angle":45,"axis":"x","origin":[12.01669,2.0875,11.00869]},"to":[11.68969,-4.25346,16.46895]},{"faces":{"down":{"rotation":270,"texture":"#1","uv":[9,14,14,9]},"east":{"texture":"#1","uv":[14,9,9,14]},"north":{"texture":"#1","uv":[14,9,9,14]},"south":{"texture":"#1","uv":[14,9,9,14]},"up":{"rotation":90,"texture":"#1","uv":[9,14,14,9]},"west":{"texture":"#1","uv":[14,9,9,14]}},"from":[11.31469,-6.9845,9.24469],"rotation":{"angle":0,"axis":"y","origin":[12.01669,2.0875,11.00869]},"to":[11.73469,-5.7845,10.08469]},{"faces":{"north":{"texture":"#0","uv":[3,0,0,16]},"south":{"texture":"#0","uv":[3,0,0,16]}},"from":[13.10469,26.2155,12.83469],"rotation":{"angle":0,"axis":"y","origin":[12.81669,7.7355,12.28869]},"to":[13.94469,32,12.89469]},{"faces":{"north":{"texture":"#0","uv":[3,0,0,16]},"south":{"texture":"#0","uv":[3,0,0,16]}},"from":[13.10469,19.8155,12.83469],"rotation":{"angle":0,"axis":"y","origin":[12.81669,7.7355,12.28869]},"to":[13.94469,26.2155,12.89469]},{"faces":{"north":{"texture":"#0","uv":[3,0,0,16]},"south":{"texture":"#0","uv":[3,0,0,16]}},"from":[13.10469,13.4155,12.83469],"rotation":{"angle":0,"axis":"y","origin":[12.81669,7.7355,12.28869]},"to":[13.94469,19.8155,12.89469]},{"faces":{"north":{"texture":"#0","uv":[3,0,0,16]},"south":{"texture":"#0","uv":[3,0,0,16]}},"from":[13.10469,7.0155,12.83469],"rotation":{"angle":0,"axis":"y","origin":[12.81669,7.7355,12.28869]},"to":[13.94469,13.4155,12.89469]},{"faces":{"north":{"texture":"#0","uv":[3,0,0,16]},"south":{"texture":"#0","uv":[3,0,0,16]}},"from":[13.10469,0.6155,12.83469],"rotation":{"angle":0,"axis":"y","origin":[12.81669,7.7355,12.28869]},"to":[13.94469,7.0155,12.89469]},{"faces":{"north":{"texture":"#0","uv":[3,0,0,8]},"south":{"texture":"#0","uv":[3,0,0,8]}},"from":[13.10469,-2.7845,12.83469],"rotation":{"angle":0,"axis":"y","origin":[12.81669,7.7355,12.28869]},"to":[13.94469,0.6155,12.89469]},{"faces":{"east":{"texture":"#0","uv":[6,0,3,16]},"west":{"texture":"#0","uv":[6,0,3,16]}},"from":[13.49469,26.2155,12.44469],"rotation":{"angle":0,"axis":"y","origin":[12.81669,7.7355,12.28869]},"to":[13.55469,32,13.28469]},{"faces":{"east":{"texture":"#0","uv":[6,0,3,16]},"west":{"texture":"#0","uv":[6,0,3,16]}},"from":[13.49469,19.8155,12.44469],"rotation":{"angle":0,"axis":"y","origin":[12.81669,7.7355,12.28869]},"to":[13.55469,26.2155,13.28469]},{"faces":{"east":{"texture":"#0","uv":[6,0,3,16]},"west":{"texture":"#0","uv":[6,0,3,16]}},"from":[13.49469,13.4155,12.44469],"rotation":{"angle":0,"axis":"y","origin":[12.81669,7.7355,12.28869]},"to":[13.55469,19.8155,13.28469]},{"faces":{"east":{"texture":"#0","uv":[6,0,3,16]},"west":{"texture":"#0","uv":[6,0,3,16]}},"from":[13.49469,7.0155,12.44469],"rotation":{"angle":0,"axis":"y","origin":[12.81669,7.7355,12.28869]},"to":[13.55469,13.4155,13.28469]},{"faces":{"east":{"texture":"#0","uv":[6,0,3,16]},"west":{"texture":"#0","uv":[6,0,3,16]}},"from":[13.49469,0.6155,12.44469],"rotation":{"angle":0,"axis":"y","origin":[12.81669,7.7355,12.28869]},"to":[13.55469,7.0155,13.28469]},{"faces":{"east":{"texture":"#0","uv":[6,0,3,8]},"west":{"texture":"#0","uv":[6,0,3,8]}},"from":[13.49469,-2.7845,12.44469],"rotation":{"angle":0,"axis":"y","origin":[12.81669,7.7355,12.28869]},"to":[13.55469,0.6155,13.28469]},{"faces":{"down":{"rotation":270,"texture":"#1","uv":[9,14,14,9]},"east":{"texture":"#1","uv":[14,9,9,14]},"north":{"texture":"#1","uv":[14,9,9,14]},"south":{"texture":"#1","uv":[14,9,9,14]},"up":{"rotation":90,"texture":"#1","uv":[9,14,14,9]},"west":{"texture":"#1","uv":[14,9,9,14]}},"from":[13.34469,-2.52004,7.51574],"rotation":{"angle":-45,"axis":"x","origin":[12.81669,3.2475,12.28869]},"to":[13.70469,-1.32004,8.35574]},{"faces":{"down":{"rotation":270,"texture":"#1","uv":[9,14,14,9]},"east":{"texture":"#1","uv":[14,9,9,14]},"north":{"texture":"#1","uv":[14,9,9,14]},"south":{"texture":"#1","uv":[14,9,9,14]},"up":{"rotation":90,"texture":"#1","uv":[9,14,14,9]},"west":{"texture":"#1","uv":[14,9,9,14]}},"from":[13.35969,-1.70545,17.03622],"rotation":{"angle":45,"axis":"x","origin":[12.81669,3.2475,12.28869]},"to":[13.68969,-0.50545,17.87622]},{"faces":{"down":{"rotation":270,"texture":"#1","uv":[9,14,14,9]},"east":{"texture":"#1","uv":[14,9,9,14]},"north":{"texture":"#1","uv":[14,9,9,14]},"south":{"texture":"#1","uv":[14,9,9,14]},"up":{"rotation":90,"texture":"#1","uv":[9,14,14,9]},"west":{"texture":"#1","uv":[14,9,9,14]}},"from":[13.31469,-4.0845,12.44469],"rotation":{"angle":0,"axis":"y","origin":[12.81669,3.2475,12.28869]},"to":[13.73469,-2.8845,13.28469]},{"faces":{"east":{"texture":"#0","uv":[3,0,0,16]},"west":{"texture":"#0","uv":[3,0,0,16]}},"from":[9.75469,21.6155,9.66469],"rotation":{"angle":0,"axis":"y","origin":[9.16069,7.7355,9.97669]},"to":[9.81469,28.0155,10.50469]},{"faces":{"east":{"texture":"#0","uv":[3,0,0,16]},"west":{"texture":"#0","uv":[3,0,0,16]}},"from":[9.75469,15.2155,9.66469],"rotation":{"angle":0,"axis":"y","origin":[9.16069,7.7355,9.97669]},"to":[9.81469,21.6155,10.50469]},{"faces":{"east":{"texture":"#0","uv":[3,0,0,16]},"west":{"texture":"#0","uv":[3,0,0,16]}},"from":[9.75469,8.8155,9.66469],"rotation":{"angle":0,"axis":"y","origin":[9.16069,7.7355,9.97669]},"to":[9.81469,15.2155,10.50469]},{"faces":{"east":{"texture":"#0","uv":[3,0,0,16]},"west":{"texture":"#0","uv":[3,0,0,16]}},"from":[9.75469,2.4155,9.66469],"rotation":{"angle":0,"axis":"y","origin":[9.16069,7.7355,9.97669]},"to":[9.81469,8.8155,10.50469]},{"faces":{"east":{"texture":"#0","uv":[3,0,0,16]},"west":{"texture":"#0","uv":[3,0,0,16]}},"from":[9.75469,-3.9845,9.66469],"rotation":{"angle":0,"axis":"y","origin":[9.16069,7.7355,9.97669]},"to":[9.81469,2.4155,10.50469]},{"faces":{"east":{"texture":"#0","uv":[3,0,0,8]},"west":{"texture":"#0","uv":[3,0,0,8]}},"from":[9.75469,-7.3845,9.66469],"rotation":{"angle":0,"axis":"y","origin":[9.16069,7.7355,9.97669]},"to":[9.81469,-3.9845,10.50469]},{"faces":{"north":{"texture":"#0","uv":[6,0,3,16]},"south":{"texture":"#0","uv":[6,0,3,16]}},"from":[9.36469,21.6155,10.05469],"rotation":{"angle":0,"axis":"y","origin":[9.16069,7.7355,9.97669]},"to":[10.20469,28.0155,10.11469]},{"faces":{"north":{"texture":"#0","uv":[6,0,3,16]},"south":{"texture":"#0","uv":[6,0,3,16]}},"from":[9.36469,15.2155,10.05469],"rotation":{"angle":0,"axis":"y","origin":[9.16069,7.7355,9.97669]},"to":[10.20469,21.6155,10.11469]},{"faces":{"north":{"texture":"#0","uv":[6,0,3,16]},"south":{"texture":"#0","uv":[6,0,3,16]}},"from":[9.36469,8.8155,10.05469],"rotation":{"angle":0,"axis":"y","origin":[9.16069,7.7355,9.97669]},"to":[10.20469,15.2155,10.11469]},{"faces":{"north":{"texture":"#0","uv":[6,0,3,16]},"south":{"texture":"#0","uv":[6,0,3,16]}},"from":[9.36469,2.4155,10.05469],"rotation":{"angle":0,"axis":"y","origin":[9.16069,7.7355,9.97669]},"to":[10.20469,8.8155,10.11469]},{"faces":{"north":{"texture":"#0","uv":[6,0,3,16]},"south":{"texture":"#0","uv":[6,0,3,16]}},"from":[9.36469,-3.9845,10.05469],"rotation":{"angle":0,"axis":"y","origin":[9.16069,7.7355,9.97669]},"to":[10.20469,2.4155,10.11469]},{"faces":{"north":{"texture":"#0","uv":[6,0,3,8]},"south":{"texture":"#0","uv":[6,0,3,8]}},"from":[9.36469,-7.3845,10.05469],"rotation":{"angle":0,"axis":"y","origin":[9.16069,7.7355,9.97669]},"to":[10.20469,-3.9845,10.11469]},{"faces":{"down":{"rotation":180,"texture":"#1","uv":[9,14,14,9]},"east":{"texture":"#1","uv":[14,9,9,14]},"north":{"texture":"#1","uv":[14,9,9,14]},"south":{"texture":"#1","uv":[14,9,9,14]},"up":{"rotation":180,"texture":"#1","uv":[9,14,14,9]},"west":{"texture":"#1","uv":[14,9,9,14]}},"from":[15.89378,-5.46313,9.90469],"rotation":{"angle":-45,"axis":"z","origin":[9.16069,1.4075,9.97669]},"to":[16.73378,-4.26313,10.26469]},{"faces":{"down":{"rotation":180,"texture":"#1","uv":[9,14,14,9]},"east":{"texture":"#1","uv":[14,9,9,14]},"north":{"texture":"#1","uv":[14,9,9,14]},"south":{"texture":"#1","uv":[14,9,9,14]},"up":{"rotation":180,"texture":"#1","uv":[9,14,14,9]},"west":{"texture":"#1","uv":[14,9,9,14]}},"from":[2.47007,-6.34559,9.91969],"rotation":{"angle":45,"axis":"z","origin":[9.16069,1.4075,9.97669]},"to":[3.31007,-5.14559,10.24969]},{"faces":{"down":{"rotation":180,"texture":"#1","uv":[9,14,14,9]},"east":{"texture":"#1","uv":[14,9,9,14]},"north":{"texture":"#1","uv":[14,9,9,14]},"south":{"texture":"#1","uv":[14,9,9,14]},"up":{"rotation":180,"texture":"#1","uv":[9,14,14,9]},"west":{"texture":"#1","uv":[14,9,9,14]}},"from":[9.36469,-8.6845,9.87469],"rotation":{"angle":0,"axis":"y","origin":[9.16069,1.4075,9.97669]},"to":[10.20469,-7.4845,10.29469]},{"faces":{"east":{"texture":"#0","uv":[3,0,0,16]},"west":{"texture":"#0","uv":[3,0,0,16]}},"from":[6.35469,23.2155,9.76469],"rotation":{"angle":0,"axis":"y","origin":[7.80069,7.7355,10.01669]},"to":[6.41469,29.6155,10.60469]},{"faces":{"east":{"texture":"#0","uv":[3,0,0,16]},"west":{"texture":"#0","uv":[3,0,0,16]}},"from":[6.35469,16.8155,9.76469],"rotation":{"angle":0,"axis":"y","origin":[7.80069,7.7355,10.01669]},"to":[6.41469,23.2155,10.60469]},{"faces":{"east":{"texture":"#0","uv":[3,0,0,16]},"west":{"texture":"#0","uv":[3,0,0,16]}},"from":[6.35469,10.4155,9.76469],"rotation":{"angle":0,"axis":"y","origin":[7.80069,7.7355,10.01669]},"to":[6.41469,16.8155,10.60469]},{"faces":{"east":{"texture":"#0","uv":[3,0,0,16]},"west":{"texture":"#0","uv":[3,0,0,16]}},"from":[6.35469,4.0155,9.76469],"rotation":{"angle":0,"axis":"y","origin":[7.80069,7.7355,10.01669]},"to":[6.41469,10.4155,10.60469]},{"faces":{"east":{"texture":"#0","uv":[3,0,0,16]},"west":{"texture":"#0","uv":[3,0,0,16]}},"from":[6.35469,-2.3845,9.76469],"rotation":{"angle":0,"axis":"y","origin":[7.80069,7.7355,10.01669]},"to":[6.41469,4.0155,10.60469]},{"faces":{"east":{"texture":"#0","uv":[3,0,0,8]},"west":{"texture":"#0","uv":[3,0,0,8]}},"from":[6.35469,-5.7845,9.76469],"rotation":{"angle":0,"axis":"y","origin":[7.80069,7.7355,10.01669]},"to":[6.41469,-2.3845,10.60469]},{"faces":{"north":{"texture":"#0","uv":[6,0,3,16]},"south":{"texture":"#0","uv":[6,0,3,16]}},"from":[5.96469,23.2155,10.15469],"rotation":{"angle":0,"axis":"y","origin":[7.80069,7.7355,10.01669]},"to":[6.80469,29.6155,10.21469]},{"faces":{"north":{"texture":"#0","uv":[6,0,3,16]},"south":{"texture":"#0","uv":[6,0,3,16]}},"from":[5.96469,16.8155,10.15469],"rotation":{"angle":0,"axis":"y","origin":[7.80069,7.7355,10.01669]},"to":[6.80469,23.2155,10.21469]},{"faces":{"north":{"texture":"#0","uv":[6,0,3,16]},"south":{"texture":"#0","uv":[6,0,3,16]}},"from":[5.96469,10.4155,10.15469],"rotation":{"angle":0,"axis":"y","origin":[7.80069,7.7355,10.01669]},"to":[6.80469,16.8155,10.21469]},{"faces":{"north":{"texture":"#0","uv":[6,0,3,16]},"south":{"texture":"#0","uv":[6,0,3,16]}},"from":[5.96469,4.0155,10.15469],"rotation":{"angle":0,"axis":"y","origin":[7.80069,7.7355,10.01669]},"to":[6.80469,10.4155,10.21469]},{"faces":{"north":{"texture":"#0","uv":[6,0,3,16]},"south":{"texture":"#0","uv":[6,0,3,16]}},"from":[5.96469,-2.3845,10.15469],"rotation":{"angle":0,"axis":"y","origin":[7.80069,7.7355,10.01669]},"to":[6.80469,4.0155,10.21469]},{"faces":{"north":{"texture":"#0","uv":[6,0,3,8]},"south":{"texture":"#0","uv":[6,0,3,8]}},"from":[5.96469,-5.7845,10.15469],"rotation":{"angle":0,"axis":"y","origin":[7.80069,7.7355,10.01669]},"to":[6.80469,-2.3845,10.21469]},{"faces":{"down":{"rotation":180,"texture":"#1","uv":[9,14,14,9]},"east":{"texture":"#1","uv":[14,9,9,14]},"north":{"texture":"#1","uv":[14,9,9,14]},"south":{"texture":"#1","uv":[14,9,9,14]},"up":{"rotation":180,"texture":"#1","uv":[9,14,14,9]},"west":{"texture":"#1","uv":[14,9,9,14]}},"from":[12.41246,-5.5868,10.00469],"rotation":{"angle":-45,"axis":"z","origin":[7.80069,2.0475,10.01669]},"to":[13.25246,-4.3868,10.36469]},{"faces":{"down":{"rotation":180,"texture":"#1","uv":[9,14,14,9]},"east":{"texture":"#1","uv":[14,9,9,14]},"north":{"texture":"#1","uv":[14,9,9,14]},"south":{"texture":"#1","uv":[14,9,9,14]},"up":{"rotation":180,"texture":"#1","uv":[9,14,14,9]},"west":{"texture":"#1","uv":[14,9,9,14]}},"from":[0.34639,-3.58427,10.01969],"rotation":{"angle":45,"axis":"z","origin":[7.80069,2.0475,10.01669]},"to":[1.18639,-2.38427,10.34969]},{"faces":{"down":{"rotation":180,"texture":"#1","uv":[9,14,14,9]},"east":{"texture":"#1","uv":[14,9,9,14]},"north":{"texture":"#1","uv":[14,9,9,14]},"south":{"texture":"#1","uv":[14,9,9,14]},"up":{"rotation":180,"texture":"#1","uv":[9,14,14,9]},"west":{"texture":"#1","uv":[14,9,9,14]}},"from":[5.96469,-7.0845,9.97469],"rotation":{"angle":0,"axis":"y","origin":[7.80069,2.0475,10.01669]},"to":[6.80469,-5.8845,10.39469]},{"faces":{"north":{"texture":"#0","uv":[0,0,3,16]},"south":{"texture":"#0","uv":[0,0,3,16]}},"from":[-0.68531,23.2155,-4.09531],"rotation":{"angle":0,"axis":"y","origin":[-0.43331,7.7355,-2.64931]},"to":[0.15469,29.6155,-4.03531]},{"faces":{"north":{"texture":"#0","uv":[0,0,3,16]},"south":{"texture":"#0","uv":[0,0,3,16]}},"from":[-0.68531,16.8155,-4.09531],"rotation":{"angle":0,"axis":"y","origin":[-0.43331,7.7355,-2.64931]},"to":[0.15469,23.2155,-4.03531]},{"faces":{"north":{"texture":"#0","uv":[0,0,3,16]},"south":{"texture":"#0","uv":[0,0,3,16]}},"from":[-0.68531,10.4155,-4.09531],"rotation":{"angle":0,"axis":"y","origin":[-0.43331,7.7355,-2.64931]},"to":[0.15469,16.8155,-4.03531]},{"faces":{"north":{"texture":"#0","uv":[0,0,3,16]},"south":{"texture":"#0","uv":[0,0,3,16]}},"from":[-0.68531,4.0155,-4.09531],"rotation":{"angle":0,"axis":"y","origin":[-0.43331,7.7355,-2.64931]},"to":[0.15469,10.4155,-4.03531]},{"faces":{"north":{"texture":"#0","uv":[0,0,3,16]},"south":{"texture":"#0","uv":[0,0,3,16]}},"from":[-0.68531,-2.3845,-4.09531],"rotation":{"angle":0,"axis":"y","origin":[-0.43331,7.7355,-2.64931]},"to":[0.15469,4.0155,-4.03531]},{"faces":{"north":{"texture":"#0","uv":[0,0,3,8]},"south":{"texture":"#0","uv":[0,0,3,8]}},"from":[-0.68531,-5.7845,-4.09531],"rotation":{"angle":0,"axis":"y","origin":[-0.43331,7.7355,-2.64931]},"to":[0.15469,-2.3845,-4.03531]},{"faces":{"east":{"texture":"#0","uv":[3,0,6,16]},"west":{"texture":"#0","uv":[3,0,6,16]}},"from":[-0.29531,23.2155,-4.48531],"rotation":{"angle":0,"axis":"y","origin":[-0.43331,7.7355,-2.64931]},"to":[-0.23531,29.6155,-3.64531]},{"faces":{"east":{"texture":"#0","uv":[3,0,6,16]},"west":{"texture":"#0","uv":[3,0,6,16]}},"from":[-0.29531,16.8155,-4.48531],"rotation":{"angle":0,"axis":"y","origin":[-0.43331,7.7355,-2.64931]},"to":[-0.23531,23.2155,-3.64531]},{"faces":{"east":{"texture":"#0","uv":[3,0,6,16]},"west":{"texture":"#0","uv":[3,0,6,16]}},"from":[-0.29531,10.4155,-4.48531],"rotation":{"angle":0,"axis":"y","origin":[-0.43331,7.7355,-2.64931]},"to":[-0.23531,16.8155,-3.64531]},{"faces":{"east":{"texture":"#0","uv":[3,0,6,16]},"west":{"texture":"#0","uv":[3,0,6,16]}},"from":[-0.29531,4.0155,-4.48531],"rotation":{"angle":0,"axis":"y","origin":[-0.43331,7.7355,-2.64931]},"to":[-0.23531,10.4155,-3.64531]},{"faces":{"east":{"texture":"#0","uv":[3,0,6,16]},"west":{"texture":"#0","uv":[3,0,6,16]}},"from":[-0.29531,-2.3845,-4.48531],"rotation":{"angle":0,"axis":"y","origin":[-0.43331,7.7355,-2.64931]},"to":[-0.23531,4.0155,-3.64531]},{"faces":{"east":{"texture":"#0","uv":[3,0,6,8]},"west":{"texture":"#0","uv":[3,0,6,8]}},"from":[-0.29531,-5.7845,-4.48531],"rotation":{"angle":0,"axis":"y","origin":[-0.43331,7.7355,-2.64931]},"to":[-0.23531,-2.3845,-3.64531]},{"faces":{"down":{"rotation":90,"texture":"#1","uv":[9,9,14,14]},"east":{"texture":"#1","uv":[9,9,14,14]},"north":{"texture":"#1","uv":[9,9,14,14]},"south":{"texture":"#1","uv":[9,9,14,14]},"up":{"rotation":270,"texture":"#1","uv":[9,9,14,14]},"west":{"texture":"#1","uv":[9,9,14,14]}},"from":[-0.44531,-5.5868,1.96246],"rotation":{"angle":45,"axis":"x","origin":[-0.43331,2.0475,-2.64931]},"to":[-0.08531,-4.3868,2.80246]},{"faces":{"down":{"rotation":90,"texture":"#1","uv":[9,9,14,14]},"east":{"texture":"#1","uv":[9,9,14,14]},"north":{"texture":"#1","uv":[9,9,14,14]},"south":{"texture":"#1","uv":[9,9,14,14]},"up":{"rotation":270,"texture":"#1","uv":[9,9,14,14]},"west":{"texture":"#1","uv":[9,9,14,14]}},"from":[-0.43031,-3.58427,-10.10361],"rotation":{"angle":-45,"axis":"x","origin":[-0.43331,2.0475,-2.64931]},"to":[-0.10031,-2.38427,-9.26361]},{"faces":{"down":{"rotation":90,"texture":"#1","uv":[9,9,14,14]},"east":{"texture":"#1","uv":[9,9,14,14]},"north":{"texture":"#1","uv":[9,9,14,14]},"south":{"texture":"#1","uv":[9,9,14,14]},"up":{"rotation":270,"texture":"#1","uv":[9,9,14,14]},"west":{"texture":"#1","uv":[9,9,14,14]}},"from":[-0.47531,-7.0845,-4.48531],"rotation":{"angle":0,"axis":"y","origin":[-0.43331,2.0475,-2.64931]},"to":[-0.05531,-5.8845,-3.64531]},{"faces":{"east":{"texture":"#0","uv":[0,0,3,16]},"west":{"texture":"#0","uv":[0,0,3,16]}},"from":[-0.81531,23.3155,0.65469],"rotation":{"angle":0,"axis":"y","origin":[0.55869,7.7355,1.56669]},"to":[-0.75531,29.7155,1.49469]},{"faces":{"east":{"texture":"#0","uv":[0,0,3,16]},"west":{"texture":"#0","uv":[0,0,3,16]}},"from":[-0.81531,16.9155,0.65469],"rotation":{"angle":0,"axis":"y","origin":[0.55869,7.7355,1.56669]},"to":[-0.75531,23.3155,1.49469]},{"faces":{"east":{"texture":"#0","uv":[0,0,3,16]},"west":{"texture":"#0","uv":[0,0,3,16]}},"from":[-0.81531,10.5155,0.65469],"rotation":{"angle":0,"axis":"y","origin":[0.55869,7.7355,1.56669]},"to":[-0.75531,16.9155,1.49469]},{"faces":{"east":{"texture":"#0","uv":[0,0,3,16]},"west":{"texture":"#0","uv":[0,0,3,16]}},"from":[-0.81531,4.1155,0.65469],"rotation":{"angle":0,"axis":"y","origin":[0.55869,7.7355,1.56669]},"to":[-0.75531,10.5155,1.49469]},{"faces":{"east":{"texture":"#0","uv":[0,0,3,16]},"west":{"texture":"#0","uv":[0,0,3,16]}},"from":[-0.81531,-2.2845,0.65469],"rotation":{"angle":0,"axis":"y","origin":[0.55869,7.7355,1.56669]},"to":[-0.75531,4.1155,1.49469]},{"faces":{"east":{"texture":"#0","uv":[0,0,3,8]},"west":{"texture":"#0","uv":[0,0,3,8]}},"from":[-0.81531,-5.6845,0.65469],"rotation":{"angle":0,"axis":"y","origin":[0.55869,7.7355,1.56669]},"to":[-0.75531,-2.2845,1.49469]},{"faces":{"north":{"texture":"#0","uv":[3,0,6,16]},"south":{"texture":"#0","uv":[3,0,6,16]}},"from":[-1.20531,23.3155,1.04469],"rotation":{"angle":0,"axis":"y","origin":[0.55869,7.7355,1.56669]},"to":[-0.36531,29.7155,1.10469]},{"faces":{"north":{"texture":"#0","uv":[3,0,6,16]},"south":{"texture":"#0","uv":[3,0,6,16]}},"from":[-1.20531,16.9155,1.04469],"rotation":{"angle":0,"axis":"y","origin":[0.55869,7.7355,1.56669]},"to":[-0.36531,23.3155,1.10469]},{"faces":{"north":{"texture":"#0","uv":[3,0,6,16]},"south":{"texture":"#0","uv":[3,0,6,16]}},"from":[-1.20531,10.5155,1.04469],"rotation":{"angle":0,"axis":"y","origin":[0.55869,7.7355,1.56669]},"to":[-0.36531,16.9155,1.10469]},{"faces":{"north":{"texture":"#0","uv":[3,0,6,16]},"south":{"texture":"#0","uv":[3,0,6,16]}},"from":[-1.20531,4.1155,1.04469],"rotation":{"angle":0,"axis":"y","origin":[0.55869,7.7355,1.56669]},"to":[-0.36531,10.5155,1.10469]},{"faces":{"north":{"texture":"#0","uv":[3,0,6,16]},"south":{"texture":"#0","uv":[3,0,6,16]}},"from":[-1.20531,-2.2845,1.04469],"rotation":{"angle":0,"axis":"y","origin":[0.55869,7.7355,1.56669]},"to":[-0.36531,4.1155,1.10469]},{"faces":{"north":{"texture":"#0","uv":[3,0,6,8]},"south":{"texture":"#0","uv":[3,0,6,8]}},"from":[-1.20531,-5.6845,1.04469],"rotation":{"angle":0,"axis":"y","origin":[0.55869,7.7355,1.56669]},"to":[-0.36531,-2.2845,1.10469]},{"faces":{"down":{"rotation":180,"texture":"#1","uv":[14,14,9,9]},"east":{"texture":"#1","uv":[9,9,14,14]},"north":{"texture":"#1","uv":[9,9,14,14]},"south":{"texture":"#1","uv":[9,9,14,14]},"up":{"rotation":180,"texture":"#1","uv":[14,14,9,9]},"west":{"texture":"#1","uv":[9,9,14,14]}},"from":[-6.80227,-3.55276,0.89469],"rotation":{"angle":45,"axis":"z","origin":[0.55869,2.0875,1.56669]},"to":[-5.96227,-2.35276,1.25469]},{"faces":{"down":{"rotation":180,"texture":"#1","uv":[14,14,9,9]},"east":{"texture":"#1","uv":[9,9,14,14]},"north":{"texture":"#1","uv":[9,9,14,14]},"south":{"texture":"#1","uv":[9,9,14,14]},"up":{"rotation":180,"texture":"#1","uv":[14,14,9,9]},"west":{"texture":"#1","uv":[9,9,14,14]}},"from":[5.17895,-5.45346,0.90969],"rotation":{"angle":-45,"axis":"z","origin":[0.55869,2.0875,1.56669]},"to":[6.01895,-4.25346,1.23969]},{"faces":{"down":{"rotation":180,"texture":"#1","uv":[14,14,9,9]},"east":{"texture":"#1","uv":[9,9,14,14]},"north":{"texture":"#1","uv":[9,9,14,14]},"south":{"texture":"#1","uv":[9,9,14,14]},"up":{"rotation":180,"texture":"#1","uv":[14,14,9,9]},"west":{"texture":"#1","uv":[9,9,14,14]}},"from":[-1.20531,-6.9845,0.86469],"rotation":{"angle":0,"axis":"y","origin":[0.55869,2.0875,1.56669]},"to":[-0.36531,-5.7845,1.28469]},{"faces":{"east":{"texture":"#0","uv":[0,0,3,16]},"west":{"texture":"#0","uv":[0,0,3,16]}},"from":[2.38469,26.2155,2.65469],"rotation":{"angle":0,"axis":"y","origin":[1.83869,7.7355,2.36669]},"to":[2.44469,32,3.49469]},{"faces":{"east":{"texture":"#0","uv":[0,0,3,16]},"west":{"texture":"#0","uv":[0,0,3,16]}},"from":[2.38469,19.8155,2.65469],"rotation":{"angle":0,"axis":"y","origin":[1.83869,7.7355,2.36669]},"to":[2.44469,26.2155,3.49469]},{"faces":{"east":{"texture":"#0","uv":[0,0,3,16]},"west":{"texture":"#0","uv":[0,0,3,16]}},"from":[2.38469,13.4155,2.65469],"rotation":{"angle":0,"axis":"y","origin":[1.83869,7.7355,2.36669]},"to":[2.44469,19.8155,3.49469]},{"faces":{"east":{"texture":"#0","uv":[0,0,3,16]},"west":{"texture":"#0","uv":[0,0,3,16]}},"from":[2.38469,7.0155,2.65469],"rotation":{"angle":0,"axis":"y","origin":[1.83869,7.7355,2.36669]},"to":[2.44469,13.4155,3.49469]},{"faces":{"east":{"texture":"#0","uv":[0,0,3,16]},"west":{"texture":"#0","uv":[0,0,3,16]}},"from":[2.38469,0.6155,2.65469],"rotation":{"angle":0,"axis":"y","origin":[1.83869,7.7355,2.36669]},"to":[2.44469,7.0155,3.49469]},{"faces":{"east":{"texture":"#0","uv":[0,0,3,8]},"west":{"texture":"#0","uv":[0,0,3,8]}},"from":[2.38469,-2.7845,2.65469],"rotation":{"angle":0,"axis":"y","origin":[1.83869,7.7355,2.36669]},"to":[2.44469,0.6155,3.49469]},{"faces":{"north":{"texture":"#0","uv":[3,0,6,16]},"south":{"texture":"#0","uv":[3,0,6,16]}},"from":[1.99469,26.2155,3.04469],"rotation":{"angle":0,"axis":"y","origin":[1.83869,7.7355,2.36669]},"to":[2.83469,32,3.10469]},{"faces":{"north":{"texture":"#0","uv":[3,0,6,16]},"south":{"texture":"#0","uv":[3,0,6,16]}},"from":[1.99469,19.8155,3.04469],"rotation":{"angle":0,"axis":"y","origin":[1.83869,7.7355,2.36669]},"to":[2.83469,26.2155,3.10469]},{"faces":{"north":{"texture":"#0","uv":[3,0,6,16]},"south":{"texture":"#0","uv":[3,0,6,16]}},"from":[1.99469,13.4155,3.04469],"rotation":{"angle":0,"axis":"y","origin":[1.83869,7.7355,2.36669]},"to":[2.83469,19.8155,3.10469]},{"faces":{"north":{"texture":"#0","uv":[3,0,6,16]},"south":{"texture":"#0","uv":[3,0,6,16]}},"from":[1.99469,7.0155,3.04469],"rotation":{"angle":0,"axis":"y","origin":[1.83869,7.7355,2.36669]},"to":[2.83469,13.4155,3.10469]},{"faces":{"north":{"texture":"#0","uv":[3,0,6,16]},"south":{"texture":"#0","uv":[3,0,6,16]}},"from":[1.99469,0.6155,3.04469],"rotation":{"angle":0,"axis":"y","origin":[1.83869,7.7355,2.36669]},"to":[2.83469,7.0155,3.10469]},{"faces":{"north":{"texture":"#0","uv":[3,0,6,8]},"south":{"texture":"#0","uv":[3,0,6,8]}},"from":[1.99469,-2.7845,3.04469],"rotation":{"angle":0,"axis":"y","origin":[1.83869,7.7355,2.36669]},"to":[2.83469,0.6155,3.10469]},{"faces":{"down":{"rotation":180,"texture":"#1","uv":[14,14,9,9]},"east":{"texture":"#1","uv":[9,9,14,14]},"north":{"texture":"#1","uv":[9,9,14,14]},"south":{"texture":"#1","uv":[9,9,14,14]},"up":{"rotation":180,"texture":"#1","uv":[14,14,9,9]},"west":{"texture":"#1","uv":[9,9,14,14]}},"from":[-2.93426,-2.52004,2.89469],"rotation":{"angle":45,"axis":"z","origin":[1.83869,3.2475,2.36669]},"to":[-2.09426,-1.32004,3.25469]},{"faces":{"down":{"rotation":180,"texture":"#1","uv":[14,14,9,9]},"east":{"texture":"#1","uv":[9,9,14,14]},"north":{"texture":"#1","uv":[9,9,14,14]},"south":{"texture":"#1","uv":[9,9,14,14]},"up":{"rotation":180,"texture":"#1","uv":[14,14,9,9]},"west":{"texture":"#1","uv":[9,9,14,14]}},"from":[6.58622,-1.70545,2.90969],"rotation":{"angle":-45,"axis":"z","origin":[1.83869,3.2475,2.36669]},"to":[7.42622,-0.50545,3.23969]},{"faces":{"down":{"rotation":180,"texture":"#1","uv":[14,14,9,9]},"east":{"texture":"#1","uv":[9,9,14,14]},"north":{"texture":"#1","uv":[9,9,14,14]},"south":{"texture":"#1","uv":[9,9,14,14]},"up":{"rotation":180,"texture":"#1","uv":[14,14,9,9]},"west":{"texture":"#1","uv":[9,9,14,14]}},"from":[1.99469,-4.0845,2.86469],"rotation":{"angle":0,"axis":"y","origin":[1.83869,3.2475,2.36669]},"to":[2.83469,-2.8845,3.28469]},{"faces":{"east":{"texture":"#0","uv":[0,0,3,16]},"west":{"texture":"#0","uv":[0,0,3,16]}},"from":[3.78469,23.2155,1.75469],"rotation":{"angle":0,"axis":"y","origin":[2.39869,7.7355,2.00669]},"to":[3.84469,29.6155,2.59469]},{"faces":{"east":{"texture":"#0","uv":[0,0,3,16]},"west":{"texture":"#0","uv":[0,0,3,16]}},"from":[3.78469,16.8155,1.75469],"rotation":{"angle":0,"axis":"y","origin":[2.39869,7.7355,2.00669]},"to":[3.84469,23.2155,2.59469]},{"faces":{"east":{"texture":"#0","uv":[0,0,3,16]},"west":{"texture":"#0","uv":[0,0,3,16]}},"from":[3.78469,10.4155,1.75469],"rotation":{"angle":0,"axis":"y","origin":[2.39869,7.7355,2.00669]},"to":[3.84469,16.8155,2.59469]},{"faces":{"east":{"texture":"#0","uv":[0,0,3,16]},"west":{"texture":"#0","uv":[0,0,3,16]}},"from":[3.78469,4.0155,1.75469],"rotation":{"angle":0,"axis":"y","origin":[2.39869,7.7355,2.00669]},"to":[3.84469,10.4155,2.59469]},{"faces":{"east":{"texture":"#0","uv":[0,0,3,16]},"west":{"texture":"#0","uv":[0,0,3,16]}},"from":[3.78469,-2.3845,1.75469],"rotation":{"angle":0,"axis":"y","origin":[2.39869,7.7355,2.00669]},"to":[3.84469,4.0155,2.59469]},{"faces":{"east":{"texture":"#0","uv":[0,0,3,8]},"west":{"texture":"#0","uv":[0,0,3,8]}},"from":[3.78469,-5.7845,1.75469],"rotation":{"angle":0,"axis":"y","origin":[2.39869,7.7355,2.00669]},"to":[3.84469,-2.3845,2.59469]},{"faces":{"north":{"texture":"#0","uv":[3,0,6,16]},"south":{"texture":"#0","uv":[3,0,6,16]}},"from":[3.39469,23.2155,2.14469],"rotation":{"angle":0,"axis":"y","origin":[2.39869,7.7355,2.00669]},"to":[4.23469,29.6155,2.20469]},{"faces":{"north":{"texture":"#0","uv":[3,0,6,16]},"south":{"texture":"#0","uv":[3,0,6,16]}},"from":[3.39469,16.8155,2.14469],"rotation":{"angle":0,"axis":"y","origin":[2.39869,7.7355,2.00669]},"to":[4.23469,23.2155,2.20469]},{"faces":{"north":{"texture":"#0","uv":[3,0,6,16]},"south":{"texture":"#0","uv":[3,0,6,16]}},"from":[3.39469,10.4155,2.14469],"rotation":{"angle":0,"axis":"y","origin":[2.39869,7.7355,2.00669]},"to":[4.23469,16.8155,2.20469]},{"faces":{"north":{"texture":"#0","uv":[3,0,6,16]},"south":{"texture":"#0","uv":[3,0,6,16]}},"from":[3.39469,4.0155,2.14469],"rotation":{"angle":0,"axis":"y","origin":[2.39869,7.7355,2.00669]},"to":[4.23469,10.4155,2.20469]},{"faces":{"north":{"texture":"#0","uv":[3,0,6,16]},"south":{"texture":"#0","uv":[3,0,6,16]}},"from":[3.39469,-2.3845,2.14469],"rotation":{"angle":0,"axis":"y","origin":[2.39869,7.7355,2.00669]},"to":[4.23469,4.0155,2.20469]},{"faces":{"north":{"texture":"#0","uv":[3,0,6,8]},"south":{"texture":"#0","uv":[3,0,6,8]}},"from":[3.39469,-5.7845,2.14469],"rotation":{"angle":0,"axis":"y","origin":[2.39869,7.7355,2.00669]},"to":[4.23469,-2.3845,2.20469]},{"faces":{"down":{"rotation":180,"texture":"#1","uv":[14,14,9,9]},"east":{"texture":"#1","uv":[9,9,14,14]},"north":{"texture":"#1","uv":[9,9,14,14]},"south":{"texture":"#1","uv":[9,9,14,14]},"up":{"rotation":180,"texture":"#1","uv":[14,14,9,9]},"west":{"texture":"#1","uv":[9,9,14,14]}},"from":[-3.05308,-5.5868,1.99469],"rotation":{"angle":45,"axis":"z","origin":[2.39869,2.0475,2.00669]},"to":[-2.21308,-4.3868,2.35469]},{"faces":{"down":{"rotation":180,"texture":"#1","uv":[14,14,9,9]},"east":{"texture":"#1","uv":[9,9,14,14]},"north":{"texture":"#1","uv":[9,9,14,14]},"south":{"texture":"#1","uv":[9,9,14,14]},"up":{"rotation":180,"texture":"#1","uv":[14,14,9,9]},"west":{"texture":"#1","uv":[9,9,14,14]}},"from":[9.01299,-3.58427,2.00969],"rotation":{"angle":-45,"axis":"z","origin":[2.39869,2.0475,2.00669]},"to":[9.85299,-2.38427,2.33969]},{"faces":{"down":{"rotation":180,"texture":"#1","uv":[14,14,9,9]},"east":{"texture":"#1","uv":[9,9,14,14]},"north":{"texture":"#1","uv":[9,9,14,14]},"south":{"texture":"#1","uv":[9,9,14,14]},"up":{"rotation":180,"texture":"#1","uv":[14,14,9,9]},"west":{"texture":"#1","uv":[9,9,14,14]}},"from":[3.39469,-7.0845,1.96469],"rotation":{"angle":0,"axis":"y","origin":[2.39869,2.0475,2.00669]},"to":[4.23469,-5.8845,2.38469]},{"faces":{"north":{"texture":"#0","uv":[3,0,0,16]},"south":{"texture":"#0","uv":[3,0,0,16]}},"from":[4.01469,24.2155,6.60469],"rotation":{"angle":0,"axis":"y","origin":[1.01469,24.2155,6.60469]},"to":[4.85469,30.6155,6.66469]},{"faces":{"north":{"texture":"#0","uv":[3,0,0,16]},"south":{"texture":"#0","uv":[3,0,0,16]}},"from":[4.01469,17.8155,6.60469],"rotation":{"angle":0,"axis":"y","origin":[1.01469,17.8155,6.60469]},"to":[4.85469,24.2155,6.66469]},{"faces":{"north":{"texture":"#0","uv":[3,0,0,16]},"south":{"texture":"#0","uv":[3,0,0,16]}},"from":[4.01469,11.4155,6.60469],"rotation":{"angle":0,"axis":"y","origin":[1.01469,11.4155,6.60469]},"to":[4.85469,17.8155,6.66469]},{"faces":{"north":{"texture":"#0","uv":[3,0,0,16]},"south":{"texture":"#0","uv":[3,0,0,16]}},"from":[4.01469,5.0155,6.60469],"rotation":{"angle":0,"axis":"y","origin":[1.01469,5.0155,6.60469]},"to":[4.85469,11.4155,6.66469]},{"faces":{"north":{"texture":"#0","uv":[3,0,0,16]},"south":{"texture":"#0","uv":[3,0,0,16]}},"from":[4.01469,-1.3845,6.60469],"rotation":{"angle":0,"axis":"y","origin":[1.01469,-1.3845,6.60469]},"to":[4.85469,5.0155,6.66469]},{"faces":{"north":{"texture":"#0","uv":[3,0,0,8]},"south":{"texture":"#0","uv":[3,0,0,8]}},"from":[4.01469,-4.7845,6.60469],"rotation":{"angle":0,"axis":"y","origin":[1.01469,-7.7845,6.60469]},"to":[4.85469,-1.3845,6.66469]},{"faces":{"east":{"texture":"#0","uv":[6,0,3,16]},"west":{"texture":"#0","uv":[6,0,3,16]}},"from":[4.40469,24.2155,6.21469],"rotation":{"angle":0,"axis":"y","origin":[4.43469,27.4155,6.63469]},"to":[4.46469,30.6155,7.05469]},{"faces":{"east":{"texture":"#0","uv":[6,0,3,16]},"west":{"texture":"#0","uv":[6,0,3,16]}},"from":[4.40469,17.8155,6.21469],"rotation":{"angle":0,"axis":"y","origin":[4.43469,21.0155,6.63469]},"to":[4.46469,24.2155,7.05469]},{"faces":{"east":{"texture":"#0","uv":[6,0,3,16]},"west":{"texture":"#0","uv":[6,0,3,16]}},"from":[4.40469,11.4155,6.21469],"rotation":{"angle":0,"axis":"y","origin":[4.43469,14.6155,6.63469]},"to":[4.46469,17.8155,7.05469]},{"faces":{"east":{"texture":"#0","uv":[6,0,3,16]},"west":{"texture":"#0","uv":[6,0,3,16]}},"from":[4.40469,5.0155,6.21469],"rotation":{"angle":0,"axis":"y","origin":[4.43469,8.2155,6.63469]},"to":[4.46469,11.4155,7.05469]},{"faces":{"east":{"texture":"#0","uv":[6,0,3,16]},"west":{"texture":"#0","uv":[6,0,3,16]}},"from":[4.40469,-1.3845,6.21469],"rotation":{"angle":0,"axis":"y","origin":[4.43469,1.8155,6.63469]},"to":[4.46469,5.0155,7.05469]},{"faces":{"east":{"texture":"#0","uv":[6,0,3,8]},"west":{"texture":"#0","uv":[6,0,3,8]}},"from":[4.40469,-4.7845,6.21469],"rotation":{"angle":0,"axis":"y","origin":[4.43469,-4.5845,6.63469]},"to":[4.46469,-1.3845,7.05469]},{"faces":{"down":{"rotation":270,"texture":"#1","uv":[9,14,14,9]},"east":{"texture":"#1","uv":[14,9,9,14]},"north":{"texture":"#1","uv":[14,9,9,14]},"south":{"texture":"#1","uv":[14,9,9,14]},"up":{"rotation":90,"texture":"#1","uv":[9,14,14,9]},"west":{"texture":"#1","uv":[14,9,9,14]}},"from":[4.25469,-6.0845,6.21469],"rotation":{"angle":-45,"axis":"x","origin":[4.43469,-5.4845,6.63469]},"to":[4.61469,-4.8845,7.05469]},{"faces":{"down":{"rotation":270,"texture":"#1","uv":[9,14,14,9]},"east":{"texture":"#1","uv":[14,9,9,14]},"north":{"texture":"#1","uv":[14,9,9,14]},"south":{"texture":"#1","uv":[14,9,9,14]},"up":{"rotation":90,"texture":"#1","uv":[9,14,14,9]},"west":{"texture":"#1","uv":[14,9,9,14]}},"from":[4.26969,-6.0845,6.21469],"rotation":{"angle":45,"axis":"x","origin":[4.43469,-5.4845,6.63469]},"to":[4.59969,-4.8845,7.05469]},{"faces":{"down":{"rotation":270,"texture":"#1","uv":[9,14,14,9]},"east":{"texture":"#1","uv":[14,9,9,14]},"north":{"texture":"#1","uv":[14,9,9,14]},"south":{"texture":"#1","uv":[14,9,9,14]},"up":{"rotation":90,"texture":"#1","uv":[9,14,14,9]},"west":{"texture":"#1","uv":[14,9,9,14]}},"from":[4.22469,-6.0845,6.21469],"rotation":{"angle":0,"axis":"y","origin":[4.43469,-5.4845,6.63469]},"to":[4.64469,-4.8845,7.05469]}],"groups":[{"children":[{"children":[0,1,2,3,4,5,6,7,8,9,10,11,12,13,14],"name":"group","origin":[16.95,24,17.9]},{"children":[15,16,17,18,19,20,21,22,23,24,25,26,27,28,29],"name":"group","origin":[16.95,24,17.9]},{"children":[30,31,32,33,34,35,36,37,38,39,40,41,42,43,44],"name":"group","origin":[16.95,24,17.9]}],"name":"group","origin":[8,8,8]},{"children":[{"children":[45,46,47,48,49,50,51,52,53,54,55,56,57,58,59],"name":"group","origin":[16.95,24,17.9]},{"children":[60,61,62,63,64,65,66,67,68,69,70,71,72,73,74],"name":"group","origin":[16.95,24,17.9]}],"name":"group","origin":[8,8,8]},{"children":[{"children":[75,76,77,78,79,80,81,82,83,84,85,86,87,88,89],"name":"group","origin":[16.95,24,17.9]},{"children":[90,91,92,93,94,95,96,97,98,99,100,101,102,103,104],"name":"group","origin":[16.95,24,17.9]}],"name":"group","origin":[8,8,8]},{"children":[{"children":[105,106,107,108,109,110,111,112,113,114,115,116,117,118,119],"name":"group","origin":[16.95,24,17.9]}],"name":"group","origin":[8,8,8]},{"children":[{"children":[120,121,122,123,124,125,126,127,128,129,130,131,132,133,134],"name":"group","origin":[16.95,24,17.9]},{"children":[135,136,137,138,139,140,141,142,143,144,145,146,147,148,149],"name":"group","origin":[16.95,24,17.9]},{"children":[150,151,152,153,154,155,156,157,158,159,160,161,162,163,164],"name":"group","origin":[16.95,24,17.9]}],"name":"group","origin":[8,8,8]},{"children":[{"children":[165,166,167,168,169,170,171,172,173,174,175,176,177,178,179],"name":"group","origin":[16.95,24,17.9]}],"name":"group","origin":[8,8,8]}],"textures":{"0":"block/chain","1":"block/brown_shulker_box","particle":"block/chain"}}