{
	"credit": "Made with Blockbench",
	"texture_size": [128, 128],
	"textures": {
		"2": "block/yellow_concrete",
		"3": "custom/bouwbordoudlogo",
		"4": "block/yellow_terracotta",
		"5": "block/blue_concrete",
		"6": "block/blue_terracotta",
		"7": "block/friendsparklogo",
		"8": "block/gray_concrete",
		"9": "block/cyan_concrete",
		"particle": "block/yellow_terracotta"
	},
	"elements": [
		{
			"from": [0, 0, -11],
			"to": [5, 0.5, -6],
			"rotation": {"angle": 0, "axis": "y", "origin": [7, 8, -3]},
			"faces": {
				"north": {"uv": [3.25, 3.125, 3.875, 3.25], "texture": "#8", "cullface": "north"},
				"east": {"uv": [0, 1, 15, 16], "texture": "#8", "cullface": "north"},
				"south": {"uv": [6.5, 2.625, 7.125, 2.75], "texture": "#8", "cullface": "north"},
				"west": {"uv": [6.5, 5.625, 7.125, 5.75], "texture": "#8", "cullface": "west"},
				"up": {"uv": [4.875, 3.75, 4.25, 3.125], "texture": "#8", "cullface": "north"},
				"down": {"uv": [6.5, 3.125, 5.875, 3.75], "texture": "#8", "cullface": "down"}
			}
		},
		{
			"from": [0, 0, 26],
			"to": [5, 0.5, 31],
			"rotation": {"angle": 0, "axis": "y", "origin": [7, 8, 34]},
			"faces": {
				"north": {"uv": [6.5, 5.75, 7.125, 5.875], "texture": "#8", "cullface": "south"},
				"east": {"uv": [0, 1, 15, 16], "texture": "#8", "cullface": "south"},
				"south": {"uv": [6.625, 4.375, 7.25, 4.5], "texture": "#8", "cullface": "south"},
				"west": {"uv": [6.625, 4.5, 7.25, 4.625], "texture": "#8", "cullface": "west"},
				"up": {"uv": [6.5, 4.375, 5.875, 3.75], "texture": "#8", "cullface": "south"},
				"down": {"uv": [6.5, 5.25, 5.875, 5.875], "texture": "#8", "cullface": "down"}
			}
		},
		{
			"from": [2, 17, -7],
			"to": [4, 20, 27],
			"rotation": {"angle": 0, "axis": "y", "origin": [8, 8, 30]},
			"faces": {
				"north": {"uv": [5.625, 5.25, 5.875, 5.625], "texture": "#5", "cullface": "north"},
				"east": {"uv": [3.25, 0, 7.5, 0.375], "texture": "#5", "cullface": "up"},
				"south": {"uv": [6.5, 3.625, 6.75, 4], "texture": "#5", "cullface": "up"},
				"west": {"uv": [3.25, 0.375, 7.5, 0.75], "texture": "#5", "cullface": "up"},
				"up": {"uv": [4.5, 8.5, 4.25, 4.25], "texture": "#5", "cullface": "up"}
			}
		},
		{
			"from": [2, 1, -7],
			"to": [4, 3.5, 27],
			"rotation": {"angle": 0, "axis": "y", "origin": [8, -8, 30]},
			"faces": {
				"north": {"uv": [6.5, 4, 6.75, 4.375], "texture": "#5", "cullface": "north"},
				"east": {"uv": [3.25, 0.75, 7.5, 1.125], "texture": "#5"},
				"south": {"uv": [6.5, 5.25, 6.75, 5.625], "texture": "#5", "cullface": "south"},
				"west": {"uv": [3.25, 1.125, 7.5, 1.5], "texture": "#5"},
				"down": {"uv": [0.75, 4.5, 0.5, 8.75], "texture": "#5"}
			}
		},
		{
			"from": [2, 3.25, 22.5],
			"to": [4, 17, 27],
			"rotation": {"angle": 0, "axis": "y", "origin": [8, -5, 30]},
			"faces": {
				"east": {"uv": [3.25, 1.5, 3.875, 3.125], "texture": "#5", "cullface": "south"},
				"south": {"uv": [5.25, 1.5, 5.5, 3.125], "texture": "#5", "cullface": "south"},
				"west": {"uv": [3.875, 1.5, 4.5, 3.125], "texture": "#5", "cullface": "south"}
			}
		},
		{
			"from": [3, 4, -4],
			"to": [4, 17, 22],
			"rotation": {"angle": 0, "axis": "y", "origin": [8, -5, 25]},
			"faces": {
				"east": {"uv": [0, 0, 3.25, 1.625], "texture": "#9"},
				"west": {"uv": [0, 1.625, 3.25, 3.25], "texture": "#9"}
			}
		},
		{
			"from": [2, 3.25, -7],
			"to": [4, 17, -4],
			"rotation": {"angle": 0, "axis": "y", "origin": [8, -5, 0]},
			"faces": {
				"north": {"uv": [5.25, 3.125, 5.5, 4.75], "texture": "#5", "cullface": "north"},
				"east": {"uv": [4.5, 4.5, 5, 6.125], "texture": "#5", "cullface": "north"},
				"west": {"uv": [4.5, 1.5, 5, 3.125], "texture": "#5", "cullface": "north"}
			}
		},
		{
			"from": [2.92, 3, 1],
			"to": [2.92, 18.4, 17.6],
			"rotation": {"angle": 0, "axis": "y", "origin": [8.9, -5, 5]},
			"faces": {
				"east": {"uv": [0, 3, 2, 4], "texture": "#6"},
				"west": {"uv": [0, 0, 15.952, 16], "texture": "#7"}
			}
		},
		{
			"from": [4.2, 3, 2],
			"to": [4.2, 17.4, 16.6],
			"rotation": {"angle": 0, "axis": "y", "origin": [-1.8, -5, 19]},
			"faces": {
				"east": {"uv": [0, 0, 15.952, 16], "texture": "#7"},
				"west": {"uv": [0, 3.25, 2.125, 4.5], "texture": "#3"}
			}
		},
		{
			"from": [1, 4, -4],
			"to": [3, 17, -3.5],
			"rotation": {"angle": 0, "axis": "y", "origin": [7, -5, 0]},
			"faces": {
				"north": {"uv": [5.625, 1.5, 5.875, 3.125], "texture": "#4", "cullface": "north"},
				"south": {"uv": [5.625, 3.125, 5.875, 4.75], "texture": "#4", "cullface": "north"},
				"west": {"uv": [6.125, 1.5, 6.25, 3.125], "texture": "#4", "cullface": "north"},
				"up": {"uv": [7.125, 6.75, 6.875, 6.625], "texture": "#4", "cullface": "north"}
			}
		},
		{
			"from": [3, 4, -4],
			"to": [5, 17, -3.5],
			"rotation": {"angle": 0, "axis": "y", "origin": [9, -5, 0]},
			"faces": {
				"north": {"uv": [5.625, 1.5, 5.875, 3.125], "texture": "#2", "cullface": "north"},
				"east": {"uv": [6.125, 6.125, 6.25, 7.75], "texture": "#2", "cullface": "north"},
				"south": {"uv": [5.625, 3.125, 5.875, 4.75], "texture": "#2", "cullface": "north"},
				"up": {"uv": [7.125, 6.75, 6.875, 6.625], "texture": "#2", "cullface": "north"}
			}
		},
		{
			"from": [1, 4, 22],
			"to": [3, 17, 22.5],
			"rotation": {"angle": 0, "axis": "y", "origin": [7, -5, 26]},
			"faces": {
				"north": {"uv": [5.875, 5.875, 6.125, 7.5], "texture": "#4", "cullface": "south"},
				"south": {"uv": [5.875, 1.5, 6.125, 3.125], "texture": "#4", "cullface": "south"},
				"west": {"uv": [6.25, 1.5, 6.375, 3.125], "texture": "#4", "cullface": "south"}
			}
		},
		{
			"from": [3, 4, 22],
			"to": [5, 17, 22.5],
			"rotation": {"angle": 0, "axis": "y", "origin": [9, -5, 26]},
			"faces": {
				"north": {"uv": [5.875, 5.875, 6.125, 7.5], "texture": "#2", "cullface": "south"},
				"east": {"uv": [6.25, 6.25, 6.375, 7.875], "texture": "#2", "cullface": "south"},
				"south": {"uv": [5.875, 1.5, 6.125, 3.125], "texture": "#2", "cullface": "south"}
			}
		},
		{
			"from": [1, 16.5, -3.5],
			"to": [3, 17, 22.5],
			"rotation": {"angle": 0, "axis": "y", "origin": [7, 20.5, 18.5]},
			"faces": {
				"west": {"uv": [5.25, 5.125, 8.5, 5.25], "texture": "#4", "cullface": "up"},
				"up": {"uv": [5.25, 8.25, 5, 5], "texture": "#4", "cullface": "up"},
				"down": {"uv": [5.25, 1.5, 5, 4.75], "texture": "#4", "cullface": "up"}
			}
		},
		{
			"from": [3, 16.5, -3.5],
			"to": [5, 17, 22.5],
			"rotation": {"angle": 0, "axis": "y", "origin": [9, 20.5, 18.5]},
			"faces": {
				"east": {"uv": [5.25, 5, 8.5, 5.125], "texture": "#2", "cullface": "up"},
				"up": {"uv": [5.25, 8.25, 5, 5], "texture": "#2", "cullface": "up"},
				"down": {"uv": [5.25, 1.5, 5, 4.75], "texture": "#2", "cullface": "up"}
			}
		},
		{
			"from": [1, 3.5, -4],
			"to": [3, 4, 22.5],
			"rotation": {"angle": 0, "axis": "y", "origin": [7, 7.5, 18]},
			"faces": {
				"north": {"uv": [7, 3.125, 7.25, 3.25], "texture": "#4", "cullface": "north"},
				"south": {"uv": [7, 3.25, 7.25, 3.375], "texture": "#4", "cullface": "south"},
				"west": {"uv": [5, 4.875, 8.375, 5], "texture": "#4"},
				"up": {"uv": [4, 7.875, 3.75, 4.5], "texture": "#4"},
				"down": {"uv": [4.25, 4.5, 4, 7.875], "texture": "#4"}
			}
		},
		{
			"from": [3, 3.5, -4],
			"to": [5, 4, 22.5],
			"rotation": {"angle": 0, "axis": "y", "origin": [9, 7.5, 18]},
			"faces": {
				"north": {"uv": [7, 3.125, 7.25, 3.25], "texture": "#2", "cullface": "north"},
				"east": {"uv": [5, 4.75, 8.375, 4.875], "texture": "#2"},
				"south": {"uv": [7, 3.25, 7.25, 3.375], "texture": "#2", "cullface": "south"},
				"up": {"uv": [4, 7.875, 3.75, 4.5], "texture": "#2"},
				"down": {"uv": [4.25, 4.5, 4, 7.875], "texture": "#2"}
			}
		},
		{
			"from": [2, 21, -9],
			"to": [3, 21.5, -8],
			"rotation": {"angle": 0, "axis": "y", "origin": [7, 9, -3]},
			"faces": {
				"north": {"uv": [4.875, 3.125, 5, 3.25], "texture": "#2", "cullface": "north"},
				"east": {"uv": [4.875, 3.25, 5, 3.375], "texture": "#2", "cullface": "north"},
				"south": {"uv": [4.875, 3.375, 5, 3.5], "texture": "#2", "cullface": "north"},
				"west": {"uv": [4.875, 3.5, 5, 3.625], "texture": "#2", "cullface": "north"},
				"down": {"uv": [5, 4.375, 4.875, 4.5], "texture": "#2", "cullface": "north"}
			}
		},
		{
			"from": [2, 21, 28],
			"to": [3, 21.5, 29],
			"rotation": {"angle": 0, "axis": "y", "origin": [7, 9, 34]},
			"faces": {
				"north": {"uv": [5.5, 5.25, 5.625, 5.375], "texture": "#2", "cullface": "up"},
				"east": {"uv": [5.5, 5.375, 5.625, 5.5], "texture": "#2", "cullface": "up"},
				"south": {"uv": [6.125, 5.875, 6.25, 6], "texture": "#2", "cullface": "up"},
				"west": {"uv": [6.125, 6, 6.25, 6.125], "texture": "#2", "cullface": "up"},
				"down": {"uv": [7.25, 2, 7.125, 2.125], "texture": "#2", "cullface": "up"}
			}
		},
		{
			"from": [2, 22.5, -9],
			"to": [3, 23, -8],
			"rotation": {"angle": 0, "axis": "y", "origin": [7, 35, -3]},
			"faces": {
				"north": {"uv": [7.125, 2.125, 7.25, 2.25], "texture": "#2", "cullface": "north"},
				"east": {"uv": [7.125, 2.25, 7.25, 2.375], "texture": "#2", "cullface": "north"},
				"south": {"uv": [7.125, 2.375, 7.25, 2.5], "texture": "#2", "cullface": "north"},
				"west": {"uv": [7.125, 2.625, 7.25, 2.75], "texture": "#2", "cullface": "north"},
				"up": {"uv": [7.25, 4.375, 7.125, 4.25], "texture": "#2", "cullface": "north"}
			}
		},
		{
			"from": [2.3, 22.75, 28.25],
			"to": [2.9, 23.25, 28.85],
			"rotation": {"angle": 0, "axis": "y", "origin": [7.3, 35.25, 34.25]},
			"faces": {
				"north": {"uv": [7.125, 5.625, 7.25, 5.75], "texture": "#2", "cullface": "up"},
				"east": {"uv": [7.125, 5.75, 7.25, 5.875], "texture": "#2", "cullface": "up"},
				"south": {"uv": [7.125, 5.875, 7.25, 6], "texture": "#2", "cullface": "up"},
				"west": {"uv": [7.125, 6, 7.25, 6.125], "texture": "#2", "cullface": "up"},
				"up": {"uv": [7.25, 6.5, 7.125, 6.375], "texture": "#2", "cullface": "up"}
			}
		},
		{
			"from": [2.2, 22.75, -8.75],
			"to": [2.8, 23.25, -8.15],
			"rotation": {"angle": 0, "axis": "y", "origin": [7.2, 35.25, -2.75]},
			"faces": {
				"north": {"uv": [7.125, 5.625, 7.25, 5.75], "texture": "#2", "cullface": "north"},
				"east": {"uv": [7.125, 5.75, 7.25, 5.875], "texture": "#2", "cullface": "north"},
				"south": {"uv": [7.125, 5.875, 7.25, 6], "texture": "#2", "cullface": "north"},
				"west": {"uv": [7.125, 6, 7.25, 6.125], "texture": "#2", "cullface": "north"},
				"up": {"uv": [7.25, 6.5, 7.125, 6.375], "texture": "#2", "cullface": "north"}
			}
		},
		{
			"from": [2, 22.5, 28],
			"to": [3, 23, 29],
			"rotation": {"angle": 0, "axis": "y", "origin": [7, 35, 34]},
			"faces": {
				"north": {"uv": [7.125, 5.625, 7.25, 5.75], "texture": "#2", "cullface": "up"},
				"east": {"uv": [7.125, 5.75, 7.25, 5.875], "texture": "#2", "cullface": "up"},
				"south": {"uv": [7.125, 5.875, 7.25, 6], "texture": "#2", "cullface": "up"},
				"west": {"uv": [7.125, 6, 7.25, 6.125], "texture": "#2", "cullface": "up"},
				"up": {"uv": [7.25, 6.5, 7.125, 6.375], "texture": "#2", "cullface": "up"}
			}
		},
		{
			"from": [1.75, 21.25, -9.25],
			"to": [3.25, 21.75, -7.75],
			"rotation": {"angle": 0, "axis": "y", "origin": [7, 9.5, -3]},
			"faces": {
				"north": {"uv": [7, 3.375, 7.25, 3.5], "texture": "#2", "cullface": "north"},
				"east": {"uv": [7, 3.5, 7.25, 3.625], "texture": "#2", "cullface": "north"},
				"south": {"uv": [7, 3.625, 7.25, 3.75], "texture": "#2", "cullface": "north"},
				"west": {"uv": [7, 3.75, 7.25, 3.875], "texture": "#2", "cullface": "north"},
				"down": {"uv": [7, 2.75, 6.75, 3], "texture": "#2", "cullface": "north"}
			}
		},
		{
			"from": [1.75, 21.25, 27.75],
			"to": [3.25, 21.75, 29.25],
			"rotation": {"angle": 0, "axis": "y", "origin": [7, 9.5, 34]},
			"faces": {
				"north": {"uv": [7, 3.875, 7.25, 4], "texture": "#2", "cullface": "up"},
				"east": {"uv": [7, 4, 7.25, 4.125], "texture": "#2", "cullface": "up"},
				"south": {"uv": [7, 4.125, 7.25, 4.25], "texture": "#2", "cullface": "up"},
				"west": {"uv": [7, 4.625, 7.25, 4.75], "texture": "#2", "cullface": "up"},
				"down": {"uv": [7, 3.25, 6.75, 3.5], "texture": "#2", "cullface": "up"}
			}
		},
		{
			"from": [1.75, 22.25, -9.25],
			"to": [3.25, 22.75, -7.75],
			"rotation": {"angle": 0, "axis": "y", "origin": [7, 34.5, -3]},
			"faces": {
				"north": {"uv": [7, 5.25, 7.25, 5.375], "texture": "#2", "cullface": "north"},
				"east": {"uv": [7, 5.375, 7.25, 5.5], "texture": "#2", "cullface": "north"},
				"south": {"uv": [7, 6.125, 7.25, 6.25], "texture": "#2", "cullface": "north"},
				"west": {"uv": [7, 6.25, 7.25, 6.375], "texture": "#2", "cullface": "north"},
				"up": {"uv": [7, 3.75, 6.75, 3.5], "texture": "#2", "cullface": "north"}
			}
		},
		{
			"from": [1.75, 22.25, 27.75],
			"to": [3.25, 22.75, 29.25],
			"rotation": {"angle": 0, "axis": "y", "origin": [7, 34.5, 34]},
			"faces": {
				"north": {"uv": [7, 6.875, 7.25, 7], "texture": "#2", "cullface": "up"},
				"east": {"uv": [0.75, 7.125, 1, 7.25], "texture": "#2", "cullface": "up"},
				"south": {"uv": [1, 7.125, 1.25, 7.25], "texture": "#2", "cullface": "up"},
				"west": {"uv": [1.25, 7.125, 1.5, 7.25], "texture": "#2", "cullface": "up"},
				"up": {"uv": [7, 4.25, 6.75, 4], "texture": "#2", "cullface": "up"}
			}
		},
		{
			"from": [1.5, 21.5, -9.5],
			"to": [3.5, 22, -7.5],
			"rotation": {"angle": 0, "axis": "y", "origin": [7, 9.5, -3]},
			"faces": {
				"north": {"uv": [1.5, 7.125, 1.75, 7.25], "texture": "#2", "cullface": "north"},
				"east": {"uv": [1.75, 7.125, 2, 7.25], "texture": "#2", "cullface": "north"},
				"south": {"uv": [2, 7.125, 2.25, 7.25], "texture": "#2", "cullface": "north"},
				"west": {"uv": [2.25, 7.125, 2.5, 7.25], "texture": "#2", "cullface": "north"},
				"down": {"uv": [6.75, 6.875, 6.5, 7.125], "texture": "#2", "cullface": "north"}
			}
		},
		{
			"from": [1.5, 21.5, 27.5],
			"to": [3.5, 22, 29.5],
			"rotation": {"angle": 0, "axis": "y", "origin": [7, 9.5, 34]},
			"faces": {
				"north": {"uv": [2.5, 7.125, 2.75, 7.25], "texture": "#2", "cullface": "up"},
				"east": {"uv": [2.75, 7.125, 3, 7.25], "texture": "#2", "cullface": "up"},
				"south": {"uv": [3, 7.125, 3.25, 7.25], "texture": "#2", "cullface": "up"},
				"west": {"uv": [3.25, 7.125, 3.5, 7.25], "texture": "#2", "cullface": "up"},
				"down": {"uv": [7.125, 1.5, 6.875, 1.75], "texture": "#2", "cullface": "up"}
			}
		},
		{
			"from": [1.5, 22, -9.5],
			"to": [3.5, 22.5, -7.5],
			"rotation": {"angle": 0, "axis": "y", "origin": [7, 34.5, -3]},
			"faces": {
				"north": {"uv": [3.5, 7.125, 3.75, 7.25], "texture": "#2", "cullface": "north"},
				"east": {"uv": [5.25, 7.125, 5.5, 7.25], "texture": "#2", "cullface": "north"},
				"south": {"uv": [6.5, 7.125, 6.75, 7.25], "texture": "#2", "cullface": "north"},
				"west": {"uv": [6.75, 7.125, 7, 7.25], "texture": "#2", "cullface": "north"},
				"up": {"uv": [7.125, 2, 6.875, 1.75], "texture": "#2", "cullface": "north"}
			}
		},
		{
			"from": [1.5, 22, 27.5],
			"to": [3.5, 22.5, 29.5],
			"rotation": {"angle": 0, "axis": "y", "origin": [7, 34.5, 34]},
			"faces": {
				"north": {"uv": [7, 7.125, 7.25, 7.25], "texture": "#2", "cullface": "up"},
				"east": {"uv": [7.125, 1.5, 7.375, 1.625], "texture": "#2", "cullface": "up"},
				"south": {"uv": [7.125, 1.625, 7.375, 1.75], "texture": "#2", "cullface": "up"},
				"west": {"uv": [7.125, 1.75, 7.375, 1.875], "texture": "#2", "cullface": "up"},
				"up": {"uv": [7.125, 2.5, 6.875, 2.25], "texture": "#2", "cullface": "up"}
			}
		},
		{
			"from": [1.25, 21.8, -9.75],
			"to": [3.75, 22.05, -7.25],
			"rotation": {"angle": 0, "axis": "y", "origin": [7, 10, -3]},
			"faces": {
				"north": {"uv": [3.875, 3.125, 4.25, 3.25], "texture": "#2", "cullface": "north"},
				"east": {"uv": [4.5, 4.375, 4.875, 4.5], "texture": "#2", "cullface": "north"},
				"south": {"uv": [6.625, 4.625, 7, 4.75], "texture": "#2", "cullface": "north"},
				"west": {"uv": [6.625, 6.125, 7, 6.25], "texture": "#2", "cullface": "north"},
				"up": {"uv": [6.875, 6.875, 6.5, 6.5], "texture": "#2", "cullface": "north"},
				"down": {"uv": [6.875, 1.5, 6.5, 1.875], "texture": "#2", "cullface": "north"}
			}
		},
		{
			"from": [1.25, 21.8, 27.25],
			"to": [3.75, 22.05, 29.75],
			"rotation": {"angle": 0, "axis": "y", "origin": [7, 10, 34]},
			"faces": {
				"north": {"uv": [6.75, 4.25, 7.125, 4.375], "texture": "#2", "cullface": "up"},
				"east": {"uv": [6.75, 5.5, 7.125, 5.625], "texture": "#2", "cullface": "up"},
				"south": {"uv": [6.875, 2.5, 7.25, 2.625], "texture": "#2", "cullface": "up"},
				"west": {"uv": [6.875, 6.5, 7.25, 6.625], "texture": "#2", "cullface": "up"},
				"up": {"uv": [6.875, 2.25, 6.5, 1.875], "texture": "#2", "cullface": "up"},
				"down": {"uv": [6.875, 2.25, 6.5, 2.625], "texture": "#2", "cullface": "up"}
			}
		},
		{
			"name": "hexadecagon",
			"from": [2.10218, 0.5, -10.5],
			"to": [2.89782, 21, -6.5],
			"rotation": {"angle": -45, "axis": "y", "origin": [2.5, 1, -8.5]},
			"faces": {
				"north": {"uv": [0, 0, 0.125, 0.125], "texture": "#5", "cullface": "north"},
				"east": {"uv": [0, 0, 0.125, 0.125], "texture": "#5", "cullface": "north"},
				"south": {"uv": [0, 0, 0.125, 0.125], "texture": "#5", "cullface": "north"},
				"west": {"uv": [0, 0, 0.125, 0.125], "texture": "#5", "cullface": "north"},
				"up": {"uv": [0, 0, 0.125, 0.125], "texture": "#5", "cullface": "north"},
				"down": {"uv": [0, 0, 0.125, 0.125], "texture": "#5", "cullface": "north"}
			}
		},
		{
			"name": "hexadecagon",
			"from": [2.10218, 0.5, -10.5],
			"to": [2.89782, 21, -6.5],
			"rotation": {"angle": -22.5, "axis": "y", "origin": [2.5, 1, -8.5]},
			"faces": {
				"north": {"uv": [0, 0, 0.125, 0.125], "texture": "#5", "cullface": "north"},
				"east": {"uv": [0, 0, 0.125, 0.125], "texture": "#5", "cullface": "north"},
				"south": {"uv": [0, 0, 0.125, 0.125], "texture": "#5", "cullface": "north"},
				"west": {"uv": [0, 0, 0.125, 0.125], "texture": "#5", "cullface": "north"},
				"up": {"uv": [0, 0, 0.125, 0.125], "texture": "#5", "cullface": "north"},
				"down": {"uv": [0, 0, 0.125, 0.125], "texture": "#5", "cullface": "north"}
			}
		},
		{
			"name": "hexadecagon",
			"from": [2.10218, 0.5, -10.5],
			"to": [2.89782, 21, -6.5],
			"rotation": {"angle": 0, "axis": "y", "origin": [2.5, 1, -8.5]},
			"faces": {
				"north": {"uv": [0, 0, 0.125, 0.125], "texture": "#5", "cullface": "north"},
				"east": {"uv": [0, 0, 0.125, 0.125], "texture": "#5", "cullface": "north"},
				"south": {"uv": [0, 0, 0.125, 0.125], "texture": "#5", "cullface": "north"},
				"west": {"uv": [0, 0, 0.125, 0.125], "texture": "#5", "cullface": "north"},
				"up": {"uv": [0, 0, 0.125, 0.125], "texture": "#5", "cullface": "north"}
			}
		},
		{
			"name": "hexadecagon",
			"from": [2.10218, 0.5, -10.5],
			"to": [2.89782, 21, -6.5],
			"rotation": {"angle": 22.5, "axis": "y", "origin": [2.5, 1, -8.5]},
			"faces": {
				"north": {"uv": [0, 0, 0.125, 0.125], "texture": "#5", "cullface": "north"},
				"east": {"uv": [0, 0, 0.125, 0.125], "texture": "#5", "cullface": "north"},
				"south": {"uv": [0, 0, 0.125, 0.125], "texture": "#5", "cullface": "north"},
				"west": {"uv": [0, 0, 0.125, 0.125], "texture": "#5", "cullface": "north"},
				"up": {"uv": [0, 0, 0.125, 0.125], "texture": "#5", "cullface": "north"},
				"down": {"uv": [0, 0, 0.125, 0.125], "texture": "#5", "cullface": "north"}
			}
		},
		{
			"name": "hexadecagon",
			"from": [2.10218, 0.5, -10.5],
			"to": [2.89782, 21, -6.5],
			"rotation": {"angle": 45, "axis": "y", "origin": [2.5, 1, -8.5]},
			"faces": {
				"north": {"uv": [0, 0, 0.125, 0.125], "texture": "#5", "cullface": "north"},
				"east": {"uv": [0, 0, 0.125, 0.125], "texture": "#5", "cullface": "north"},
				"south": {"uv": [0, 0, 0.125, 0.125], "texture": "#5", "cullface": "north"},
				"west": {"uv": [0, 0, 0.125, 0.125], "texture": "#5", "cullface": "north"},
				"up": {"uv": [0, 0, 0.125, 0.125], "texture": "#5", "cullface": "north"},
				"down": {"uv": [0, 0, 0.125, 0.125], "texture": "#5", "cullface": "north"}
			}
		},
		{
			"name": "hexadecagon",
			"from": [0.5, 0.5, -8.89782],
			"to": [4.5, 21, -8.10218],
			"rotation": {"angle": -22.5, "axis": "y", "origin": [2.5, 1, -8.5]},
			"faces": {
				"north": {"uv": [0, 0, 0.125, 0.125], "texture": "#5", "cullface": "north"},
				"east": {"uv": [0, 0, 0.125, 0.125], "texture": "#5", "cullface": "north"},
				"south": {"uv": [0, 0, 0.125, 0.125], "texture": "#5", "cullface": "north"},
				"west": {"uv": [0, 0, 0.125, 0.125], "texture": "#5", "cullface": "north"},
				"up": {"uv": [0, 0, 0.125, 0.125], "texture": "#5", "cullface": "north"},
				"down": {"uv": [0, 0, 0.125, 0.125], "texture": "#5", "cullface": "north"}
			}
		},
		{
			"name": "hexadecagon",
			"from": [0.5, 0.5, -8.89782],
			"to": [4.5, 21, -8.10218],
			"rotation": {"angle": 0, "axis": "y", "origin": [2.5, 1, -8.5]},
			"faces": {
				"north": {"uv": [0, 0, 0.125, 0.125], "texture": "#5", "cullface": "north"},
				"east": {"uv": [0, 0, 0.125, 0.125], "texture": "#5", "cullface": "north"},
				"south": {"uv": [0, 0, 0.125, 0.125], "texture": "#5", "cullface": "north"},
				"west": {"uv": [0, 0, 0.125, 0.125], "texture": "#5", "cullface": "north"},
				"up": {"uv": [0, 0, 0.125, 0.125], "texture": "#5", "cullface": "north"}
			}
		},
		{
			"name": "hexadecagon",
			"from": [0.5, 0.5, -8.89782],
			"to": [4.5, 21, -8.10218],
			"rotation": {"angle": 22.5, "axis": "y", "origin": [2.5, 1, -8.5]},
			"faces": {
				"north": {"uv": [0, 0, 0.125, 0.125], "texture": "#5", "cullface": "north"},
				"east": {"uv": [0, 0, 0.125, 0.125], "texture": "#5", "cullface": "north"},
				"south": {"uv": [0, 0, 0.125, 0.125], "texture": "#5", "cullface": "north"},
				"west": {"uv": [0, 0, 0.125, 0.125], "texture": "#5", "cullface": "north"},
				"up": {"uv": [0, 0, 0.125, 0.125], "texture": "#5", "cullface": "north"},
				"down": {"uv": [0, 0, 0.125, 0.125], "texture": "#5", "cullface": "north"}
			}
		},
		{
			"name": "hexadecagon",
			"from": [2.10218, 0.5, 26.5],
			"to": [2.89782, 21, 30.5],
			"rotation": {"angle": -45, "axis": "y", "origin": [2.5, 1, 28.5]},
			"faces": {
				"north": {"uv": [0, 0, 0.125, 0.125], "texture": "#5", "cullface": "south"},
				"east": {"uv": [0, 0, 0.125, 0.125], "texture": "#5", "cullface": "south"},
				"south": {"uv": [0, 0, 0.125, 0.125], "texture": "#5", "cullface": "south"},
				"west": {"uv": [0, 0, 0.125, 0.125], "texture": "#5", "cullface": "south"},
				"up": {"uv": [0, 0, 0.125, 0.125], "texture": "#5", "cullface": "up"},
				"down": {"uv": [0, 0, 0.125, 0.125], "texture": "#5", "cullface": "south"}
			}
		},
		{
			"name": "hexadecagon",
			"from": [2.10218, 0.5, 26.5],
			"to": [2.89782, 21, 30.5],
			"rotation": {"angle": -22.5, "axis": "y", "origin": [2.5, 1, 28.5]},
			"faces": {
				"north": {"uv": [0, 0, 0.125, 0.125], "texture": "#5", "cullface": "south"},
				"east": {"uv": [0, 0, 0.125, 0.125], "texture": "#5", "cullface": "south"},
				"south": {"uv": [0, 0, 0.125, 0.125], "texture": "#5", "cullface": "south"},
				"west": {"uv": [0, 0, 0.125, 0.125], "texture": "#5", "cullface": "south"},
				"up": {"uv": [0, 0, 0.125, 0.125], "texture": "#5", "cullface": "up"},
				"down": {"uv": [0, 0, 0.125, 0.125], "texture": "#5", "cullface": "south"}
			}
		},
		{
			"name": "hexadecagon",
			"from": [2.10218, 0.5, 26.5],
			"to": [2.89782, 21, 30.5],
			"rotation": {"angle": 0, "axis": "y", "origin": [2.5, 1, 28.5]},
			"faces": {
				"north": {"uv": [0, 0, 0.125, 0.125], "texture": "#5", "cullface": "south"},
				"east": {"uv": [0, 0, 0.125, 0.125], "texture": "#5", "cullface": "south"},
				"south": {"uv": [0, 0, 0.125, 0.125], "texture": "#5", "cullface": "south"},
				"west": {"uv": [0, 0, 0.125, 0.125], "texture": "#5", "cullface": "south"},
				"up": {"uv": [0, 0, 0.125, 0.125], "texture": "#5", "cullface": "up"}
			}
		},
		{
			"name": "hexadecagon",
			"from": [2.10218, 0.5, 26.5],
			"to": [2.89782, 21, 30.5],
			"rotation": {"angle": 22.5, "axis": "y", "origin": [2.5, 1, 28.5]},
			"faces": {
				"north": {"uv": [0, 0, 0.125, 0.125], "texture": "#5", "cullface": "south"},
				"east": {"uv": [0, 0, 0.125, 0.125], "texture": "#5", "cullface": "south"},
				"south": {"uv": [0, 0, 0.125, 0.125], "texture": "#5", "cullface": "south"},
				"west": {"uv": [0, 0, 0.125, 0.125], "texture": "#5", "cullface": "south"},
				"up": {"uv": [0, 0, 0.125, 0.125], "texture": "#5", "cullface": "up"},
				"down": {"uv": [0, 0, 0.125, 0.125], "texture": "#5", "cullface": "south"}
			}
		},
		{
			"name": "hexadecagon",
			"from": [2.10218, 0.5, 26.5],
			"to": [2.89782, 21, 30.5],
			"rotation": {"angle": 45, "axis": "y", "origin": [2.5, 1, 28.5]},
			"faces": {
				"north": {"uv": [0, 0, 0.125, 0.125], "texture": "#5", "cullface": "south"},
				"east": {"uv": [0, 0, 0.125, 0.125], "texture": "#5", "cullface": "south"},
				"south": {"uv": [0, 0, 0.125, 0.125], "texture": "#5", "cullface": "south"},
				"west": {"uv": [0, 0, 0.125, 0.125], "texture": "#5", "cullface": "south"},
				"up": {"uv": [0, 0, 0.125, 0.125], "texture": "#5", "cullface": "up"},
				"down": {"uv": [0, 0, 0.125, 0.125], "texture": "#5", "cullface": "south"}
			}
		},
		{
			"name": "hexadecagon",
			"from": [0.5, 0.5, 28.10218],
			"to": [4.5, 21, 28.89782],
			"rotation": {"angle": -22.5, "axis": "y", "origin": [2.5, 1, 28.5]},
			"faces": {
				"north": {"uv": [0, 0, 0.125, 0.125], "texture": "#5", "cullface": "south"},
				"east": {"uv": [0, 0, 0.125, 0.125], "texture": "#5", "cullface": "south"},
				"south": {"uv": [0, 0, 0.125, 0.125], "texture": "#5", "cullface": "south"},
				"west": {"uv": [0, 0, 0.125, 0.125], "texture": "#5", "cullface": "south"},
				"up": {"uv": [0, 0, 0.125, 0.125], "texture": "#5", "cullface": "up"},
				"down": {"uv": [0, 0, 0.125, 0.125], "texture": "#5", "cullface": "south"}
			}
		},
		{
			"name": "hexadecagon",
			"from": [0.5, 0.5, 28.10218],
			"to": [4.5, 21, 28.89782],
			"rotation": {"angle": 0, "axis": "y", "origin": [2.5, 1, 28.5]},
			"faces": {
				"north": {"uv": [0, 0, 0.125, 0.125], "texture": "#5", "cullface": "south"},
				"east": {"uv": [0, 0, 0.125, 0.125], "texture": "#5", "cullface": "south"},
				"south": {"uv": [0, 0, 0.125, 0.125], "texture": "#5", "cullface": "south"},
				"west": {"uv": [0, 0, 0.125, 0.125], "texture": "#5", "cullface": "south"},
				"up": {"uv": [0, 0, 0.125, 0.125], "texture": "#5", "cullface": "up"}
			}
		},
		{
			"name": "hexadecagon",
			"from": [0.5, 0.5, 28.10218],
			"to": [4.5, 21, 28.89782],
			"rotation": {"angle": 22.5, "axis": "y", "origin": [2.5, 1, 28.5]},
			"faces": {
				"north": {"uv": [0, 0, 0.125, 0.125], "texture": "#5", "cullface": "south"},
				"east": {"uv": [0, 0, 0.125, 0.125], "texture": "#5", "cullface": "south"},
				"south": {"uv": [0, 0, 0.125, 0.125], "texture": "#5", "cullface": "south"},
				"west": {"uv": [0, 0, 0.125, 0.125], "texture": "#5", "cullface": "south"},
				"up": {"uv": [0, 0, 0.125, 0.125], "texture": "#5", "cullface": "up"},
				"down": {"uv": [0, 0, 0.125, 0.125], "texture": "#5", "cullface": "south"}
			}
		}
	],
	"display": {
		"thirdperson_righthand": {
			"translation": [-12.25, -10.75, 0],
			"scale": [2.07422, 1.75781, 2.06641]
		},
		"head": {
			"rotation": [0, -89, 0],
			"translation": [8.5, -17, 19.25],
			"scale": [4, 4, 4]
		}
	},
	"groups": [
		{
			"name": "group",
			"origin": [8, 8, 8],
			"color": 0,
			"nbt": "{}",
			"children": [0, 1, 2, 3, 4, 5, 6, 7, 8, 9, 10, 11, 12, 13, 14, 15, 16, 17, 18, 19, 20, 21, 22, 23, 24, 25, 26, 27, 28, 29, 30, 31, 32]
		},
		{
			"name": "hexadecagon",
			"origin": [8, 8, 8],
			"color": 0,
			"nbt": "{}",
			"children": [33, 34, 35, 36, 37, 38, 39, 40]
		},
		{
			"name": "hexadecagon",
			"origin": [8, 8, 8],
			"color": 0,
			"nbt": "{}",
			"children": [41, 42, 43, 44, 45, 46, 47, 48]
		}
	]
}