{"display":{"firstperson_lefthand":{"rotation":[0,117,0],"scale":[0.3,0.3,0.3],"translation":[0,4.25,0]},"firstperson_righthand":{"rotation":[0,121,0],"scale":[0.3,0.3,0.3],"translation":[-1.25,2,0]},"fixed":{"rotation":[0,90,0],"scale":[0.5,0.5,0.5],"translation":[-0.5,0,0]},"ground":{"scale":[0.3,0.3,0.3]},"gui":{"rotation":[0,-134,0],"scale":[0.4,0.4,0.4],"translation":[1,-2.25,0]},"head":{"scale":[2.6,2.6,2.6],"translation":[0,-23,-17]},"thirdperson_lefthand":{"rotation":[90,0,0],"scale":[0.1,0.1,0.1],"translation":[0,1.75,1.25]},"thirdperson_righthand":{"rotation":[90,0,0],"scale":[0.1,0.1,0.1],"translation":[0,1.75,1.25]}},"elements":[{"faces":{"east":{"rotation":90,"texture":"#0","uv":[2.5,6.75,4.5,10]},"north":{"rotation":270,"texture":"#0","uv":[2.5,4.25,4.5,6.75]},"south":{"rotation":90,"texture":"#0","uv":[4.5,4.25,6.5,6.75]},"up":{"texture":"#0","uv":[0,6.75,2.5,10]},"west":{"rotation":270,"texture":"#0","uv":[9,6.75,7,10]}},"from":[3,4,-4],"rotation":{"angle":0,"axis":"y","origin":[0,0,-7]},"to":[13,12,9]},{"faces":{"down":{"texture":"#0","uv":[12.5,4.24974,15.5,12.99976]},"east":{"rotation":90,"texture":"#0","uv":[12,4.24974,12.5,12.99976]},"north":{"texture":"#0","uv":[8.99976,12.99976,11.99976,13.49976]},"south":{"texture":"#0","uv":[12.5,12.99976,15.5,13.49976]},"up":{"texture":"#0","uv":[8.99976,4.24974,11.99976,12.99976]},"west":{"rotation":90,"texture":"#0","uv":[15.49976,4.24974,15.99976,12.99976]}},"from":[2,2,-5],"rotation":{"angle":0,"axis":"y","origin":[0,0,-7]},"to":[14,4,30]},{"faces":{"east":{"texture":"#0","uv":[0.75,10,1,13]},"north":{"texture":"#0","uv":[0,10,0.25,13]},"south":{"texture":"#0","uv":[0.5,10,0.75,13]},"west":{"texture":"#0","uv":[0.25,10,0.5,13]}},"from":[3.1,11,8],"name":"front left bar","rotation":{"angle":22.5,"axis":"x","origin":[4,12,9]},"to":[4.1,23,9]},{"faces":{"down":{"texture":"#missing","uv":[0,0,2,2]},"east":{"texture":"#0","uv":[0.25,10,0.5,12.85]},"north":{"texture":"#0","uv":[0,10,0.25,12.85]},"south":{"texture":"#0","uv":[1,10,1.25,12.85]},"up":{"texture":"#missing","uv":[0,0,2,2]},"west":{"texture":"#0","uv":[0,10,0.25,12.85]}},"from":[3.1,10.3,27.25],"name":"front left bar","rotation":{"angle":-45,"axis":"x","origin":[4,11.3,28.25]},"to":[4.1,21.7,28.25]},{"faces":{"east":{"texture":"#0","uv":[1.5,10,1.75,12.85]},"north":{"texture":"#0","uv":[0.75,10,1,12.85]},"south":{"texture":"#0","uv":[1.75,10,2,12.85]},"up":{"texture":"#0","uv":[1,10,1.24974,12.84976]},"west":{"texture":"#0","uv":[1.5,10,1.75,12.85]}},"from":[11.87422,10.3,27.25],"name":"front left bar","rotation":{"angle":-45,"axis":"x","origin":[12.95,11.3,28.25]},"to":[12.87422,21.7,28.25]},{"faces":{"east":{"texture":"#0","uv":[1.75,10,2,13]},"north":{"texture":"#0","uv":[1,10,1.25,13]},"south":{"texture":"#0","uv":[1.5,10,1.75,13]},"west":{"texture":"#0","uv":[1.25,10,1.5,13]}},"from":[11.9,11,8],"name":"front right bar","rotation":{"angle":22.5,"axis":"x","origin":[4,12,9]},"to":[12.9,23,9]},{"faces":{"down":{"rotation":90,"texture":"#0","uv":[0.5,10,0.75,12.5]},"east":{"texture":"#0","uv":[0.5,13,0.75,13.25]},"north":{"rotation":90,"texture":"#0","uv":[0.25,10,0.5,12.5]},"south":{"rotation":90,"texture":"#0","uv":[0.75,10,1,12.5]},"up":{"rotation":90,"texture":"#0","uv":[0,10,0.25,12.5]},"west":{"texture":"#0","uv":[0.25,13,0.5,13.25]}},"from":[3.04922,21.64208,12.30624],"name":"upper front bar","rotation":{"angle":0,"axis":"x","origin":[3.6,21.89208,12.55624]},"to":[13.04922,22.64208,13.30624]},{"faces":{"down":{"rotation":90,"texture":"#0","uv":[0.5,10,0.75,12.5]},"east":{"texture":"#0","uv":[0.5,13,0.75,13.25]},"north":{"rotation":90,"texture":"#0","uv":[0.25,10,0.5,12.5]},"south":{"rotation":90,"texture":"#0","uv":[0.75,10,1,12.5]},"up":{"rotation":90,"texture":"#0","uv":[0,10,0.25,12.5]},"west":{"texture":"#0","uv":[0.25,13,0.5,13.25]}},"from":[3.04922,21.64208,20.15624],"name":"upper back bar","rotation":{"angle":0,"axis":"x","origin":[3.54922,21.89208,12.20624]},"to":[13.04922,22.64208,21.15624]},{"faces":{"down":{"rotation":180,"texture":"#0","uv":[0.75,10,1,11.7125]},"east":{"rotation":90,"texture":"#0","uv":[0.5,10,0.75,11.7125]},"up":{"texture":"#0","uv":[0,10,0.25,11.7125]},"west":{"rotation":90,"texture":"#0","uv":[0.25,10,0.5,11.7125]}},"from":[3.04922,21.64208,13.30624],"name":"upper left bar","rotation":{"angle":0,"axis":"y","origin":[3.30703,21.89208,12.55624]},"to":[4.04922,22.64208,20.15624]},{"faces":{"down":{"texture":"#0","uv":[0.75,10,1,11.7125]},"east":{"rotation":90,"texture":"#0","uv":[0.5,10,0.75,11.7125]},"up":{"texture":"#0","uv":[0,10,0.25,11.7125]},"west":{"rotation":90,"texture":"#0","uv":[0.25,10,0.5,11.7125]}},"from":[12.04922,21.64208,13.30624],"name":"upper right bar","rotation":{"angle":0,"axis":"y","origin":[3.64922,21.89208,10.55624]},"to":[13.04922,22.64208,20.15624]},{"faces":{"down":{"texture":"#0","uv":[3.5,0,5.5,1.75]},"east":{"texture":"#missing","uv":[0,0,13.8,1]},"north":{"texture":"#missing","uv":[0,0,15.8,1]},"south":{"texture":"#missing","uv":[0,0,15.8,1]},"up":{"texture":"#0","uv":[3.5,0,5.5,1.75]},"west":{"texture":"#missing","uv":[0,0,13.8,1]}},"from":[4,21.89208,13.30624],"name":"grid","rotation":{"angle":0,"axis":"y","origin":[10.97422,3.64208,13.30624]},"to":[12,22.39208,20.30624]},{"faces":{"east":{"texture":"#0","uv":[1.5,10,1.75,12.75]},"north":{"texture":"#0","uv":[1.75,10,2,12.75]},"south":{"texture":"#0","uv":[1.25,10,1.5,12.75]},"west":{"texture":"#0","uv":[1,10,1.25,12.75]}},"from":[11.95,10.64208,20.15624],"name":"back right bar","rotation":{"angle":0,"axis":"x","origin":[4.05,10.64208,9.65624]},"to":[12.95,21.64208,21.15624]},{"faces":{"east":{"texture":"#0","uv":[1.5,10,1.75,12.75]},"north":{"texture":"#0","uv":[1.75,10,2,12.75]},"south":{"texture":"#0","uv":[1.25,10,1.5,12.75]},"west":{"texture":"#0","uv":[1,10,1.25,12.75]}},"from":[3.1,10.64208,20.15624],"name":"back left bar","rotation":{"angle":0,"axis":"x","origin":[-4.8,10.64208,9.65624]},"to":[4.1,21.64208,21.15624]},{"faces":{"east":{"rotation":270,"texture":"#0","uv":[11,2,13,4.25]},"north":{"texture":"#0","uv":[9,0,11.5,2]},"south":{"texture":"#0","uv":[11.5,0,14,2]},"up":{"texture":"#0","uv":[8.5,2,11,4.25]},"west":{"rotation":270,"texture":"#0","uv":[6.49976,2,8.49974,4.25]}},"from":[3,2.64208,20.40624],"name":"back left bar","rotation":{"angle":0,"axis":"x","origin":[-4.725,10.14208,9.65624]},"to":[13,10.64208,29.40624]},{"faces":{"down":{"texture":"#0","uv":[4.5,1.75,5,2.25]},"east":{"texture":"#0","uv":[3.5,2.25,4,2.75]},"north":{"texture":"#0","uv":[4,2.25,4.5,2.75]},"south":{"texture":"#0","uv":[5,2.25,5.5,2.75]},"up":{"texture":"#0","uv":[4,1.75,4.5,2.25]},"west":{"texture":"#0","uv":[4.5,2.25,5,2.75]}},"from":[4,22.5,13],"rotation":{"angle":0,"axis":"y","origin":[0,0,6]},"to":[6,24.5,15]},{"faces":{"east":{"texture":"#0","uv":[6,0,6.24976,1.49976]},"north":{"texture":"#0","uv":[6.25,0,6.49976,1.49976]},"south":{"texture":"#0","uv":[6.74976,0,6.9995,1.49976]},"up":{"texture":"#0","uv":[6.25,1.49976,6.49976,1.7495]},"west":{"texture":"#0","uv":[6.49976,0,6.7495,1.49976]}},"from":[10,12,4],"rotation":{"angle":0,"axis":"y","origin":[0,0,6]},"to":[11,18,5]},{"faces":{"down":{"texture":"#0","uv":[7.99976,1,8.4995,1.49976]},"east":{"texture":"#0","uv":[7,0,7.49976,1]},"north":{"texture":"#0","uv":[7.5,0,7.99976,1]},"south":{"texture":"#0","uv":[8.5,0,8.99976,1]},"up":{"texture":"#0","uv":[7.5,1,7.99976,1.49976]},"west":{"texture":"#0","uv":[7.99976,0,8.4995,1]}},"from":[9.5,13,3.5],"rotation":{"angle":0,"axis":"y","origin":[-0.25,0,5.75]},"to":[11.5,17,5.5]},{"faces":{"down":{"rotation":270,"texture":"#missing","uv":[0,0,11.91464,3.64694]},"east":{"rotation":90,"texture":"#0","uv":[4.5,9,5.75,9.75]},"north":{"rotation":90,"texture":"#missing","uv":[0,0,4,2]},"south":{"rotation":270,"texture":"#missing","uv":[0,0,4,2]},"up":{"rotation":270,"texture":"#missing","uv":[0,0,20.07032,2]},"west":{"rotation":90,"texture":"#0","uv":[4.5,9,5.75,9.75]}},"from":[0.26344,5.18766,22.04208],"rotation":{"angle":0,"axis":"y","origin":[1.253,5.78047,25.026]},"to":[2.08691,6.37495,27.9994]},{"faces":{"down":{"rotation":270,"texture":"#missing","uv":[0,0,11.93782,3.64694]},"east":{"rotation":90,"texture":"#0","uv":[4.5,9,5.75,9.75]},"north":{"rotation":90,"texture":"#missing","uv":[0,0,4,2]},"south":{"rotation":270,"texture":"#missing","uv":[0,0,4,2]},"up":{"rotation":270,"texture":"#missing","uv":[0,0,20.10938,2]},"west":{"rotation":90,"texture":"#0","uv":[4.5,9,5.75,9.75]}},"from":[0.26344,5.1878,22.04172],"rotation":{"angle":22.5,"axis":"x","origin":[1.253,5.78047,25.026]},"to":[2.08691,6.37509,28.01064]},{"faces":{"down":{"rotation":270,"texture":"#missing","uv":[0,0,2.37458,3.64694]},"east":{"rotation":90,"texture":"#0","uv":[4.5,9,5.75,9.75]},"north":{"rotation":90,"texture":"#missing","uv":[0,0,20.14062,2]},"south":{"rotation":270,"texture":"#missing","uv":[0,0,20.14062,2]},"up":{"rotation":270,"texture":"#missing","uv":[0,0,4,2]},"west":{"rotation":90,"texture":"#0","uv":[4.5,9,5.75,9.75]}},"from":[0.26344,2.7873,24.43317],"rotation":{"angle":-22.5,"axis":"x","origin":[1.253,5.78047,25.026]},"to":[2.08691,8.76549,25.62046]},{"faces":{"down":{"rotation":270,"texture":"#missing","uv":[0,0,11.94246,3.64694]},"east":{"rotation":90,"texture":"#0","uv":[4.5,9,5.75,9.75]},"north":{"rotation":90,"texture":"#missing","uv":[0,0,4,2]},"south":{"rotation":270,"texture":"#missing","uv":[0,0,4,2]},"up":{"rotation":270,"texture":"#missing","uv":[0,0,20.11718,2]},"west":{"rotation":90,"texture":"#0","uv":[4.5,9,5.75,9.75]}},"from":[0.26344,5.18779,22.04133],"rotation":{"angle":45,"axis":"x","origin":[1.253,5.78047,25.026]},"to":[2.08691,6.37508,28.01257]},{"faces":{"down":{"rotation":270,"texture":"#missing","uv":[0,0,2.37458,3.64694]},"east":{"rotation":90,"texture":"#0","uv":[4.5,9,5.75,9.75]},"north":{"rotation":90,"texture":"#missing","uv":[0,0,20.10156,2]},"south":{"rotation":270,"texture":"#missing","uv":[0,0,20.10156,2]},"up":{"rotation":270,"texture":"#missing","uv":[0,0,4,2]},"west":{"rotation":90,"texture":"#0","uv":[4.5,9,5.75,9.75]}},"from":[0.26344,2.79685,24.43289],"rotation":{"angle":0,"axis":"y","origin":[1.253,5.78047,25.026]},"to":[2.08691,8.76345,25.62018]},{"faces":{"down":{"rotation":270,"texture":"#missing","uv":[0,0,2.37458,3.64694]},"east":{"rotation":90,"texture":"#0","uv":[4.5,9,5.75,9.75]},"north":{"rotation":90,"texture":"#missing","uv":[0,0,20.10938,2]},"south":{"rotation":270,"texture":"#missing","uv":[0,0,20.10938,2]},"up":{"rotation":270,"texture":"#missing","uv":[0,0,4,2]},"west":{"rotation":90,"texture":"#0","uv":[4.5,9,5.75,9.75]}},"from":[0.26344,2.79699,24.43253],"rotation":{"angle":22.5,"axis":"x","origin":[1.253,5.78047,25.026]},"to":[2.08691,8.76591,25.61982]},{"faces":{"down":{"rotation":270,"texture":"#missing","uv":[0,0,2.37458,3.64694]},"east":{"rotation":90,"texture":"#0","uv":[4.5,9,5.75,9.75]},"north":{"rotation":90,"texture":"#missing","uv":[0,0,20.10938,2]},"south":{"rotation":270,"texture":"#missing","uv":[0,0,20.10938,2]},"up":{"rotation":270,"texture":"#missing","uv":[0,0,4,2]},"west":{"rotation":90,"texture":"#0","uv":[4.5,9,5.75,9.75]}},"from":[0.26344,2.79698,24.43214],"rotation":{"angle":45,"axis":"x","origin":[1.253,5.78047,25.026]},"to":[2.08691,8.7659,25.61943]},{"faces":{"down":{"rotation":270,"texture":"#missing","uv":[0,0,11.9332,3.64694]},"east":{"rotation":90,"texture":"#0","uv":[4.5,9,5.75,9.75]},"north":{"rotation":90,"texture":"#missing","uv":[0,0,4,2]},"south":{"rotation":270,"texture":"#missing","uv":[0,0,4,2]},"up":{"rotation":270,"texture":"#missing","uv":[0,0,20.10156,2]},"west":{"rotation":90,"texture":"#0","uv":[4.5,9,5.75,9.75]}},"from":[0.26344,5.18739,22.04236],"rotation":{"angle":-22.5,"axis":"x","origin":[1.253,5.78047,25.026]},"to":[2.08691,6.37468,28.00896]},{"faces":{"down":{"rotation":90,"texture":"#missing","uv":[0,0,5.89016,6.72172]},"east":{"rotation":90,"texture":"#0","uv":[4.5,8,5.75,9.75]},"north":{"rotation":180,"texture":"#0","uv":[4.5,6.75,6.25,8]},"south":{"rotation":90,"texture":"#0","uv":[4.5,9,5.75,9.75]},"up":{"rotation":90,"texture":"#missing","uv":[0,0,5,2]},"west":{"rotation":270,"texture":"#0","uv":[4.5,8,5.75,9.75]}},"from":[-1.29118,4.67173,19.10519],"rotation":{"angle":0,"axis":"y","origin":[-1.29118,1.13764,19.10519]},"to":[2.06967,7.0278,22.05027]},{"faces":{"down":{"rotation":90,"texture":"#missing","uv":[0,0,5.89016,6.72172]},"east":{"rotation":90,"texture":"#0","uv":[4.5,8,5.75,9.75]},"north":{"rotation":180,"texture":"#0","uv":[4.5,6.75,6.25,8]},"south":{"rotation":90,"texture":"#0","uv":[4.5,9,5.75,9.75]},"up":{"rotation":90,"texture":"#missing","uv":[0,0,5,2]},"west":{"rotation":270,"texture":"#0","uv":[4.5,8,5.75,9.75]}},"from":[-1.29118,2.63075,19.51117],"rotation":{"angle":-22.5,"axis":"x","origin":[0.38924,3.80878,20.10018]},"to":[2.06967,4.98681,22.45625]},{"faces":{"down":{"texture":"#0","uv":[4.5,6.75,6.25,8]},"east":{"rotation":180,"texture":"#0","uv":[4.5,8,5.75,9.75]},"north":{"rotation":270,"texture":"#missing","uv":[0,0,5,2]},"south":{"rotation":90,"texture":"#missing","uv":[0,0,5,2]},"up":{"rotation":90,"texture":"#0","uv":[4.5,9,5.75,9.75]},"west":{"rotation":180,"texture":"#0","uv":[4.5,8,5.75,9.75]}},"from":[-1.29118,-0.0726,23.84953],"rotation":{"angle":0,"axis":"y","origin":[0.38924,0.51641,25.02756]},"to":[2.06967,2.87248,26.20559]},{"faces":{"down":{"texture":"#0","uv":[4.5,6.75,6.25,8]},"east":{"rotation":180,"texture":"#0","uv":[4.5,8,5.75,9.75]},"north":{"rotation":270,"texture":"#missing","uv":[0,0,5,2]},"south":{"rotation":90,"texture":"#missing","uv":[0,0,5,2]},"up":{"rotation":90,"texture":"#0","uv":[4.5,9,5.75,9.75]},"west":{"rotation":180,"texture":"#0","uv":[4.5,8,5.75,9.75]}},"from":[-1.29118,0.70845,21.9639],"rotation":{"angle":22.5,"axis":"x","origin":[0.38924,1.50045,22.12144]},"to":[2.06967,3.65353,24.31997]},{"faces":{"down":{"rotation":90,"texture":"#missing","uv":[0,0,5.89016,6.72172]},"east":{"rotation":90,"texture":"#0","uv":[4.5,8,5.75,9.75]},"north":{"rotation":180,"texture":"#0","uv":[4.5,6.75,6.25,8]},"south":{"rotation":90,"texture":"#0","uv":[4.5,9,5.75,9.75]},"up":{"rotation":90,"texture":"#missing","uv":[0,0,5,2]},"west":{"rotation":270,"texture":"#0","uv":[4.5,8,5.75,9.75]}},"from":[-1.29118,1.34291,21.32944],"rotation":{"angle":-45,"axis":"x","origin":[0.38924,1.50045,22.12144]},"to":[2.06967,3.69898,24.27452]},{"faces":{"down":{"texture":"#0","uv":[4.5,6.75,6.25,8]},"east":{"rotation":180,"texture":"#0","uv":[4.5,8,5.75,9.75]},"north":{"rotation":270,"texture":"#missing","uv":[0,0,5,2]},"south":{"rotation":90,"texture":"#missing","uv":[0,0,5,2]},"up":{"rotation":90,"texture":"#0","uv":[4.5,9,5.75,9.75]},"west":{"rotation":180,"texture":"#0","uv":[4.5,8,5.75,9.75]}},"from":[-1.29118,-0.75968,23.39044],"rotation":{"angle":-22.5,"axis":"x","origin":[0.38924,6.66023,23.07093]},"to":[2.06967,2.1854,25.7465]},{"faces":{"down":{"texture":"#0","uv":[4.5,6.75,6.25,8]},"east":{"rotation":180,"texture":"#0","uv":[4.5,8,5.75,9.75]},"north":{"rotation":270,"texture":"#missing","uv":[0,0,5,2]},"south":{"rotation":90,"texture":"#missing","uv":[0,0,5,2]},"up":{"rotation":90,"texture":"#0","uv":[4.5,9,5.75,9.75]},"west":{"rotation":180,"texture":"#0","uv":[4.5,8,5.75,9.75]}},"from":[-1.29118,-1.21877,22.70336],"rotation":{"angle":-45,"axis":"x","origin":[0.38924,6.66023,23.07093]},"to":[2.06967,1.72631,25.05943]},{"faces":{"down":{"rotation":90,"texture":"#missing","uv":[0,0,5.89016,6.72172]},"east":{"rotation":270,"texture":"#0","uv":[4.5,8,5.75,9.75]},"north":{"rotation":90,"texture":"#0","uv":[4.5,9,5.75,9.75]},"south":{"texture":"#0","uv":[4.5,6.75,6.25,8]},"up":{"rotation":90,"texture":"#missing","uv":[0,0,5,2]},"west":{"rotation":90,"texture":"#0","uv":[4.5,8,5.75,9.75]}},"from":[-1.29118,3.98466,27.54576],"rotation":{"angle":-22.5,"axis":"x","origin":[0.38924,6.66023,23.07093]},"to":[2.06967,6.34072,30.49084]},{"faces":{"down":{"rotation":90,"texture":"#missing","uv":[0,0,5.89016,6.72172]},"east":{"rotation":270,"texture":"#0","uv":[4.5,8,5.75,9.75]},"north":{"rotation":90,"texture":"#0","uv":[4.5,9,5.75,9.75]},"south":{"texture":"#0","uv":[4.5,6.75,6.25,8]},"up":{"rotation":90,"texture":"#missing","uv":[0,0,5,2]},"west":{"rotation":90,"texture":"#0","uv":[4.5,8,5.75,9.75]}},"from":[-1.29118,4.67173,28.00485],"rotation":{"angle":0,"axis":"y","origin":[0.38924,6.66023,23.07093]},"to":[2.06967,7.0278,30.94993]},{"faces":{"down":{"rotation":90,"texture":"#missing","uv":[0,0,5.89016,6.72172]},"east":{"rotation":270,"texture":"#0","uv":[4.5,8,5.75,9.75]},"north":{"rotation":90,"texture":"#0","uv":[4.5,9,5.75,9.75]},"south":{"texture":"#0","uv":[4.5,6.75,6.25,8]},"up":{"rotation":90,"texture":"#missing","uv":[0,0,5,2]},"west":{"rotation":90,"texture":"#0","uv":[4.5,8,5.75,9.75]}},"from":[-1.29118,5.48219,28.16606],"rotation":{"angle":22.5,"axis":"x","origin":[0.38924,6.66023,23.07093]},"to":[2.06967,7.83826,31.11114]},{"faces":{"down":{"rotation":90,"texture":"#0","uv":[4.5,9,5.75,9.75]},"east":{"texture":"#0","uv":[4.5,8,5.75,9.75]},"north":{"rotation":270,"texture":"#missing","uv":[0,0,5,2]},"south":{"rotation":90,"texture":"#missing","uv":[0,0,5,2]},"up":{"texture":"#0","uv":[4.5,6.75,6.25,8]},"west":{"texture":"#0","uv":[4.5,8,5.75,9.75]}},"from":[-1.29118,8.82705,25.73515],"rotation":{"angle":22.5,"axis":"x","origin":[0.38924,10.5896,25.97037]},"to":[2.06967,11.77213,28.09121]},{"faces":{"down":{"rotation":90,"texture":"#0","uv":[4.5,9,5.75,9.75]},"east":{"texture":"#0","uv":[4.5,8,5.75,9.75]},"north":{"rotation":270,"texture":"#missing","uv":[0,0,5,2]},"south":{"rotation":90,"texture":"#missing","uv":[0,0,5,2]},"up":{"texture":"#0","uv":[4.5,6.75,6.25,8]},"west":{"texture":"#0","uv":[4.5,8,5.75,9.75]}},"from":[-1.29118,8.82705,23.84953],"rotation":{"angle":0,"axis":"y","origin":[0.38924,10.5896,25.97037]},"to":[2.06967,11.77213,26.20559]},{"faces":{"down":{"rotation":90,"texture":"#0","uv":[4.5,9,5.75,9.75]},"east":{"texture":"#0","uv":[4.5,8,5.75,9.75]},"north":{"rotation":270,"texture":"#missing","uv":[0,0,5,2]},"south":{"rotation":90,"texture":"#missing","uv":[0,0,5,2]},"up":{"texture":"#0","uv":[4.5,6.75,6.25,8]},"west":{"texture":"#0","uv":[4.5,8,5.75,9.75]}},"from":[-1.29118,9.54865,22.10744],"rotation":{"angle":-22.5,"axis":"x","origin":[0.38924,10.5896,25.97037]},"to":[2.06967,12.49373,24.4635]},{"faces":{"down":{"rotation":90,"texture":"#0","uv":[4.5,9,5.75,9.75]},"east":{"texture":"#0","uv":[4.5,8,5.75,9.75]},"north":{"rotation":270,"texture":"#missing","uv":[0,0,5,2]},"south":{"rotation":90,"texture":"#missing","uv":[0,0,5,2]},"up":{"texture":"#0","uv":[4.5,6.75,6.25,8]},"west":{"texture":"#0","uv":[4.5,8,5.75,9.75]}},"from":[-1.29118,8.10545,20.22181],"rotation":{"angle":-45,"axis":"x","origin":[0.38924,9.868,22.34266]},"to":[2.06967,11.05053,22.57788]},{"faces":{"down":{"rotation":90,"texture":"#missing","uv":[0,0,5.89016,6.72172]},"east":{"rotation":90,"texture":"#0","uv":[4.5,8,5.75,9.75]},"north":{"rotation":180,"texture":"#0","uv":[4.5,6.75,6.25,8]},"south":{"rotation":90,"texture":"#0","uv":[4.5,9,5.75,9.75]},"up":{"rotation":90,"texture":"#missing","uv":[0,0,5,2]},"west":{"rotation":270,"texture":"#0","uv":[4.5,8,5.75,9.75]}},"from":[-1.29118,6.00507,20.43853],"rotation":{"angle":22.5,"axis":"x","origin":[0.38924,9.868,22.34266]},"to":[2.06967,8.36113,23.38361]},{"faces":{"down":{"rotation":90,"texture":"#missing","uv":[0,0,5.89016,6.72172]},"east":{"rotation":270,"texture":"#0","uv":[4.5,8,5.75,9.75]},"north":{"rotation":90,"texture":"#0","uv":[4.5,9,5.75,9.75]},"south":{"texture":"#0","uv":[4.5,6.75,6.25,8]},"up":{"rotation":90,"texture":"#missing","uv":[0,0,5,2]},"west":{"rotation":90,"texture":"#0","uv":[4.5,8,5.75,9.75]}},"from":[-1.29118,6.72667,24.92942],"rotation":{"angle":-45,"axis":"x","origin":[0.38924,10.5896,25.97037]},"to":[2.06967,9.08273,27.8745]},{"faces":{"down":{"rotation":90,"texture":"#0","uv":[9.25,4.25,9.5,8.25]},"east":{"texture":"#0","uv":[9,4.25,9.25,4.5]},"north":{"rotation":90,"texture":"#0","uv":[9.25,4.25,9.5,8.25]},"south":{"rotation":90,"texture":"#0","uv":[9.25,4.25,9.5,8.25]},"up":{"rotation":90,"texture":"#0","uv":[9.25,4.25,9.5,8.25]},"west":{"texture":"#0","uv":[9,4.25,9.25,4.5]}},"from":[0,3.75,1.5],"rotation":{"angle":0,"axis":"y","origin":[0,0,6]},"to":[16,4.75,2.5]},{"faces":{"down":{"rotation":90,"texture":"#0","uv":[9.25,4.25,9.5,8.25]},"east":{"texture":"#0","uv":[9,4.25,9.25,4.5]},"north":{"rotation":90,"texture":"#0","uv":[9.25,4.25,9.5,8.25]},"south":{"rotation":90,"texture":"#0","uv":[9.25,4.25,9.5,8.25]},"up":{"rotation":90,"texture":"#0","uv":[9.25,4.25,9.5,8.25]},"west":{"texture":"#0","uv":[9,4.25,9.25,4.5]}},"from":[0,5.25,24.5],"rotation":{"angle":0,"axis":"y","origin":[0,0,6]},"to":[16,6.25,25.5]},{"faces":{"east":{"texture":"#0","uv":[2,10,3,11]},"north":{"texture":"#0","uv":[3,10,4,11]},"south":{"texture":"#0","uv":[5,10,6,11]},"west":{"texture":"#0","uv":[4,10,5,11]}},"from":[6,4,16],"rotation":{"angle":0,"axis":"y","origin":[0,0,6]},"to":[10,8,20]},{"faces":{"down":{"texture":"#0","uv":[4.25,11,6.25,12.5]},"east":{"rotation":90,"texture":"#0","uv":[6.25,11,6.5,12.5]},"north":{"texture":"#0","uv":[2,12.5,4,12.75]},"south":{"texture":"#0","uv":[4.25,12.5,6.25,12.75]},"up":{"texture":"#0","uv":[2,11,4,12.5]},"west":{"rotation":90,"texture":"#0","uv":[4,11,4.25,12.5]}},"from":[4,8,14],"rotation":{"angle":0,"axis":"y","origin":[-0.25,0,6]},"to":[12,9,20]},{"faces":{"down":{"rotation":180,"texture":"#missing","uv":[0,0,15,2]},"east":{"rotation":180,"texture":"#0","uv":[4,12.75,4.24976,14.49974]},"north":{"rotation":180,"texture":"#0","uv":[2,12.74976,3.99976,14.4995]},"south":{"texture":"#0","uv":[4.5,12.74976,6.49976,14.4995]},"up":{"texture":"#0","uv":[2,14.5,4,14.75]},"west":{"rotation":180,"texture":"#0","uv":[6.25,12.75,6.5,14.5]}},"from":[4,9,19],"rotation":{"angle":0,"axis":"x","origin":[7.75,8.5,17.5]},"to":[12,16,20]},{"faces":{"down":{"texture":"#0","uv":[9,4.25,9.25,5]},"east":{"texture":"#0","uv":[9,4.25,9.25,5]},"up":{"texture":"#0","uv":[9,4.25,9.25,5]},"west":{"texture":"#0","uv":[9,4.25,9.25,5]}},"from":[7.5,11.5,8],"rotation":{"angle":-22.5,"axis":"x","origin":[8,12.5,9.5]},"to":[8.5,12.5,11]},{"faces":{"down":{"texture":"#0","uv":[9,4.25,9.25,5]},"east":{"texture":"#missing","uv":[0,0,0.6,2]},"north":{"texture":"#0","uv":[9,4.25,9.25,5]},"south":{"texture":"#0","uv":[9,4.25,9.25,5]},"up":{"texture":"#0","uv":[9,4.25,9.25,5]},"west":{"texture":"#missing","uv":[0,0,0.6,2]}},"from":[6.5,11.5,11],"rotation":{"angle":-22.5,"axis":"x","origin":[8,12.5,9.5]},"to":[9.5,12.5,11.3]},{"faces":{"down":{"texture":"#0","uv":[9,4.25,9.25,5]},"east":{"texture":"#0","uv":[9,4.25,9.25,5]},"north":{"texture":"#0","uv":[9,4.25,9.25,5]},"south":{"texture":"#0","uv":[9,4.25,9.25,5]},"up":{"texture":"#0","uv":[9,4.25,9.25,5]},"west":{"texture":"#0","uv":[9,4.25,9.25,5]}},"from":[5.5,10.70776,11.05813],"rotation":{"angle":-22.5,"axis":"x","origin":[5,12.70776,11.30813]},"to":[6.5,14.70776,11.55813]},{"faces":{"down":{"texture":"#0","uv":[9,4.25,9.25,5]},"east":{"texture":"#0","uv":[9,4.25,9.25,5]},"north":{"texture":"#0","uv":[9,4.25,9.25,5]},"south":{"texture":"#0","uv":[9,4.25,9.25,5]},"up":{"texture":"#0","uv":[9,4.25,9.25,5]},"west":{"texture":"#0","uv":[9,4.25,9.25,5]}},"from":[9.5,10.70776,11.05813],"rotation":{"angle":-22.5,"axis":"x","origin":[5,12.70776,11.30813]},"to":[10.5,14.70776,11.55813]},{"faces":{"down":{"texture":"#0","uv":[9,4.25,9.25,5]},"east":{"texture":"#missing","uv":[0,0,1,2]},"north":{"texture":"#0","uv":[9,4.25,9.25,5]},"south":{"texture":"#0","uv":[9,4.25,9.25,5]},"up":{"texture":"#0","uv":[9,4.25,9.25,5]},"west":{"texture":"#missing","uv":[0,0,1,2]}},"from":[6.5,13.70776,11.05813],"rotation":{"angle":-22.5,"axis":"x","origin":[5,12.70776,11.30813]},"to":[9.5,14.70776,11.55813]},{"faces":{"down":{"texture":"#0","uv":[9,4.25,9.25,5]},"east":{"texture":"#missing","uv":[0,0,1,2]},"north":{"texture":"#0","uv":[9,4.25,9.25,5]},"south":{"texture":"#0","uv":[9,4.25,9.25,5]},"up":{"texture":"#0","uv":[9,4.25,9.25,5]},"west":{"texture":"#missing","uv":[0,0,1,2]}},"from":[6.5,10.70776,11.05813],"rotation":{"angle":-22.5,"axis":"x","origin":[5,12.70776,11.30813]},"to":[9.5,11.70776,11.55813]},{"faces":{"down":{"rotation":90,"texture":"#0","uv":[2.75,0.5,2.9199,2.04298]},"east":{"rotation":90,"texture":"#0","uv":[2.75,0.5,2.9199,2.04298]},"north":{"rotation":90,"texture":"#0","uv":[2.75,0.5,2.9199,2.04298]},"south":{"rotation":90,"texture":"#0","uv":[2.75,0.5,2.9199,2.04298]},"up":{"rotation":90,"texture":"#0","uv":[2.75,0.5,2.9199,2.04298]},"west":{"rotation":90,"texture":"#0","uv":[2.75,0.5,2.9199,2.04298]}},"from":[1,3.88725,-13.29375],"rotation":{"angle":-45,"axis":"x","origin":[1.5,3.95365,-7.35234]},"to":[1.3,4.56693,-7.12187]},{"faces":{"down":{"texture":"#missing","uv":[0,0,0.6,5.64062]},"east":{"rotation":270,"texture":"#0","uv":[3,1,3.34278,1.70508]},"north":{"rotation":180,"texture":"#missing","uv":[0,0,0.6,2.74218]},"south":{"texture":"#missing","uv":[0,0,0.6,2.74218]},"up":{"rotation":180,"texture":"#0","uv":[3,1,3.34278,1.70508]},"west":{"rotation":90,"texture":"#0","uv":[3,1,3.34278,1.70508]}},"from":[1,3.19584,-11.52031],"rotation":{"angle":-45,"axis":"x","origin":[1.5,3.95365,-7.35234]},"to":[1.3,4.56693,-8.7]},{"faces":{"down":{"rotation":90,"texture":"#0","uv":[2.75,2.04298,2.9199,0.5]},"east":{"rotation":90,"texture":"#0","uv":[2.75,2.04298,2.9199,0.5]},"north":{"rotation":90,"texture":"#0","uv":[2.75,2.04298,2.9199,0.5]},"south":{"rotation":90,"texture":"#0","uv":[2.75,2.04298,2.9199,0.5]},"up":{"rotation":90,"texture":"#0","uv":[2.75,2.04298,2.9199,0.5]},"west":{"rotation":90,"texture":"#0","uv":[2.75,2.04298,2.9199,0.5]}},"from":[14.7,3.88725,-13.29375],"rotation":{"angle":-45,"axis":"x","origin":[14.5,3.95365,-7.35234]},"to":[15,4.56693,-7.12187]},{"faces":{"down":{"texture":"#missing","uv":[0.6,0,0,5.64062]},"east":{"rotation":90,"texture":"#0","uv":[3,1.70508,3.34278,1]},"north":{"rotation":180,"texture":"#missing","uv":[0.6,0,0,2.74218]},"south":{"texture":"#missing","uv":[0.6,0,0,2.74218]},"up":{"rotation":180,"texture":"#0","uv":[3.34278,1,3,1.70508]},"west":{"rotation":270,"texture":"#0","uv":[3,1.70508,3.34278,1]}},"from":[14.7,3.19584,-11.52031],"rotation":{"angle":-45,"axis":"x","origin":[14.5,3.95365,-7.35234]},"to":[15,4.56693,-8.7]},{"faces":{"down":{"texture":"#missing","uv":[0,0,28,2]},"east":{"texture":"#0","uv":[0,0,0.25,1.5]},"north":{"texture":"#0","uv":[0,0,3.5,1.5]},"south":{"texture":"#0","uv":[0,0,3.5,1.5]},"up":{"texture":"#0","uv":[0,0,3.5,0.25]},"west":{"texture":"#0","uv":[0,0,0.25,1.5]}},"from":[1,2,-9.4],"rotation":{"angle":22.5,"axis":"x","origin":[8,0.58652,-10.75635]},"to":[15,8,-8.4]},{"faces":{"down":{"texture":"#missing","uv":[0,0,28,2]},"east":{"texture":"#0","uv":[0,0,0.25,0.5]},"north":{"texture":"#0","uv":[0,0,3.5,0.5]},"south":{"texture":"#0","uv":[0,0,3.5,0.5]},"up":{"texture":"#0","uv":[0,0,3.5,0.25]},"west":{"texture":"#0","uv":[0,0,0.25,0.5]}},"from":[1,6.49693,-6.66561],"rotation":{"angle":0,"axis":"x","origin":[8,9.49693,-5.05624]},"to":[15,8.49693,-5.66561]},{"faces":{"down":{"texture":"#0","uv":[0,1.5,3.5,2.25]},"east":{"rotation":270,"texture":"#0","uv":[0.5,0.25,0.6875,1]},"north":{"rotation":180,"texture":"#0","uv":[0,2.5,3.5,2.75]},"south":{"texture":"#missing","uv":[0,0,28,1.5]},"up":{"rotation":180,"texture":"#0","uv":[0,1.25,3.5,2]},"west":{"rotation":90,"texture":"#0","uv":[0.5,0.25,0.6875,1]}},"from":[1,-0.0145,-11.06052],"rotation":{"angle":-22.5,"axis":"x","origin":[8,0.58652,-10.75635]},"to":[15,0.7355,-8.06052]},{"faces":{"down":{"texture":"#0","uv":[0,2.5,0.25,2.75]},"east":{"rotation":270,"texture":"#0","uv":[0,2.25,0.25,2.5]},"north":{"rotation":180,"texture":"#0","uv":[0,2.5,0.25,2.75]},"south":{"texture":"#missing","uv":[0,0,2,1.5]},"up":{"rotation":180,"texture":"#0","uv":[0,2.25,0.25,2.5]},"west":{"rotation":90,"texture":"#0","uv":[0,2.5,0.25,2.75]}},"from":[14,-0.0145,-12.06052],"rotation":{"angle":-22.5,"axis":"x","origin":[8,0.58652,-10.75635]},"to":[15,0.7355,-11.06052]},{"faces":{"down":{"texture":"#0","uv":[0.5,2.25,0.75,2.5]},"east":{"rotation":270,"texture":"#0","uv":[0.5,2.5,0.75,2.75]},"north":{"rotation":180,"texture":"#0","uv":[0.5,2.5,0.75,2.75]},"south":{"texture":"#missing","uv":[0,0,2,1.5]},"up":{"rotation":180,"texture":"#0","uv":[0.5,2.25,0.75,2.5]},"west":{"rotation":90,"texture":"#0","uv":[0.5,2.5,0.75,2.75]}},"from":[12,-0.0145,-12.06052],"rotation":{"angle":-22.5,"axis":"x","origin":[8,0.58652,-10.75635]},"to":[13,0.7355,-11.06052]},{"faces":{"down":{"texture":"#0","uv":[1,2.5,1.25,2.75]},"east":{"rotation":270,"texture":"#0","uv":[1,2.5,1.25,2.75]},"north":{"rotation":180,"texture":"#0","uv":[1,2.5,1.25,2.75]},"south":{"texture":"#0","uv":[0,0,2,1.5]},"up":{"rotation":180,"texture":"#0","uv":[1,2.25,1.25,2.5]},"west":{"rotation":90,"texture":"#0","uv":[1,2.5,1.25,2.75]}},"from":[10,-0.0145,-12.06052],"rotation":{"angle":-22.5,"axis":"x","origin":[8,0.58652,-10.75635]},"to":[11,0.7355,-11.06052]},{"faces":{"down":{"texture":"#0","uv":[1.5,2.5,2,2.75]},"east":{"rotation":270,"texture":"#0","uv":[1.5,2.5,1.75,2.75]},"north":{"rotation":180,"texture":"#0","uv":[1.5,2.5,2,2.75]},"south":{"texture":"#0","uv":[0,0,4,1.5]},"up":{"rotation":180,"texture":"#0","uv":[1.5,2.25,2,2.5]},"west":{"rotation":90,"texture":"#0","uv":[1.75,2.5,2,2.75]}},"from":[7,-0.0145,-12.06052],"rotation":{"angle":-22.5,"axis":"x","origin":[8,0.58652,-10.75635]},"to":[9,0.7355,-11.06052]},{"faces":{"down":{"texture":"#0","uv":[2.25,2.5,2.5,2.75]},"east":{"rotation":270,"texture":"#0","uv":[2.25,2.5,2.5,2.75]},"north":{"rotation":180,"texture":"#0","uv":[2.25,2.5,2.5,2.75]},"south":{"texture":"#missing","uv":[0,0,2,1.5]},"up":{"rotation":180,"texture":"#0","uv":[2.25,2.25,2.5,2.5]},"west":{"rotation":90,"texture":"#0","uv":[2.25,2.5,2.5,2.75]}},"from":[5,-0.0145,-12.06052],"rotation":{"angle":-22.5,"axis":"x","origin":[8,0.58652,-10.75635]},"to":[6,0.7355,-11.06052]},{"faces":{"down":{"texture":"#0","uv":[2.75,2.25,3,2.5]},"east":{"rotation":270,"texture":"#0","uv":[2.75,2.5,3,2.75]},"north":{"rotation":180,"texture":"#0","uv":[2.75,2.5,3,2.75]},"south":{"texture":"#missing","uv":[0,0,2,1.5]},"up":{"rotation":180,"texture":"#0","uv":[2.75,2.25,3,2.5]},"west":{"rotation":90,"texture":"#0","uv":[2.75,2.5,3,2.75]}},"from":[3,-0.0145,-12.06052],"rotation":{"angle":-22.5,"axis":"x","origin":[8,0.58652,-10.75635]},"to":[4,0.7355,-11.06052]},{"faces":{"down":{"texture":"#0","uv":[3.25,2.25,3.5,2.5]},"east":{"rotation":270,"texture":"#0","uv":[3.25,2.5,3.5,2.75]},"north":{"rotation":180,"texture":"#0","uv":[3.25,2.5,3.5,2.75]},"south":{"texture":"#missing","uv":[0,0,2,1.5]},"up":{"rotation":180,"texture":"#0","uv":[3.25,2.25,3.5,2.5]},"west":{"rotation":90,"texture":"#0","uv":[3.25,2.5,3.5,2.75]}},"from":[1,-0.0145,-12.06052],"rotation":{"angle":-22.5,"axis":"x","origin":[8,0.58652,-10.75635]},"to":[2,0.7355,-11.06052]},{"faces":{"down":{"texture":"#0","uv":[1.25,6,1.5,6.75]},"east":{"rotation":90,"texture":"#0","uv":[1.75,6,2,6.75]},"north":{"texture":"#0","uv":[1.75,5.75,1.5,6]},"south":{"texture":"#0","uv":[1.5,5.75,1.25,6]},"up":{"texture":"#0","uv":[1,6,1.25,6.75]},"west":{"rotation":90,"texture":"#0","uv":[1.5,6,1.75,6.75]}},"from":[13,10,-1],"rotation":{"angle":0,"axis":"y","origin":[14,10,1]},"to":[14,11,2]},{"faces":{"down":{"rotation":180,"texture":"#0","uv":[0.75,6,1,6.75]},"east":{"rotation":90,"texture":"#0","uv":[0.5,6,0.75,6.75]},"north":{"texture":"#0","uv":[0.5,5.75,0.75,6]},"south":{"texture":"#0","uv":[0.25,5.75,0.5,6]},"up":{"rotation":180,"texture":"#0","uv":[0.25,6,0.5,6.75]},"west":{"rotation":90,"texture":"#0","uv":[0,6,0.25,6.75]}},"from":[2,10,-1],"rotation":{"angle":0,"axis":"y","origin":[2,10,1]},"to":[3,11,2]},{"faces":{"down":{"texture":"#0","uv":[1.75,3.25,2,5.65]},"east":{"rotation":90,"texture":"#0","uv":[1.5,3.25,1.75,5.65]},"north":{"texture":"#0","uv":[1.25,3,1.5,3.25]},"south":{"texture":"#0","uv":[1.5,3,1.75,3.25]},"up":{"texture":"#0","uv":[1,3.25,1.25,5.65]},"west":{"rotation":90,"texture":"#0","uv":[1.25,3.25,1.5,5.65]}},"from":[2,10.20313,-10.08984],"rotation":{"angle":-45,"axis":"x","origin":[2.5,10.5,-0.5]},"to":[3,11.20313,-0.48984]},{"faces":{"down":{"texture":"#0","uv":[1,3.25,0.75,5.65]},"east":{"rotation":90,"texture":"#0","uv":[0.25,5.65,0.5,3.25]},"north":{"texture":"#0","uv":[0.5,3,0.25,3.25]},"south":{"texture":"#0","uv":[0.75,3,0.5,3.25]},"up":{"texture":"#0","uv":[0.25,3.25,0,5.65]},"west":{"rotation":90,"texture":"#0","uv":[0.5,5.65,0.75,3.25]}},"from":[13,10.20313,-10.08984],"rotation":{"angle":-45,"axis":"x","origin":[13.5,10.5,-0.5]},"to":[14,11.20313,-0.48984]},{"faces":{"down":{"rotation":270,"texture":"#missing","uv":[0,3.64694,11.91464,0]},"east":{"rotation":90,"texture":"#0","uv":[4.5,9.75,5.75,9]},"north":{"rotation":90,"texture":"#missing","uv":[0,2,4,0]},"south":{"rotation":270,"texture":"#missing","uv":[0,2,4,0]},"up":{"rotation":270,"texture":"#missing","uv":[0,2,20.07032,0]},"west":{"rotation":90,"texture":"#0","uv":[4.5,9.75,5.75,9]}},"from":[13.91309,5.18766,22.04208],"rotation":{"angle":0,"axis":"y","origin":[14.747,5.78047,25.026]},"to":[15.73656,6.37495,27.9994]},{"faces":{"down":{"rotation":270,"texture":"#missing","uv":[0,3.64694,11.93782,0]},"east":{"rotation":90,"texture":"#0","uv":[4.5,9.75,5.75,9]},"north":{"rotation":90,"texture":"#missing","uv":[0,2,4,0]},"south":{"rotation":270,"texture":"#missing","uv":[0,2,4,0]},"up":{"rotation":270,"texture":"#missing","uv":[0,2,20.10938,0]},"west":{"rotation":90,"texture":"#0","uv":[4.5,9.75,5.75,9]}},"from":[13.91309,5.1878,22.04172],"rotation":{"angle":22.5,"axis":"x","origin":[14.747,5.78047,25.026]},"to":[15.73656,6.37509,28.01064]},{"faces":{"down":{"rotation":270,"texture":"#missing","uv":[0,3.64694,2.37458,0]},"east":{"rotation":90,"texture":"#0","uv":[4.5,9.75,5.75,9]},"north":{"rotation":90,"texture":"#missing","uv":[0,2,20.14062,0]},"south":{"rotation":270,"texture":"#missing","uv":[0,2,20.14062,0]},"up":{"rotation":270,"texture":"#missing","uv":[0,2,4,0]},"west":{"rotation":90,"texture":"#0","uv":[4.5,9.75,5.75,9]}},"from":[13.91309,2.7873,24.43317],"rotation":{"angle":-22.5,"axis":"x","origin":[14.747,5.78047,25.026]},"to":[15.73656,8.76549,25.62046]},{"faces":{"down":{"rotation":270,"texture":"#missing","uv":[0,3.64694,11.94246,0]},"east":{"rotation":90,"texture":"#0","uv":[4.5,9.75,5.75,9]},"north":{"rotation":90,"texture":"#missing","uv":[0,2,4,0]},"south":{"rotation":270,"texture":"#missing","uv":[0,2,4,0]},"up":{"rotation":270,"texture":"#missing","uv":[0,2,20.11718,0]},"west":{"rotation":90,"texture":"#0","uv":[4.5,9.75,5.75,9]}},"from":[13.91309,5.18779,22.04133],"rotation":{"angle":45,"axis":"x","origin":[14.747,5.78047,25.026]},"to":[15.73656,6.37508,28.01257]},{"faces":{"down":{"rotation":270,"texture":"#missing","uv":[0,3.64694,2.37458,0]},"east":{"rotation":90,"texture":"#0","uv":[4.5,9.75,5.75,9]},"north":{"rotation":90,"texture":"#missing","uv":[0,2,20.10156,0]},"south":{"rotation":270,"texture":"#missing","uv":[0,2,20.10156,0]},"up":{"rotation":270,"texture":"#missing","uv":[0,2,4,0]},"west":{"rotation":90,"texture":"#0","uv":[4.5,9.75,5.75,9]}},"from":[13.91309,2.79685,24.43289],"rotation":{"angle":0,"axis":"y","origin":[14.747,5.78047,25.026]},"to":[15.73656,8.76345,25.62018]},{"faces":{"down":{"rotation":270,"texture":"#missing","uv":[0,3.64694,2.37458,0]},"east":{"rotation":90,"texture":"#0","uv":[4.5,9.75,5.75,9]},"north":{"rotation":90,"texture":"#missing","uv":[0,2,20.10938,0]},"south":{"rotation":270,"texture":"#missing","uv":[0,2,20.10938,0]},"up":{"rotation":270,"texture":"#missing","uv":[0,2,4,0]},"west":{"rotation":90,"texture":"#0","uv":[4.5,9.75,5.75,9]}},"from":[13.91309,2.79699,24.43253],"rotation":{"angle":22.5,"axis":"x","origin":[14.747,5.78047,25.026]},"to":[15.73656,8.76591,25.61982]},{"faces":{"down":{"rotation":270,"texture":"#missing","uv":[0,3.64694,2.37458,0]},"east":{"rotation":90,"texture":"#0","uv":[4.5,9.75,5.75,9]},"north":{"rotation":90,"texture":"#missing","uv":[0,2,20.10938,0]},"south":{"rotation":270,"texture":"#missing","uv":[0,2,20.10938,0]},"up":{"rotation":270,"texture":"#missing","uv":[0,2,4,0]},"west":{"rotation":90,"texture":"#0","uv":[4.5,9.75,5.75,9]}},"from":[13.91309,2.79698,24.43214],"rotation":{"angle":45,"axis":"x","origin":[14.747,5.78047,25.026]},"to":[15.73656,8.7659,25.61943]},{"faces":{"down":{"rotation":270,"texture":"#missing","uv":[0,3.64694,11.9332,0]},"east":{"rotation":90,"texture":"#0","uv":[4.5,9.75,5.75,9]},"north":{"rotation":90,"texture":"#missing","uv":[0,2,4,0]},"south":{"rotation":270,"texture":"#missing","uv":[0,2,4,0]},"up":{"rotation":270,"texture":"#missing","uv":[0,2,20.10156,0]},"west":{"rotation":90,"texture":"#0","uv":[4.5,9.75,5.75,9]}},"from":[13.91309,5.18739,22.04236],"rotation":{"angle":-22.5,"axis":"x","origin":[14.747,5.78047,25.026]},"to":[15.73656,6.37468,28.00896]},{"faces":{"down":{"rotation":90,"texture":"#missing","uv":[0,6.72172,5.89016,0]},"east":{"rotation":270,"texture":"#0","uv":[4.5,9.75,5.75,8]},"north":{"rotation":180,"texture":"#0","uv":[6.25,6.75,4.5,8]},"south":{"rotation":90,"texture":"#0","uv":[4.5,9.75,5.75,9]},"up":{"rotation":90,"texture":"#missing","uv":[0,2,5,0]},"west":{"rotation":90,"texture":"#0","uv":[4.5,9.75,5.75,8]}},"from":[13.93033,4.67173,19.10519],"rotation":{"angle":0,"axis":"y","origin":[17.29118,1.13764,19.10519]},"to":[17.29118,7.0278,22.05027]},{"faces":{"down":{"rotation":90,"texture":"#missing","uv":[0,6.72172,5.89016,0]},"east":{"rotation":270,"texture":"#0","uv":[4.5,9.75,5.75,8]},"north":{"rotation":180,"texture":"#0","uv":[6.25,6.75,4.5,8]},"south":{"rotation":90,"texture":"#0","uv":[4.5,9.75,5.75,9]},"up":{"rotation":90,"texture":"#missing","uv":[0,2,5,0]},"west":{"rotation":90,"texture":"#0","uv":[4.5,9.75,5.75,8]}},"from":[13.93033,2.63075,19.51117],"rotation":{"angle":-22.5,"axis":"x","origin":[15.61076,3.80878,20.10018]},"to":[17.29118,4.98681,22.45625]},{"faces":{"down":{"texture":"#0","uv":[6.25,6.75,4.5,8]},"east":{"rotation":180,"texture":"#0","uv":[5.75,8,4.5,9.75]},"north":{"rotation":270,"texture":"#missing","uv":[0,2,5,0]},"south":{"rotation":90,"texture":"#missing","uv":[0,2,5,0]},"up":{"rotation":90,"texture":"#0","uv":[4.5,9.75,5.75,9]},"west":{"rotation":180,"texture":"#0","uv":[5.75,8,4.5,9.75]}},"from":[13.93033,-0.0726,23.84953],"rotation":{"angle":0,"axis":"y","origin":[15.61076,0.51641,25.02756]},"to":[17.29118,2.87248,26.20559]},{"faces":{"down":{"texture":"#0","uv":[6.25,6.75,4.5,8]},"east":{"rotation":180,"texture":"#0","uv":[5.75,8,4.5,9.75]},"north":{"rotation":270,"texture":"#missing","uv":[0,2,5,0]},"south":{"rotation":90,"texture":"#missing","uv":[0,2,5,0]},"up":{"rotation":90,"texture":"#0","uv":[4.5,9.75,5.75,9]},"west":{"rotation":180,"texture":"#0","uv":[5.75,8,4.5,9.75]}},"from":[13.93033,0.70845,21.9639],"rotation":{"angle":22.5,"axis":"x","origin":[15.61076,1.50045,22.12144]},"to":[17.29118,3.65353,24.31997]},{"faces":{"down":{"rotation":90,"texture":"#missing","uv":[0,6.72172,5.89016,0]},"east":{"rotation":270,"texture":"#0","uv":[4.5,9.75,5.75,8]},"north":{"rotation":180,"texture":"#0","uv":[6.25,6.75,4.5,8]},"south":{"rotation":90,"texture":"#0","uv":[4.5,9.75,5.75,9]},"up":{"rotation":90,"texture":"#missing","uv":[0,2,5,0]},"west":{"rotation":90,"texture":"#0","uv":[4.5,9.75,5.75,8]}},"from":[13.93033,1.34291,21.32944],"rotation":{"angle":-45,"axis":"x","origin":[15.61076,1.50045,22.12144]},"to":[17.29118,3.69898,24.27452]},{"faces":{"down":{"texture":"#0","uv":[6.25,6.75,4.5,8]},"east":{"rotation":180,"texture":"#0","uv":[5.75,8,4.5,9.75]},"north":{"rotation":270,"texture":"#missing","uv":[0,2,5,0]},"south":{"rotation":90,"texture":"#missing","uv":[0,2,5,0]},"up":{"rotation":90,"texture":"#0","uv":[4.5,9.75,5.75,9]},"west":{"rotation":180,"texture":"#0","uv":[5.75,8,4.5,9.75]}},"from":[13.93033,-0.75968,23.39044],"rotation":{"angle":-22.5,"axis":"x","origin":[15.61076,6.66023,23.07093]},"to":[17.29118,2.1854,25.7465]},{"faces":{"down":{"texture":"#0","uv":[6.25,6.75,4.5,8]},"east":{"rotation":180,"texture":"#0","uv":[5.75,8,4.5,9.75]},"north":{"rotation":270,"texture":"#missing","uv":[0,2,5,0]},"south":{"rotation":90,"texture":"#missing","uv":[0,2,5,0]},"up":{"rotation":90,"texture":"#0","uv":[4.5,9.75,5.75,9]},"west":{"rotation":180,"texture":"#0","uv":[5.75,8,4.5,9.75]}},"from":[13.93033,-1.21877,22.70336],"rotation":{"angle":-45,"axis":"x","origin":[15.61076,6.66023,23.07093]},"to":[17.29118,1.72631,25.05943]},{"faces":{"down":{"rotation":90,"texture":"#missing","uv":[0,6.72172,5.89016,0]},"east":{"rotation":90,"texture":"#0","uv":[4.5,9.75,5.75,8]},"north":{"rotation":90,"texture":"#0","uv":[4.5,9.75,5.75,9]},"south":{"texture":"#0","uv":[6.25,6.75,4.5,8]},"up":{"rotation":90,"texture":"#missing","uv":[0,2,5,0]},"west":{"rotation":270,"texture":"#0","uv":[4.5,9.75,5.75,8]}},"from":[13.93033,3.98466,27.54576],"rotation":{"angle":-22.5,"axis":"x","origin":[15.61076,6.66023,23.07093]},"to":[17.29118,6.34072,30.49084]},{"faces":{"down":{"rotation":90,"texture":"#missing","uv":[0,6.72172,5.89016,0]},"east":{"rotation":90,"texture":"#0","uv":[4.5,9.75,5.75,8]},"north":{"rotation":90,"texture":"#0","uv":[4.5,9.75,5.75,9]},"south":{"texture":"#0","uv":[6.25,6.75,4.5,8]},"up":{"rotation":90,"texture":"#missing","uv":[0,2,5,0]},"west":{"rotation":270,"texture":"#0","uv":[4.5,9.75,5.75,8]}},"from":[13.93033,4.67173,28.00485],"rotation":{"angle":0,"axis":"y","origin":[15.61076,6.66023,23.07093]},"to":[17.29118,7.0278,30.94993]},{"faces":{"down":{"rotation":90,"texture":"#missing","uv":[0,6.72172,5.89016,0]},"east":{"rotation":90,"texture":"#0","uv":[4.5,9.75,5.75,8]},"north":{"rotation":90,"texture":"#0","uv":[4.5,9.75,5.75,9]},"south":{"texture":"#0","uv":[6.25,6.75,4.5,8]},"up":{"rotation":90,"texture":"#missing","uv":[0,2,5,0]},"west":{"rotation":270,"texture":"#0","uv":[4.5,9.75,5.75,8]}},"from":[13.93033,5.48219,28.16606],"rotation":{"angle":22.5,"axis":"x","origin":[15.61076,6.66023,23.07093]},"to":[17.29118,7.83826,31.11114]},{"faces":{"down":{"rotation":90,"texture":"#0","uv":[4.5,9.75,5.75,9]},"east":{"texture":"#0","uv":[5.75,8,4.5,9.75]},"north":{"rotation":270,"texture":"#missing","uv":[0,2,5,0]},"south":{"rotation":90,"texture":"#missing","uv":[0,2,5,0]},"up":{"texture":"#0","uv":[6.25,6.75,4.5,8]},"west":{"texture":"#0","uv":[5.75,8,4.5,9.75]}},"from":[13.93033,8.82705,25.73515],"rotation":{"angle":22.5,"axis":"x","origin":[15.61076,10.5896,25.97037]},"to":[17.29118,11.77213,28.09121]},{"faces":{"down":{"rotation":90,"texture":"#0","uv":[4.5,9.75,5.75,9]},"east":{"texture":"#0","uv":[5.75,8,4.5,9.75]},"north":{"rotation":270,"texture":"#missing","uv":[0,2,5,0]},"south":{"rotation":90,"texture":"#missing","uv":[0,2,5,0]},"up":{"texture":"#0","uv":[6.25,6.75,4.5,8]},"west":{"texture":"#0","uv":[5.75,8,4.5,9.75]}},"from":[13.93033,8.82705,23.84953],"rotation":{"angle":0,"axis":"y","origin":[15.61076,10.5896,25.97037]},"to":[17.29118,11.77213,26.20559]},{"faces":{"down":{"rotation":90,"texture":"#0","uv":[4.5,9.75,5.75,9]},"east":{"texture":"#0","uv":[5.75,8,4.5,9.75]},"north":{"rotation":270,"texture":"#missing","uv":[0,2,5,0]},"south":{"rotation":90,"texture":"#missing","uv":[0,2,5,0]},"up":{"texture":"#0","uv":[6.25,6.75,4.5,8]},"west":{"texture":"#0","uv":[5.75,8,4.5,9.75]}},"from":[13.93033,9.54865,22.10744],"rotation":{"angle":-22.5,"axis":"x","origin":[15.61076,10.5896,25.97037]},"to":[17.29118,12.49373,24.4635]},{"faces":{"down":{"rotation":90,"texture":"#0","uv":[4.5,9.75,5.75,9]},"east":{"texture":"#0","uv":[5.75,8,4.5,9.75]},"north":{"rotation":270,"texture":"#missing","uv":[0,2,5,0]},"south":{"rotation":90,"texture":"#missing","uv":[0,2,5,0]},"up":{"texture":"#0","uv":[6.25,6.75,4.5,8]},"west":{"texture":"#0","uv":[5.75,8,4.5,9.75]}},"from":[13.93033,8.10545,20.22181],"rotation":{"angle":-45,"axis":"x","origin":[15.61076,9.868,22.34266]},"to":[17.29118,11.05053,22.57788]},{"faces":{"down":{"rotation":90,"texture":"#missing","uv":[0,6.72172,5.89016,0]},"east":{"rotation":270,"texture":"#0","uv":[4.5,9.75,5.75,8]},"north":{"rotation":180,"texture":"#0","uv":[6.25,6.75,4.5,8]},"south":{"rotation":90,"texture":"#0","uv":[4.5,9.75,5.75,9]},"up":{"rotation":90,"texture":"#missing","uv":[0,2,5,0]},"west":{"rotation":90,"texture":"#0","uv":[4.5,9.75,5.75,8]}},"from":[13.93033,6.00507,20.43853],"rotation":{"angle":22.5,"axis":"x","origin":[15.61076,9.868,22.34266]},"to":[17.29118,8.36113,23.38361]},{"faces":{"down":{"rotation":90,"texture":"#missing","uv":[0,6.72172,5.89016,0]},"east":{"rotation":90,"texture":"#0","uv":[4.5,9.75,5.75,8]},"north":{"rotation":90,"texture":"#0","uv":[4.5,9.75,5.75,9]},"south":{"texture":"#0","uv":[6.25,6.75,4.5,8]},"up":{"rotation":90,"texture":"#missing","uv":[0,2,5,0]},"west":{"rotation":270,"texture":"#0","uv":[4.5,9.75,5.75,8]}},"from":[13.93033,6.72667,24.92942],"rotation":{"angle":-45,"axis":"x","origin":[15.61076,10.5896,25.97037]},"to":[17.29118,9.08273,27.8745]},{"faces":{"down":{"rotation":270,"texture":"#missing","uv":[0,0,11.91464,3.64694]},"east":{"rotation":90,"texture":"#0","uv":[4.5,9,5.75,9.75]},"north":{"rotation":90,"texture":"#missing","uv":[0,0,4,2]},"south":{"rotation":270,"texture":"#missing","uv":[0,0,4,2]},"up":{"rotation":270,"texture":"#missing","uv":[0,0,20.07032,2]},"west":{"rotation":90,"texture":"#0","uv":[4.5,9,5.75,9.75]}},"from":[0.37202,3.86658,-0.37213],"rotation":{"angle":0,"axis":"y","origin":[1.0845,4.2934,1.77629]},"to":[1.68492,4.72143,3.91714]},{"faces":{"down":{"rotation":270,"texture":"#missing","uv":[0,0,11.93782,3.64694]},"east":{"rotation":90,"texture":"#0","uv":[4.5,9,5.75,9.75]},"north":{"rotation":90,"texture":"#missing","uv":[0,0,4,2]},"south":{"rotation":270,"texture":"#missing","uv":[0,0,4,2]},"up":{"rotation":270,"texture":"#missing","uv":[0,0,20.10938,2]},"west":{"rotation":90,"texture":"#0","uv":[4.5,9,5.75,9.75]}},"from":[0.37202,3.86668,-0.37239],"rotation":{"angle":22.5,"axis":"x","origin":[1.0845,4.2934,1.77629]},"to":[1.68492,4.72153,3.92523]},{"faces":{"down":{"rotation":270,"texture":"#missing","uv":[0,0,2.37458,3.64694]},"east":{"rotation":90,"texture":"#0","uv":[4.5,9,5.75,9.75]},"north":{"rotation":90,"texture":"#missing","uv":[0,0,20.14062,2]},"south":{"rotation":270,"texture":"#missing","uv":[0,0,20.14062,2]},"up":{"rotation":270,"texture":"#missing","uv":[0,0,4,2]},"west":{"rotation":90,"texture":"#0","uv":[4.5,9,5.75,9.75]}},"from":[0.37202,2.13832,1.34945],"rotation":{"angle":-22.5,"axis":"x","origin":[1.0845,4.2934,1.77629]},"to":[1.68492,6.44262,2.2043]},{"faces":{"down":{"rotation":270,"texture":"#missing","uv":[0,0,11.94246,3.64694]},"east":{"rotation":90,"texture":"#0","uv":[4.5,9,5.75,9.75]},"north":{"rotation":90,"texture":"#missing","uv":[0,0,4,2]},"south":{"rotation":270,"texture":"#missing","uv":[0,0,4,2]},"up":{"rotation":270,"texture":"#missing","uv":[0,0,20.11718,2]},"west":{"rotation":90,"texture":"#0","uv":[4.5,9,5.75,9.75]}},"from":[0.37202,3.86668,-0.37267],"rotation":{"angle":45,"axis":"x","origin":[1.0845,4.2934,1.77629]},"to":[1.68492,4.72152,3.92662]},{"faces":{"down":{"rotation":270,"texture":"#missing","uv":[0,0,2.37458,3.64694]},"east":{"rotation":90,"texture":"#0","uv":[4.5,9,5.75,9.75]},"north":{"rotation":90,"texture":"#missing","uv":[0,0,20.10156,2]},"south":{"rotation":270,"texture":"#missing","uv":[0,0,20.10156,2]},"up":{"rotation":270,"texture":"#missing","uv":[0,0,4,2]},"west":{"rotation":90,"texture":"#0","uv":[4.5,9,5.75,9.75]}},"from":[0.37202,2.1452,1.34925],"rotation":{"angle":0,"axis":"y","origin":[1.0845,4.2934,1.77629]},"to":[1.68492,6.44115,2.2041]},{"faces":{"down":{"rotation":270,"texture":"#missing","uv":[0,0,2.37458,3.64694]},"east":{"rotation":90,"texture":"#0","uv":[4.5,9,5.75,9.75]},"north":{"rotation":90,"texture":"#missing","uv":[0,0,20.10938,2]},"south":{"rotation":270,"texture":"#missing","uv":[0,0,20.10938,2]},"up":{"rotation":270,"texture":"#missing","uv":[0,0,4,2]},"west":{"rotation":90,"texture":"#0","uv":[4.5,9,5.75,9.75]}},"from":[0.37202,2.1453,1.34899],"rotation":{"angle":22.5,"axis":"x","origin":[1.0845,4.2934,1.77629]},"to":[1.68492,6.44292,2.20384]},{"faces":{"down":{"rotation":270,"texture":"#missing","uv":[0,0,2.37458,3.64694]},"east":{"rotation":90,"texture":"#0","uv":[4.5,9,5.75,9.75]},"north":{"rotation":90,"texture":"#missing","uv":[0,0,20.10938,2]},"south":{"rotation":270,"texture":"#missing","uv":[0,0,20.10938,2]},"up":{"rotation":270,"texture":"#missing","uv":[0,0,4,2]},"west":{"rotation":90,"texture":"#0","uv":[4.5,9,5.75,9.75]}},"from":[0.37202,2.14529,1.34871],"rotation":{"angle":45,"axis":"x","origin":[1.0845,4.2934,1.77629]},"to":[1.68492,6.44291,2.20356]},{"faces":{"down":{"rotation":270,"texture":"#missing","uv":[0,0,11.9332,3.64694]},"east":{"rotation":90,"texture":"#0","uv":[4.5,9,5.75,9.75]},"north":{"rotation":90,"texture":"#missing","uv":[0,0,4,2]},"south":{"rotation":270,"texture":"#missing","uv":[0,0,4,2]},"up":{"rotation":270,"texture":"#missing","uv":[0,0,20.10156,2]},"west":{"rotation":90,"texture":"#0","uv":[4.5,9,5.75,9.75]}},"from":[0.37202,3.86639,-0.37193],"rotation":{"angle":-22.5,"axis":"x","origin":[1.0845,4.2934,1.77629]},"to":[1.68492,4.72124,3.92402]},{"faces":{"down":{"rotation":90,"texture":"#missing","uv":[0,0,5.89016,6.72172]},"east":{"rotation":90,"texture":"#0","uv":[4.5,8,5.75,9.75]},"north":{"rotation":180,"texture":"#0","uv":[4.5,6.75,6.25,8]},"south":{"rotation":90,"texture":"#0","uv":[4.5,9,5.75,9.75]},"up":{"rotation":90,"texture":"#missing","uv":[0,0,5,2]},"west":{"rotation":270,"texture":"#0","uv":[4.5,8,5.75,9.75]}},"from":[-0.74731,3.49511,-2.48669],"rotation":{"angle":0,"axis":"y","origin":[-0.74731,0.95057,-2.48669]},"to":[1.6725,5.19148,-0.36623]},{"faces":{"down":{"rotation":90,"texture":"#missing","uv":[0,0,5.89016,6.72172]},"east":{"rotation":90,"texture":"#0","uv":[4.5,8,5.75,9.75]},"north":{"rotation":180,"texture":"#0","uv":[4.5,6.75,6.25,8]},"south":{"rotation":90,"texture":"#0","uv":[4.5,9,5.75,9.75]},"up":{"rotation":90,"texture":"#missing","uv":[0,0,5,2]},"west":{"rotation":270,"texture":"#0","uv":[4.5,8,5.75,9.75]}},"from":[-0.74731,2.02561,-2.19439],"rotation":{"angle":-22.5,"axis":"x","origin":[0.46259,2.87379,-1.7703]},"to":[1.6725,3.72197,-0.07393]},{"faces":{"down":{"texture":"#0","uv":[4.5,6.75,6.25,8]},"east":{"rotation":180,"texture":"#0","uv":[4.5,8,5.75,9.75]},"north":{"rotation":270,"texture":"#missing","uv":[0,0,5,2]},"south":{"rotation":90,"texture":"#missing","uv":[0,0,5,2]},"up":{"rotation":90,"texture":"#0","uv":[4.5,9,5.75,9.75]},"west":{"rotation":180,"texture":"#0","uv":[4.5,8,5.75,9.75]}},"from":[-0.74731,0.07919,0.92923],"rotation":{"angle":0,"axis":"y","origin":[0.46259,0.50328,1.77741]},"to":[1.6725,2.19965,2.6256]},{"faces":{"down":{"texture":"#0","uv":[4.5,6.75,6.25,8]},"east":{"rotation":180,"texture":"#0","uv":[4.5,8,5.75,9.75]},"north":{"rotation":270,"texture":"#missing","uv":[0,0,5,2]},"south":{"rotation":90,"texture":"#missing","uv":[0,0,5,2]},"up":{"rotation":90,"texture":"#0","uv":[4.5,9,5.75,9.75]},"west":{"rotation":180,"texture":"#0","uv":[4.5,8,5.75,9.75]}},"from":[-0.74731,0.64155,-0.42842],"rotation":{"angle":22.5,"axis":"x","origin":[0.46259,1.21179,-0.31499]},"to":[1.6725,2.76201,1.26795]},{"faces":{"down":{"rotation":90,"texture":"#missing","uv":[0,0,5.89016,6.72172]},"east":{"rotation":90,"texture":"#0","uv":[4.5,8,5.75,9.75]},"north":{"rotation":180,"texture":"#0","uv":[4.5,6.75,6.25,8]},"south":{"rotation":90,"texture":"#0","uv":[4.5,9,5.75,9.75]},"up":{"rotation":90,"texture":"#missing","uv":[0,0,5,2]},"west":{"rotation":270,"texture":"#0","uv":[4.5,8,5.75,9.75]}},"from":[-0.74731,1.09836,-0.88523],"rotation":{"angle":-45,"axis":"x","origin":[0.46259,1.21179,-0.31499]},"to":[1.6725,2.79473,1.23523]},{"faces":{"down":{"texture":"#0","uv":[4.5,6.75,6.25,8]},"east":{"rotation":180,"texture":"#0","uv":[4.5,8,5.75,9.75]},"north":{"rotation":270,"texture":"#missing","uv":[0,0,5,2]},"south":{"rotation":90,"texture":"#missing","uv":[0,0,5,2]},"up":{"rotation":90,"texture":"#0","uv":[4.5,9,5.75,9.75]},"west":{"rotation":180,"texture":"#0","uv":[4.5,8,5.75,9.75]}},"from":[-0.74731,-0.4155,0.59869],"rotation":{"angle":-22.5,"axis":"x","origin":[0.46259,4.92683,0.36864]},"to":[1.6725,1.70495,2.29505]},{"faces":{"down":{"texture":"#0","uv":[4.5,6.75,6.25,8]},"east":{"rotation":180,"texture":"#0","uv":[4.5,8,5.75,9.75]},"north":{"rotation":270,"texture":"#missing","uv":[0,0,5,2]},"south":{"rotation":90,"texture":"#missing","uv":[0,0,5,2]},"up":{"rotation":90,"texture":"#0","uv":[4.5,9,5.75,9.75]},"west":{"rotation":180,"texture":"#0","uv":[4.5,8,5.75,9.75]}},"from":[-0.74731,-0.74605,0.10399],"rotation":{"angle":-45,"axis":"x","origin":[0.46259,4.92683,0.36864]},"to":[1.6725,1.37441,1.80036]},{"faces":{"down":{"rotation":90,"texture":"#missing","uv":[0,0,5.89016,6.72172]},"east":{"rotation":270,"texture":"#0","uv":[4.5,8,5.75,9.75]},"north":{"rotation":90,"texture":"#0","uv":[4.5,9,5.75,9.75]},"south":{"texture":"#0","uv":[4.5,6.75,6.25,8]},"up":{"rotation":90,"texture":"#missing","uv":[0,0,5,2]},"west":{"rotation":90,"texture":"#0","uv":[4.5,8,5.75,9.75]}},"from":[-0.74731,3.00042,3.59052],"rotation":{"angle":-22.5,"axis":"x","origin":[0.46259,4.92683,0.36864]},"to":[1.6725,4.69678,5.71098]},{"faces":{"down":{"rotation":90,"texture":"#missing","uv":[0,0,5.89016,6.72172]},"east":{"rotation":270,"texture":"#0","uv":[4.5,8,5.75,9.75]},"north":{"rotation":90,"texture":"#0","uv":[4.5,9,5.75,9.75]},"south":{"texture":"#0","uv":[4.5,6.75,6.25,8]},"up":{"rotation":90,"texture":"#missing","uv":[0,0,5,2]},"west":{"rotation":90,"texture":"#0","uv":[4.5,8,5.75,9.75]}},"from":[-0.74731,3.49511,3.92106],"rotation":{"angle":0,"axis":"y","origin":[0.46259,4.92683,0.36864]},"to":[1.6725,5.19148,6.04152]},{"faces":{"down":{"rotation":90,"texture":"#missing","uv":[0,0,5.89016,6.72172]},"east":{"rotation":270,"texture":"#0","uv":[4.5,8,5.75,9.75]},"north":{"rotation":90,"texture":"#0","uv":[4.5,9,5.75,9.75]},"south":{"texture":"#0","uv":[4.5,6.75,6.25,8]},"up":{"rotation":90,"texture":"#missing","uv":[0,0,5,2]},"west":{"rotation":90,"texture":"#0","uv":[4.5,8,5.75,9.75]}},"from":[-0.74731,4.07864,4.03713],"rotation":{"angle":22.5,"axis":"x","origin":[0.46259,4.92683,0.36864]},"to":[1.6725,5.77501,6.15759]},{"faces":{"down":{"rotation":90,"texture":"#0","uv":[4.5,9,5.75,9.75]},"east":{"texture":"#0","uv":[4.5,8,5.75,9.75]},"north":{"rotation":270,"texture":"#missing","uv":[0,0,5,2]},"south":{"rotation":90,"texture":"#missing","uv":[0,0,5,2]},"up":{"texture":"#0","uv":[4.5,6.75,6.25,8]},"west":{"texture":"#0","uv":[4.5,8,5.75,9.75]}},"from":[-0.74731,6.48694,2.28688],"rotation":{"angle":22.5,"axis":"x","origin":[0.46259,7.75598,2.45624]},"to":[1.6725,8.6074,3.98324]},{"faces":{"down":{"rotation":90,"texture":"#0","uv":[4.5,9,5.75,9.75]},"east":{"texture":"#0","uv":[4.5,8,5.75,9.75]},"north":{"rotation":270,"texture":"#missing","uv":[0,0,5,2]},"south":{"rotation":90,"texture":"#missing","uv":[0,0,5,2]},"up":{"texture":"#0","uv":[4.5,6.75,6.25,8]},"west":{"texture":"#0","uv":[4.5,8,5.75,9.75]}},"from":[-0.74731,6.48694,0.92923],"rotation":{"angle":0,"axis":"y","origin":[0.46259,7.75598,2.45624]},"to":[1.6725,8.6074,2.6256]},{"faces":{"down":{"rotation":90,"texture":"#0","uv":[4.5,9,5.75,9.75]},"east":{"texture":"#0","uv":[4.5,8,5.75,9.75]},"north":{"rotation":270,"texture":"#missing","uv":[0,0,5,2]},"south":{"rotation":90,"texture":"#missing","uv":[0,0,5,2]},"up":{"texture":"#0","uv":[4.5,6.75,6.25,8]},"west":{"texture":"#0","uv":[4.5,8,5.75,9.75]}},"from":[-0.74731,7.00649,-0.32507],"rotation":{"angle":-22.5,"axis":"x","origin":[0.46259,7.75598,2.45624]},"to":[1.6725,9.12695,1.37129]},{"faces":{"down":{"rotation":90,"texture":"#0","uv":[4.5,9,5.75,9.75]},"east":{"texture":"#0","uv":[4.5,8,5.75,9.75]},"north":{"rotation":270,"texture":"#missing","uv":[0,0,5,2]},"south":{"rotation":90,"texture":"#missing","uv":[0,0,5,2]},"up":{"texture":"#0","uv":[4.5,6.75,6.25,8]},"west":{"texture":"#0","uv":[4.5,8,5.75,9.75]}},"from":[-0.74731,5.96739,-1.68273],"rotation":{"angle":-45,"axis":"x","origin":[0.46259,7.23643,-0.15571]},"to":[1.6725,8.08785,0.01365]},{"faces":{"down":{"rotation":90,"texture":"#missing","uv":[0,0,5.89016,6.72172]},"east":{"rotation":90,"texture":"#0","uv":[4.5,8,5.75,9.75]},"north":{"rotation":180,"texture":"#0","uv":[4.5,6.75,6.25,8]},"south":{"rotation":90,"texture":"#0","uv":[4.5,9,5.75,9.75]},"up":{"rotation":90,"texture":"#missing","uv":[0,0,5,2]},"west":{"rotation":270,"texture":"#0","uv":[4.5,8,5.75,9.75]}},"from":[-0.74731,4.45512,-1.52669],"rotation":{"angle":22.5,"axis":"x","origin":[0.46259,7.23643,-0.15571]},"to":[1.6725,6.15148,0.59377]},{"faces":{"down":{"rotation":90,"texture":"#missing","uv":[0,0,5.89016,6.72172]},"east":{"rotation":270,"texture":"#0","uv":[4.5,8,5.75,9.75]},"north":{"rotation":90,"texture":"#0","uv":[4.5,9,5.75,9.75]},"south":{"texture":"#0","uv":[4.5,6.75,6.25,8]},"up":{"rotation":90,"texture":"#missing","uv":[0,0,5,2]},"west":{"rotation":90,"texture":"#0","uv":[4.5,8,5.75,9.75]}},"from":[-0.74731,4.97467,1.70675],"rotation":{"angle":-45,"axis":"x","origin":[0.46259,7.75598,2.45624]},"to":[1.6725,6.67103,3.82721]},{"faces":{"down":{"rotation":270,"texture":"#missing","uv":[0,3.64694,11.91464,0]},"east":{"rotation":90,"texture":"#0","uv":[4.5,9.75,5.75,9]},"north":{"rotation":90,"texture":"#missing","uv":[0,2,4,0]},"south":{"rotation":270,"texture":"#missing","uv":[0,2,4,0]},"up":{"rotation":270,"texture":"#missing","uv":[0,2,20.07032,0]},"west":{"rotation":90,"texture":"#0","uv":[4.5,9.75,5.75,9]}},"from":[14.31508,3.86658,-0.37213],"rotation":{"angle":0,"axis":"y","origin":[14.9155,4.2934,1.77629]},"to":[15.62798,4.72143,3.91714]},{"faces":{"down":{"rotation":270,"texture":"#missing","uv":[0,3.64694,11.93782,0]},"east":{"rotation":90,"texture":"#0","uv":[4.5,9.75,5.75,9]},"north":{"rotation":90,"texture":"#missing","uv":[0,2,4,0]},"south":{"rotation":270,"texture":"#missing","uv":[0,2,4,0]},"up":{"rotation":270,"texture":"#missing","uv":[0,2,20.10938,0]},"west":{"rotation":90,"texture":"#0","uv":[4.5,9.75,5.75,9]}},"from":[14.31508,3.86668,-0.37239],"rotation":{"angle":22.5,"axis":"x","origin":[14.9155,4.2934,1.77629]},"to":[15.62798,4.72153,3.92523]},{"faces":{"down":{"rotation":270,"texture":"#missing","uv":[0,3.64694,2.37458,0]},"east":{"rotation":90,"texture":"#0","uv":[4.5,9.75,5.75,9]},"north":{"rotation":90,"texture":"#missing","uv":[0,2,20.14062,0]},"south":{"rotation":270,"texture":"#missing","uv":[0,2,20.14062,0]},"up":{"rotation":270,"texture":"#missing","uv":[0,2,4,0]},"west":{"rotation":90,"texture":"#0","uv":[4.5,9.75,5.75,9]}},"from":[14.31508,2.13832,1.34945],"rotation":{"angle":-22.5,"axis":"x","origin":[14.9155,4.2934,1.77629]},"to":[15.62798,6.44262,2.2043]},{"faces":{"down":{"rotation":270,"texture":"#missing","uv":[0,3.64694,11.94246,0]},"east":{"rotation":90,"texture":"#0","uv":[4.5,9.75,5.75,9]},"north":{"rotation":90,"texture":"#missing","uv":[0,2,4,0]},"south":{"rotation":270,"texture":"#missing","uv":[0,2,4,0]},"up":{"rotation":270,"texture":"#missing","uv":[0,2,20.11718,0]},"west":{"rotation":90,"texture":"#0","uv":[4.5,9.75,5.75,9]}},"from":[14.31508,3.86668,-0.37267],"rotation":{"angle":45,"axis":"x","origin":[14.9155,4.2934,1.77629]},"to":[15.62798,4.72152,3.92662]},{"faces":{"down":{"rotation":270,"texture":"#missing","uv":[0,3.64694,2.37458,0]},"east":{"rotation":90,"texture":"#0","uv":[4.5,9.75,5.75,9]},"north":{"rotation":90,"texture":"#missing","uv":[0,2,20.10156,0]},"south":{"rotation":270,"texture":"#missing","uv":[0,2,20.10156,0]},"up":{"rotation":270,"texture":"#missing","uv":[0,2,4,0]},"west":{"rotation":90,"texture":"#0","uv":[4.5,9.75,5.75,9]}},"from":[14.31508,2.1452,1.34925],"rotation":{"angle":0,"axis":"y","origin":[14.9155,4.2934,1.77629]},"to":[15.62798,6.44115,2.2041]},{"faces":{"down":{"rotation":270,"texture":"#missing","uv":[0,3.64694,2.37458,0]},"east":{"rotation":90,"texture":"#0","uv":[4.5,9.75,5.75,9]},"north":{"rotation":90,"texture":"#missing","uv":[0,2,20.10938,0]},"south":{"rotation":270,"texture":"#missing","uv":[0,2,20.10938,0]},"up":{"rotation":270,"texture":"#missing","uv":[0,2,4,0]},"west":{"rotation":90,"texture":"#0","uv":[4.5,9.75,5.75,9]}},"from":[14.31508,2.1453,1.34899],"rotation":{"angle":22.5,"axis":"x","origin":[14.9155,4.2934,1.77629]},"to":[15.62798,6.44292,2.20384]},{"faces":{"down":{"rotation":270,"texture":"#missing","uv":[0,3.64694,2.37458,0]},"east":{"rotation":90,"texture":"#0","uv":[4.5,9.75,5.75,9]},"north":{"rotation":90,"texture":"#missing","uv":[0,2,20.10938,0]},"south":{"rotation":270,"texture":"#missing","uv":[0,2,20.10938,0]},"up":{"rotation":270,"texture":"#missing","uv":[0,2,4,0]},"west":{"rotation":90,"texture":"#0","uv":[4.5,9.75,5.75,9]}},"from":[14.31508,2.14529,1.34871],"rotation":{"angle":45,"axis":"x","origin":[14.9155,4.2934,1.77629]},"to":[15.62798,6.44291,2.20356]},{"faces":{"down":{"rotation":270,"texture":"#missing","uv":[0,3.64694,11.9332,0]},"east":{"rotation":90,"texture":"#0","uv":[4.5,9.75,5.75,9]},"north":{"rotation":90,"texture":"#missing","uv":[0,2,4,0]},"south":{"rotation":270,"texture":"#missing","uv":[0,2,4,0]},"up":{"rotation":270,"texture":"#missing","uv":[0,2,20.10156,0]},"west":{"rotation":90,"texture":"#0","uv":[4.5,9.75,5.75,9]}},"from":[14.31508,3.86639,-0.37193],"rotation":{"angle":-22.5,"axis":"x","origin":[14.9155,4.2934,1.77629]},"to":[15.62798,4.72124,3.92402]},{"faces":{"down":{"rotation":90,"texture":"#missing","uv":[0,6.72172,5.89016,0]},"east":{"rotation":270,"texture":"#0","uv":[4.5,9.75,5.75,8]},"north":{"rotation":180,"texture":"#0","uv":[6.25,6.75,4.5,8]},"south":{"rotation":90,"texture":"#0","uv":[4.5,9.75,5.75,9]},"up":{"rotation":90,"texture":"#missing","uv":[0,2,5,0]},"west":{"rotation":90,"texture":"#0","uv":[4.5,9.75,5.75,8]}},"from":[14.3275,3.49511,-2.48669],"rotation":{"angle":0,"axis":"y","origin":[16.74731,0.95057,-2.48669]},"to":[16.74731,5.19148,-0.36623]},{"faces":{"down":{"rotation":90,"texture":"#missing","uv":[0,6.72172,5.89016,0]},"east":{"rotation":270,"texture":"#0","uv":[4.5,9.75,5.75,8]},"north":{"rotation":180,"texture":"#0","uv":[6.25,6.75,4.5,8]},"south":{"rotation":90,"texture":"#0","uv":[4.5,9.75,5.75,9]},"up":{"rotation":90,"texture":"#missing","uv":[0,2,5,0]},"west":{"rotation":90,"texture":"#0","uv":[4.5,9.75,5.75,8]}},"from":[14.3275,2.02561,-2.19439],"rotation":{"angle":-22.5,"axis":"x","origin":[15.53741,2.87379,-1.7703]},"to":[16.74731,3.72197,-0.07393]},{"faces":{"down":{"texture":"#0","uv":[6.25,6.75,4.5,8]},"east":{"rotation":180,"texture":"#0","uv":[5.75,8,4.5,9.75]},"north":{"rotation":270,"texture":"#missing","uv":[0,2,5,0]},"south":{"rotation":90,"texture":"#missing","uv":[0,2,5,0]},"up":{"rotation":90,"texture":"#0","uv":[4.5,9.75,5.75,9]},"west":{"rotation":180,"texture":"#0","uv":[5.75,8,4.5,9.75]}},"from":[14.3275,0.07919,0.92923],"rotation":{"angle":0,"axis":"y","origin":[15.53741,0.50328,1.77741]},"to":[16.74731,2.19965,2.6256]},{"faces":{"down":{"texture":"#0","uv":[6.25,6.75,4.5,8]},"east":{"rotation":180,"texture":"#0","uv":[5.75,8,4.5,9.75]},"north":{"rotation":270,"texture":"#missing","uv":[0,2,5,0]},"south":{"rotation":90,"texture":"#missing","uv":[0,2,5,0]},"up":{"rotation":90,"texture":"#0","uv":[4.5,9.75,5.75,9]},"west":{"rotation":180,"texture":"#0","uv":[5.75,8,4.5,9.75]}},"from":[14.3275,0.64155,-0.42842],"rotation":{"angle":22.5,"axis":"x","origin":[15.53741,1.21179,-0.31499]},"to":[16.74731,2.76201,1.26795]},{"faces":{"down":{"rotation":90,"texture":"#missing","uv":[0,6.72172,5.89016,0]},"east":{"rotation":270,"texture":"#0","uv":[4.5,9.75,5.75,8]},"north":{"rotation":180,"texture":"#0","uv":[6.25,6.75,4.5,8]},"south":{"rotation":90,"texture":"#0","uv":[4.5,9.75,5.75,9]},"up":{"rotation":90,"texture":"#missing","uv":[0,2,5,0]},"west":{"rotation":90,"texture":"#0","uv":[4.5,9.75,5.75,8]}},"from":[14.3275,1.09836,-0.88523],"rotation":{"angle":-45,"axis":"x","origin":[15.53741,1.21179,-0.31499]},"to":[16.74731,2.79473,1.23523]},{"faces":{"down":{"texture":"#0","uv":[6.25,6.75,4.5,8]},"east":{"rotation":180,"texture":"#0","uv":[5.75,8,4.5,9.75]},"north":{"rotation":270,"texture":"#missing","uv":[0,2,5,0]},"south":{"rotation":90,"texture":"#missing","uv":[0,2,5,0]},"up":{"rotation":90,"texture":"#0","uv":[4.5,9.75,5.75,9]},"west":{"rotation":180,"texture":"#0","uv":[5.75,8,4.5,9.75]}},"from":[14.3275,-0.4155,0.59869],"rotation":{"angle":-22.5,"axis":"x","origin":[15.53741,4.92683,0.36864]},"to":[16.74731,1.70495,2.29505]},{"faces":{"down":{"texture":"#0","uv":[6.25,6.75,4.5,8]},"east":{"rotation":180,"texture":"#0","uv":[5.75,8,4.5,9.75]},"north":{"rotation":270,"texture":"#missing","uv":[0,2,5,0]},"south":{"rotation":90,"texture":"#missing","uv":[0,2,5,0]},"up":{"rotation":90,"texture":"#0","uv":[4.5,9.75,5.75,9]},"west":{"rotation":180,"texture":"#0","uv":[5.75,8,4.5,9.75]}},"from":[14.3275,-0.74605,0.10399],"rotation":{"angle":-45,"axis":"x","origin":[15.53741,4.92683,0.36864]},"to":[16.74731,1.37441,1.80036]},{"faces":{"down":{"rotation":90,"texture":"#missing","uv":[0,6.72172,5.89016,0]},"east":{"rotation":90,"texture":"#0","uv":[4.5,9.75,5.75,8]},"north":{"rotation":90,"texture":"#0","uv":[4.5,9.75,5.75,9]},"south":{"texture":"#0","uv":[6.25,6.75,4.5,8]},"up":{"rotation":90,"texture":"#missing","uv":[0,2,5,0]},"west":{"rotation":270,"texture":"#0","uv":[4.5,9.75,5.75,8]}},"from":[14.3275,3.00042,3.59052],"rotation":{"angle":-22.5,"axis":"x","origin":[15.53741,4.92683,0.36864]},"to":[16.74731,4.69678,5.71098]},{"faces":{"down":{"rotation":90,"texture":"#missing","uv":[0,6.72172,5.89016,0]},"east":{"rotation":90,"texture":"#0","uv":[4.5,9.75,5.75,8]},"north":{"rotation":90,"texture":"#0","uv":[4.5,9.75,5.75,9]},"south":{"texture":"#0","uv":[6.25,6.75,4.5,8]},"up":{"rotation":90,"texture":"#missing","uv":[0,2,5,0]},"west":{"rotation":270,"texture":"#0","uv":[4.5,9.75,5.75,8]}},"from":[14.3275,3.49511,3.92106],"rotation":{"angle":0,"axis":"y","origin":[15.53741,4.92683,0.36864]},"to":[16.74731,5.19148,6.04152]},{"faces":{"down":{"rotation":90,"texture":"#missing","uv":[0,6.72172,5.89016,0]},"east":{"rotation":90,"texture":"#0","uv":[4.5,9.75,5.75,8]},"north":{"rotation":90,"texture":"#0","uv":[4.5,9.75,5.75,9]},"south":{"texture":"#0","uv":[6.25,6.75,4.5,8]},"up":{"rotation":90,"texture":"#missing","uv":[0,2,5,0]},"west":{"rotation":270,"texture":"#0","uv":[4.5,9.75,5.75,8]}},"from":[14.3275,4.07864,4.03713],"rotation":{"angle":22.5,"axis":"x","origin":[15.53741,4.92683,0.36864]},"to":[16.74731,5.77501,6.15759]},{"faces":{"down":{"rotation":90,"texture":"#0","uv":[4.5,9.75,5.75,9]},"east":{"texture":"#0","uv":[5.75,8,4.5,9.75]},"north":{"rotation":270,"texture":"#missing","uv":[0,2,5,0]},"south":{"rotation":90,"texture":"#missing","uv":[0,2,5,0]},"up":{"texture":"#0","uv":[6.25,6.75,4.5,8]},"west":{"texture":"#0","uv":[5.75,8,4.5,9.75]}},"from":[14.3275,6.48694,2.28688],"rotation":{"angle":22.5,"axis":"x","origin":[15.53741,7.75598,2.45624]},"to":[16.74731,8.6074,3.98324]},{"faces":{"down":{"rotation":90,"texture":"#0","uv":[4.5,9.75,5.75,9]},"east":{"texture":"#0","uv":[5.75,8,4.5,9.75]},"north":{"rotation":270,"texture":"#missing","uv":[0,2,5,0]},"south":{"rotation":90,"texture":"#missing","uv":[0,2,5,0]},"up":{"texture":"#0","uv":[6.25,6.75,4.5,8]},"west":{"texture":"#0","uv":[5.75,8,4.5,9.75]}},"from":[14.3275,6.48694,0.92923],"rotation":{"angle":0,"axis":"y","origin":[15.53741,7.75598,2.45624]},"to":[16.74731,8.6074,2.6256]},{"faces":{"down":{"rotation":90,"texture":"#0","uv":[4.5,9.75,5.75,9]},"east":{"texture":"#0","uv":[5.75,8,4.5,9.75]},"north":{"rotation":270,"texture":"#missing","uv":[0,2,5,0]},"south":{"rotation":90,"texture":"#missing","uv":[0,2,5,0]},"up":{"texture":"#0","uv":[6.25,6.75,4.5,8]},"west":{"texture":"#0","uv":[5.75,8,4.5,9.75]}},"from":[14.3275,7.00649,-0.32507],"rotation":{"angle":-22.5,"axis":"x","origin":[15.53741,7.75598,2.45624]},"to":[16.74731,9.12695,1.37129]},{"faces":{"down":{"rotation":90,"texture":"#0","uv":[4.5,9.75,5.75,9]},"east":{"texture":"#0","uv":[5.75,8,4.5,9.75]},"north":{"rotation":270,"texture":"#missing","uv":[0,2,5,0]},"south":{"rotation":90,"texture":"#missing","uv":[0,2,5,0]},"up":{"texture":"#0","uv":[6.25,6.75,4.5,8]},"west":{"texture":"#0","uv":[5.75,8,4.5,9.75]}},"from":[14.3275,5.96739,-1.68273],"rotation":{"angle":-45,"axis":"x","origin":[15.53741,7.23643,-0.15571]},"to":[16.74731,8.08785,0.01365]},{"faces":{"down":{"rotation":90,"texture":"#missing","uv":[0,6.72172,5.89016,0]},"east":{"rotation":270,"texture":"#0","uv":[4.5,9.75,5.75,8]},"north":{"rotation":180,"texture":"#0","uv":[6.25,6.75,4.5,8]},"south":{"rotation":90,"texture":"#0","uv":[4.5,9.75,5.75,9]},"up":{"rotation":90,"texture":"#missing","uv":[0,2,5,0]},"west":{"rotation":90,"texture":"#0","uv":[4.5,9.75,5.75,8]}},"from":[14.3275,4.45512,-1.52669],"rotation":{"angle":22.5,"axis":"x","origin":[15.53741,7.23643,-0.15571]},"to":[16.74731,6.15148,0.59377]},{"faces":{"down":{"rotation":90,"texture":"#missing","uv":[0,6.72172,5.89016,0]},"east":{"rotation":90,"texture":"#0","uv":[4.5,9.75,5.75,8]},"north":{"rotation":90,"texture":"#0","uv":[4.5,9.75,5.75,9]},"south":{"texture":"#0","uv":[6.25,6.75,4.5,8]},"up":{"rotation":90,"texture":"#missing","uv":[0,2,5,0]},"west":{"rotation":270,"texture":"#0","uv":[4.5,9.75,5.75,8]}},"from":[14.3275,4.97467,1.70675],"rotation":{"angle":-45,"axis":"x","origin":[15.53741,7.75598,2.45624]},"to":[16.74731,6.67103,3.82721]}],"groups":[0,1,{"children":[2,3,4,5,6,7,8,9,10,11,12,13,14],"color":0,"name":"roll cage","origin":[4,12,16]},{"children":[15,16],"color":0,"name":"pipe","origin":[0,0,0]},{"children":[{"children":[17,18,19,20,21,22,23,24],"color":0,"name":"innerwheel","origin":[8,8,8]},{"children":[25,26,27,28,29,30,31,32,33,34,35,36,37,38,39,40],"color":0,"name":"tire","origin":[8,8,8]}],"color":0,"name":"back left wheel","origin":[8,8,8]},41,42,{"children":[43,44,45],"color":0,"name":"seat","origin":[8,8,8]},{"children":[46,47,48,49,50,51],"color":0,"name":"steering wheel","origin":[8,8,8]},{"children":[52,53,54,55,56,57,58,59,60,61,62,63,64,65,66,67,68,69],"color":0,"name":"bucket","origin":[14,10,-1]},{"children":[{"children":[70,71,72,73,74,75,76,77],"color":0,"name":"innerwheel","origin":[8,8,8]},{"children":[78,79,80,81,82,83,84,85,86,87,88,89,90,91,92,93],"color":0,"name":"tire","origin":[8,8,8]}],"color":0,"name":"back right wheel","origin":[8,8,8]},{"children":[{"children":[94,95,96,97,98,99,100,101],"color":0,"name":"innerwheel","origin":[8,8,8]},{"children":[102,103,104,105,106,107,108,109,110,111,112,113,114,115,116,117],"color":0,"name":"tire","origin":[8,8,8]}],"color":0,"name":"front left wheel","origin":[8,8,8]},{"children":[{"children":[118,119,120,121,122,123,124,125],"color":0,"name":"innerwheel","origin":[8,8,8]},{"children":[126,127,128,129,130,131,132,133,134,135,136,137,138,139,140,141],"color":0,"name":"tire","origin":[8,8,8]}],"color":0,"name":"front right wheel","origin":[8,8,8]}],"texture_size":[32,32],"textures":{"0":"block/custom/vehicles/sneeuw","particle":"block/custom/vehicles/sneeuw"}}