{"textures": {"0": "block/spruce_log", "1": "block/bone_block_top", "particle": "block/spruce_log"}, "elements": [{"from": [4.60855, 2.0986, 6.24114], "to": [11.20855, 2.9986, 12.84114], "rotation": {"angle": 0, "axis": "y", "origin": [0.70855, 11.0986, -3.65886]}, "faces": {"north": {"uv": [6.375, 2.375, 6.75, 2.75], "texture": "#1"}, "east": {"uv": [6.375, 2.375, 6.75, 2.75], "texture": "#1"}, "south": {"uv": [6.375, 2.375, 6.75, 2.75], "texture": "#1"}, "west": {"uv": [6.375, 2.375, 6.75, 2.75], "texture": "#1"}, "up": {"uv": [6.375, 2.375, 6.75, 2.75], "rotation": 180, "texture": "#1"}, "down": {"uv": [6.375, 2.375, 6.75, 2.75], "rotation": 180, "texture": "#1"}}}, {"from": [6.55855, 5.0986, 8.34114], "to": [9.40855, 7.3486, 9.84114], "rotation": {"angle": -22.5, "axis": "x", "origin": [7.98355, 5.9236, 8.79114]}, "faces": {"north": {"uv": [6.375, 2.375, 6.75, 2.75], "texture": "#0"}, "east": {"uv": [6.375, 2.375, 6.75, 2.75], "texture": "#0"}, "south": {"uv": [6.375, 2.375, 6.75, 2.75], "texture": "#0"}, "west": {"uv": [6.375, 2.375, 6.75, 2.75], "texture": "#0"}, "up": {"uv": [6.375, 2.375, 6.75, 2.75], "rotation": 180, "texture": "#0"}, "down": {"uv": [6.375, 2.375, 6.75, 2.75], "rotation": 180, "texture": "#0"}}}, {"from": [6.55855, 2.41875, 8.34114], "to": [9.40855, 4.66875, 9.84114], "rotation": {"angle": 22.5, "axis": "x", "origin": [7.98355, 3.84375, 8.79114]}, "faces": {"north": {"uv": [6.375, 2.375, 6.75, 2.75], "texture": "#0"}, "east": {"uv": [6.375, 2.375, 6.75, 2.75], "texture": "#0"}, "south": {"uv": [6.375, 2.375, 6.75, 2.75], "texture": "#0"}, "west": {"uv": [6.375, 2.375, 6.75, 2.75], "texture": "#0"}, "up": {"uv": [6.375, 2.375, 6.75, 2.75], "rotation": 180, "texture": "#0"}, "down": {"uv": [6.375, 2.375, 6.75, 2.75], "rotation": 180, "texture": "#0"}}}, {"from": [6.55855, 2.9986, 8.64114], "to": [9.40855, 6.8986, 9.84114], "rotation": {"angle": 0, "axis": "y", "origin": [1.15855, 11.9986, -3.65886]}, "faces": {"north": {"uv": [6.375, 2.375, 6.75, 2.75], "texture": "#0"}, "east": {"uv": [6.375, 2.375, 6.75, 2.75], "texture": "#0"}, "south": {"uv": [6.375, 2.375, 6.75, 2.75], "texture": "#0"}, "west": {"uv": [6.375, 2.375, 6.75, 2.75], "texture": "#0"}, "up": {"uv": [6.375, 2.375, 6.75, 2.75], "rotation": 180, "texture": "#0"}, "down": {"uv": [6.375, 2.375, 6.75, 2.75], "rotation": 180, "texture": "#0"}}}, {"from": [7.00855, 5.3986, 7.59114], "to": [8.95855, 9.2986, 9.39114], "rotation": {"angle": -45, "axis": "x", "origin": [7.98355, 7.3486, 8.34114]}, "faces": {"north": {"uv": [6.375, 2.375, 6.75, 2.75], "texture": "#0"}, "east": {"uv": [6.375, 2.375, 6.75, 2.75], "texture": "#0"}, "south": {"uv": [6.375, 2.375, 6.75, 2.75], "texture": "#0"}, "west": {"uv": [6.375, 2.375, 6.75, 2.75], "texture": "#0"}, "up": {"uv": [6.375, 2.375, 6.75, 2.75], "rotation": 180, "texture": "#0"}, "down": {"uv": [6.375, 2.375, 6.75, 2.75], "rotation": 180, "texture": "#0"}}}, {"from": [10.14568, 5.55926, 6.39335], "to": [10.74568, 7.95926, 6.99335], "rotation": {"angle": -45, "axis": "x", "origin": [10.97068, 7.50926, 7.14335]}, "faces": {"north": {"uv": [5.25, 2.375, 5.625, 2.75], "texture": "#0"}, "east": {"uv": [5.25, 2.375, 5.625, 2.75], "texture": "#0"}, "south": {"uv": [5.25, 2.375, 5.625, 2.75], "texture": "#0"}, "west": {"uv": [5.25, 2.375, 5.625, 2.75], "texture": "#0"}, "up": {"uv": [5.25, 2.375, 5.625, 2.75], "rotation": 180, "texture": "#0"}, "down": {"uv": [5.25, 2.375, 5.625, 2.75], "rotation": 180, "texture": "#0"}}}, {"from": [10.22068, 5.91073, 6.30548], "to": [10.67068, 11.31073, 6.75548], "rotation": {"angle": 0, "axis": "y", "origin": [10.52068, 7.11073, 6.45548]}, "faces": {"north": {"uv": [5.25, 2.375, 5.625, 2.75], "texture": "#0"}, "east": {"uv": [5.25, 2.375, 5.625, 2.75], "texture": "#0"}, "south": {"uv": [5.25, 2.375, 5.625, 2.75], "texture": "#0"}, "west": {"uv": [5.25, 2.375, 5.625, 2.75], "texture": "#0"}, "up": {"uv": [5.25, 2.375, 5.625, 2.75], "rotation": 180, "texture": "#0"}, "down": {"uv": [5.25, 2.375, 5.625, 2.75], "rotation": 180, "texture": "#0"}}}, {"from": [5.27068, 5.91073, 6.30548], "to": [5.72068, 11.31073, 6.75548], "rotation": {"angle": 0, "axis": "y", "origin": [5.57068, 7.11073, 6.45548]}, "faces": {"north": {"uv": [5.25, 2.375, 5.625, 2.75], "texture": "#0"}, "east": {"uv": [5.25, 2.375, 5.625, 2.75], "texture": "#0"}, "south": {"uv": [5.25, 2.375, 5.625, 2.75], "texture": "#0"}, "west": {"uv": [5.25, 2.375, 5.625, 2.75], "texture": "#0"}, "up": {"uv": [5.25, 2.375, 5.625, 2.75], "rotation": 180, "texture": "#0"}, "down": {"uv": [5.25, 2.375, 5.625, 2.75], "rotation": 180, "texture": "#0"}}}, {"from": [10.22068, 11.46073, 6.30548], "to": [10.67068, 12.96073, 6.75548], "rotation": {"angle": 0, "axis": "y", "origin": [10.52068, 10.71073, 6.45548]}, "faces": {"north": {"uv": [5.25, 2.375, 5.625, 2.75], "texture": "#0"}, "east": {"uv": [5.25, 2.375, 5.625, 2.75], "texture": "#0"}, "south": {"uv": [5.25, 2.375, 5.625, 2.75], "texture": "#0"}, "west": {"uv": [5.25, 2.375, 5.625, 2.75], "texture": "#0"}, "up": {"uv": [5.25, 2.375, 5.625, 2.75], "rotation": 180, "texture": "#0"}, "down": {"uv": [5.25, 2.375, 5.625, 2.75], "rotation": 180, "texture": "#0"}}}, {"from": [5.27068, 11.46073, 6.30548], "to": [5.72068, 12.96073, 6.75548], "rotation": {"angle": 0, "axis": "y", "origin": [5.57068, 10.71073, 6.45548]}, "faces": {"north": {"uv": [5.25, 2.375, 5.625, 2.75], "texture": "#0"}, "east": {"uv": [5.25, 2.375, 5.625, 2.75], "texture": "#0"}, "south": {"uv": [5.25, 2.375, 5.625, 2.75], "texture": "#0"}, "west": {"uv": [5.25, 2.375, 5.625, 2.75], "texture": "#0"}, "up": {"uv": [5.25, 2.375, 5.625, 2.75], "rotation": 180, "texture": "#0"}, "down": {"uv": [5.25, 2.375, 5.625, 2.75], "rotation": 180, "texture": "#0"}}}, {"from": [10.37068, 11.61073, 6.45548], "to": [10.52068, 13.26073, 6.60548], "rotation": {"angle": 0, "axis": "y", "origin": [10.59568, 10.86073, 6.38048]}, "faces": {"north": {"uv": [5.25, 2.375, 5.625, 2.75], "texture": "#0"}, "east": {"uv": [5.25, 2.375, 5.625, 2.75], "texture": "#0"}, "south": {"uv": [5.25, 2.375, 5.625, 2.75], "texture": "#0"}, "west": {"uv": [5.25, 2.375, 5.625, 2.75], "texture": "#0"}, "up": {"uv": [5.25, 2.375, 5.625, 2.75], "rotation": 180, "texture": "#0"}, "down": {"uv": [5.25, 2.375, 5.625, 2.75], "rotation": 180, "texture": "#0"}}}, {"from": [5.42068, 11.61073, 6.45548], "to": [5.57068, 13.26073, 6.60548], "rotation": {"angle": 0, "axis": "y", "origin": [5.64568, 10.86073, 6.38048]}, "faces": {"north": {"uv": [5.25, 2.375, 5.625, 2.75], "texture": "#0"}, "east": {"uv": [5.25, 2.375, 5.625, 2.75], "texture": "#0"}, "south": {"uv": [5.25, 2.375, 5.625, 2.75], "texture": "#0"}, "west": {"uv": [5.25, 2.375, 5.625, 2.75], "texture": "#0"}, "up": {"uv": [5.25, 2.375, 5.625, 2.75], "rotation": 180, "texture": "#0"}, "down": {"uv": [5.25, 2.375, 5.625, 2.75], "rotation": 180, "texture": "#0"}}}, {"from": [9.77068, 11.16073, 5.85548], "to": [11.12068, 11.46073, 7.20548], "rotation": {"angle": 0, "axis": "y", "origin": [10.52068, 7.26073, 6.45548]}, "faces": {"north": {"uv": [5.25, 2.375, 5.625, 2.75], "texture": "#0"}, "east": {"uv": [5.25, 2.375, 5.625, 2.75], "texture": "#0"}, "south": {"uv": [5.25, 2.375, 5.625, 2.75], "texture": "#0"}, "west": {"uv": [5.25, 2.375, 5.625, 2.75], "texture": "#0"}, "up": {"uv": [5.25, 2.375, 5.625, 2.75], "rotation": 180, "texture": "#0"}, "down": {"uv": [5.25, 2.375, 5.625, 2.75], "rotation": 180, "texture": "#0"}}}, {"from": [4.82068, 11.16073, 5.85548], "to": [6.17068, 11.46073, 7.20548], "rotation": {"angle": 0, "axis": "y", "origin": [5.57068, 7.26073, 6.45548]}, "faces": {"north": {"uv": [5.25, 2.375, 5.625, 2.75], "texture": "#0"}, "east": {"uv": [5.25, 2.375, 5.625, 2.75], "texture": "#0"}, "south": {"uv": [5.25, 2.375, 5.625, 2.75], "texture": "#0"}, "west": {"uv": [5.25, 2.375, 5.625, 2.75], "texture": "#0"}, "up": {"uv": [5.25, 2.375, 5.625, 2.75], "rotation": 180, "texture": "#0"}, "down": {"uv": [5.25, 2.375, 5.625, 2.75], "rotation": 180, "texture": "#0"}}}, {"from": [9.62068, 10.41073, 6.30548], "to": [10.07068, 11.46073, 6.75548], "rotation": {"angle": -22.5, "axis": "z", "origin": [9.84568, 8.76073, 6.53048]}, "faces": {"north": {"uv": [5.25, 2.375, 5.625, 2.75], "texture": "#0"}, "east": {"uv": [5.25, 2.375, 5.625, 2.75], "texture": "#0"}, "south": {"uv": [5.25, 2.375, 5.625, 2.75], "texture": "#0"}, "west": {"uv": [5.25, 2.375, 5.625, 2.75], "texture": "#0"}, "up": {"uv": [5.25, 2.375, 5.625, 2.75], "rotation": 180, "texture": "#0"}, "down": {"uv": [5.25, 2.375, 5.625, 2.75], "rotation": 180, "texture": "#0"}}}, {"from": [4.67068, 10.41073, 6.30548], "to": [5.12068, 11.46073, 6.75548], "rotation": {"angle": -22.5, "axis": "z", "origin": [4.89568, 8.76073, 6.53048]}, "faces": {"north": {"uv": [5.25, 2.375, 5.625, 2.75], "texture": "#0"}, "east": {"uv": [5.25, 2.375, 5.625, 2.75], "texture": "#0"}, "south": {"uv": [5.25, 2.375, 5.625, 2.75], "texture": "#0"}, "west": {"uv": [5.25, 2.375, 5.625, 2.75], "texture": "#0"}, "up": {"uv": [5.25, 2.375, 5.625, 2.75], "rotation": 180, "texture": "#0"}, "down": {"uv": [5.25, 2.375, 5.625, 2.75], "rotation": 180, "texture": "#0"}}}, {"from": [10.22068, 10.39743, 5.68055], "to": [10.67068, 11.44743, 6.13055], "rotation": {"angle": 22.5, "axis": "x", "origin": [10.44568, 8.74743, 5.90555]}, "faces": {"north": {"uv": [6.375, 2.375, 6.75, 2.75], "texture": "#0"}, "east": {"uv": [6.375, 2.375, 6.75, 2.75], "texture": "#0"}, "south": {"uv": [6.375, 2.375, 6.75, 2.75], "texture": "#0"}, "west": {"uv": [6.375, 2.375, 6.75, 2.75], "texture": "#0"}, "up": {"uv": [6.375, 2.375, 6.75, 2.75], "rotation": 180, "texture": "#0"}, "down": {"uv": [6.375, 2.375, 6.75, 2.75], "rotation": 180, "texture": "#0"}}}, {"from": [10.85992, 10.41073, 6.30548], "to": [11.30992, 11.46073, 6.75548], "rotation": {"angle": 22.5, "axis": "z", "origin": [11.08492, 8.76073, 6.53048]}, "faces": {"north": {"uv": [5.25, 2.375, 5.625, 2.75], "texture": "#0"}, "east": {"uv": [5.25, 2.375, 5.625, 2.75], "texture": "#0"}, "south": {"uv": [5.25, 2.375, 5.625, 2.75], "texture": "#0"}, "west": {"uv": [5.25, 2.375, 5.625, 2.75], "texture": "#0"}, "up": {"uv": [5.25, 2.375, 5.625, 2.75], "rotation": 180, "texture": "#0"}, "down": {"uv": [5.25, 2.375, 5.625, 2.75], "rotation": 180, "texture": "#0"}}}, {"from": [5.90992, 10.41073, 6.30548], "to": [6.35992, 11.46073, 6.75548], "rotation": {"angle": 22.5, "axis": "z", "origin": [6.13492, 8.76073, 6.53048]}, "faces": {"north": {"uv": [5.25, 2.375, 5.625, 2.75], "texture": "#0"}, "east": {"uv": [5.25, 2.375, 5.625, 2.75], "texture": "#0"}, "south": {"uv": [5.25, 2.375, 5.625, 2.75], "texture": "#0"}, "west": {"uv": [5.25, 2.375, 5.625, 2.75], "texture": "#0"}, "up": {"uv": [5.25, 2.375, 5.625, 2.75], "rotation": 180, "texture": "#0"}, "down": {"uv": [5.25, 2.375, 5.625, 2.75], "rotation": 180, "texture": "#0"}}}, {"from": [10.22068, 10.39743, 6.91978], "to": [10.67068, 11.44743, 7.36978], "rotation": {"angle": -22.5, "axis": "x", "origin": [10.44568, 8.74743, 7.14478]}, "faces": {"north": {"uv": [5.25, 2.375, 5.625, 2.75], "texture": "#0"}, "east": {"uv": [5.25, 2.375, 5.625, 2.75], "texture": "#0"}, "south": {"uv": [5.25, 2.375, 5.625, 2.75], "texture": "#0"}, "west": {"uv": [5.25, 2.375, 5.625, 2.75], "texture": "#0"}, "up": {"uv": [5.25, 2.375, 5.625, 2.75], "rotation": 180, "texture": "#0"}, "down": {"uv": [5.25, 2.375, 5.625, 2.75], "rotation": 180, "texture": "#0"}}}, {"from": [5.27068, 10.39743, 6.91978], "to": [5.72068, 11.44743, 7.36978], "rotation": {"angle": -22.5, "axis": "x", "origin": [5.49568, 8.74743, 7.14478]}, "faces": {"north": {"uv": [5.25, 2.375, 5.625, 2.75], "texture": "#0"}, "east": {"uv": [5.25, 2.375, 5.625, 2.75], "texture": "#0"}, "south": {"uv": [5.25, 2.375, 5.625, 2.75], "texture": "#0"}, "west": {"uv": [5.25, 2.375, 5.625, 2.75], "texture": "#0"}, "up": {"uv": [5.25, 2.375, 5.625, 2.75], "rotation": 180, "texture": "#0"}, "down": {"uv": [5.25, 2.375, 5.625, 2.75], "rotation": 180, "texture": "#0"}}}, {"from": [9.54568, 2.85926, 7.59335], "to": [10.14568, 5.55926, 8.19335], "rotation": {"angle": -45, "axis": "x", "origin": [10.37068, 4.80926, 8.34335]}, "faces": {"north": {"uv": [5.25, 2.375, 5.625, 2.75], "texture": "#0"}, "east": {"uv": [5.25, 2.375, 5.625, 2.75], "texture": "#0"}, "south": {"uv": [5.25, 2.375, 5.625, 2.75], "texture": "#0"}, "west": {"uv": [5.25, 2.375, 5.625, 2.75], "texture": "#0"}, "up": {"uv": [5.25, 2.375, 5.625, 2.75], "rotation": 180, "texture": "#0"}, "down": {"uv": [5.25, 2.375, 5.625, 2.75], "rotation": 180, "texture": "#0"}}}, {"from": [5.79742, 2.85926, 7.59335], "to": [6.39742, 5.55926, 8.19335], "rotation": {"angle": -45, "axis": "x", "origin": [5.57242, 4.80926, 8.34335]}, "faces": {"north": {"uv": [5.25, 2.375, 5.625, 2.75], "texture": "#0"}, "east": {"uv": [5.25, 2.375, 5.625, 2.75], "texture": "#0"}, "south": {"uv": [5.25, 2.375, 5.625, 2.75], "texture": "#0"}, "west": {"uv": [5.25, 2.375, 5.625, 2.75], "texture": "#0"}, "up": {"uv": [5.25, 2.375, 5.625, 2.75], "rotation": 180, "texture": "#0"}, "down": {"uv": [5.25, 2.375, 5.625, 2.75], "rotation": 180, "texture": "#0"}}}, {"from": [9.24568, 3.87587, 6.59799], "to": [9.84568, 4.47587, 7.79799], "rotation": {"angle": -22.5, "axis": "x", "origin": [10.07068, 4.62587, 5.84799]}, "faces": {"north": {"uv": [5.25, 2.375, 5.625, 2.75], "texture": "#0"}, "east": {"uv": [5.25, 2.375, 5.625, 2.75], "texture": "#0"}, "south": {"uv": [5.25, 2.375, 5.625, 2.75], "texture": "#0"}, "west": {"uv": [5.25, 2.375, 5.625, 2.75], "texture": "#0"}, "up": {"uv": [5.25, 2.375, 5.625, 2.75], "rotation": 180, "texture": "#0"}, "down": {"uv": [5.25, 2.375, 5.625, 2.75], "rotation": 180, "texture": "#0"}}}, {"from": [6.09742, 3.87587, 6.59799], "to": [6.69742, 4.47587, 7.79799], "rotation": {"angle": -22.5, "axis": "x", "origin": [5.87242, 4.62587, 5.84799]}, "faces": {"north": {"uv": [5.25, 2.375, 5.625, 2.75], "texture": "#0"}, "east": {"uv": [5.25, 2.375, 5.625, 2.75], "texture": "#0"}, "south": {"uv": [5.25, 2.375, 5.625, 2.75], "texture": "#0"}, "west": {"uv": [5.25, 2.375, 5.625, 2.75], "texture": "#0"}, "up": {"uv": [5.25, 2.375, 5.625, 2.75], "rotation": 180, "texture": "#0"}, "down": {"uv": [5.25, 2.375, 5.625, 2.75], "rotation": 180, "texture": "#0"}}}, {"from": [8.94568, 3.18014, 5.86348], "to": [9.54568, 4.98014, 6.46348], "rotation": {"angle": 22.5, "axis": "x", "origin": [9.77068, 3.03014, 5.71348]}, "faces": {"north": {"uv": [5.25, 2.375, 5.625, 2.75], "rotation": 180, "texture": "#0"}, "east": {"uv": [5.25, 2.375, 5.625, 2.75], "rotation": 180, "texture": "#0"}, "south": {"uv": [5.25, 2.375, 5.625, 2.75], "rotation": 180, "texture": "#0"}, "west": {"uv": [5.25, 2.375, 5.625, 2.75], "rotation": 180, "texture": "#0"}, "up": {"uv": [5.25, 2.375, 5.625, 2.75], "texture": "#0"}, "down": {"uv": [5.25, 2.375, 5.625, 2.75], "texture": "#0"}}}, {"from": [6.39742, 3.18014, 5.86348], "to": [6.99742, 4.98014, 6.46348], "rotation": {"angle": 22.5, "axis": "x", "origin": [6.17242, 3.03014, 5.71348]}, "faces": {"north": {"uv": [5.25, 2.375, 5.625, 2.75], "rotation": 180, "texture": "#0"}, "east": {"uv": [5.25, 2.375, 5.625, 2.75], "rotation": 180, "texture": "#0"}, "south": {"uv": [5.25, 2.375, 5.625, 2.75], "rotation": 180, "texture": "#0"}, "west": {"uv": [5.25, 2.375, 5.625, 2.75], "rotation": 180, "texture": "#0"}, "up": {"uv": [5.25, 2.375, 5.625, 2.75], "texture": "#0"}, "down": {"uv": [5.25, 2.375, 5.625, 2.75], "texture": "#0"}}}, {"from": [9.39568, 2.66132, 5.90947], "to": [9.54568, 3.11132, 6.50947], "rotation": {"angle": 0, "axis": "y", "origin": [9.77068, 1.16132, 5.75947]}, "faces": {"north": {"uv": [5.25, 2.375, 5.625, 2.75], "rotation": 180, "texture": "#0"}, "east": {"uv": [5.25, 2.375, 5.625, 2.75], "rotation": 180, "texture": "#0"}, "south": {"uv": [5.25, 2.375, 5.625, 2.75], "rotation": 180, "texture": "#0"}, "west": {"uv": [5.25, 2.375, 5.625, 2.75], "rotation": 180, "texture": "#0"}, "up": {"uv": [5.25, 2.375, 5.625, 2.75], "texture": "#0"}, "down": {"uv": [5.25, 2.375, 5.625, 2.75], "texture": "#0"}}}, {"from": [6.39742, 2.66132, 5.90947], "to": [6.54742, 3.11132, 6.50947], "rotation": {"angle": 0, "axis": "y", "origin": [6.17242, 1.16132, 5.75947]}, "faces": {"north": {"uv": [5.25, 2.375, 5.625, 2.75], "rotation": 180, "texture": "#0"}, "east": {"uv": [5.25, 2.375, 5.625, 2.75], "rotation": 180, "texture": "#0"}, "south": {"uv": [5.25, 2.375, 5.625, 2.75], "rotation": 180, "texture": "#0"}, "west": {"uv": [5.25, 2.375, 5.625, 2.75], "rotation": 180, "texture": "#0"}, "up": {"uv": [5.25, 2.375, 5.625, 2.75], "texture": "#0"}, "down": {"uv": [5.25, 2.375, 5.625, 2.75], "texture": "#0"}}}, {"from": [8.94568, 2.66132, 5.90947], "to": [9.09568, 3.11132, 6.50947], "rotation": {"angle": 0, "axis": "y", "origin": [9.32068, 1.16132, 5.75947]}, "faces": {"north": {"uv": [5.25, 2.375, 5.625, 2.75], "rotation": 180, "texture": "#0"}, "east": {"uv": [5.25, 2.375, 5.625, 2.75], "rotation": 180, "texture": "#0"}, "south": {"uv": [5.25, 2.375, 5.625, 2.75], "rotation": 180, "texture": "#0"}, "west": {"uv": [5.25, 2.375, 5.625, 2.75], "rotation": 180, "texture": "#0"}, "up": {"uv": [5.25, 2.375, 5.625, 2.75], "texture": "#0"}, "down": {"uv": [5.25, 2.375, 5.625, 2.75], "texture": "#0"}}}, {"from": [6.84742, 2.66132, 5.90947], "to": [6.99742, 3.11132, 6.50947], "rotation": {"angle": 0, "axis": "y", "origin": [6.62242, 1.16132, 5.75947]}, "faces": {"north": {"uv": [5.25, 2.375, 5.625, 2.75], "rotation": 180, "texture": "#0"}, "east": {"uv": [5.25, 2.375, 5.625, 2.75], "rotation": 180, "texture": "#0"}, "south": {"uv": [5.25, 2.375, 5.625, 2.75], "rotation": 180, "texture": "#0"}, "west": {"uv": [5.25, 2.375, 5.625, 2.75], "rotation": 180, "texture": "#0"}, "up": {"uv": [5.25, 2.375, 5.625, 2.75], "texture": "#0"}, "down": {"uv": [5.25, 2.375, 5.625, 2.75], "texture": "#0"}}}, {"from": [9.17068, 2.66132, 5.90947], "to": [9.32068, 3.11132, 6.50947], "rotation": {"angle": 0, "axis": "y", "origin": [9.54568, 1.16132, 5.75947]}, "faces": {"north": {"uv": [5.25, 2.375, 5.625, 2.75], "rotation": 180, "texture": "#0"}, "east": {"uv": [5.25, 2.375, 5.625, 2.75], "rotation": 180, "texture": "#0"}, "south": {"uv": [5.25, 2.375, 5.625, 2.75], "rotation": 180, "texture": "#0"}, "west": {"uv": [5.25, 2.375, 5.625, 2.75], "rotation": 180, "texture": "#0"}, "up": {"uv": [5.25, 2.375, 5.625, 2.75], "texture": "#0"}, "down": {"uv": [5.25, 2.375, 5.625, 2.75], "texture": "#0"}}}, {"from": [6.62242, 2.66132, 5.90947], "to": [6.77242, 3.11132, 6.50947], "rotation": {"angle": 0, "axis": "y", "origin": [6.39742, 1.16132, 5.75947]}, "faces": {"north": {"uv": [5.25, 2.375, 5.625, 2.75], "rotation": 180, "texture": "#0"}, "east": {"uv": [5.25, 2.375, 5.625, 2.75], "rotation": 180, "texture": "#0"}, "south": {"uv": [5.25, 2.375, 5.625, 2.75], "rotation": 180, "texture": "#0"}, "west": {"uv": [5.25, 2.375, 5.625, 2.75], "rotation": 180, "texture": "#0"}, "up": {"uv": [5.25, 2.375, 5.625, 2.75], "texture": "#0"}, "down": {"uv": [5.25, 2.375, 5.625, 2.75], "texture": "#0"}}}, {"from": [5.94568, 2.70926, 7.44335], "to": [10.29568, 3.75926, 8.49335], "rotation": {"angle": -45, "axis": "x", "origin": [10.52068, 4.65926, 8.19335]}, "faces": {"north": {"uv": [5.375, 2.375, 5.75, 2.75], "texture": "#0"}, "east": {"uv": [5.375, 2.375, 5.75, 2.75], "texture": "#0"}, "south": {"uv": [5.375, 2.375, 5.75, 2.75], "texture": "#0"}, "west": {"uv": [5.375, 2.375, 5.75, 2.75], "texture": "#0"}, "up": {"uv": [5.375, 2.375, 5.75, 2.75], "rotation": 180, "texture": "#0"}, "down": {"uv": [5.375, 2.375, 5.75, 2.75], "rotation": 180, "texture": "#0"}}}, {"from": [5.22142, 5.55926, 6.39335], "to": [5.82142, 7.95926, 6.99335], "rotation": {"angle": -45, "axis": "x", "origin": [4.99642, 7.50926, 7.14335]}, "faces": {"north": {"uv": [5.25, 2.375, 5.625, 2.75], "texture": "#0"}, "east": {"uv": [5.25, 2.375, 5.625, 2.75], "texture": "#0"}, "south": {"uv": [5.25, 2.375, 5.625, 2.75], "texture": "#0"}, "west": {"uv": [5.25, 2.375, 5.625, 2.75], "texture": "#0"}, "up": {"uv": [5.25, 2.375, 5.625, 2.75], "rotation": 180, "texture": "#0"}, "down": {"uv": [5.25, 2.375, 5.625, 2.75], "rotation": 180, "texture": "#0"}}}, {"from": [9.78355, 5.9986, 7.81614], "to": [10.38355, 8.6986, 8.41614], "rotation": {"angle": 45, "axis": "z", "origin": [10.53355, 6.4486, 7.59114]}, "faces": {"north": {"uv": [5.25, 2.375, 5.625, 2.75], "texture": "#0"}, "east": {"uv": [5.25, 2.375, 5.625, 2.75], "texture": "#0"}, "south": {"uv": [5.25, 2.375, 5.625, 2.75], "texture": "#0"}, "west": {"uv": [5.25, 2.375, 5.625, 2.75], "texture": "#0"}, "up": {"uv": [5.25, 2.375, 5.625, 2.75], "rotation": 180, "texture": "#0"}, "down": {"uv": [5.25, 2.375, 5.625, 2.75], "rotation": 180, "texture": "#0"}}}, {"from": [5.58355, 5.9986, 7.81614], "to": [6.18355, 8.6986, 8.41614], "rotation": {"angle": -45, "axis": "z", "origin": [5.43355, 6.4486, 7.59114]}, "faces": {"north": {"uv": [5.25, 2.375, 5.625, 2.75], "texture": "#0"}, "east": {"uv": [5.25, 2.375, 5.625, 2.75], "texture": "#0"}, "south": {"uv": [5.25, 2.375, 5.625, 2.75], "texture": "#0"}, "west": {"uv": [5.25, 2.375, 5.625, 2.75], "texture": "#0"}, "up": {"uv": [5.25, 2.375, 5.625, 2.75], "rotation": 180, "texture": "#0"}, "down": {"uv": [5.25, 2.375, 5.625, 2.75], "rotation": 180, "texture": "#0"}}}, {"from": [6.6898, 7.26583, 5.85301], "to": [9.2773, 8.76583, 7.65301], "rotation": {"angle": 0, "axis": "y", "origin": [7.42105, 8.05333, 7.31551]}, "faces": {"north": {"uv": [6.375, 2.375, 6.75, 2.75], "texture": "#0"}, "east": {"uv": [6.375, 2.375, 6.75, 2.75], "texture": "#0"}, "south": {"uv": [6.375, 2.375, 6.75, 2.75], "texture": "#0"}, "west": {"uv": [6.375, 2.375, 6.75, 2.75], "texture": "#0"}, "up": {"uv": [6.375, 2.375, 6.75, 2.75], "rotation": 180, "texture": "#0"}, "down": {"uv": [6.375, 2.375, 6.75, 2.75], "rotation": 180, "texture": "#0"}}}, {"from": [6.8398, 8.76583, 6.15301], "to": [9.1273, 9.21583, 7.65301], "rotation": {"angle": 0, "axis": "y", "origin": [7.42105, 8.50333, 7.31551]}, "faces": {"north": {"uv": [5.375, 2.375, 5.75, 2.75], "texture": "#0"}, "east": {"uv": [6.375, 2.375, 6.75, 2.75], "texture": "#0"}, "south": {"uv": [6.375, 2.375, 6.75, 2.75], "texture": "#0"}, "west": {"uv": [6.375, 2.375, 6.75, 2.75], "texture": "#0"}, "up": {"uv": [6.375, 2.375, 6.75, 2.75], "rotation": 180, "texture": "#0"}, "down": {"uv": [6.375, 2.375, 6.75, 2.75], "rotation": 180, "texture": "#0"}}}, {"from": [6.6898, 9.21583, 5.85301], "to": [9.2773, 9.51583, 7.65301], "rotation": {"angle": 0, "axis": "y", "origin": [7.42105, 8.80333, 7.31551]}, "faces": {"north": {"uv": [6.375, 2.375, 6.75, 2.75], "texture": "#0"}, "east": {"uv": [6.375, 2.375, 6.75, 2.75], "texture": "#0"}, "south": {"uv": [6.375, 2.375, 6.75, 2.75], "texture": "#0"}, "west": {"uv": [6.375, 2.375, 6.75, 2.75], "texture": "#0"}, "up": {"uv": [6.375, 2.375, 6.75, 2.75], "rotation": 180, "texture": "#0"}, "down": {"uv": [6.375, 2.375, 6.75, 2.75], "rotation": 180, "texture": "#0"}}}, {"from": [9.0898, 8.76583, 5.85301], "to": [9.2773, 9.21583, 7.65301], "rotation": {"angle": 0, "axis": "y", "origin": [7.42105, 8.35333, 7.31551]}, "faces": {"north": {"uv": [6.375, 2.375, 6.75, 2.75], "texture": "#0"}, "east": {"uv": [6.375, 2.375, 6.75, 2.75], "texture": "#0"}, "south": {"uv": [6.375, 2.375, 6.75, 2.75], "texture": "#0"}, "west": {"uv": [6.375, 2.375, 6.75, 2.75], "texture": "#0"}, "up": {"uv": [6.375, 2.375, 6.75, 2.75], "rotation": 180, "texture": "#0"}, "down": {"uv": [6.375, 2.375, 6.75, 2.75], "rotation": 180, "texture": "#0"}}}, {"from": [6.6898, 8.76583, 5.85301], "to": [6.8773, 9.21583, 7.65301], "rotation": {"angle": 0, "axis": "y", "origin": [5.02105, 8.35333, 7.31551]}, "faces": {"north": {"uv": [6.375, 2.375, 6.75, 2.75], "texture": "#0"}, "east": {"uv": [6.375, 2.375, 6.75, 2.75], "texture": "#0"}, "south": {"uv": [6.375, 2.375, 6.75, 2.75], "texture": "#0"}, "west": {"uv": [6.375, 2.375, 6.75, 2.75], "texture": "#0"}, "up": {"uv": [6.375, 2.375, 6.75, 2.75], "rotation": 180, "texture": "#0"}, "down": {"uv": [6.375, 2.375, 6.75, 2.75], "rotation": 180, "texture": "#0"}}}, {"from": [7.4398, 8.76583, 5.85301], "to": [8.3773, 9.21583, 7.65301], "rotation": {"angle": 0, "axis": "y", "origin": [5.77105, 8.35333, 7.31551]}, "faces": {"north": {"uv": [6.375, 2.375, 6.75, 2.75], "texture": "#0"}, "east": {"uv": [6.375, 2.375, 6.75, 2.75], "texture": "#0"}, "south": {"uv": [6.375, 2.375, 6.75, 2.75], "texture": "#0"}, "west": {"uv": [6.375, 2.375, 6.75, 2.75], "texture": "#0"}, "up": {"uv": [6.375, 2.375, 6.75, 2.75], "rotation": 180, "texture": "#0"}, "down": {"uv": [6.375, 2.375, 6.75, 2.75], "rotation": 180, "texture": "#0"}}}, {"from": [7.60855, 6.5986, 5.64114], "to": [8.35855, 8.5486, 6.39114], "rotation": {"angle": 22.5, "axis": "x", "origin": [7.98355, 8.2486, 7.59114]}, "faces": {"north": {"uv": [6.375, 2.375, 6.75, 2.75], "texture": "#0"}, "east": {"uv": [6.375, 2.375, 6.75, 2.75], "texture": "#0"}, "south": {"uv": [6.375, 2.375, 6.75, 2.75], "texture": "#0"}, "west": {"uv": [6.375, 2.375, 6.75, 2.75], "texture": "#0"}, "up": {"uv": [6.375, 2.375, 6.75, 2.75], "rotation": 180, "texture": "#0"}, "down": {"uv": [6.375, 2.375, 6.75, 2.75], "rotation": 180, "texture": "#0"}}}, {"from": [7.60855, 5.5486, 5.64114], "to": [8.35855, 7.4986, 6.39114], "rotation": {"angle": 22.5, "axis": "x", "origin": [7.98355, 7.1986, 7.59114]}, "faces": {"north": {"uv": [6.375, 2.375, 6.75, 2.75], "texture": "#0"}, "east": {"uv": [6.375, 2.375, 6.75, 2.75], "texture": "#0"}, "south": {"uv": [6.375, 2.375, 6.75, 2.75], "texture": "#0"}, "west": {"uv": [6.375, 2.375, 6.75, 2.75], "texture": "#0"}, "up": {"uv": [6.375, 2.375, 6.75, 2.75], "rotation": 180, "texture": "#0"}, "down": {"uv": [6.375, 2.375, 6.75, 2.75], "rotation": 180, "texture": "#0"}}}, {"from": [7.60855, 7.4895, 5.12452], "to": [8.35855, 8.2395, 5.72452], "rotation": {"angle": -22.5, "axis": "x", "origin": [7.98355, 7.9395, 7.07452]}, "faces": {"north": {"uv": [6.375, 2.375, 6.75, 2.75], "texture": "#0"}, "east": {"uv": [6.375, 2.375, 6.75, 2.75], "texture": "#0"}, "south": {"uv": [6.375, 2.375, 6.75, 2.75], "texture": "#0"}, "west": {"uv": [6.375, 2.375, 6.75, 2.75], "texture": "#0"}, "up": {"uv": [6.375, 2.375, 6.75, 2.75], "rotation": 180, "texture": "#0"}, "down": {"uv": [6.375, 2.375, 6.75, 2.75], "rotation": 180, "texture": "#0"}}}, {"from": [6.85855, 5.6986, 5.94114], "to": [9.10855, 7.9486, 6.39114], "rotation": {"angle": 22.5, "axis": "x", "origin": [7.98355, 7.6486, 7.59114]}, "faces": {"north": {"uv": [6.375, 2.375, 6.75, 2.75], "texture": "#0"}, "east": {"uv": [6.375, 2.375, 6.75, 2.75], "texture": "#0"}, "south": {"uv": [6.375, 2.375, 6.75, 2.75], "texture": "#0"}, "west": {"uv": [6.375, 2.375, 6.75, 2.75], "texture": "#0"}, "up": {"uv": [6.375, 2.375, 6.75, 2.75], "rotation": 180, "texture": "#0"}, "down": {"uv": [6.375, 2.375, 6.75, 2.75], "rotation": 180, "texture": "#0"}}}, {"from": [6.6898, 6.14083, 6.07801], "to": [9.2773, 7.82833, 6.41551], "rotation": {"angle": 22.5, "axis": "x", "origin": [7.98355, 7.60333, 7.31551]}, "faces": {"north": {"uv": [6.375, 2.375, 6.75, 2.75], "texture": "#0"}, "east": {"uv": [6.375, 2.375, 6.75, 2.75], "texture": "#0"}, "south": {"uv": [6.375, 2.375, 6.75, 2.75], "texture": "#0"}, "west": {"uv": [6.375, 2.375, 6.75, 2.75], "texture": "#0"}, "up": {"uv": [6.375, 2.375, 6.75, 2.75], "rotation": 180, "texture": "#0"}, "down": {"uv": [6.375, 2.375, 6.75, 2.75], "rotation": 180, "texture": "#0"}}}, {"from": [6.85855, 7.14383, 6.04704], "to": [9.10855, 7.44383, 8.29704], "rotation": {"angle": -22.5, "axis": "x", "origin": [7.98355, 5.94383, 7.99704]}, "faces": {"north": {"uv": [6.375, 2.375, 6.75, 2.75], "texture": "#0"}, "east": {"uv": [6.375, 2.375, 6.75, 2.75], "texture": "#0"}, "south": {"uv": [6.375, 2.375, 6.75, 2.75], "texture": "#0"}, "west": {"uv": [6.375, 2.375, 6.75, 2.75], "texture": "#0"}, "up": {"uv": [6.375, 2.375, 6.75, 2.75], "rotation": 180, "texture": "#0"}, "down": {"uv": [6.375, 2.375, 6.75, 2.75], "rotation": 180, "texture": "#0"}}}, {"from": [6.6898, 7.22475, 6.15743], "to": [9.2773, 7.44975, 7.84493], "rotation": {"angle": -22.5, "axis": "x", "origin": [7.98355, 6.32475, 7.61993]}, "faces": {"north": {"uv": [6.375, 2.375, 6.75, 2.75], "texture": "#0"}, "east": {"uv": [6.375, 2.375, 6.75, 2.75], "texture": "#0"}, "south": {"uv": [6.375, 2.375, 6.75, 2.75], "texture": "#0"}, "west": {"uv": [6.375, 2.375, 6.75, 2.75], "texture": "#0"}, "up": {"uv": [6.375, 2.375, 6.75, 2.75], "rotation": 180, "texture": "#0"}, "down": {"uv": [6.375, 2.375, 6.75, 2.75], "rotation": 180, "texture": "#0"}}}, {"from": [6.85855, 7.44383, 6.34704], "to": [9.10855, 7.89383, 7.69704], "rotation": {"angle": -22.5, "axis": "x", "origin": [7.98355, 5.94383, 7.99704]}, "faces": {"north": {"uv": [6.375, 2.375, 6.75, 2.75], "texture": "#0"}, "east": {"uv": [6.375, 2.375, 6.75, 2.75], "texture": "#0"}, "south": {"uv": [6.375, 2.375, 6.75, 2.75], "texture": "#0"}, "west": {"uv": [6.375, 2.375, 6.75, 2.75], "texture": "#0"}, "up": {"uv": [6.375, 2.375, 6.75, 2.75], "rotation": 180, "texture": "#0"}, "down": {"uv": [6.375, 2.375, 6.75, 2.75], "rotation": 180, "texture": "#0"}}}, {"from": [6.6898, 7.44975, 6.38243], "to": [9.2773, 7.78725, 7.39493], "rotation": {"angle": -22.5, "axis": "x", "origin": [7.98355, 6.32475, 7.61993]}, "faces": {"north": {"uv": [6.375, 2.375, 6.75, 2.75], "texture": "#0"}, "east": {"uv": [6.375, 2.375, 6.75, 2.75], "texture": "#0"}, "south": {"uv": [6.375, 2.375, 6.75, 2.75], "texture": "#0"}, "west": {"uv": [6.375, 2.375, 6.75, 2.75], "texture": "#0"}, "up": {"uv": [6.375, 2.375, 6.75, 2.75], "rotation": 180, "texture": "#0"}, "down": {"uv": [6.375, 2.375, 6.75, 2.75], "rotation": 180, "texture": "#0"}}}, {"from": [9.59118, 9.1759, 6.24114], "to": [9.98217, 10.76689, 8.04114], "rotation": {"angle": -45, "axis": "z", "origin": [8.76618, 10.2259, 7.59114]}, "faces": {"north": {"uv": [6.375, 2.375, 6.75, 2.75], "texture": "#0"}, "east": {"uv": [6.375, 2.375, 6.75, 2.75], "texture": "#0"}, "south": {"uv": [6.375, 2.375, 6.75, 2.75], "texture": "#0"}, "west": {"uv": [6.375, 2.375, 6.75, 2.75], "texture": "#0"}, "up": {"uv": [6.375, 2.375, 6.75, 2.75], "rotation": 180, "texture": "#0"}, "down": {"uv": [6.375, 2.375, 6.75, 2.75], "rotation": 180, "texture": "#0"}}}, {"from": [5.98494, 9.1759, 6.24114], "to": [6.37593, 10.76689, 8.04114], "rotation": {"angle": 45, "axis": "z", "origin": [7.20093, 10.2259, 7.59114]}, "faces": {"north": {"uv": [6.375, 2.375, 6.75, 2.75], "texture": "#0"}, "east": {"uv": [6.375, 2.375, 6.75, 2.75], "texture": "#0"}, "south": {"uv": [6.375, 2.375, 6.75, 2.75], "texture": "#0"}, "west": {"uv": [6.375, 2.375, 6.75, 2.75], "texture": "#0"}, "up": {"uv": [6.375, 2.375, 6.75, 2.75], "rotation": 180, "texture": "#0"}, "down": {"uv": [6.375, 2.375, 6.75, 2.75], "rotation": 180, "texture": "#0"}}}, {"from": [7.9934, 9.44901, 6.24114], "to": [9.58439, 9.84, 8.04114], "rotation": {"angle": 22.5, "axis": "z", "origin": [9.0434, 10.665, 7.59114]}, "faces": {"north": {"uv": [6.375, 2.375, 6.75, 2.75], "rotation": 270, "texture": "#0"}, "east": {"uv": [6.375, 2.375, 6.75, 2.75], "rotation": 270, "texture": "#0"}, "south": {"uv": [6.375, 2.375, 6.75, 2.75], "rotation": 270, "texture": "#0"}, "west": {"uv": [6.375, 2.375, 6.75, 2.75], "rotation": 270, "texture": "#0"}, "up": {"uv": [6.375, 2.375, 6.75, 2.75], "rotation": 90, "texture": "#0"}, "down": {"uv": [6.375, 2.375, 6.75, 2.75], "rotation": 90, "texture": "#0"}}}, {"from": [8.43054, 9.17987, 5.86614], "to": [9.27153, 9.45837, 7.66614], "rotation": {"angle": -22.5, "axis": "z", "origin": [8.55103, 9.31912, 6.76614]}, "faces": {"north": {"uv": [6.375, 2.375, 6.75, 2.75], "rotation": 270, "texture": "#0"}, "east": {"uv": [6.375, 2.375, 6.75, 2.75], "rotation": 270, "texture": "#0"}, "south": {"uv": [6.375, 2.375, 6.75, 2.75], "rotation": 270, "texture": "#0"}, "west": {"uv": [6.375, 2.375, 6.75, 2.75], "rotation": 270, "texture": "#0"}, "up": {"uv": [6.375, 2.375, 6.75, 2.75], "rotation": 90, "texture": "#0"}, "down": {"uv": [6.375, 2.375, 6.75, 2.75], "rotation": 90, "texture": "#0"}}}, {"from": [6.70908, 9.17987, 5.86614], "to": [7.55007, 9.45837, 7.66614], "rotation": {"angle": 22.5, "axis": "z", "origin": [7.42957, 9.31912, 6.76614]}, "faces": {"north": {"uv": [6.375, 2.375, 6.75, 2.75], "rotation": 270, "texture": "#0"}, "east": {"uv": [6.375, 2.375, 6.75, 2.75], "rotation": 270, "texture": "#0"}, "south": {"uv": [6.375, 2.375, 6.75, 2.75], "rotation": 270, "texture": "#0"}, "west": {"uv": [6.375, 2.375, 6.75, 2.75], "rotation": 270, "texture": "#0"}, "up": {"uv": [6.375, 2.375, 6.75, 2.75], "rotation": 90, "texture": "#0"}, "down": {"uv": [6.375, 2.375, 6.75, 2.75], "rotation": 90, "texture": "#0"}}}, {"from": [6.38271, 9.44901, 6.24114], "to": [7.9737, 9.84, 8.04114], "rotation": {"angle": -22.5, "axis": "z", "origin": [6.9237, 10.665, 7.59114]}, "faces": {"north": {"uv": [6.375, 2.375, 6.75, 2.75], "rotation": 270, "texture": "#0"}, "east": {"uv": [6.375, 2.375, 6.75, 2.75], "rotation": 270, "texture": "#0"}, "south": {"uv": [6.375, 2.375, 6.75, 2.75], "rotation": 270, "texture": "#0"}, "west": {"uv": [6.375, 2.375, 6.75, 2.75], "rotation": 270, "texture": "#0"}, "up": {"uv": [6.375, 2.375, 6.75, 2.75], "rotation": 90, "texture": "#0"}, "down": {"uv": [6.375, 2.375, 6.75, 2.75], "rotation": 90, "texture": "#0"}}}, {"from": [5.35855, 1.1986, 6.54114], "to": [10.45855, 2.0986, 12.84114], "rotation": {"angle": 0, "axis": "y", "origin": [0.70855, 10.1986, -3.65886]}, "faces": {"north": {"uv": [6.375, 2.375, 6.75, 2.75], "texture": "#1"}, "east": {"uv": [6.375, 2.375, 6.75, 2.75], "texture": "#1"}, "south": {"uv": [6.375, 2.375, 6.75, 2.75], "texture": "#1"}, "west": {"uv": [6.375, 2.375, 6.75, 2.75], "texture": "#1"}, "up": {"uv": [6.375, 2.375, 6.75, 2.75], "rotation": 180, "texture": "#1"}, "down": {"uv": [6.375, 2.375, 6.75, 2.75], "rotation": 180, "texture": "#1"}}}, {"from": [6.10855, 0.2986, 7.29114], "to": [9.70855, 1.1986, 12.84114], "rotation": {"angle": 0, "axis": "y", "origin": [-0.04145, 9.2986, -3.65886]}, "faces": {"north": {"uv": [6.375, 2.375, 6.75, 2.75], "texture": "#1"}, "east": {"uv": [6.375, 2.375, 6.75, 2.75], "texture": "#1"}, "south": {"uv": [6.375, 2.375, 6.75, 2.75], "texture": "#1"}, "west": {"uv": [6.375, 2.375, 6.75, 2.75], "texture": "#1"}, "up": {"uv": [6.375, 2.375, 6.75, 2.75], "rotation": 180, "texture": "#1"}, "down": {"uv": [6.375, 2.375, 6.75, 2.75], "rotation": 180, "texture": "#1"}}}, {"from": [8.88355, 6.5986, 9.39114], "to": [9.40855, 10.4986, 9.84114], "rotation": {"angle": -45, "axis": "z", "origin": [9.10855, 8.5486, 9.24114]}, "faces": {"north": {"uv": [5.375, 2.375, 5.75, 2.75], "texture": "#0"}, "east": {"uv": [5.375, 2.375, 5.75, 2.75], "texture": "#0"}, "south": {"uv": [5.375, 2.375, 5.75, 2.75], "texture": "#0"}, "west": {"uv": [5.375, 2.375, 5.75, 2.75], "texture": "#0"}, "up": {"uv": [5.375, 2.375, 5.75, 2.75], "rotation": 180, "texture": "#0"}, "down": {"uv": [5.375, 2.375, 5.75, 2.75], "rotation": 180, "texture": "#0"}}}, {"from": [7.88515, 7.16896, 9.39114], "to": [11.78515, 7.61896, 9.84114], "rotation": {"angle": 22.5, "axis": "z", "origin": [8.16861, 7.13169, 9.24114]}, "faces": {"north": {"uv": [5.375, 2.375, 5.75, 2.75], "rotation": 270, "texture": "#0"}, "east": {"uv": [5.375, 2.375, 5.75, 2.75], "rotation": 270, "texture": "#0"}, "south": {"uv": [5.375, 2.375, 5.75, 2.75], "rotation": 270, "texture": "#0"}, "west": {"uv": [5.375, 2.375, 5.75, 2.75], "rotation": 270, "texture": "#0"}, "up": {"uv": [5.375, 2.375, 5.75, 2.75], "rotation": 90, "texture": "#0"}, "down": {"uv": [5.375, 2.375, 5.75, 2.75], "rotation": 90, "texture": "#0"}}}, {"from": [7.88515, 7.16896, 9.39114], "to": [11.78515, 7.61896, 9.84114], "rotation": {"angle": 0, "axis": "y", "origin": [8.16861, 7.13169, 9.24114]}, "faces": {"north": {"uv": [5.375, 2.375, 5.75, 2.75], "rotation": 270, "texture": "#0"}, "east": {"uv": [5.375, 2.375, 5.75, 2.75], "rotation": 270, "texture": "#0"}, "south": {"uv": [5.375, 2.375, 5.75, 2.75], "rotation": 270, "texture": "#0"}, "west": {"uv": [5.375, 2.375, 5.75, 2.75], "rotation": 270, "texture": "#0"}, "up": {"uv": [5.375, 2.375, 5.75, 2.75], "rotation": 90, "texture": "#0"}, "down": {"uv": [5.375, 2.375, 5.75, 2.75], "rotation": 90, "texture": "#0"}}}, {"from": [7.88515, 7.39839, 9.39114], "to": [11.78515, 7.84839, 9.84114], "rotation": {"angle": -22.5, "axis": "z", "origin": [8.16861, 7.88565, 9.24114]}, "faces": {"north": {"uv": [5.375, 2.375, 5.75, 2.75], "rotation": 270, "texture": "#0"}, "east": {"uv": [5.375, 2.375, 5.75, 2.75], "rotation": 270, "texture": "#0"}, "south": {"uv": [5.375, 2.375, 5.75, 2.75], "rotation": 270, "texture": "#0"}, "west": {"uv": [5.375, 2.375, 5.75, 2.75], "rotation": 270, "texture": "#0"}, "up": {"uv": [5.375, 2.375, 5.75, 2.75], "rotation": 90, "texture": "#0"}, "down": {"uv": [5.375, 2.375, 5.75, 2.75], "rotation": 90, "texture": "#0"}}}, {"from": [10.94361, 9.68169, 9.39114], "to": [11.46861, 12.08169, 9.84114], "rotation": {"angle": -22.5, "axis": "z", "origin": [11.16861, 11.63169, 9.24114]}, "faces": {"north": {"uv": [5.375, 2.375, 5.75, 2.75], "texture": "#0"}, "east": {"uv": [5.375, 2.375, 5.75, 2.75], "texture": "#0"}, "south": {"uv": [5.375, 2.375, 5.75, 2.75], "texture": "#0"}, "west": {"uv": [5.375, 2.375, 5.75, 2.75], "texture": "#0"}, "up": {"uv": [5.375, 2.375, 5.75, 2.75], "rotation": 180, "texture": "#0"}, "down": {"uv": [5.375, 2.375, 5.75, 2.75], "rotation": 180, "texture": "#0"}}}, {"from": [11.16861, 9.68169, 9.54114], "to": [11.31861, 12.68169, 9.69114], "rotation": {"angle": -22.5, "axis": "z", "origin": [11.16861, 11.63169, 9.24114]}, "faces": {"north": {"uv": [5.375, 2.375, 5.75, 2.75], "texture": "#0"}, "east": {"uv": [5.375, 2.375, 5.75, 2.75], "texture": "#0"}, "south": {"uv": [5.375, 2.375, 5.75, 2.75], "texture": "#0"}, "west": {"uv": [5.375, 2.375, 5.75, 2.75], "texture": "#0"}, "up": {"uv": [5.375, 2.375, 5.75, 2.75], "rotation": 180, "texture": "#0"}, "down": {"uv": [5.375, 2.375, 5.75, 2.75], "rotation": 180, "texture": "#0"}}}, {"from": [9.06817, 10.4872, 9.39114], "to": [9.51817, 12.8872, 9.84114], "rotation": {"angle": -45, "axis": "z", "origin": [8.16861, 7.13169, 9.24114]}, "faces": {"north": {"uv": [5.375, 2.375, 5.75, 2.75], "texture": "#0"}, "east": {"uv": [5.375, 2.375, 5.75, 2.75], "texture": "#0"}, "south": {"uv": [5.375, 2.375, 5.75, 2.75], "texture": "#0"}, "west": {"uv": [5.375, 2.375, 5.75, 2.75], "texture": "#0"}, "up": {"uv": [5.375, 2.375, 5.75, 2.75], "rotation": 180, "texture": "#0"}, "down": {"uv": [5.375, 2.375, 5.75, 2.75], "rotation": 180, "texture": "#0"}}}, {"from": [9.21817, 10.4872, 9.54114], "to": [9.36817, 13.4872, 9.69114], "rotation": {"angle": -45, "axis": "z", "origin": [8.16861, 7.13169, 9.24114]}, "faces": {"north": {"uv": [5.375, 2.375, 5.75, 2.75], "texture": "#0"}, "east": {"uv": [5.375, 2.375, 5.75, 2.75], "texture": "#0"}, "south": {"uv": [5.375, 2.375, 5.75, 2.75], "texture": "#0"}, "west": {"uv": [5.375, 2.375, 5.75, 2.75], "texture": "#0"}, "up": {"uv": [5.375, 2.375, 5.75, 2.75], "rotation": 180, "texture": "#0"}, "down": {"uv": [5.375, 2.375, 5.75, 2.75], "rotation": 180, "texture": "#0"}}}, {"from": [6.70567, 11.9872, 9.54114], "to": [8.76817, 13.1872, 9.80364], "rotation": {"angle": -45, "axis": "z", "origin": [7.41861, 6.68169, 9.24114]}, "faces": {"north": {"uv": [6.375, 2.375, 6.75, 2.75], "texture": "#0"}, "east": {"uv": [6.375, 2.375, 6.75, 2.75], "texture": "#0"}, "south": {"uv": [6.375, 2.375, 6.75, 2.75], "texture": "#0"}, "west": {"uv": [6.375, 2.375, 6.75, 2.75], "texture": "#0"}, "up": {"uv": [6.375, 2.375, 6.75, 2.75], "rotation": 180, "texture": "#0"}, "down": {"uv": [6.375, 2.375, 6.75, 2.75], "rotation": 180, "texture": "#0"}}}, {"from": [7.19317, 11.0872, 9.54114], "to": [8.76817, 11.9872, 9.80364], "rotation": {"angle": -45, "axis": "z", "origin": [7.41861, 6.68169, 9.24114]}, "faces": {"north": {"uv": [6.375, 2.375, 6.75, 2.75], "texture": "#0"}, "east": {"uv": [6.375, 2.375, 6.75, 2.75], "texture": "#0"}, "south": {"uv": [6.375, 2.375, 6.75, 2.75], "texture": "#0"}, "west": {"uv": [6.375, 2.375, 6.75, 2.75], "texture": "#0"}, "up": {"uv": [6.375, 2.375, 6.75, 2.75], "rotation": 180, "texture": "#0"}, "down": {"uv": [6.375, 2.375, 6.75, 2.75], "rotation": 180, "texture": "#0"}}}, {"from": [10.12667, 7.21436, 9.54114], "to": [13.72667, 7.88936, 9.80364], "rotation": {"angle": 22.5, "axis": "z", "origin": [7.22116, 7.21393, 9.24114]}, "faces": {"north": {"uv": [6.375, 2.375, 6.75, 2.75], "rotation": 270, "texture": "#0"}, "east": {"uv": [6.375, 2.375, 6.75, 2.75], "rotation": 270, "texture": "#0"}, "south": {"uv": [6.375, 2.375, 6.75, 2.75], "rotation": 270, "texture": "#0"}, "west": {"uv": [6.375, 2.375, 6.75, 2.75], "rotation": 270, "texture": "#0"}, "up": {"uv": [6.375, 2.375, 6.75, 2.75], "rotation": 90, "texture": "#0"}, "down": {"uv": [6.375, 2.375, 6.75, 2.75], "rotation": 90, "texture": "#0"}}}, {"from": [10.1188, 7.52888, 9.54114], "to": [13.2313, 9.70388, 9.80364], "rotation": {"angle": 0, "axis": "y", "origin": [6.72579, 9.02844, 9.24114]}, "faces": {"north": {"uv": [6.375, 2.375, 6.75, 2.75], "rotation": 270, "texture": "#0"}, "east": {"uv": [6.375, 2.375, 6.75, 2.75], "rotation": 270, "texture": "#0"}, "south": {"uv": [6.375, 2.375, 6.75, 2.75], "rotation": 270, "texture": "#0"}, "west": {"uv": [6.375, 2.375, 6.75, 2.75], "rotation": 270, "texture": "#0"}, "up": {"uv": [6.375, 2.375, 6.75, 2.75], "rotation": 90, "texture": "#0"}, "down": {"uv": [6.375, 2.375, 6.75, 2.75], "rotation": 90, "texture": "#0"}}}, {"from": [11.96802, 8.49484, 9.54114], "to": [13.46802, 10.06984, 9.80364], "rotation": {"angle": -22.5, "axis": "z", "origin": [6.96251, 9.39441, 9.24114]}, "faces": {"north": {"uv": [6.375, 2.375, 6.75, 2.75], "rotation": 270, "texture": "#0"}, "east": {"uv": [6.375, 2.375, 6.75, 2.75], "rotation": 270, "texture": "#0"}, "south": {"uv": [6.375, 2.375, 6.75, 2.75], "rotation": 270, "texture": "#0"}, "west": {"uv": [6.375, 2.375, 6.75, 2.75], "rotation": 270, "texture": "#0"}, "up": {"uv": [6.375, 2.375, 6.75, 2.75], "rotation": 90, "texture": "#0"}, "down": {"uv": [6.375, 2.375, 6.75, 2.75], "rotation": 90, "texture": "#0"}}}, {"from": [10.00638, 9.93419, 9.54114], "to": [14.05638, 10.87169, 9.80364], "rotation": {"angle": -45, "axis": "z", "origin": [7.55088, 10.19625, 9.24114]}, "faces": {"north": {"uv": [6.375, 2.375, 6.75, 2.75], "rotation": 270, "texture": "#0"}, "east": {"uv": [6.375, 2.375, 6.75, 2.75], "rotation": 270, "texture": "#0"}, "south": {"uv": [6.375, 2.375, 6.75, 2.75], "rotation": 270, "texture": "#0"}, "west": {"uv": [6.375, 2.375, 6.75, 2.75], "rotation": 270, "texture": "#0"}, "up": {"uv": [6.375, 2.375, 6.75, 2.75], "rotation": 90, "texture": "#0"}, "down": {"uv": [6.375, 2.375, 6.75, 2.75], "rotation": 90, "texture": "#0"}}}, {"from": [10.00638, 9.52169, 9.54114], "to": [12.10638, 10.42169, 9.80364], "rotation": {"angle": -45, "axis": "z", "origin": [7.55088, 10.19625, 9.24114]}, "faces": {"north": {"uv": [6.375, 2.375, 6.75, 2.75], "rotation": 270, "texture": "#0"}, "east": {"uv": [6.375, 2.375, 6.75, 2.75], "rotation": 270, "texture": "#0"}, "south": {"uv": [6.375, 2.375, 6.75, 2.75], "rotation": 270, "texture": "#0"}, "west": {"uv": [6.375, 2.375, 6.75, 2.75], "rotation": 270, "texture": "#0"}, "up": {"uv": [6.375, 2.375, 6.75, 2.75], "rotation": 90, "texture": "#0"}, "down": {"uv": [6.375, 2.375, 6.75, 2.75], "rotation": 90, "texture": "#0"}}}, {"from": [11.52412, 5.78213, 9.39114], "to": [13.32412, 6.23213, 9.84114], "rotation": {"angle": 22.5, "axis": "z", "origin": [8.16861, 7.13169, 9.24114]}, "faces": {"north": {"uv": [5.375, 2.375, 5.75, 2.75], "rotation": 270, "texture": "#0"}, "east": {"uv": [5.375, 2.375, 5.75, 2.75], "rotation": 270, "texture": "#0"}, "south": {"uv": [5.375, 2.375, 5.75, 2.75], "rotation": 270, "texture": "#0"}, "west": {"uv": [5.375, 2.375, 5.75, 2.75], "rotation": 270, "texture": "#0"}, "up": {"uv": [5.375, 2.375, 5.75, 2.75], "rotation": 90, "texture": "#0"}, "down": {"uv": [5.375, 2.375, 5.75, 2.75], "rotation": 90, "texture": "#0"}}}, {"from": [11.52412, 5.93213, 9.54114], "to": [13.92412, 6.08213, 9.69114], "rotation": {"angle": 22.5, "axis": "z", "origin": [8.16861, 7.13169, 9.24114]}, "faces": {"north": {"uv": [5.375, 2.375, 5.75, 2.75], "rotation": 270, "texture": "#0"}, "east": {"uv": [5.375, 2.375, 5.75, 2.75], "rotation": 270, "texture": "#0"}, "south": {"uv": [5.375, 2.375, 5.75, 2.75], "rotation": 270, "texture": "#0"}, "west": {"uv": [5.375, 2.375, 5.75, 2.75], "rotation": 270, "texture": "#0"}, "up": {"uv": [5.375, 2.375, 5.75, 2.75], "rotation": 90, "texture": "#0"}, "down": {"uv": [5.375, 2.375, 5.75, 2.75], "rotation": 90, "texture": "#0"}}}, {"from": [11.52412, 8.78521, 9.39114], "to": [12.72412, 9.23521, 9.84114], "rotation": {"angle": -45, "axis": "z", "origin": [8.16861, 7.88565, 9.24114]}, "faces": {"north": {"uv": [5.375, 2.375, 5.75, 2.75], "rotation": 270, "texture": "#0"}, "east": {"uv": [5.375, 2.375, 5.75, 2.75], "rotation": 270, "texture": "#0"}, "south": {"uv": [5.375, 2.375, 5.75, 2.75], "rotation": 270, "texture": "#0"}, "west": {"uv": [5.375, 2.375, 5.75, 2.75], "rotation": 270, "texture": "#0"}, "up": {"uv": [5.375, 2.375, 5.75, 2.75], "rotation": 90, "texture": "#0"}, "down": {"uv": [5.375, 2.375, 5.75, 2.75], "rotation": 90, "texture": "#0"}}}, {"from": [11.52412, 8.93521, 9.54114], "to": [13.62412, 9.08521, 9.69114], "rotation": {"angle": -45, "axis": "z", "origin": [8.16861, 7.88565, 9.24114]}, "faces": {"north": {"uv": [5.375, 2.375, 5.75, 2.75], "rotation": 270, "texture": "#0"}, "east": {"uv": [5.375, 2.375, 5.75, 2.75], "rotation": 270, "texture": "#0"}, "south": {"uv": [5.375, 2.375, 5.75, 2.75], "rotation": 270, "texture": "#0"}, "west": {"uv": [5.375, 2.375, 5.75, 2.75], "rotation": 270, "texture": "#0"}, "up": {"uv": [5.375, 2.375, 5.75, 2.75], "rotation": 90, "texture": "#0"}, "down": {"uv": [5.375, 2.375, 5.75, 2.75], "rotation": 90, "texture": "#0"}}}, {"from": [6.53455, 6.5986, 9.39114], "to": [7.05955, 10.4986, 9.84114], "rotation": {"angle": 45, "axis": "z", "origin": [6.83455, 8.5486, 9.24114]}, "faces": {"north": {"uv": [5.375, 2.375, 5.75, 2.75], "texture": "#0"}, "east": {"uv": [5.375, 2.375, 5.75, 2.75], "texture": "#0"}, "south": {"uv": [5.375, 2.375, 5.75, 2.75], "texture": "#0"}, "west": {"uv": [5.375, 2.375, 5.75, 2.75], "texture": "#0"}, "up": {"uv": [5.375, 2.375, 5.75, 2.75], "rotation": 180, "texture": "#0"}, "down": {"uv": [5.375, 2.375, 5.75, 2.75], "rotation": 180, "texture": "#0"}}}, {"from": [4.15795, 7.16896, 9.39114], "to": [8.05795, 7.61896, 9.84114], "rotation": {"angle": -22.5, "axis": "z", "origin": [7.77449, 7.13169, 9.24114]}, "faces": {"north": {"uv": [5.375, 2.375, 5.75, 2.75], "rotation": 270, "texture": "#0"}, "east": {"uv": [5.375, 2.375, 5.75, 2.75], "rotation": 270, "texture": "#0"}, "south": {"uv": [5.375, 2.375, 5.75, 2.75], "rotation": 270, "texture": "#0"}, "west": {"uv": [5.375, 2.375, 5.75, 2.75], "rotation": 270, "texture": "#0"}, "up": {"uv": [5.375, 2.375, 5.75, 2.75], "rotation": 90, "texture": "#0"}, "down": {"uv": [5.375, 2.375, 5.75, 2.75], "rotation": 90, "texture": "#0"}}}, {"from": [4.15795, 7.16896, 9.39114], "to": [8.05795, 7.61896, 9.84114], "rotation": {"angle": 0, "axis": "y", "origin": [7.77449, 7.13169, 9.24114]}, "faces": {"north": {"uv": [5.375, 2.375, 5.75, 2.75], "rotation": 270, "texture": "#0"}, "east": {"uv": [5.375, 2.375, 5.75, 2.75], "rotation": 270, "texture": "#0"}, "south": {"uv": [5.375, 2.375, 5.75, 2.75], "rotation": 270, "texture": "#0"}, "west": {"uv": [5.375, 2.375, 5.75, 2.75], "rotation": 270, "texture": "#0"}, "up": {"uv": [5.375, 2.375, 5.75, 2.75], "rotation": 90, "texture": "#0"}, "down": {"uv": [5.375, 2.375, 5.75, 2.75], "rotation": 90, "texture": "#0"}}}, {"from": [4.15795, 7.39839, 9.39114], "to": [8.05795, 7.84839, 9.84114], "rotation": {"angle": 22.5, "axis": "z", "origin": [7.77449, 7.88565, 9.24114]}, "faces": {"north": {"uv": [5.375, 2.375, 5.75, 2.75], "rotation": 270, "texture": "#0"}, "east": {"uv": [5.375, 2.375, 5.75, 2.75], "rotation": 270, "texture": "#0"}, "south": {"uv": [5.375, 2.375, 5.75, 2.75], "rotation": 270, "texture": "#0"}, "west": {"uv": [5.375, 2.375, 5.75, 2.75], "rotation": 270, "texture": "#0"}, "up": {"uv": [5.375, 2.375, 5.75, 2.75], "rotation": 90, "texture": "#0"}, "down": {"uv": [5.375, 2.375, 5.75, 2.75], "rotation": 90, "texture": "#0"}}}, {"from": [4.47449, 9.68169, 9.39114], "to": [4.99949, 12.08169, 9.84114], "rotation": {"angle": 22.5, "axis": "z", "origin": [4.77449, 11.63169, 9.24114]}, "faces": {"north": {"uv": [5.375, 2.375, 5.75, 2.75], "texture": "#0"}, "east": {"uv": [5.375, 2.375, 5.75, 2.75], "texture": "#0"}, "south": {"uv": [5.375, 2.375, 5.75, 2.75], "texture": "#0"}, "west": {"uv": [5.375, 2.375, 5.75, 2.75], "texture": "#0"}, "up": {"uv": [5.375, 2.375, 5.75, 2.75], "rotation": 180, "texture": "#0"}, "down": {"uv": [5.375, 2.375, 5.75, 2.75], "rotation": 180, "texture": "#0"}}}, {"from": [4.62449, 9.68169, 9.54114], "to": [4.77449, 12.68169, 9.69114], "rotation": {"angle": 22.5, "axis": "z", "origin": [4.77449, 11.63169, 9.24114]}, "faces": {"north": {"uv": [5.375, 2.375, 5.75, 2.75], "texture": "#0"}, "east": {"uv": [5.375, 2.375, 5.75, 2.75], "texture": "#0"}, "south": {"uv": [5.375, 2.375, 5.75, 2.75], "texture": "#0"}, "west": {"uv": [5.375, 2.375, 5.75, 2.75], "texture": "#0"}, "up": {"uv": [5.375, 2.375, 5.75, 2.75], "rotation": 180, "texture": "#0"}, "down": {"uv": [5.375, 2.375, 5.75, 2.75], "rotation": 180, "texture": "#0"}}}, {"from": [6.42493, 10.4872, 9.39114], "to": [6.87493, 12.8872, 9.84114], "rotation": {"angle": 45, "axis": "z", "origin": [7.77449, 7.13169, 9.24114]}, "faces": {"north": {"uv": [5.375, 2.375, 5.75, 2.75], "texture": "#0"}, "east": {"uv": [5.375, 2.375, 5.75, 2.75], "texture": "#0"}, "south": {"uv": [5.375, 2.375, 5.75, 2.75], "texture": "#0"}, "west": {"uv": [5.375, 2.375, 5.75, 2.75], "texture": "#0"}, "up": {"uv": [5.375, 2.375, 5.75, 2.75], "rotation": 180, "texture": "#0"}, "down": {"uv": [5.375, 2.375, 5.75, 2.75], "rotation": 180, "texture": "#0"}}}, {"from": [6.57493, 10.4872, 9.54114], "to": [6.72493, 13.4872, 9.69114], "rotation": {"angle": 45, "axis": "z", "origin": [7.77449, 7.13169, 9.24114]}, "faces": {"north": {"uv": [5.375, 2.375, 5.75, 2.75], "texture": "#0"}, "east": {"uv": [5.375, 2.375, 5.75, 2.75], "texture": "#0"}, "south": {"uv": [5.375, 2.375, 5.75, 2.75], "texture": "#0"}, "west": {"uv": [5.375, 2.375, 5.75, 2.75], "texture": "#0"}, "up": {"uv": [5.375, 2.375, 5.75, 2.75], "rotation": 180, "texture": "#0"}, "down": {"uv": [5.375, 2.375, 5.75, 2.75], "rotation": 180, "texture": "#0"}}}, {"from": [7.17493, 11.8372, 9.54114], "to": [9.19993, 13.1872, 9.80364], "rotation": {"angle": 45, "axis": "z", "origin": [8.52449, 6.68169, 9.24114]}, "faces": {"north": {"uv": [6.375, 2.375, 6.75, 2.75], "texture": "#0"}, "east": {"uv": [6.375, 2.375, 6.75, 2.75], "texture": "#0"}, "south": {"uv": [6.375, 2.375, 6.75, 2.75], "texture": "#0"}, "west": {"uv": [6.375, 2.375, 6.75, 2.75], "texture": "#0"}, "up": {"uv": [6.375, 2.375, 6.75, 2.75], "rotation": 180, "texture": "#0"}, "down": {"uv": [6.375, 2.375, 6.75, 2.75], "rotation": 180, "texture": "#0"}}}, {"from": [7.17493, 11.0872, 9.54114], "to": [8.74993, 11.9872, 9.80364], "rotation": {"angle": 45, "axis": "z", "origin": [8.52449, 6.68169, 9.24114]}, "faces": {"north": {"uv": [6.375, 2.375, 6.75, 2.75], "texture": "#0"}, "east": {"uv": [6.375, 2.375, 6.75, 2.75], "texture": "#0"}, "south": {"uv": [6.375, 2.375, 6.75, 2.75], "texture": "#0"}, "west": {"uv": [6.375, 2.375, 6.75, 2.75], "texture": "#0"}, "up": {"uv": [6.375, 2.375, 6.75, 2.75], "rotation": 180, "texture": "#0"}, "down": {"uv": [6.375, 2.375, 6.75, 2.75], "rotation": 180, "texture": "#0"}}}, {"from": [2.21644, 7.21436, 9.54114], "to": [5.81644, 7.88936, 9.80364], "rotation": {"angle": -22.5, "axis": "z", "origin": [8.72195, 7.21393, 9.24114]}, "faces": {"north": {"uv": [6.375, 2.375, 6.75, 2.75], "rotation": 270, "texture": "#0"}, "east": {"uv": [6.375, 2.375, 6.75, 2.75], "rotation": 270, "texture": "#0"}, "south": {"uv": [6.375, 2.375, 6.75, 2.75], "rotation": 270, "texture": "#0"}, "west": {"uv": [6.375, 2.375, 6.75, 2.75], "rotation": 270, "texture": "#0"}, "up": {"uv": [6.375, 2.375, 6.75, 2.75], "rotation": 90, "texture": "#0"}, "down": {"uv": [6.375, 2.375, 6.75, 2.75], "rotation": 90, "texture": "#0"}}}, {"from": [2.71181, 7.52888, 9.54114], "to": [5.82431, 9.70388, 9.76614], "rotation": {"angle": 0, "axis": "y", "origin": [9.21732, 9.02844, 9.24114]}, "faces": {"north": {"uv": [6.375, 2.375, 6.75, 2.75], "rotation": 270, "texture": "#0"}, "east": {"uv": [6.375, 2.375, 6.75, 2.75], "rotation": 270, "texture": "#0"}, "south": {"uv": [6.375, 2.375, 6.75, 2.75], "rotation": 270, "texture": "#0"}, "west": {"uv": [6.375, 2.375, 6.75, 2.75], "rotation": 270, "texture": "#0"}, "up": {"uv": [6.375, 2.375, 6.75, 2.75], "rotation": 90, "texture": "#0"}, "down": {"uv": [6.375, 2.375, 6.75, 2.75], "rotation": 90, "texture": "#0"}}}, {"from": [2.47508, 8.49484, 9.54114], "to": [3.97508, 10.06984, 9.80364], "rotation": {"angle": 22.5, "axis": "z", "origin": [8.98059, 9.39441, 9.24114]}, "faces": {"north": {"uv": [6.375, 2.375, 6.75, 2.75], "rotation": 270, "texture": "#0"}, "east": {"uv": [6.375, 2.375, 6.75, 2.75], "rotation": 270, "texture": "#0"}, "south": {"uv": [6.375, 2.375, 6.75, 2.75], "rotation": 270, "texture": "#0"}, "west": {"uv": [6.375, 2.375, 6.75, 2.75], "rotation": 270, "texture": "#0"}, "up": {"uv": [6.375, 2.375, 6.75, 2.75], "rotation": 90, "texture": "#0"}, "down": {"uv": [6.375, 2.375, 6.75, 2.75], "rotation": 90, "texture": "#0"}}}, {"from": [1.88672, 9.93419, 9.54114], "to": [5.93672, 10.87169, 9.80364], "rotation": {"angle": 45, "axis": "z", "origin": [8.39223, 10.19625, 9.24114]}, "faces": {"north": {"uv": [6.375, 2.375, 6.75, 2.75], "rotation": 270, "texture": "#0"}, "east": {"uv": [6.375, 2.375, 6.75, 2.75], "rotation": 270, "texture": "#0"}, "south": {"uv": [6.375, 2.375, 6.75, 2.75], "rotation": 270, "texture": "#0"}, "west": {"uv": [6.375, 2.375, 6.75, 2.75], "rotation": 270, "texture": "#0"}, "up": {"uv": [6.375, 2.375, 6.75, 2.75], "rotation": 90, "texture": "#0"}, "down": {"uv": [6.375, 2.375, 6.75, 2.75], "rotation": 90, "texture": "#0"}}}, {"from": [3.83672, 9.52169, 9.54114], "to": [5.93672, 10.42169, 9.80364], "rotation": {"angle": 45, "axis": "z", "origin": [8.39223, 10.19625, 9.24114]}, "faces": {"north": {"uv": [6.375, 2.375, 6.75, 2.75], "rotation": 270, "texture": "#0"}, "east": {"uv": [6.375, 2.375, 6.75, 2.75], "rotation": 270, "texture": "#0"}, "south": {"uv": [6.375, 2.375, 6.75, 2.75], "rotation": 270, "texture": "#0"}, "west": {"uv": [6.375, 2.375, 6.75, 2.75], "rotation": 270, "texture": "#0"}, "up": {"uv": [6.375, 2.375, 6.75, 2.75], "rotation": 90, "texture": "#0"}, "down": {"uv": [6.375, 2.375, 6.75, 2.75], "rotation": 90, "texture": "#0"}}}, {"from": [2.61899, 5.78213, 9.39114], "to": [4.41899, 6.23213, 9.84114], "rotation": {"angle": -22.5, "axis": "z", "origin": [7.77449, 7.13169, 9.24114]}, "faces": {"north": {"uv": [5.375, 2.375, 5.75, 2.75], "rotation": 270, "texture": "#0"}, "east": {"uv": [5.375, 2.375, 5.75, 2.75], "rotation": 270, "texture": "#0"}, "south": {"uv": [5.375, 2.375, 5.75, 2.75], "rotation": 270, "texture": "#0"}, "west": {"uv": [5.375, 2.375, 5.75, 2.75], "rotation": 270, "texture": "#0"}, "up": {"uv": [5.375, 2.375, 5.75, 2.75], "rotation": 90, "texture": "#0"}, "down": {"uv": [5.375, 2.375, 5.75, 2.75], "rotation": 90, "texture": "#0"}}}, {"from": [2.01899, 5.93213, 9.54114], "to": [4.41899, 6.08213, 9.69114], "rotation": {"angle": -22.5, "axis": "z", "origin": [7.77449, 7.13169, 9.24114]}, "faces": {"north": {"uv": [5.375, 2.375, 5.75, 2.75], "rotation": 270, "texture": "#0"}, "east": {"uv": [5.375, 2.375, 5.75, 2.75], "rotation": 270, "texture": "#0"}, "south": {"uv": [5.375, 2.375, 5.75, 2.75], "rotation": 270, "texture": "#0"}, "west": {"uv": [5.375, 2.375, 5.75, 2.75], "rotation": 270, "texture": "#0"}, "up": {"uv": [5.375, 2.375, 5.75, 2.75], "rotation": 90, "texture": "#0"}, "down": {"uv": [5.375, 2.375, 5.75, 2.75], "rotation": 90, "texture": "#0"}}}, {"from": [3.21899, 8.78521, 9.39114], "to": [4.41899, 9.23521, 9.84114], "rotation": {"angle": 45, "axis": "z", "origin": [7.77449, 7.88565, 9.24114]}, "faces": {"north": {"uv": [5.375, 2.375, 5.75, 2.75], "rotation": 270, "texture": "#0"}, "east": {"uv": [5.375, 2.375, 5.75, 2.75], "rotation": 270, "texture": "#0"}, "south": {"uv": [5.375, 2.375, 5.75, 2.75], "rotation": 270, "texture": "#0"}, "west": {"uv": [5.375, 2.375, 5.75, 2.75], "rotation": 270, "texture": "#0"}, "up": {"uv": [5.375, 2.375, 5.75, 2.75], "rotation": 90, "texture": "#0"}, "down": {"uv": [5.375, 2.375, 5.75, 2.75], "rotation": 90, "texture": "#0"}}}, {"from": [2.31899, 8.93521, 9.54114], "to": [4.41899, 9.08521, 9.69114], "rotation": {"angle": 45, "axis": "z", "origin": [7.77449, 7.88565, 9.24114]}, "faces": {"north": {"uv": [5.375, 2.375, 5.75, 2.75], "rotation": 270, "texture": "#0"}, "east": {"uv": [5.375, 2.375, 5.75, 2.75], "rotation": 270, "texture": "#0"}, "south": {"uv": [5.375, 2.375, 5.75, 2.75], "rotation": 270, "texture": "#0"}, "west": {"uv": [5.375, 2.375, 5.75, 2.75], "rotation": 270, "texture": "#0"}, "up": {"uv": [5.375, 2.375, 5.75, 2.75], "rotation": 90, "texture": "#0"}, "down": {"uv": [5.375, 2.375, 5.75, 2.75], "rotation": 90, "texture": "#0"}}}], "display": {"head": {"translation": [0, 0, 15], "scale": [4, 4, 4]}}, "groups": [0, 1, 2, 3, 4, 5, 6, 7, 8, 9, 10, 11, 12, 13, 14, 15, 16, 17, 18, 19, 20, 21, 22, 23, 24, 25, 26, 27, 28, 29, 30, 31, 32, 33, 34, 35, 36, 37, 38, 39, 40, 41, 42, 43, 44, 45, 46, 47, 48, 49, 50, 51, 52, 53, 54, 55, 56, 57, 58, 59, {"name": "group", "origin": [12.542, 13.84328, 15.37932], "children": [60, 61, 62, 63, 64, 65, 66, 67, 68, 69, 70, 71, 72, 73, 74, 75, 76, 77, 78]}, {"name": "group", "origin": [12.542, 13.84328, 15.37932], "children": [79, 80, 81, 82, 83, 84, 85, 86, 87, 88, 89, 90, 91, 92, 93, 94, 95, 96, 97]}]}