{"textures": {"0": "block/andesite", "1": "block/black_concrete", "2": "block/acacia_log", "particle": "block/andesite"}, "elements": [{"from": [8.76039, 1.28384, 8.54103], "to": [10.16039, 4.08384, 9.94103], "rotation": {"angle": 0, "axis": "y", "origin": [7.16039, 8.28384, 5.94103]}, "faces": {"north": {"uv": [0, 0, 1.4, 2.8], "texture": "#0"}, "east": {"uv": [0, 0, 1.4, 2.8], "texture": "#0"}, "south": {"uv": [0, 0, 1.4, 2.8], "texture": "#0"}, "west": {"uv": [0, 0, 1.4, 2.8], "texture": "#0"}, "up": {"uv": [0, 0, 1.4, 1.4], "rotation": 180, "texture": "#0"}, "down": {"uv": [0, 0, 1.4, 1.4], "rotation": 180, "texture": "#0"}}}, {"from": [8.56039, 1.28384, 7.94103], "to": [10.36039, 1.78384, 9.94103], "rotation": {"angle": 0, "axis": "y", "origin": [7.16039, 8.28384, 5.94103]}, "faces": {"north": {"uv": [0, 0, 1.8, 0.5], "texture": "#0"}, "east": {"uv": [0, 0, 2, 0.5], "texture": "#0"}, "south": {"uv": [0, 0, 1.8, 0.5], "texture": "#0"}, "west": {"uv": [0, 0, 2, 0.5], "texture": "#0"}, "up": {"uv": [0, 0, 1.8, 2], "rotation": 180, "texture": "#0"}, "down": {"uv": [0, 0, 1.8, 2], "rotation": 180, "texture": "#0"}}}, {"from": [5.76039, 1.28384, 8.54103], "to": [7.16039, 4.08384, 9.94103], "rotation": {"angle": 0, "axis": "y", "origin": [4.16039, 8.28384, 5.94103]}, "faces": {"north": {"uv": [0, 0, 1.4, 2.8], "texture": "#0"}, "east": {"uv": [0, 0, 1.4, 2.8], "texture": "#0"}, "south": {"uv": [0, 0, 1.4, 2.8], "texture": "#0"}, "west": {"uv": [0, 0, 1.4, 2.8], "texture": "#0"}, "up": {"uv": [0, 0, 1.4, 1.4], "rotation": 180, "texture": "#0"}, "down": {"uv": [0, 0, 1.4, 1.4], "rotation": 180, "texture": "#0"}}}, {"from": [5.56039, 3.88384, 7.94103], "to": [10.36039, 6.28384, 9.94103], "rotation": {"angle": 0, "axis": "y", "origin": [4.16039, 11.08384, 5.94103]}, "faces": {"north": {"uv": [0, 0, 4.8, 2.4], "texture": "#0"}, "east": {"uv": [0, 0, 2, 2.4], "texture": "#0"}, "south": {"uv": [0, 0, 4.8, 2.4], "texture": "#0"}, "west": {"uv": [0, 0, 2, 2.4], "texture": "#0"}, "up": {"uv": [0, 0, 4.8, 2], "rotation": 180, "texture": "#0"}, "down": {"uv": [0, 0, 4.8, 2], "rotation": 180, "texture": "#0"}}}, {"from": [5.58539, 4.17518, 7.40569], "to": [10.33539, 6.27518, 8.60569], "rotation": {"angle": -22.5, "axis": "x", "origin": [6.46039, 5.37518, 8.40569]}, "faces": {"north": {"uv": [0, 0, 4.8, 2.1], "texture": "#0"}, "east": {"uv": [0, 0, 1.2, 2.1], "texture": "#0"}, "south": {"uv": [0, 0, 4.8, 2.1], "texture": "#0"}, "west": {"uv": [0, 0, 1.2, 2.1], "texture": "#0"}, "up": {"uv": [0, 0, 4.8, 1.2], "rotation": 180, "texture": "#0"}, "down": {"uv": [0, 0, 4.8, 1.2], "rotation": 180, "texture": "#0"}}}, {"from": [6.06039, 5.79032, 6.25611], "to": [9.86039, 7.89032, 7.45611], "rotation": {"angle": -45, "axis": "x", "origin": [6.96039, 6.99032, 7.25611]}, "faces": {"north": {"uv": [0, 0, 3.8, 2.1], "texture": "#0"}, "east": {"uv": [0, 0, 1.2, 2.1], "texture": "#0"}, "south": {"uv": [0, 0, 3.8, 2.1], "texture": "#0"}, "west": {"uv": [0, 0, 1.2, 2.1], "texture": "#0"}, "up": {"uv": [0, 0, 3.8, 1.2], "rotation": 180, "texture": "#0"}, "down": {"uv": [0, 0, 3.8, 1.2], "rotation": 180, "texture": "#0"}}}, {"from": [6.08539, 6.26814, 6.76113], "to": [9.83539, 7.76814, 9.96113], "rotation": {"angle": 0, "axis": "y", "origin": [6.96039, 6.86814, 7.76113]}, "faces": {"north": {"uv": [0, 0, 3.75, 1.5], "texture": "#0"}, "east": {"uv": [0, 0, 3.2, 1.5], "texture": "#0"}, "south": {"uv": [0, 0, 3.75, 1.5], "texture": "#0"}, "west": {"uv": [0, 0, 3.2, 1.5], "texture": "#0"}, "up": {"uv": [0, 0, 3.75, 3.2], "rotation": 180, "texture": "#0"}, "down": {"uv": [0, 0, 3.75, 3.2], "rotation": 180, "texture": "#0"}}}, {"from": [5.18539, 7.36814, 9.43613], "to": [6.93539, 8.86814, 9.93613], "rotation": {"angle": -45, "axis": "z", "origin": [4.06039, 7.96814, 7.73613]}, "faces": {"north": {"uv": [0, 0, 1.75, 1.5], "texture": "#0"}, "east": {"uv": [0, 0, 0.5, 1.5], "texture": "#0"}, "south": {"uv": [0, 0, 1.75, 1.5], "texture": "#0"}, "west": {"uv": [0, 0, 0.5, 1.5], "texture": "#0"}, "up": {"uv": [0, 0, 1.75, 0.5], "rotation": 180, "texture": "#0"}, "down": {"uv": [0, 0, 1.75, 0.5], "rotation": 180, "texture": "#0"}}}, {"from": [9.18539, 7.36814, 9.43613], "to": [10.93539, 8.86814, 9.93613], "rotation": {"angle": 45, "axis": "z", "origin": [12.06039, 7.96814, 7.73613]}, "faces": {"north": {"uv": [1.75, 0, 0, 1.5], "texture": "#0"}, "east": {"uv": [0.5, 0, 0, 1.5], "texture": "#0"}, "south": {"uv": [1.75, 0, 0, 1.5], "texture": "#0"}, "west": {"uv": [0.5, 0, 0, 1.5], "texture": "#0"}, "up": {"uv": [1.75, 0, 0, 0.5], "rotation": 180, "texture": "#0"}, "down": {"uv": [1.75, 0, 0, 0.5], "rotation": 180, "texture": "#0"}}}, {"from": [3.74229, 6.30904, 9.46113], "to": [6.69229, 9.70904, 9.91113], "rotation": {"angle": 0, "axis": "y", "origin": [2.61729, 6.90904, 7.73613]}, "faces": {"north": {"uv": [0, 0, 2.95, 3.4], "texture": "#0"}, "east": {"uv": [0, 0, 0.475, 3.4], "texture": "#0"}, "south": {"uv": [0, 0, 2.95, 3.4], "texture": "#0"}, "west": {"uv": [0, 0, 0.475, 3.4], "texture": "#0"}, "up": {"uv": [0, 0, 2.95, 0.475], "rotation": 180, "texture": "#0"}, "down": {"uv": [0, 0, 2.95, 0.475], "rotation": 180, "texture": "#0"}}}, {"from": [9.4285, 6.30904, 9.46113], "to": [12.3785, 9.70904, 9.91113], "rotation": {"angle": 0, "axis": "y", "origin": [13.5035, 6.90904, 7.73613]}, "faces": {"north": {"uv": [2.95, 0, 0, 3.4], "texture": "#0"}, "east": {"uv": [0.475, 0, 0, 3.4], "texture": "#0"}, "south": {"uv": [2.95, 0, 0, 3.4], "texture": "#0"}, "west": {"uv": [0.475, 0, 0, 3.4], "texture": "#0"}, "up": {"uv": [2.95, 0, 0, 0.475], "rotation": 180, "texture": "#0"}, "down": {"uv": [2.95, 0, 0, 0.475], "rotation": 180, "texture": "#0"}}}, {"from": [3.73152, 7.66315, 9.43613], "to": [5.48152, 10.16315, 9.93613], "rotation": {"angle": 22.5, "axis": "z", "origin": [2.60652, 8.26315, 7.73613]}, "faces": {"north": {"uv": [0, 0, 1.75, 2.5], "texture": "#0"}, "east": {"uv": [0, 0, 0.5, 2.5], "texture": "#0"}, "south": {"uv": [0, 0, 1.75, 2.5], "texture": "#0"}, "west": {"uv": [0, 0, 0.5, 2.5], "texture": "#0"}, "up": {"uv": [0, 0, 1.75, 0.5], "rotation": 180, "texture": "#0"}, "down": {"uv": [0, 0, 1.75, 0.5], "rotation": 180, "texture": "#0"}}}, {"from": [10.63927, 7.66315, 9.43613], "to": [12.38927, 10.16315, 9.93613], "rotation": {"angle": -22.5, "axis": "z", "origin": [13.51427, 8.26315, 7.73613]}, "faces": {"north": {"uv": [1.75, 0, 0, 2.5], "texture": "#0"}, "east": {"uv": [0.5, 0, 0, 2.5], "texture": "#0"}, "south": {"uv": [1.75, 0, 0, 2.5], "texture": "#0"}, "west": {"uv": [0.5, 0, 0, 2.5], "texture": "#0"}, "up": {"uv": [1.75, 0, 0, 0.5], "rotation": 180, "texture": "#0"}, "down": {"uv": [1.75, 0, 0, 0.5], "rotation": 180, "texture": "#0"}}}, {"from": [2.34364, 9.80758, 9.48613], "to": [5.84364, 11.55758, 9.91113], "rotation": {"angle": -22.5, "axis": "z", "origin": [4.24364, 8.68258, 7.73613]}, "faces": {"north": {"uv": [0, 0, 1.75, 3.5], "rotation": 90, "texture": "#0"}, "east": {"uv": [0, 0, 1.75, 0.5], "rotation": 90, "texture": "#0"}, "south": {"uv": [0, 0, 1.75, 3.5], "rotation": 90, "texture": "#0"}, "west": {"uv": [0, 0, 1.75, 0.5], "rotation": 90, "texture": "#0"}, "up": {"uv": [0, 0, 0.5, 3.5], "rotation": 270, "texture": "#0"}, "down": {"uv": [0, 0, 0.5, 3.5], "rotation": 270, "texture": "#0"}}}, {"from": [10.27715, 9.80758, 9.48613], "to": [13.77715, 11.55758, 9.93613], "rotation": {"angle": 22.5, "axis": "z", "origin": [11.87715, 8.68258, 7.73613]}, "faces": {"north": {"uv": [0, 3.5, 1.75, 0], "rotation": 90, "texture": "#0"}, "east": {"uv": [0, 0.5, 1.75, 0], "rotation": 90, "texture": "#0"}, "south": {"uv": [0, 3.5, 1.75, 0], "rotation": 90, "texture": "#0"}, "west": {"uv": [0, 0.5, 1.75, 0], "rotation": 90, "texture": "#0"}, "up": {"uv": [0, 3.5, 0.5, 0], "rotation": 270, "texture": "#0"}, "down": {"uv": [0, 3.5, 0.5, 0], "rotation": 270, "texture": "#0"}}}, {"from": [2.34364, 10.70758, 9.41113], "to": [4.64364, 10.95758, 9.46113], "rotation": {"angle": -22.5, "axis": "z", "origin": [4.24364, 8.68258, 7.26113]}, "faces": {"north": {"uv": [1, 3, 2, 4], "rotation": 90, "texture": "#2"}, "east": {"uv": [1, 3, 2, 4], "rotation": 90, "texture": "#2"}, "south": {"uv": [1, 3, 2, 4], "rotation": 90, "texture": "#2"}, "west": {"uv": [1, 3, 2, 4], "rotation": 90, "texture": "#2"}, "up": {"uv": [1, 3, 2, 4], "rotation": 270, "texture": "#2"}, "down": {"uv": [1, 3, 2, 4], "rotation": 270, "texture": "#2"}}}, {"from": [11.47715, 10.70758, 9.41113], "to": [13.77715, 10.95758, 9.46113], "rotation": {"angle": 22.5, "axis": "z", "origin": [11.87715, 8.68258, 7.26113]}, "faces": {"north": {"uv": [1, 4, 2, 3], "rotation": 90, "texture": "#2"}, "east": {"uv": [1, 4, 2, 3], "rotation": 90, "texture": "#2"}, "south": {"uv": [1, 4, 2, 3], "rotation": 90, "texture": "#2"}, "west": {"uv": [1, 4, 2, 3], "rotation": 90, "texture": "#2"}, "up": {"uv": [1, 4, 2, 3], "rotation": 270, "texture": "#2"}, "down": {"uv": [1, 4, 2, 3], "rotation": 270, "texture": "#2"}}}, {"from": [2.34364, 9.40758, 9.41113], "to": [4.64364, 9.65758, 9.46113], "rotation": {"angle": -22.5, "axis": "z", "origin": [4.24364, 7.38258, 7.26113]}, "faces": {"north": {"uv": [1, 3, 2, 4], "rotation": 90, "texture": "#2"}, "east": {"uv": [1, 3, 2, 4], "rotation": 90, "texture": "#2"}, "south": {"uv": [1, 3, 2, 4], "rotation": 90, "texture": "#2"}, "west": {"uv": [1, 3, 2, 4], "rotation": 90, "texture": "#2"}, "up": {"uv": [1, 3, 2, 4], "rotation": 270, "texture": "#2"}, "down": {"uv": [1, 3, 2, 4], "rotation": 270, "texture": "#2"}}}, {"from": [11.47715, 9.40758, 9.41113], "to": [13.77715, 9.65758, 9.46113], "rotation": {"angle": 22.5, "axis": "z", "origin": [11.87715, 7.38258, 7.26113]}, "faces": {"north": {"uv": [1, 4, 2, 3], "rotation": 90, "texture": "#2"}, "east": {"uv": [1, 4, 2, 3], "rotation": 90, "texture": "#2"}, "south": {"uv": [1, 4, 2, 3], "rotation": 90, "texture": "#2"}, "west": {"uv": [1, 4, 2, 3], "rotation": 90, "texture": "#2"}, "up": {"uv": [1, 4, 2, 3], "rotation": 270, "texture": "#2"}, "down": {"uv": [1, 4, 2, 3], "rotation": 270, "texture": "#2"}}}, {"from": [3.34364, 8.10758, 9.41113], "to": [4.64364, 8.35758, 9.46113], "rotation": {"angle": -22.5, "axis": "z", "origin": [4.24364, 6.08258, 7.26113]}, "faces": {"north": {"uv": [1, 3, 2, 4], "rotation": 90, "texture": "#2"}, "east": {"uv": [1, 3, 2, 4], "rotation": 90, "texture": "#2"}, "south": {"uv": [1, 3, 2, 4], "rotation": 90, "texture": "#2"}, "west": {"uv": [1, 3, 2, 4], "rotation": 90, "texture": "#2"}, "up": {"uv": [1, 3, 2, 4], "rotation": 270, "texture": "#2"}, "down": {"uv": [1, 3, 2, 4], "rotation": 270, "texture": "#2"}}}, {"from": [11.47715, 8.10758, 9.41113], "to": [12.77715, 8.35758, 9.46113], "rotation": {"angle": 22.5, "axis": "z", "origin": [11.87715, 6.08258, 7.26113]}, "faces": {"north": {"uv": [1, 4, 2, 3], "rotation": 90, "texture": "#2"}, "east": {"uv": [1, 4, 2, 3], "rotation": 90, "texture": "#2"}, "south": {"uv": [1, 4, 2, 3], "rotation": 90, "texture": "#2"}, "west": {"uv": [1, 4, 2, 3], "rotation": 90, "texture": "#2"}, "up": {"uv": [1, 4, 2, 3], "rotation": 270, "texture": "#2"}, "down": {"uv": [1, 4, 2, 3], "rotation": 270, "texture": "#2"}}}, {"from": [4.0397, 6.83746, 9.41113], "to": [5.3397, 7.08746, 9.46113], "rotation": {"angle": 0, "axis": "y", "origin": [5.52201, 6.74718, 9.43613]}, "faces": {"north": {"uv": [1, 3, 2, 4], "rotation": 90, "texture": "#2"}, "east": {"uv": [1, 3, 2, 4], "rotation": 90, "texture": "#2"}, "south": {"uv": [1, 3, 2, 4], "rotation": 90, "texture": "#2"}, "west": {"uv": [1, 3, 2, 4], "rotation": 90, "texture": "#2"}, "up": {"uv": [1, 3, 2, 4], "rotation": 270, "texture": "#2"}, "down": {"uv": [1, 3, 2, 4], "rotation": 270, "texture": "#2"}}}, {"from": [10.78109, 6.83746, 9.41113], "to": [12.08109, 7.08746, 9.46113], "rotation": {"angle": 0, "axis": "y", "origin": [10.59878, 6.74718, 9.43613]}, "faces": {"north": {"uv": [1, 4, 2, 3], "rotation": 90, "texture": "#2"}, "east": {"uv": [1, 4, 2, 3], "rotation": 90, "texture": "#2"}, "south": {"uv": [1, 4, 2, 3], "rotation": 90, "texture": "#2"}, "west": {"uv": [1, 4, 2, 3], "rotation": 90, "texture": "#2"}, "up": {"uv": [1, 4, 2, 3], "rotation": 270, "texture": "#2"}, "down": {"uv": [1, 4, 2, 3], "rotation": 270, "texture": "#2"}}}, {"from": [7.24363, 7.27916, 9.41113], "to": [7.49363, 9.57916, 9.46113], "rotation": {"angle": 45, "axis": "z", "origin": [5.21863, 7.67916, 7.26113]}, "faces": {"north": {"uv": [1, 3, 2, 4], "texture": "#2"}, "east": {"uv": [1, 3, 2, 4], "texture": "#2"}, "south": {"uv": [1, 3, 2, 4], "rotation": 180, "texture": "#2"}, "west": {"uv": [1, 3, 2, 4], "texture": "#2"}, "up": {"uv": [1, 3, 2, 4], "rotation": 180, "texture": "#2"}, "down": {"uv": [1, 3, 2, 4], "rotation": 180, "texture": "#2"}}}, {"from": [8.62716, 7.27916, 9.41113], "to": [8.87716, 9.57916, 9.46113], "rotation": {"angle": -45, "axis": "z", "origin": [10.90216, 7.67916, 7.26113]}, "faces": {"north": {"uv": [2, 3, 1, 4], "texture": "#2"}, "east": {"uv": [2, 3, 1, 4], "texture": "#2"}, "south": {"uv": [2, 3, 1, 4], "rotation": 180, "texture": "#2"}, "west": {"uv": [2, 3, 1, 4], "texture": "#2"}, "up": {"uv": [2, 3, 1, 4], "rotation": 180, "texture": "#2"}, "down": {"uv": [2, 3, 1, 4], "rotation": 180, "texture": "#2"}}}, {"from": [7.24363, 5.97916, 9.41113], "to": [7.49363, 8.27916, 9.46113], "rotation": {"angle": 45, "axis": "z", "origin": [5.21863, 6.37916, 7.26113]}, "faces": {"north": {"uv": [1, 3, 2, 4], "texture": "#2"}, "east": {"uv": [1, 3, 2, 4], "texture": "#2"}, "south": {"uv": [1, 3, 2, 4], "rotation": 180, "texture": "#2"}, "west": {"uv": [1, 3, 2, 4], "texture": "#2"}, "up": {"uv": [1, 3, 2, 4], "rotation": 180, "texture": "#2"}, "down": {"uv": [1, 3, 2, 4], "rotation": 180, "texture": "#2"}}}, {"from": [8.62716, 5.97916, 9.41113], "to": [8.87716, 8.27916, 9.46113], "rotation": {"angle": -45, "axis": "z", "origin": [10.90216, 6.37916, 7.26113]}, "faces": {"north": {"uv": [2, 3, 1, 4], "texture": "#2"}, "east": {"uv": [2, 3, 1, 4], "texture": "#2"}, "south": {"uv": [2, 3, 1, 4], "rotation": 180, "texture": "#2"}, "west": {"uv": [2, 3, 1, 4], "texture": "#2"}, "up": {"uv": [2, 3, 1, 4], "rotation": 180, "texture": "#2"}, "down": {"uv": [2, 3, 1, 4], "rotation": 180, "texture": "#2"}}}, {"from": [7.24363, 4.67916, 9.41113], "to": [7.49363, 6.97916, 9.46113], "rotation": {"angle": 45, "axis": "z", "origin": [5.21863, 5.07916, 7.26113]}, "faces": {"north": {"uv": [1, 3, 2, 4], "texture": "#2"}, "east": {"uv": [1, 3, 2, 4], "texture": "#2"}, "south": {"uv": [1, 3, 2, 4], "rotation": 180, "texture": "#2"}, "west": {"uv": [1, 3, 2, 4], "texture": "#2"}, "up": {"uv": [1, 3, 2, 4], "rotation": 180, "texture": "#2"}, "down": {"uv": [1, 3, 2, 4], "rotation": 180, "texture": "#2"}}}, {"from": [8.62716, 4.67916, 9.41113], "to": [8.87716, 6.97916, 9.46113], "rotation": {"angle": -45, "axis": "z", "origin": [10.90216, 5.07916, 7.26113]}, "faces": {"north": {"uv": [2, 3, 1, 4], "texture": "#2"}, "east": {"uv": [2, 3, 1, 4], "texture": "#2"}, "south": {"uv": [2, 3, 1, 4], "rotation": 180, "texture": "#2"}, "west": {"uv": [2, 3, 1, 4], "texture": "#2"}, "up": {"uv": [2, 3, 1, 4], "rotation": 180, "texture": "#2"}, "down": {"uv": [2, 3, 1, 4], "rotation": 180, "texture": "#2"}}}, {"from": [5.22335, 6.74179, 9.41113], "to": [7.52335, 6.99179, 9.46113], "rotation": {"angle": -22.5, "axis": "z", "origin": [5.52201, 6.74718, 9.43613]}, "faces": {"north": {"uv": [1, 3, 2, 4], "rotation": 90, "texture": "#2"}, "east": {"uv": [1, 3, 2, 4], "rotation": 90, "texture": "#2"}, "south": {"uv": [1, 3, 2, 4], "rotation": 90, "texture": "#2"}, "west": {"uv": [1, 3, 2, 4], "rotation": 90, "texture": "#2"}, "up": {"uv": [1, 3, 2, 4], "rotation": 270, "texture": "#2"}, "down": {"uv": [1, 3, 2, 4], "rotation": 270, "texture": "#2"}}}, {"from": [8.59744, 6.74179, 9.41113], "to": [10.89744, 6.99179, 9.46113], "rotation": {"angle": 22.5, "axis": "z", "origin": [10.59878, 6.74718, 9.43613]}, "faces": {"north": {"uv": [1, 4, 2, 3], "rotation": 90, "texture": "#2"}, "east": {"uv": [1, 4, 2, 3], "rotation": 90, "texture": "#2"}, "south": {"uv": [1, 4, 2, 3], "rotation": 90, "texture": "#2"}, "west": {"uv": [1, 4, 2, 3], "rotation": 90, "texture": "#2"}, "up": {"uv": [1, 4, 2, 3], "rotation": 270, "texture": "#2"}, "down": {"uv": [1, 4, 2, 3], "rotation": 270, "texture": "#2"}}}, {"from": [4.23263, 8.475, 9.43613], "to": [7.73263, 10.225, 9.93613], "rotation": {"angle": -45, "axis": "z", "origin": [6.13263, 7.35, 7.73613]}, "faces": {"north": {"uv": [0, 0, 1.75, 3.5], "rotation": 90, "texture": "#0"}, "east": {"uv": [0, 0, 1.75, 0.5], "rotation": 90, "texture": "#0"}, "south": {"uv": [0, 0, 1.75, 3.5], "rotation": 90, "texture": "#0"}, "west": {"uv": [0, 0, 1.75, 0.5], "rotation": 90, "texture": "#0"}, "up": {"uv": [0, 0, 0.5, 3.5], "rotation": 270, "texture": "#0"}, "down": {"uv": [0, 0, 0.5, 3.5], "rotation": 270, "texture": "#0"}}}, {"from": [8.38816, 8.475, 9.43613], "to": [11.88816, 10.225, 9.93613], "rotation": {"angle": 45, "axis": "z", "origin": [9.98816, 7.35, 7.73613]}, "faces": {"north": {"uv": [0, 3.5, 1.75, 0], "rotation": 90, "texture": "#0"}, "east": {"uv": [0, 0.5, 1.75, 0], "rotation": 90, "texture": "#0"}, "south": {"uv": [0, 3.5, 1.75, 0], "rotation": 90, "texture": "#0"}, "west": {"uv": [0, 0.5, 1.75, 0], "rotation": 90, "texture": "#0"}, "up": {"uv": [0, 3.5, 0.5, 0], "rotation": 270, "texture": "#0"}, "down": {"uv": [0, 3.5, 0.5, 0], "rotation": 270, "texture": "#0"}}}, {"from": [6.08539, 6.86814, 5.96113], "to": [9.83539, 7.76814, 6.76113], "rotation": {"angle": 0, "axis": "y", "origin": [6.96039, 6.86814, 6.96113]}, "faces": {"north": {"uv": [0, 0, 3.75, 1.5], "texture": "#0"}, "east": {"uv": [0, 0, 3.2, 1.5], "texture": "#0"}, "south": {"uv": [0, 0, 3.75, 1.5], "texture": "#0"}, "west": {"uv": [0, 0, 3.2, 1.5], "texture": "#0"}, "up": {"uv": [0, 0, 3.75, 3.2], "rotation": 180, "texture": "#0"}, "down": {"uv": [0, 0, 3.75, 3.2], "rotation": 180, "texture": "#0"}}}, {"from": [5.82911, 7.14942, 5.98613], "to": [7.07911, 8.04942, 6.76113], "rotation": {"angle": -45, "axis": "z", "origin": [6.70411, 7.14942, 6.96113]}, "faces": {"north": {"uv": [0, 0, 3.75, 1.5], "texture": "#0"}, "east": {"uv": [0, 0, 3.2, 1.5], "texture": "#0"}, "south": {"uv": [0, 0, 3.75, 1.5], "texture": "#0"}, "west": {"uv": [0, 0, 3.2, 1.5], "texture": "#0"}, "up": {"uv": [0, 0, 3.75, 3.2], "rotation": 180, "texture": "#0"}, "down": {"uv": [0, 0, 3.75, 3.2], "rotation": 180, "texture": "#0"}}}, {"from": [8.84168, 7.14942, 5.98613], "to": [10.09168, 8.04942, 6.76113], "rotation": {"angle": 45, "axis": "z", "origin": [9.21668, 7.14942, 6.96113]}, "faces": {"north": {"uv": [3.75, 0, 0, 1.5], "texture": "#0"}, "east": {"uv": [3.2, 0, 0, 1.5], "texture": "#0"}, "south": {"uv": [3.75, 0, 0, 1.5], "texture": "#0"}, "west": {"uv": [3.2, 0, 0, 1.5], "texture": "#0"}, "up": {"uv": [3.75, 0, 0, 3.2], "rotation": 180, "texture": "#0"}, "down": {"uv": [3.75, 0, 0, 3.2], "rotation": 180, "texture": "#0"}}}, {"from": [7.84168, 8.04942, 5.28613], "to": [8.79168, 8.94942, 7.36113], "rotation": {"angle": 45, "axis": "z", "origin": [7.91668, 8.04942, 6.96113]}, "faces": {"north": {"uv": [0, 0, 2, 2], "texture": "#0"}, "east": {"uv": [0, 0, 2, 2], "texture": "#0"}, "south": {"uv": [0, 0, 2, 2], "texture": "#0"}, "west": {"uv": [0, 0, 2, 2], "texture": "#0"}, "up": {"uv": [0, 0, 2, 2], "rotation": 180, "texture": "#0"}, "down": {"uv": [0, 0, 2, 2], "rotation": 180, "texture": "#0"}}}, {"from": [7.64168, 7.84942, 5.18613], "to": [8.84168, 8.99942, 5.36113], "rotation": {"angle": 45, "axis": "z", "origin": [7.91668, 8.04942, 5.56113]}, "faces": {"north": {"uv": [0, 0, 2, 2], "texture": "#0"}, "east": {"uv": [0, 0, 2, 2], "texture": "#0"}, "south": {"uv": [0, 0, 2, 2], "texture": "#0"}, "west": {"uv": [0, 0, 2, 2], "texture": "#0"}, "up": {"uv": [0, 0, 2, 2], "rotation": 180, "texture": "#0"}, "down": {"uv": [0, 0, 2, 2], "rotation": 180, "texture": "#0"}}}, {"from": [8.84168, 7.74942, 5.01113], "to": [8.99168, 9.04942, 5.18613], "rotation": {"angle": 45, "axis": "z", "origin": [7.91668, 7.94942, 5.38613]}, "faces": {"north": {"uv": [0, 0, 2, 2], "texture": "#0"}, "east": {"uv": [0, 0, 2, 2], "texture": "#0"}, "south": {"uv": [0, 0, 2, 2], "texture": "#0"}, "west": {"uv": [0, 0, 2, 2], "texture": "#0"}, "up": {"uv": [0, 0, 2, 2], "rotation": 180, "texture": "#0"}, "down": {"uv": [0, 0, 2, 2], "rotation": 180, "texture": "#0"}}}, {"from": [7.83058, 8.32472, 5.03613], "to": [7.98058, 9.32472, 5.18613], "rotation": {"angle": 0, "axis": "y", "origin": [7.90558, 8.97472, 5.09863]}, "faces": {"north": {"uv": [0, 0, 2, 2], "texture": "#0"}, "east": {"uv": [0, 0, 2, 2], "texture": "#0"}, "south": {"uv": [0, 0, 2, 2], "texture": "#0"}, "west": {"uv": [0, 0, 2, 2], "texture": "#0"}, "up": {"uv": [0, 0, 2, 2], "rotation": 180, "texture": "#0"}, "down": {"uv": [0, 0, 2, 2], "rotation": 180, "texture": "#0"}}}, {"from": [7.20558, 8.59972, 5.06113], "to": [8.55558, 8.74972, 5.18613], "rotation": {"angle": 0, "axis": "y", "origin": [8.00558, 8.67472, 5.09863]}, "faces": {"north": {"uv": [0, 0, 2, 2], "rotation": 270, "texture": "#0"}, "east": {"uv": [0, 0, 2, 2], "rotation": 270, "texture": "#0"}, "south": {"uv": [0, 0, 2, 2], "rotation": 90, "texture": "#0"}, "west": {"uv": [0, 0, 2, 2], "rotation": 270, "texture": "#0"}, "up": {"uv": [0, 0, 2, 2], "rotation": 90, "texture": "#0"}, "down": {"uv": [0, 0, 2, 2], "rotation": 90, "texture": "#0"}}}, {"from": [6.80632, 7.74942, 5.01113], "to": [6.95632, 8.89942, 5.18613], "rotation": {"angle": -45, "axis": "z", "origin": [7.88132, 7.94942, 5.38613]}, "faces": {"north": {"uv": [0, 0, 2, 2], "texture": "#0"}, "east": {"uv": [0, 0, 2, 2], "texture": "#0"}, "south": {"uv": [0, 0, 2, 2], "texture": "#0"}, "west": {"uv": [0, 0, 2, 2], "texture": "#0"}, "up": {"uv": [0, 0, 2, 2], "rotation": 180, "texture": "#0"}, "down": {"uv": [0, 0, 2, 2], "rotation": 180, "texture": "#0"}}}, {"from": [6.58539, 7.04258, 4.67594], "to": [9.33539, 8.24258, 6.77594], "rotation": {"angle": 22.5, "axis": "x", "origin": [7.46039, 8.04258, 5.57594]}, "faces": {"north": {"uv": [0, 0, 1.2, 2.8], "rotation": 90, "texture": "#0"}, "east": {"uv": [0, 0, 1.2, 2.1], "rotation": 90, "texture": "#0"}, "south": {"uv": [0, 0, 1.2, 2.8], "rotation": 90, "texture": "#0"}, "west": {"uv": [0, 0, 1.2, 2.1], "rotation": 90, "texture": "#0"}, "up": {"uv": [0, 0, 2.1, 2.8], "rotation": 270, "texture": "#0"}, "down": {"uv": [0, 0, 2.1, 2.8], "rotation": 270, "texture": "#0"}}}, {"from": [6.61039, 5.04258, 6.97594], "to": [9.31039, 6.24258, 9.07594], "rotation": {"angle": 22.5, "axis": "x", "origin": [7.46039, 6.04258, 7.87594]}, "faces": {"north": {"uv": [0, 0, 1.2, 2.8], "rotation": 90, "texture": "#0"}, "east": {"uv": [0, 0, 1.2, 2.1], "rotation": 90, "texture": "#0"}, "south": {"uv": [0, 0, 1.2, 2.8], "rotation": 90, "texture": "#0"}, "west": {"uv": [0, 0, 1.2, 2.1], "rotation": 90, "texture": "#0"}, "up": {"uv": [0, 0, 2.1, 2.8], "rotation": 270, "texture": "#0"}, "down": {"uv": [0, 0, 2.1, 2.8], "rotation": 270, "texture": "#0"}}}, {"from": [6.61039, 6.01875, 4.82034], "to": [9.31039, 7.21875, 7.72034], "rotation": {"angle": 45, "axis": "x", "origin": [7.46039, 7.01875, 6.52034]}, "faces": {"north": {"uv": [0, 0, 1.2, 2.8], "rotation": 90, "texture": "#0"}, "east": {"uv": [0, 0, 1.2, 2.1], "rotation": 90, "texture": "#0"}, "south": {"uv": [0, 0, 1.2, 2.8], "rotation": 90, "texture": "#0"}, "west": {"uv": [0, 0, 1.2, 2.1], "rotation": 90, "texture": "#0"}, "up": {"uv": [0, 0, 2.1, 2.8], "rotation": 270, "texture": "#0"}, "down": {"uv": [0, 0, 2.1, 2.8], "rotation": 270, "texture": "#0"}}}, {"from": [6.56039, 7.46312, 4.96176], "to": [9.36039, 8.66312, 6.86176], "rotation": {"angle": 0, "axis": "y", "origin": [7.46039, 8.46312, 5.26176]}, "faces": {"north": {"uv": [0, 0, 1.2, 2.8], "rotation": 90, "texture": "#0"}, "east": {"uv": [0, 0, 1.2, 2.5], "rotation": 90, "texture": "#0"}, "south": {"uv": [0, 0, 1.2, 2.8], "rotation": 90, "texture": "#0"}, "west": {"uv": [0, 0, 1.2, 2.5], "rotation": 90, "texture": "#0"}, "up": {"uv": [0, 0, 2.5, 2.8], "rotation": 270, "texture": "#0"}, "down": {"uv": [0, 0, 2.5, 2.8], "rotation": 270, "texture": "#0"}}}, {"from": [6.58539, 7.53141, 6.01057], "to": [9.33539, 8.93141, 8.81057], "rotation": {"angle": -45, "axis": "x", "origin": [7.46039, 8.73141, 6.91057]}, "faces": {"north": {"uv": [0, 0, 1.2, 2.8], "rotation": 90, "texture": "#0"}, "east": {"uv": [0, 0, 1.2, 2.8], "rotation": 90, "texture": "#0"}, "south": {"uv": [0, 0, 1.2, 2.8], "rotation": 90, "texture": "#0"}, "west": {"uv": [0, 0, 1.2, 2.8], "rotation": 90, "texture": "#0"}, "up": {"uv": [0, 0, 2.8, 2.8], "rotation": 270, "texture": "#0"}, "down": {"uv": [0, 0, 2.8, 2.8], "rotation": 270, "texture": "#0"}}}, {"from": [6.76039, 7.53141, 6.11057], "to": [9.11039, 9.03141, 7.11057], "rotation": {"angle": -45, "axis": "x", "origin": [7.46039, 8.73141, 7.01057]}, "faces": {"north": {"uv": [0, 0, 2.8, 2.8], "rotation": 90, "texture": "#1"}, "east": {"uv": [0, 0, 2.8, 2.8], "rotation": 90, "texture": "#1"}, "south": {"uv": [0, 0, 2.8, 2.8], "rotation": 90, "texture": "#1"}, "west": {"uv": [0, 0, 2.8, 2.8], "rotation": 90, "texture": "#1"}, "up": {"uv": [0, 0, 2.8, 2.8], "rotation": 270, "texture": "#1"}, "down": {"uv": [0, 0, 2.8, 2.8], "rotation": 270, "texture": "#1"}}}, {"from": [6.56039, 7.72296, 7.62161], "to": [9.36039, 10.22296, 8.82161], "rotation": {"angle": 0, "axis": "y", "origin": [7.46039, 10.32296, 7.82161]}, "faces": {"north": {"uv": [0, 0, 2.8, 2.5], "rotation": 180, "texture": "#0"}, "east": {"uv": [0, 0, 1.2, 2.5], "rotation": 180, "texture": "#0"}, "south": {"uv": [0, 0, 2.8, 2.5], "rotation": 180, "texture": "#0"}, "west": {"uv": [0, 0, 1.2, 2.5], "rotation": 180, "texture": "#0"}, "up": {"uv": [0, 0, 2.8, 1.2], "texture": "#0"}, "down": {"uv": [0, 0, 2.8, 1.2], "texture": "#0"}}}, {"from": [6.30039, 7.63358, 7.73388], "to": [9.62039, 9.88358, 8.81388], "rotation": {"angle": 0, "axis": "y", "origin": [7.51039, 9.97358, 7.91388]}, "faces": {"north": {"uv": [0, 0, 3.32, 2.25], "rotation": 180, "texture": "#0"}, "east": {"uv": [0, 0, 1.08, 2.25], "rotation": 180, "texture": "#0"}, "south": {"uv": [0, 0, 3.32, 2.25], "rotation": 180, "texture": "#0"}, "west": {"uv": [0, 0, 1.08, 2.25], "rotation": 180, "texture": "#0"}, "up": {"uv": [0, 0, 3.32, 1.08], "texture": "#0"}, "down": {"uv": [0, 0, 3.32, 1.08], "texture": "#0"}}}, {"from": [6.58539, 7.5885, 8.29758], "to": [9.33539, 10.0885, 10.29758], "rotation": {"angle": 22.5, "axis": "x", "origin": [7.96039, 8.8385, 8.89758]}, "faces": {"north": {"uv": [0, 0, 2.8, 2.5], "rotation": 180, "texture": "#0"}, "east": {"uv": [0, 0, 2, 2.5], "rotation": 180, "texture": "#0"}, "south": {"uv": [0, 0, 2.8, 2.5], "rotation": 180, "texture": "#0"}, "west": {"uv": [0, 0, 2, 2.5], "rotation": 180, "texture": "#0"}, "up": {"uv": [0, 0, 2.8, 2], "texture": "#0"}, "down": {"uv": [0, 0, 2.8, 2], "texture": "#0"}}}, {"from": [6.32539, 7.51257, 8.34226], "to": [9.59539, 9.76257, 10.14226], "rotation": {"angle": 22.5, "axis": "x", "origin": [7.96039, 8.63757, 8.88226]}, "faces": {"north": {"uv": [0, 0, 3.32, 2.25], "rotation": 180, "texture": "#0"}, "east": {"uv": [0, 0, 1.8, 2.25], "rotation": 180, "texture": "#0"}, "south": {"uv": [0, 0, 3.32, 2.25], "rotation": 180, "texture": "#0"}, "west": {"uv": [0, 0, 1.8, 2.25], "rotation": 180, "texture": "#0"}, "up": {"uv": [0, 0, 3.32, 1.8], "texture": "#0"}, "down": {"uv": [0, 0, 3.32, 1.8], "texture": "#0"}}}, {"from": [6.32539, 7.09417, 7.4416], "to": [9.59539, 9.49417, 8.2916], "rotation": {"angle": 22.5, "axis": "x", "origin": [7.96039, 8.95417, 8.5666]}, "faces": {"north": {"uv": [0, 1.8, 3.32, 0], "rotation": 180, "texture": "#0"}, "east": {"uv": [1.8, 0, 0, 2.25], "rotation": 270, "texture": "#0"}, "south": {"uv": [0, 1.8, 3.32, 0], "texture": "#0"}, "west": {"uv": [1.8, 0, 0, 2.25], "rotation": 90, "texture": "#0"}, "up": {"uv": [3.32, 0, 0, 2.25], "rotation": 180, "texture": "#0"}, "down": {"uv": [3.32, 0, 0, 2.25], "texture": "#0"}}}, {"from": [7.36039, 10.22296, 7.62161], "to": [8.56039, 12.02296, 8.82161], "rotation": {"angle": 0, "axis": "y", "origin": [7.46039, 11.12296, 7.82161]}, "faces": {"north": {"uv": [0, 0, 1.2, 1.8], "rotation": 180, "texture": "#0"}, "east": {"uv": [0, 0, 1.2, 1.8], "rotation": 180, "texture": "#0"}, "south": {"uv": [0, 0, 1.2, 1.8], "rotation": 180, "texture": "#0"}, "west": {"uv": [0, 0, 1.2, 1.8], "rotation": 180, "texture": "#0"}, "up": {"uv": [0, 0, 1.2, 1.2], "texture": "#0"}, "down": {"uv": [0, 0, 1.2, 1.2], "texture": "#0"}}}, {"from": [7.02359, 10.82974, 7.82161], "to": [7.52359, 11.12974, 8.62161], "rotation": {"angle": 0, "axis": "y", "origin": [7.12359, 11.12974, 7.62161]}, "faces": {"north": {"uv": [0, 0, 0.5, 0.3], "rotation": 180, "texture": "#0"}, "east": {"uv": [0, 0, 0.8, 0.3], "rotation": 180, "texture": "#0"}, "south": {"uv": [0, 0, 0.5, 0.3], "rotation": 180, "texture": "#0"}, "west": {"uv": [0, 0, 0.8, 0.3], "rotation": 180, "texture": "#0"}, "up": {"uv": [0, 0, 0.5, 0.8], "texture": "#0"}, "down": {"uv": [0, 0, 0.5, 0.8], "texture": "#0"}}}, {"from": [8.3972, 10.82974, 7.82161], "to": [8.8972, 11.12974, 8.62161], "rotation": {"angle": 0, "axis": "y", "origin": [8.7972, 11.12974, 7.62161]}, "faces": {"north": {"uv": [0, 0, 0.5, 0.3], "rotation": 180, "texture": "#0"}, "east": {"uv": [0, 0, 0.8, 0.3], "rotation": 180, "texture": "#0"}, "south": {"uv": [0, 0, 0.5, 0.3], "rotation": 180, "texture": "#0"}, "west": {"uv": [0, 0, 0.8, 0.3], "rotation": 180, "texture": "#0"}, "up": {"uv": [0, 0, 0.5, 0.8], "texture": "#0"}, "down": {"uv": [0, 0, 0.5, 0.8], "texture": "#0"}}}, {"from": [7.36039, 11.02296, 7.82161], "to": [7.86039, 11.92296, 8.62161], "rotation": {"angle": -22.5, "axis": "z", "origin": [7.46039, 11.92296, 7.62161]}, "faces": {"north": {"uv": [0, 0, 0.5, 0.9], "rotation": 180, "texture": "#0"}, "east": {"uv": [0, 0, 0.8, 0.9], "rotation": 180, "texture": "#0"}, "south": {"uv": [0, 0, 0.5, 0.9], "rotation": 180, "texture": "#0"}, "west": {"uv": [0, 0, 0.8, 0.9], "rotation": 180, "texture": "#0"}, "up": {"uv": [0, 0, 0.5, 0.8], "texture": "#0"}, "down": {"uv": [0, 0, 0.5, 0.8], "texture": "#0"}}}, {"from": [7.06039, 8.59796, 6.52161], "to": [8.46039, 9.02296, 7.32161], "rotation": {"angle": -45, "axis": "z", "origin": [7.96039, 8.92296, 6.32161]}, "faces": {"north": {"uv": [0, 0, 0.425, 1.4], "rotation": 270, "texture": "#0"}, "east": {"uv": [0, 0, 0.425, 0.8], "rotation": 270, "texture": "#0"}, "south": {"uv": [0, 0, 0.425, 1.4], "rotation": 270, "texture": "#0"}, "west": {"uv": [0, 0, 0.425, 0.8], "rotation": 270, "texture": "#0"}, "up": {"uv": [0, 0, 0.8, 1.4], "rotation": 90, "texture": "#0"}, "down": {"uv": [0, 0, 0.8, 1.4], "rotation": 90, "texture": "#0"}}}, {"from": [7.46039, 8.59796, 6.52161], "to": [8.86039, 9.02296, 7.32161], "rotation": {"angle": 45, "axis": "z", "origin": [7.96039, 8.92296, 6.32161]}, "faces": {"north": {"uv": [0, 0, 0.425, 1.4], "rotation": 270, "texture": "#0"}, "east": {"uv": [0, 0, 0.425, 0.8], "rotation": 270, "texture": "#0"}, "south": {"uv": [0, 0, 0.425, 1.4], "rotation": 270, "texture": "#0"}, "west": {"uv": [0, 0, 0.425, 0.8], "rotation": 270, "texture": "#0"}, "up": {"uv": [0, 0, 0.8, 1.4], "rotation": 90, "texture": "#0"}, "down": {"uv": [0, 0, 0.8, 1.4], "rotation": 90, "texture": "#0"}}}, {"from": [9.07811, 8.66031, 6.52161], "to": [9.37811, 9.66031, 7.32161], "rotation": {"angle": 22.5, "axis": "z", "origin": [9.27811, 8.76031, 6.32161]}, "faces": {"north": {"uv": [0, 0, 0.3, 1], "texture": "#0"}, "east": {"uv": [0, 0, 0.8, 1], "texture": "#0"}, "south": {"uv": [0, 0, 0.3, 1], "texture": "#0"}, "west": {"uv": [0, 0, 0.8, 1], "texture": "#0"}, "up": {"uv": [0, 0, 0.3, 0.8], "rotation": 180, "texture": "#0"}, "down": {"uv": [0, 0, 0.3, 0.8], "rotation": 180, "texture": "#0"}}}, {"from": [8.87196, 7.81296, 6.52161], "to": [9.07196, 8.81296, 7.32161], "rotation": {"angle": -22.5, "axis": "z", "origin": [8.97196, 7.91296, 6.32161]}, "faces": {"north": {"uv": [0, 0, 0.2, 1], "texture": "#0"}, "east": {"uv": [0, 0, 0.8, 1], "texture": "#0"}, "south": {"uv": [0, 0, 0.2, 1], "texture": "#0"}, "west": {"uv": [0, 0, 0.8, 1], "texture": "#0"}, "up": {"uv": [0, 0, 0.2, 0.8], "rotation": 180, "texture": "#0"}, "down": {"uv": [0, 0, 0.2, 0.8], "rotation": 180, "texture": "#0"}}}, {"from": [6.84883, 7.81296, 6.52161], "to": [7.04883, 8.81296, 7.32161], "rotation": {"angle": 22.5, "axis": "z", "origin": [6.94883, 7.91296, 6.32161]}, "faces": {"north": {"uv": [0, 0, 0.2, 1], "texture": "#0"}, "east": {"uv": [0, 0, 0.8, 1], "texture": "#0"}, "south": {"uv": [0, 0, 0.2, 1], "texture": "#0"}, "west": {"uv": [0, 0, 0.8, 1], "texture": "#0"}, "up": {"uv": [0, 0, 0.2, 0.8], "rotation": 180, "texture": "#0"}, "down": {"uv": [0, 0, 0.2, 0.8], "rotation": 180, "texture": "#0"}}}, {"from": [6.54268, 8.66031, 6.52161], "to": [6.79268, 9.66031, 7.32161], "rotation": {"angle": -22.5, "axis": "z", "origin": [6.64268, 8.76031, 6.32161]}, "faces": {"north": {"uv": [0, 0, 0.25, 1], "texture": "#0"}, "east": {"uv": [0, 0, 0.8, 1], "texture": "#0"}, "south": {"uv": [0, 0, 0.25, 1], "texture": "#0"}, "west": {"uv": [0, 0, 0.8, 1], "texture": "#0"}, "up": {"uv": [0, 0, 0.25, 0.8], "rotation": 180, "texture": "#0"}, "down": {"uv": [0, 0, 0.25, 0.8], "rotation": 180, "texture": "#0"}}}, {"from": [6.89471, 9.03007, 6.52161], "to": [7.39471, 9.63007, 7.32161], "rotation": {"angle": 0, "axis": "y", "origin": [7.29471, 9.53007, 6.32161]}, "faces": {"north": {"uv": [0, 0, 0.6, 0.5], "rotation": 270, "texture": "#0"}, "east": {"uv": [0, 0, 0.6, 0.8], "rotation": 270, "texture": "#0"}, "south": {"uv": [0, 0, 0.6, 0.5], "rotation": 270, "texture": "#0"}, "west": {"uv": [0, 0, 0.6, 0.8], "rotation": 270, "texture": "#0"}, "up": {"uv": [0, 0, 0.8, 0.5], "rotation": 90, "texture": "#0"}, "down": {"uv": [0, 0, 0.8, 0.5], "rotation": 90, "texture": "#0"}}}, {"from": [8.52608, 9.03007, 6.52161], "to": [9.02608, 9.63007, 7.32161], "rotation": {"angle": 0, "axis": "y", "origin": [8.92608, 9.53007, 6.32161]}, "faces": {"north": {"uv": [0, 0, 0.6, 0.5], "rotation": 270, "texture": "#0"}, "east": {"uv": [0, 0, 0.6, 0.8], "rotation": 270, "texture": "#0"}, "south": {"uv": [0, 0, 0.6, 0.5], "rotation": 270, "texture": "#0"}, "west": {"uv": [0, 0, 0.6, 0.8], "rotation": 270, "texture": "#0"}, "up": {"uv": [0, 0, 0.8, 0.5], "rotation": 90, "texture": "#0"}, "down": {"uv": [0, 0, 0.8, 0.5], "rotation": 90, "texture": "#0"}}}, {"from": [7.72608, 8.63007, 6.52161], "to": [8.12608, 8.83007, 7.32161], "rotation": {"angle": 0, "axis": "y", "origin": [8.12608, 8.73007, 6.32161]}, "faces": {"north": {"uv": [0, 0, 0.2, 0.4], "rotation": 270, "texture": "#0"}, "east": {"uv": [0, 0, 0.2, 0.8], "rotation": 270, "texture": "#0"}, "south": {"uv": [0, 0, 0.2, 0.4], "rotation": 270, "texture": "#0"}, "west": {"uv": [0, 0, 0.2, 0.8], "rotation": 270, "texture": "#0"}, "up": {"uv": [0, 0, 0.8, 0.4], "rotation": 90, "texture": "#0"}, "down": {"uv": [0, 0, 0.8, 0.4], "rotation": 90, "texture": "#0"}}}, {"from": [8.06039, 11.02296, 7.82161], "to": [8.56039, 11.92296, 8.62161], "rotation": {"angle": 22.5, "axis": "z", "origin": [8.46039, 11.92296, 7.62161]}, "faces": {"north": {"uv": [0, 0, 0.5, 0.9], "rotation": 180, "texture": "#0"}, "east": {"uv": [0, 0, 0.8, 0.9], "rotation": 180, "texture": "#0"}, "south": {"uv": [0, 0, 0.5, 0.9], "rotation": 180, "texture": "#0"}, "west": {"uv": [0, 0, 0.8, 0.9], "rotation": 180, "texture": "#0"}, "up": {"uv": [0, 0, 0.5, 0.8], "texture": "#0"}, "down": {"uv": [0, 0, 0.5, 0.8], "texture": "#0"}}}, {"from": [7.76039, 11.82296, 7.72161], "to": [8.26039, 12.72296, 8.62161], "rotation": {"angle": 22.5, "axis": "z", "origin": [8.16039, 12.62296, 7.52161]}, "faces": {"north": {"uv": [0, 0, 0.5, 0.9], "rotation": 180, "texture": "#0"}, "east": {"uv": [0, 0, 0.9, 0.9], "rotation": 180, "texture": "#0"}, "south": {"uv": [0, 0, 0.5, 0.9], "rotation": 180, "texture": "#0"}, "west": {"uv": [0, 0, 0.9, 0.9], "rotation": 180, "texture": "#0"}, "up": {"uv": [0, 0, 0.5, 0.9], "texture": "#0"}, "down": {"uv": [0, 0, 0.5, 0.9], "texture": "#0"}}}, {"from": [7.81371, 12.49424, 7.72161], "to": [8.17309, 12.85362, 8.62161], "rotation": {"angle": -45, "axis": "z", "origin": [8.07309, 12.75362, 7.52161]}, "faces": {"north": {"uv": [0, 0, 0.35938, 0.35938], "rotation": 180, "texture": "#0"}, "east": {"uv": [0, 0, 0.9, 0.35938], "rotation": 180, "texture": "#0"}, "south": {"uv": [0, 0, 0.35938, 0.35938], "rotation": 180, "texture": "#0"}, "west": {"uv": [0, 0, 0.9, 0.35938], "rotation": 180, "texture": "#0"}, "up": {"uv": [0, 0, 0.35938, 0.9], "texture": "#0"}, "down": {"uv": [0, 0, 0.35938, 0.9], "texture": "#0"}}}, {"from": [7.66039, 11.82296, 7.72161], "to": [8.26039, 12.72296, 8.62161], "rotation": {"angle": -22.5, "axis": "z", "origin": [7.76039, 12.62296, 7.52161]}, "faces": {"north": {"uv": [0, 0, 0.6, 0.9], "rotation": 180, "texture": "#0"}, "east": {"uv": [0, 0, 0.9, 0.9], "rotation": 180, "texture": "#0"}, "south": {"uv": [0, 0, 0.6, 0.9], "rotation": 180, "texture": "#0"}, "west": {"uv": [0, 0, 0.9, 0.9], "rotation": 180, "texture": "#0"}, "up": {"uv": [0, 0, 0.6, 0.9], "texture": "#0"}, "down": {"uv": [0, 0, 0.6, 0.9], "texture": "#0"}}}, {"from": [7.01598, 9.968, 7.82161], "to": [7.51598, 10.868, 8.62161], "rotation": {"angle": 22.5, "axis": "z", "origin": [7.11598, 10.868, 7.62161]}, "faces": {"north": {"uv": [0, 0, 0.5, 0.9], "rotation": 180, "texture": "#0"}, "east": {"uv": [0, 0, 0.8, 0.9], "rotation": 180, "texture": "#0"}, "south": {"uv": [0, 0, 0.5, 0.9], "rotation": 180, "texture": "#0"}, "west": {"uv": [0, 0, 0.8, 0.9], "rotation": 180, "texture": "#0"}, "up": {"uv": [0, 0, 0.5, 0.8], "texture": "#0"}, "down": {"uv": [0, 0, 0.5, 0.8], "texture": "#0"}}}, {"from": [8.40481, 9.968, 7.82161], "to": [8.90481, 10.868, 8.62161], "rotation": {"angle": -22.5, "axis": "z", "origin": [8.80481, 10.868, 7.62161]}, "faces": {"north": {"uv": [0, 0, 0.5, 0.9], "rotation": 180, "texture": "#0"}, "east": {"uv": [0, 0, 0.8, 0.9], "rotation": 180, "texture": "#0"}, "south": {"uv": [0, 0, 0.5, 0.9], "rotation": 180, "texture": "#0"}, "west": {"uv": [0, 0, 0.8, 0.9], "rotation": 180, "texture": "#0"}, "up": {"uv": [0, 0, 0.5, 0.8], "texture": "#0"}, "down": {"uv": [0, 0, 0.5, 0.8], "texture": "#0"}}}, {"from": [5.56039, 1.28384, 7.94103], "to": [7.36039, 1.78384, 9.94103], "rotation": {"angle": 0, "axis": "y", "origin": [4.16039, 8.28384, 5.94103]}, "faces": {"north": {"uv": [0, 0, 1.8, 0.5], "texture": "#0"}, "east": {"uv": [0, 0, 2, 0.5], "texture": "#0"}, "south": {"uv": [0, 0, 1.8, 0.5], "texture": "#0"}, "west": {"uv": [0, 0, 2, 0.5], "texture": "#0"}, "up": {"uv": [0, 0, 1.8, 2], "rotation": 180, "texture": "#0"}, "down": {"uv": [0, 0, 1.8, 2], "rotation": 180, "texture": "#0"}}}, {"from": [5.36039, 0.98384, 7.74103], "to": [10.56039, 1.48384, 9.94103], "rotation": {"angle": 0, "axis": "y", "origin": [4.16039, 7.98384, 5.94103]}, "faces": {"north": {"uv": [0, 0, 5.2, 0.5], "texture": "#0"}, "east": {"uv": [0, 0, 2.2, 0.5], "texture": "#0"}, "south": {"uv": [0, 0, 5.2, 0.5], "texture": "#0"}, "west": {"uv": [0, 0, 2.2, 0.5], "texture": "#0"}, "up": {"uv": [0, 0, 5.2, 2.2], "rotation": 180, "texture": "#0"}, "down": {"uv": [0, 0, 5.2, 2.2], "rotation": 180, "texture": "#0"}}}, {"from": [6.36039, 0.58384, 8.14103], "to": [9.56039, 1.08384, 9.94103], "rotation": {"angle": 0, "axis": "y", "origin": [4.16039, 7.58384, 5.94103]}, "faces": {"north": {"uv": [0, 0, 3.2, 0.5], "texture": "#0"}, "east": {"uv": [0, 0, 1.8, 0.5], "texture": "#0"}, "south": {"uv": [0, 0, 3.2, 0.5], "texture": "#0"}, "west": {"uv": [0, 0, 1.8, 0.5], "texture": "#0"}, "up": {"uv": [0, 0, 3.2, 1.8], "rotation": 180, "texture": "#0"}, "down": {"uv": [0, 0, 3.2, 1.8], "rotation": 180, "texture": "#0"}}}, {"from": [6.86039, 0.28384, 8.74103], "to": [9.06039, 0.78384, 9.94103], "rotation": {"angle": 0, "axis": "y", "origin": [4.16039, 7.28384, 5.94103]}, "faces": {"north": {"uv": [0, 0, 2.2, 0.5], "texture": "#0"}, "east": {"uv": [0, 0, 1.2, 0.5], "texture": "#0"}, "south": {"uv": [0, 0, 2.2, 0.5], "texture": "#0"}, "west": {"uv": [0, 0, 1.2, 0.5], "texture": "#0"}, "up": {"uv": [0, 0, 2.2, 1.2], "rotation": 180, "texture": "#0"}, "down": {"uv": [0, 0, 2.2, 1.2], "rotation": 180, "texture": "#0"}}}], "display": {"head": {"scale": [4, 4, 4]}}}