{
	"credit": "Made with Blockbench",
	"textures": {
		"0": "block/dark_oak_planks",
		"2": "block/black_terracotta",
		"particle": "block/dark_oak_planks",
		"1_1": "block/black_shulker_box"
	},
	"elements": [
		{
			"from": [7.41488, 0.55697, 11.09288],
			"to": [8.81488, 2.45697, 17.59288],
			"rotation": {"angle": -45, "axis": "x", "origin": [8.11613, 1.30064, 6.2992]},
			"faces": {
				"north": {"uv": [0, 1.4, 1.9, 0], "rotation": 90, "texture": "#0"},
				"east": {"uv": [0, 6.5, 1.9, 0], "rotation": 90, "texture": "#0"},
				"west": {"uv": [0, 6.5, 1.9, 0], "rotation": 90, "texture": "#0"},
				"up": {"uv": [0, 1.4, 6.5, 0], "rotation": 270, "texture": "#0"},
				"down": {"uv": [0, 1.4, 6.5, 0], "rotation": 270, "texture": "#0"}
			}
		},
		{
			"from": [7.41488, -3.88295, 19.87632],
			"to": [8.81488, 1.11705, 20.87632],
			"rotation": {"angle": -45, "axis": "x", "origin": [8.11613, 1.30064, 6.2992]},
			"faces": {
				"north": {"uv": [1.4, 0, 0, 5], "texture": "#0"},
				"east": {"uv": [1, 0, 0, 5], "texture": "#0"},
				"south": {"uv": [1.4, 0, 0, 5], "texture": "#0"},
				"west": {"uv": [1, 0, 0, 5], "texture": "#0"},
				"up": {"uv": [1.4, 0, 0, 1], "rotation": 180, "texture": "#0"},
				"down": {"uv": [1.4, 0, 0, 1], "rotation": 180, "texture": "#0"}
			}
		},
		{
			"from": [7.48988, -0.38295, 10.07632],
			"to": [8.76488, 2.11705, 15.87632],
			"rotation": {"angle": -45, "axis": "x", "origin": [8.11613, 1.30064, 6.2992]},
			"faces": {
				"north": {"uv": [1.275, 0, 0, 2.5], "texture": "#0"},
				"east": {"uv": [5.8, 0, 0, 2.5], "texture": "#0"},
				"west": {"uv": [5.8, 0, 0, 2.5], "texture": "#0"},
				"up": {"uv": [1.275, 0, 0, 5.8], "rotation": 180, "texture": "#0"},
				"down": {"uv": [1.275, 0, 0, 5.8], "rotation": 180, "texture": "#0"}
			}
		},
		{
			"from": [7.48988, -1.88295, 15.87632],
			"to": [8.76488, 1.01705, 19.87632],
			"rotation": {"angle": -45, "axis": "x", "origin": [8.11613, 1.30064, 6.2992]},
			"faces": {
				"east": {"uv": [4, 0, 0, 2.9], "texture": "#0"},
				"west": {"uv": [4, 0, 0, 2.9], "texture": "#0"}
			}
		},
		{
			"from": [7.46488, 1.83443, 11.41528],
			"to": [8.78988, 3.73443, 20.81528],
			"rotation": {"angle": -22.5, "axis": "x", "origin": [8.11613, 1.30064, 6.2992]},
			"faces": {
				"north": {"uv": [0, 1.325, 1.9, 0], "rotation": 90, "texture": "#0"},
				"east": {"uv": [0, 9.4, 1.9, 0], "rotation": 90, "texture": "#0"},
				"west": {"uv": [0, 9.4, 1.9, 0], "rotation": 90, "texture": "#0"},
				"up": {"uv": [0, 1.325, 9.4, 0], "rotation": 270, "texture": "#0"},
				"down": {"uv": [0, 1.325, 9.4, 0], "rotation": 270, "texture": "#0"}
			}
		},
		{
			"from": [7.58988, 3.19372, 8.06817],
			"to": [8.63988, 4.69372, 11.06817],
			"rotation": {"angle": 22.5, "axis": "x", "origin": [8.11613, 1.30064, 6.2992]},
			"faces": {
				"north": {"uv": [1.5, 0, 0, 1], "rotation": 270, "texture": "#0"},
				"east": {"uv": [2, 0, 0, 1.5], "texture": "#0"},
				"south": {"uv": [1.5, 0, 0, 1], "rotation": 90, "texture": "#0"},
				"west": {"uv": [2, 0, 0, 1.5], "rotation": 180, "texture": "#0"},
				"down": {"uv": [2, 0, 0, 1], "rotation": 90, "texture": "#0"}
			}
		},
		{
			"from": [7.63988, 2.25849, 7.23198],
			"to": [8.58988, 3.75849, 9.23198],
			"rotation": {"angle": 0, "axis": "y", "origin": [8.11613, 1.30064, 6.2992]},
			"faces": {
				"east": {"uv": [2, 0, 0, 1.5], "texture": "#0"},
				"west": {"uv": [2, 0, 0, 1.5], "rotation": 180, "texture": "#0"},
				"down": {"uv": [2, 0, 0, 1], "rotation": 90, "texture": "#0"}
			}
		},
		{
			"from": [7.61488, 1.64439, 0.84898],
			"to": [8.61488, 3.14439, 6.84898],
			"rotation": {"angle": -45, "axis": "x", "origin": [8.11613, 1.30064, 6.2992]},
			"faces": {
				"north": {"uv": [1, 0, 0, 1.5], "texture": "#0"},
				"east": {"uv": [6, 0, 0, 1.5], "texture": "#0"},
				"west": {"uv": [6, 0, 0, 1.5], "texture": "#0"},
				"up": {"uv": [1, 0, 0, 6], "rotation": 180, "texture": "#0"},
				"down": {"uv": [1, 0, 0, 6], "rotation": 180, "texture": "#0"}
			}
		},
		{
			"from": [7.58988, 1.71443, 6.10156],
			"to": [8.63988, 3.21443, 8.10156],
			"rotation": {"angle": -22.5, "axis": "x", "origin": [8.11613, 1.30064, 6.2992]},
			"faces": {
				"north": {"uv": [1, 0, 0, 1.5], "texture": "#0"},
				"east": {"uv": [2, 0, 0, 1.5], "texture": "#0"},
				"south": {"uv": [1, 0, 0, 1.5], "texture": "#0"},
				"west": {"uv": [2, 0, 0, 1.5], "texture": "#0"},
				"up": {"uv": [1, 0, 0, 2], "rotation": 180, "texture": "#0"},
				"down": {"uv": [1, 0, 0, 2], "rotation": 180, "texture": "#0"}
			}
		},
		{
			"from": [7.61488, 2.00034, 7.47637],
			"to": [8.61488, 3.50034, 11.47637],
			"rotation": {"angle": -22.5, "axis": "x", "origin": [8.11613, 1.30064, 6.2992]},
			"faces": {
				"east": {"uv": [4, 0, 0, 1.5], "texture": "#0"},
				"west": {"uv": [4, 0, 0, 1.5], "texture": "#0"},
				"up": {"uv": [1, 0, 0, 4], "rotation": 180, "texture": "#0"}
			}
		},
		{
			"from": [7.61488, 1.38242, 7.22856],
			"to": [8.61488, 2.88242, 8.22856],
			"rotation": {"angle": -45, "axis": "x", "origin": [8.11613, 1.30064, 6.2992]},
			"faces": {
				"east": {"uv": [1, 0, 0, 1.5], "texture": "#0"},
				"west": {"uv": [1, 0, 0, 1.5], "texture": "#0"},
				"up": {"uv": [1, 0, 0, 1], "rotation": 180, "texture": "#0"}
			}
		},
		{
			"from": [7.63988, -0.73292, 11.00997],
			"to": [8.58988, 1.86708, 12.60997],
			"rotation": {"angle": -22.5, "axis": "x", "origin": [8.11613, 1.30064, 6.2992]},
			"faces": {
				"east": {"uv": [0, 1.6, 3.6, 0], "rotation": 90, "texture": "#0"},
				"south": {"uv": [0, 1, 3.6, 0], "rotation": 90, "texture": "#0"},
				"west": {"uv": [0, 1.6, 3.6, 0], "rotation": 90, "texture": "#0"},
				"down": {"uv": [0, 1, 1.6, 0], "rotation": 270, "texture": "#0"}
			}
		},
		{
			"from": [7.61488, 1.64439, -5.15102],
			"to": [8.61488, 2.64439, 0.84898],
			"rotation": {"angle": -45, "axis": "x", "origin": [8.11613, 1.30064, 6.2992]},
			"faces": {
				"north": {"uv": [1, 0, 0, 0.8], "texture": "#0"},
				"east": {"uv": [6, 0, 0, 0.8], "texture": "#0"},
				"west": {"uv": [6, 0, 0, 0.8], "texture": "#0"},
				"up": {"uv": [1, 0, 0, 6], "rotation": 180, "texture": "#0"},
				"down": {"uv": [1, 0, 0, 6], "rotation": 180, "texture": "#0"}
			}
		},
		{
			"from": [7.63988, -4.92914, 2.51009],
			"to": [8.58988, -3.02914, 3.31009],
			"rotation": {"angle": 22.5, "axis": "x", "origin": [8.11613, 1.30064, 6.2992]},
			"faces": {
				"north": {"uv": [0, 1.9, 1, 0], "rotation": 180, "texture": "#0"},
				"east": {"uv": [0, 0.8, 1.9, 0], "rotation": 270, "texture": "#0"},
				"west": {"uv": [0, 0.8, 1.9, 0], "rotation": 90, "texture": "#0"},
				"up": {"uv": [0, 0.8, 1, 0], "rotation": 180, "texture": "#0"}
			}
		},
		{
			"from": [7.81488, 2.84439, 5.84898],
			"to": [8.41488, 3.74439, 8.84898],
			"rotation": {"angle": -45, "axis": "x", "origin": [8.11613, 1.30064, 6.2992]},
			"faces": {
				"north": {"uv": [6, 4, 5, 4], "texture": "#1_1"},
				"east": {"uv": [6, 4, 5, 4], "texture": "#1_1"},
				"south": {"uv": [6, 4, 5, 4], "texture": "#1_1"},
				"west": {"uv": [6, 4, 5, 4], "texture": "#1_1"},
				"up": {"uv": [6, 4, 5, 4], "rotation": 180, "texture": "#1_1"},
				"down": {"uv": [6, 4, 5, 4], "rotation": 180, "texture": "#1_1"}
			}
		},
		{
			"from": [7.81488, 2.84439, 3.64898],
			"to": [8.41488, 3.34439, 5.84898],
			"rotation": {"angle": -45, "axis": "x", "origin": [8.11613, 1.30064, 6.2992]},
			"faces": {
				"east": {"uv": [6, 4, 5, 4], "texture": "#1_1"},
				"west": {"uv": [6, 4, 5, 4], "texture": "#1_1"},
				"up": {"uv": [6, 4, 5, 4], "rotation": 180, "texture": "#1_1"}
			}
		},
		{
			"from": [7.81488, 1.24439, 0.24898],
			"to": [8.41488, 3.74439, 3.64898],
			"rotation": {"angle": -45, "axis": "x", "origin": [8.11613, 1.30064, 6.2992]},
			"faces": {
				"north": {"uv": [6, 4, 5, 4], "texture": "#1_1"},
				"east": {"uv": [6, 4, 5, 4], "texture": "#1_1"},
				"south": {"uv": [6, 4, 5, 4], "texture": "#1_1"},
				"west": {"uv": [6, 4, 5, 4], "texture": "#1_1"},
				"up": {"uv": [6, 4, 5, 4], "rotation": 180, "texture": "#1_1"},
				"down": {"uv": [6, 4, 5, 4], "rotation": 180, "texture": "#1_1"}
			}
		},
		{
			"from": [7.81488, 2.64439, -11.15102],
			"to": [8.41488, 3.14439, 1.84898],
			"rotation": {"angle": -45, "axis": "x", "origin": [8.11613, 1.30064, 6.2992]},
			"faces": {
				"north": {"uv": [6, 4, 5, 4], "texture": "#1_1"},
				"east": {"uv": [6, 4, 5, 4], "texture": "#1_1"},
				"west": {"uv": [6, 4, 5, 4], "texture": "#1_1"},
				"up": {"uv": [6, 4, 5, 4], "rotation": 180, "texture": "#1_1"},
				"down": {"uv": [6, 4, 5, 4], "rotation": 180, "texture": "#1_1"}
			}
		},
		{
			"from": [8.01488, 1.14439, -2.75102],
			"to": [8.21488, 3.54439, -2.15102],
			"rotation": {"angle": -45, "axis": "x", "origin": [8.11613, 1.30064, 6.2992]},
			"faces": {
				"north": {"uv": [6, 4, 5, 4], "texture": "#1_1"},
				"east": {"uv": [6, 4, 5, 4], "texture": "#1_1"},
				"south": {"uv": [6, 4, 5, 4], "texture": "#1_1"},
				"west": {"uv": [6, 4, 5, 4], "texture": "#1_1"},
				"up": {"uv": [6, 4, 5, 4], "rotation": 180, "texture": "#1_1"},
				"down": {"uv": [6, 4, 5, 4], "rotation": 180, "texture": "#1_1"}
			}
		},
		{
			"from": [8.01488, 2.84439, -9.75102],
			"to": [8.21488, 3.54439, -8.15102],
			"rotation": {"angle": -45, "axis": "x", "origin": [8.11613, 1.30064, 6.2992]},
			"faces": {
				"east": {"uv": [6, 4, 5, 4], "texture": "#1_1"},
				"south": {"uv": [6, 4, 5, 4], "texture": "#1_1"},
				"west": {"uv": [6, 4, 5, 4], "texture": "#1_1"},
				"up": {"uv": [6, 4, 5, 4], "rotation": 180, "texture": "#1_1"}
			}
		},
		{
			"from": [7.91488, 3.14439, -10.95102],
			"to": [8.31488, 3.64439, -9.65102],
			"rotation": {"angle": -45, "axis": "x", "origin": [8.11613, 1.30064, 6.2992]},
			"faces": {
				"north": {"uv": [6, 4, 5, 4], "texture": "#1_1"},
				"east": {"uv": [6, 4, 5, 4], "texture": "#1_1"},
				"south": {"uv": [6, 4, 5, 4], "texture": "#1_1"},
				"west": {"uv": [6, 4, 5, 4], "texture": "#1_1"},
				"up": {"uv": [6, 4, 5, 4], "rotation": 180, "texture": "#1_1"}
			}
		},
		{
			"from": [8.01488, 1.14439, 4.24898],
			"to": [8.21488, 3.14439, 4.84898],
			"rotation": {"angle": -45, "axis": "x", "origin": [8.11613, 1.30064, 6.2992]},
			"faces": {
				"north": {"uv": [6, 4, 5, 4], "texture": "#1_1"},
				"east": {"uv": [6, 4, 5, 4], "texture": "#1_1"},
				"south": {"uv": [6, 4, 5, 4], "texture": "#1_1"},
				"west": {"uv": [6, 4, 5, 4], "texture": "#1_1"},
				"down": {"uv": [6, 4, 5, 4], "rotation": 180, "texture": "#1_1"}
			}
		},
		{
			"from": [8.01488, -0.65331, 5.65898],
			"to": [8.21488, -0.05331, 6.65898],
			"rotation": {"angle": 22.5, "axis": "x", "origin": [8.11613, 1.30064, 6.2992]},
			"faces": {
				"east": {"uv": [5, 4, 6, 4], "rotation": 270, "texture": "#1_1"},
				"south": {"uv": [5, 4, 6, 4], "texture": "#1_1"},
				"west": {"uv": [5, 4, 6, 4], "rotation": 90, "texture": "#1_1"},
				"up": {"uv": [5, 4, 6, 4], "rotation": 180, "texture": "#1_1"},
				"down": {"uv": [5, 4, 6, 4], "texture": "#1_1"}
			}
		},
		{
			"from": [7.81488, -0.75561, 3.34898],
			"to": [8.41488, 2.14439, 3.84898],
			"rotation": {"angle": -45, "axis": "x", "origin": [8.11613, 1.30064, 6.2992]},
			"faces": {
				"north": {"uv": [6, 4, 5, 4], "texture": "#1_1"},
				"east": {"uv": [6, 4, 5, 4], "texture": "#1_1"},
				"south": {"uv": [6, 4, 5, 4], "texture": "#1_1"},
				"west": {"uv": [6, 4, 5, 4], "texture": "#1_1"},
				"down": {"uv": [6, 4, 5, 4], "rotation": 180, "texture": "#1_1"}
			}
		},
		{
			"from": [7.81488, -0.75561, 6.24898],
			"to": [8.41488, 2.14439, 6.74898],
			"rotation": {"angle": -45, "axis": "x", "origin": [8.11613, 1.30064, 6.2992]},
			"faces": {
				"north": {"uv": [6, 4, 5, 4], "texture": "#1_1"},
				"east": {"uv": [6, 4, 5, 4], "texture": "#1_1"},
				"south": {"uv": [6, 4, 5, 4], "texture": "#1_1"},
				"west": {"uv": [6, 4, 5, 4], "texture": "#1_1"},
				"down": {"uv": [6, 4, 5, 4], "rotation": 180, "texture": "#1_1"}
			}
		},
		{
			"from": [7.81488, -0.75561, 3.84898],
			"to": [8.41488, -0.25561, 6.24898],
			"rotation": {"angle": -45, "axis": "x", "origin": [8.11613, 1.30064, 6.2992]},
			"faces": {
				"east": {"uv": [6, 4, 5, 4], "texture": "#1_1"},
				"west": {"uv": [6, 4, 5, 4], "texture": "#1_1"},
				"up": {"uv": [6, 4, 5, 4], "rotation": 180, "texture": "#1_1"},
				"down": {"uv": [6, 4, 5, 4], "rotation": 180, "texture": "#1_1"}
			}
		},
		{
			"from": [7.38988, 4.79085, 16.29069],
			"to": [8.83988, 6.69085, 19.79069],
			"rotation": {"angle": -22.5, "axis": "x", "origin": [8.11613, 1.30064, 6.2992]},
			"faces": {
				"north": {"uv": [0, 1.45, 1.9, 0], "rotation": 90, "texture": "#0"},
				"east": {"uv": [0, 3.5, 1.9, 0], "rotation": 90, "texture": "#0"},
				"south": {"uv": [0, 1.45, 1.9, 0], "rotation": 90, "texture": "#0"},
				"west": {"uv": [0, 3.5, 1.9, 0], "rotation": 90, "texture": "#0"},
				"up": {"uv": [0, 1.45, 3.5, 0], "rotation": 270, "texture": "#0"},
				"down": {"uv": [0, 1.45, 3.5, 0], "rotation": 270, "texture": "#0"}
			}
		},
		{
			"from": [7.38988, 3.65566, 8.25951],
			"to": [8.83988, 5.15566, 11.25951],
			"rotation": {"angle": 22.5, "axis": "x", "origin": [8.11613, 1.30064, 6.2992]},
			"faces": {
				"north": {"uv": [1.5, 0, 0, 1.45], "rotation": 270, "texture": "#2"},
				"east": {"uv": [3, 0, 0, 1.5], "texture": "#2"},
				"south": {"uv": [1.5, 0, 0, 1.45], "rotation": 90, "texture": "#2"},
				"west": {"uv": [3, 0, 0, 1.5], "rotation": 180, "texture": "#2"},
				"up": {"uv": [3, 0, 0, 1.45], "rotation": 270, "texture": "#2"},
				"down": {"uv": [3, 0, 0, 1.45], "rotation": 90, "texture": "#2"}
			}
		},
		{
			"from": [7.43988, 2.61204, 7.58554],
			"to": [8.78988, 4.11204, 9.58554],
			"rotation": {"angle": 0, "axis": "y", "origin": [8.11613, 1.30064, 6.2992]},
			"faces": {
				"north": {"uv": [1.5, 0, 0, 1.35], "rotation": 270, "texture": "#2"},
				"east": {"uv": [2, 0, 0, 1.5], "texture": "#2"},
				"west": {"uv": [2, 0, 0, 1.5], "rotation": 180, "texture": "#2"},
				"up": {"uv": [2, 0, 0, 1.35], "rotation": 270, "texture": "#2"},
				"down": {"uv": [2, 0, 0, 1.35], "rotation": 90, "texture": "#2"}
			}
		},
		{
			"from": [7.51488, 1.79439, -3.15102],
			"to": [8.71488, 2.49439, 2.84898],
			"rotation": {"angle": -45, "axis": "x", "origin": [8.11613, 1.30064, 6.2992]},
			"faces": {
				"north": {"uv": [1.2, 0, 0, 0.7], "texture": "#2"},
				"east": {"uv": [6, 0, 0, 0.7], "texture": "#2"},
				"south": {"uv": [1.2, 0, 0, 0.7], "texture": "#2"},
				"west": {"uv": [6, 0, 0, 0.7], "texture": "#2"},
				"up": {"uv": [1.2, 0, 0, 6], "rotation": 180, "texture": "#2"},
				"down": {"uv": [1.2, 0, 0, 6], "rotation": 180, "texture": "#2"}
			}
		}
	],
	"display": {
		"thirdperson_righthand": {
			"rotation": [119, 0, 0],
			"translation": [0, -5.75, 7.5]
		},
		"thirdperson_lefthand": {
			"translation": [0, 5, 2]
		},
		"firstperson_righthand": {
			"rotation": [-10, 0, 0],
			"translation": [0, 6.75, -1]
		},
		"firstperson_lefthand": {
			"rotation": [-10, 0, 0],
			"translation": [0, 6.75, -1]
		},
		"ground": {
			"translation": [0, 8.5, -4.5]
		},
		"gui": {
			"rotation": [41, 135, 0],
			"scale": [0.4, 0.4, 0.4]
		},
		"head": {
			"translation": [0, -9, 0]
		},
		"fixed": {
			"translation": [0, 6.25, 0],
			"scale": [1.2, 1.2, 1.2]
		}
	},
	"groups": [
		{
			"name": "group",
			"origin": [7.99875, 9.13113, 11.74168],
			"color": 0,
			"nbt": "{}",
			"children": [0, 1, 2, 3, 4, 5, 6, 7, 8, 9, 10, 11, 12, 13, 14, 15, 16, 17, 18, 19, 20, 21, 22, 23, 24, 25, 26, 27, 28, 29]
		}
	]
}