{"display":{"head":{"scale":[4,4,4],"translation":[0,8,0]}},"elements":[{"faces":{"down":{"texture":"#0","uv":[0,0,4.52461,1.4]},"east":{"texture":"#0","uv":[0,0,1.4,5.4]},"north":{"texture":"#0","uv":[0,0,4.52461,5.4]},"south":{"texture":"#0","uv":[0,0,4.52461,5.4]},"up":{"texture":"#0","uv":[0,0,4.52461,1.4]},"west":{"texture":"#0","uv":[0,0,1.4,5.4]}},"from":[6.85507,3.57112,7.32308],"rotation":{"angle":0,"axis":"y","origin":[12.15507,11.57112,10.32308]},"to":[8.97968,9.37112,8.72308]},{"faces":{"down":{"texture":"#0","uv":[0,0,5.32461,1.4]},"east":{"texture":"#0","uv":[0,0,1.4,1.4]},"north":{"texture":"#0","uv":[0,0,5.32461,1.4]},"south":{"texture":"#0","uv":[0,0,5.32461,1.4]},"up":{"texture":"#0","uv":[0,0,5.32461,1.4]},"west":{"texture":"#0","uv":[0,0,1.4,1.4]}},"from":[5.25507,9.37112,7.32308],"rotation":{"angle":0,"axis":"y","origin":[12.15507,12.97112,10.32308]},"to":[10.57968,10.77112,8.72308]},{"faces":{"down":{"rotation":270,"texture":"#0","uv":[0,0,1.4,1.4]},"east":{"rotation":270,"texture":"#0","uv":[0,0,2.24961,1.4]},"north":{"rotation":270,"texture":"#0","uv":[0,0,2.24961,1.4]},"south":{"rotation":270,"texture":"#0","uv":[0,0,2.24961,1.4]},"up":{"rotation":270,"texture":"#0","uv":[0,0,1.4,1.4]},"west":{"rotation":270,"texture":"#0","uv":[0,0,2.24961,1.4]}},"from":[7.22307,10.76969,7.32308],"rotation":{"angle":0,"axis":"z","origin":[7.87566,11.82371,8.02308]},"to":[8.62307,13.01929,8.72308]},{"faces":{"down":{"texture":"#0","uv":[0,0,1.22461,1.35]},"east":{"texture":"#0","uv":[0,0,1.35,0.6]},"north":{"texture":"#0","uv":[0,0,1.22461,0.6]},"south":{"texture":"#0","uv":[0,0,1.22461,0.6]},"up":{"texture":"#0","uv":[0,0,1.22461,1.35]},"west":{"texture":"#0","uv":[0,0,1.35,0.6]}},"from":[9.55507,8.97112,7.34808],"rotation":{"angle":-22.5,"axis":"z","origin":[10.11737,9.22112,8.02308]},"to":[10.77968,9.57112,8.69808]},{"faces":{"down":{"texture":"#0","uv":[1.22461,0,0,1.35]},"east":{"texture":"#0","uv":[1.35,0,0,0.6]},"north":{"texture":"#0","uv":[1.22461,0,0,0.6]},"south":{"texture":"#0","uv":[1.22461,0,0,0.6]},"up":{"texture":"#0","uv":[1.22461,0,0,1.35]},"west":{"texture":"#0","uv":[1.35,0,0,0.6]}},"from":[5.12032,8.97112,7.34808],"rotation":{"angle":22.5,"axis":"z","origin":[5.78263,9.22112,8.02308]},"to":[6.34493,9.57112,8.69808]},{"faces":{"down":{"rotation":90,"texture":"#0","uv":[1.35,0,0,0.6]},"east":{"rotation":90,"texture":"#0","uv":[1.22461,0,0,1.35]},"north":{"rotation":270,"texture":"#0","uv":[1.22461,0,0,0.6]},"south":{"rotation":90,"texture":"#0","uv":[1.22461,0,0,0.6]},"up":{"rotation":90,"texture":"#0","uv":[1.35,0,0,0.6]},"west":{"rotation":90,"texture":"#0","uv":[1.22461,0,0,1.35]}},"from":[7.13981,12.18572,7.34808],"rotation":{"angle":22.5,"axis":"z","origin":[7.87566,11.82371,8.02308]},"to":[7.73981,13.41032,8.69808]},{"faces":{"down":{"texture":"#0","uv":[0,0,1.22461,1.35]},"east":{"texture":"#0","uv":[0,0,1.35,0.6]},"north":{"texture":"#0","uv":[0,0,1.22461,0.6]},"south":{"texture":"#0","uv":[0,0,1.22461,0.6]},"up":{"texture":"#0","uv":[0,0,1.22461,1.35]},"west":{"texture":"#0","uv":[0,0,1.35,0.6]}},"from":[9.55507,10.42888,7.34808],"rotation":{"angle":22.5,"axis":"z","origin":[10.11737,10.77888,8.02308]},"to":[10.77968,11.02888,8.69808]},{"faces":{"down":{"texture":"#0","uv":[1.22461,0,0,1.35]},"east":{"texture":"#0","uv":[1.35,0,0,0.6]},"north":{"texture":"#0","uv":[1.22461,0,0,0.6]},"south":{"texture":"#0","uv":[1.22461,0,0,0.6]},"up":{"texture":"#0","uv":[1.22461,0,0,1.35]},"west":{"texture":"#0","uv":[1.35,0,0,0.6]}},"from":[5.12032,10.42888,7.34808],"rotation":{"angle":-22.5,"axis":"z","origin":[5.78263,10.77888,8.02308]},"to":[6.34493,11.02888,8.69808]},{"faces":{"down":{"rotation":90,"texture":"#0","uv":[1.35,0,0,0.6]},"east":{"rotation":90,"texture":"#0","uv":[1.22461,0,0,1.35]},"north":{"rotation":270,"texture":"#0","uv":[1.22461,0,0,0.6]},"south":{"rotation":90,"texture":"#0","uv":[1.22461,0,0,0.6]},"up":{"rotation":90,"texture":"#0","uv":[1.35,0,0,0.6]},"west":{"rotation":90,"texture":"#0","uv":[1.22461,0,0,1.35]}},"from":[7.9677,12.16758,7.34808],"rotation":{"angle":-22.5,"axis":"z","origin":[7.87566,11.82371,8.02308]},"to":[8.5677,13.39218,8.69808]},{"faces":{"down":{"texture":"#0","uv":[3,7,4,8]},"east":{"texture":"#0","uv":[3,7,4,8]},"north":{"texture":"#0","uv":[3,7,4,8]},"south":{"texture":"#0","uv":[3,7,4,8]},"up":{"texture":"#0","uv":[3,7,4,8]},"west":{"texture":"#0","uv":[3,7,4,8]}},"from":[6.46458,3.34704,7.19508],"rotation":{"angle":0,"axis":"y","origin":[13.74458,11.66704,10.41508]},"to":[6.90617,9.46304,8.85108]},{"faces":{"down":{"texture":"#0","uv":[3,7,4,8]},"east":{"texture":"#0","uv":[3,7,4,8]},"north":{"texture":"#0","uv":[3,7,4,8]},"south":{"texture":"#0","uv":[3,7,4,8]},"up":{"texture":"#0","uv":[3,7,4,8]},"west":{"texture":"#0","uv":[3,7,4,8]}},"from":[8.92858,3.34704,7.19508],"rotation":{"angle":0,"axis":"y","origin":[11.94458,11.66704,10.41508]},"to":[9.37017,9.46304,8.85108]},{"faces":{"down":{"rotation":90,"texture":"#0","uv":[3,7,4,8]},"east":{"rotation":90,"texture":"#0","uv":[3,7,4,8]},"north":{"rotation":270,"texture":"#0","uv":[3,7,4,8]},"south":{"rotation":90,"texture":"#0","uv":[3,7,4,8]},"up":{"rotation":90,"texture":"#0","uv":[3,7,4,8]},"west":{"rotation":90,"texture":"#0","uv":[3,7,4,8]}},"from":[7.58267,6.0671,7.19508],"rotation":{"angle":-22.5,"axis":"z","origin":[15.90267,3.49269,10.41508]},"to":[9.39867,6.50869,8.85108]},{"faces":{"down":{"rotation":90,"texture":"#0","uv":[3,8,4,7]},"east":{"rotation":90,"texture":"#0","uv":[3,8,4,7]},"north":{"rotation":270,"texture":"#0","uv":[3,8,4,7]},"south":{"rotation":90,"texture":"#0","uv":[3,8,4,7]},"up":{"rotation":90,"texture":"#0","uv":[3,8,4,7]},"west":{"rotation":90,"texture":"#0","uv":[3,8,4,7]}},"from":[6.43607,6.0671,7.19508],"rotation":{"angle":22.5,"axis":"z","origin":[-0.06793,3.49269,10.41508]},"to":[8.25207,6.50869,8.85108]},{"faces":{"down":{"texture":"#0","uv":[3,7,4,8]},"east":{"texture":"#0","uv":[3,7,4,8]},"north":{"texture":"#0","uv":[3,7,4,8]},"south":{"texture":"#0","uv":[3,7,4,8]},"up":{"texture":"#0","uv":[3,7,4,8]},"west":{"texture":"#0","uv":[3,7,4,8]}},"from":[8.86135,12.08956,7.19508],"rotation":{"angle":-22.5,"axis":"z","origin":[7.90303,13,8.02308]},"to":[9.30294,13.90556,8.85108]},{"faces":{"down":{"texture":"#0","uv":[3,7,4,8]},"east":{"texture":"#0","uv":[3,7,4,8]},"north":{"texture":"#0","uv":[3,7,4,8]},"south":{"texture":"#0","uv":[3,7,4,8]},"up":{"texture":"#0","uv":[3,7,4,8]},"west":{"texture":"#0","uv":[3,7,4,8]}},"from":[8.44129,10.94321,7.19508],"rotation":{"angle":0,"axis":"z","origin":[7.48168,10.88657,8.02308]},"to":[8.88158,11.79213,8.85108]},{"faces":{"down":{"texture":"#0","uv":[4,7,3,8]},"east":{"texture":"#0","uv":[4,7,3,8]},"north":{"texture":"#0","uv":[4,7,3,8]},"south":{"texture":"#0","uv":[4,7,3,8]},"up":{"texture":"#0","uv":[4,7,3,8]},"west":{"texture":"#0","uv":[4,7,3,8]}},"from":[6.95316,10.94321,7.19508],"rotation":{"angle":0,"axis":"z","origin":[8.35307,10.88657,8.02308]},"to":[7.39345,11.79213,8.85108]},{"faces":{"down":{"texture":"#0","uv":[3,7,4,8]},"east":{"texture":"#0","uv":[3,7,4,8]},"north":{"texture":"#0","uv":[3,7,4,8]},"south":{"texture":"#0","uv":[3,7,4,8]},"up":{"texture":"#0","uv":[3,7,4,8]},"west":{"texture":"#0","uv":[3,7,4,8]}},"from":[9.1325,9.64462,7.19508],"rotation":{"angle":45,"axis":"z","origin":[8.17418,9.85506,8.02308]},"to":[9.47409,10.43562,8.85108]},{"faces":{"down":{"texture":"#0","uv":[4,7,3,8]},"east":{"texture":"#0","uv":[4,7,3,8]},"north":{"texture":"#0","uv":[4,7,3,8]},"south":{"texture":"#0","uv":[4,7,3,8]},"up":{"texture":"#0","uv":[4,7,3,8]},"west":{"texture":"#0","uv":[4,7,3,8]}},"from":[6.36066,9.64462,7.19508],"rotation":{"angle":-45,"axis":"z","origin":[7.66056,9.85506,8.02308]},"to":[6.70225,10.43562,8.85108]},{"faces":{"down":{"rotation":90,"texture":"#0","uv":[4,7,3,8]},"east":{"rotation":90,"texture":"#0","uv":[4,7,3,8]},"north":{"rotation":270,"texture":"#0","uv":[4,7,3,8]},"south":{"rotation":90,"texture":"#0","uv":[4,7,3,8]},"up":{"rotation":90,"texture":"#0","uv":[4,7,3,8]},"west":{"rotation":90,"texture":"#0","uv":[4,7,3,8]}},"from":[7.18267,13.49131,7.19508],"rotation":{"angle":22.5,"axis":"z","origin":[15.90267,16.50731,10.41508]},"to":[9.39867,13.9329,8.85108]},{"faces":{"down":{"rotation":90,"texture":"#0","uv":[4,8,3,7]},"east":{"rotation":90,"texture":"#0","uv":[4,8,3,7]},"north":{"rotation":270,"texture":"#0","uv":[4,8,3,7]},"south":{"rotation":90,"texture":"#0","uv":[4,8,3,7]},"up":{"rotation":90,"texture":"#0","uv":[4,8,3,7]},"west":{"rotation":90,"texture":"#0","uv":[4,8,3,7]}},"from":[6.43607,13.49131,7.19508],"rotation":{"angle":-22.5,"axis":"z","origin":[-0.06793,16.50731,10.41508]},"to":[8.65207,13.9329,8.85108]},{"faces":{"down":{"texture":"#0","uv":[4,7,3,8]},"east":{"texture":"#0","uv":[4,7,3,8]},"north":{"texture":"#0","uv":[4,7,3,8]},"south":{"texture":"#0","uv":[4,7,3,8]},"up":{"texture":"#0","uv":[4,7,3,8]},"west":{"texture":"#0","uv":[4,7,3,8]}},"from":[6.50313,12.08956,7.19508],"rotation":{"angle":22.5,"axis":"z","origin":[7.90303,13,8.02308]},"to":[6.94472,13.90556,8.85108]},{"faces":{"down":{"texture":"#0","uv":[3,7,4,8]},"east":{"texture":"#0","uv":[3,7,4,8]},"north":{"texture":"#0","uv":[3,7,4,8]},"south":{"texture":"#0","uv":[3,7,4,8]},"up":{"texture":"#0","uv":[3,7,4,8]},"west":{"texture":"#0","uv":[3,7,4,8]}},"from":[10.6486,8.40213,7.19508],"rotation":{"angle":22.5,"axis":"z","origin":[10.86939,8.96013,8.02308]},"to":[11.09019,9.21813,8.85108]},{"faces":{"down":{"texture":"#0","uv":[4,7,3,8]},"east":{"texture":"#0","uv":[4,7,3,8]},"north":{"texture":"#0","uv":[4,7,3,8]},"south":{"texture":"#0","uv":[4,7,3,8]},"up":{"texture":"#0","uv":[4,7,3,8]},"west":{"texture":"#0","uv":[4,7,3,8]}},"from":[4.74456,8.40213,7.19508],"rotation":{"angle":-22.5,"axis":"z","origin":[4.96535,8.96013,8.02308]},"to":[5.18615,9.21813,8.85108]},{"faces":{"down":{"rotation":270,"texture":"#0","uv":[3,7,4,8]},"east":{"rotation":270,"texture":"#0","uv":[3,7,4,8]},"north":{"rotation":90,"texture":"#0","uv":[3,7,4,8]},"south":{"rotation":270,"texture":"#0","uv":[3,7,4,8]},"up":{"rotation":270,"texture":"#0","uv":[3,7,4,8]},"west":{"rotation":270,"texture":"#0","uv":[3,7,4,8]}},"from":[8.71725,12.65045,7.19508],"rotation":{"angle":22.5,"axis":"z","origin":[7.90303,13,8.02308]},"to":[9.53325,13.09204,8.85108]},{"faces":{"down":{"texture":"#0","uv":[3,8,4,7]},"east":{"texture":"#0","uv":[3,8,4,7]},"north":{"texture":"#0","uv":[3,8,4,7]},"south":{"texture":"#0","uv":[3,8,4,7]},"up":{"texture":"#0","uv":[3,8,4,7]},"west":{"texture":"#0","uv":[3,8,4,7]}},"from":[10.6486,10.78187,7.19508],"rotation":{"angle":-22.5,"axis":"z","origin":[10.86939,11.03987,8.02308]},"to":[11.09019,11.59787,8.85108]},{"faces":{"down":{"texture":"#0","uv":[4,8,3,7]},"east":{"texture":"#0","uv":[4,8,3,7]},"north":{"texture":"#0","uv":[4,8,3,7]},"south":{"texture":"#0","uv":[4,8,3,7]},"up":{"texture":"#0","uv":[4,8,3,7]},"west":{"texture":"#0","uv":[4,8,3,7]}},"from":[4.74456,10.78187,7.19508],"rotation":{"angle":22.5,"axis":"z","origin":[4.96535,11.03987,8.02308]},"to":[5.18615,11.59787,8.85108]},{"faces":{"down":{"rotation":270,"texture":"#0","uv":[3,8,4,7]},"east":{"rotation":270,"texture":"#0","uv":[3,8,4,7]},"north":{"rotation":90,"texture":"#0","uv":[3,8,4,7]},"south":{"rotation":270,"texture":"#0","uv":[3,8,4,7]},"up":{"rotation":270,"texture":"#0","uv":[3,8,4,7]},"west":{"rotation":270,"texture":"#0","uv":[3,8,4,7]}},"from":[6.27282,12.65045,7.19508],"rotation":{"angle":-22.5,"axis":"z","origin":[7.90303,13,8.02308]},"to":[7.08882,13.09204,8.85108]},{"faces":{"down":{"texture":"#0","uv":[3,7,4,8]},"east":{"texture":"#0","uv":[3,7,4,8]},"north":{"texture":"#0","uv":[3,7,4,8]},"south":{"texture":"#0","uv":[3,7,4,8]},"up":{"texture":"#0","uv":[3,7,4,8]},"west":{"texture":"#0","uv":[3,7,4,8]}},"from":[10.56667,9.114,7.19508],"rotation":{"angle":0,"axis":"z","origin":[10.78747,9.672,8.02308]},"to":[11.00826,10.886,8.85108]},{"faces":{"down":{"texture":"#0","uv":[4,7,3,8]},"east":{"texture":"#0","uv":[4,7,3,8]},"north":{"texture":"#0","uv":[4,7,3,8]},"south":{"texture":"#0","uv":[4,7,3,8]},"up":{"texture":"#0","uv":[4,7,3,8]},"west":{"texture":"#0","uv":[4,7,3,8]}},"from":[4.82648,9.114,7.19508],"rotation":{"angle":0,"axis":"z","origin":[5.04728,9.672,8.02308]},"to":[5.26807,10.886,8.85108]},{"faces":{"down":{"rotation":270,"texture":"#0","uv":[3,7,4,8]},"east":{"rotation":270,"texture":"#0","uv":[3,7,4,8]},"north":{"rotation":90,"texture":"#0","uv":[3,7,4,8]},"south":{"rotation":270,"texture":"#0","uv":[3,7,4,8]},"up":{"rotation":270,"texture":"#0","uv":[3,7,4,8]},"west":{"rotation":270,"texture":"#0","uv":[3,7,4,8]}},"from":[7.01703,12.98864,7.19508],"rotation":{"angle":0,"axis":"z","origin":[7.90303,13,8.02308]},"to":[8.78904,13.43023,8.85108]},{"faces":{"down":{"texture":"#0","uv":[4,8,3,7]},"east":{"texture":"#0","uv":[4,8,3,7]},"north":{"texture":"#0","uv":[4,8,3,7]},"south":{"texture":"#0","uv":[4,8,3,7]},"up":{"texture":"#0","uv":[4,8,3,7]},"west":{"texture":"#0","uv":[4,8,3,7]}},"from":[7.1642,9.60491,7.19508],"rotation":{"angle":22.5,"axis":"z","origin":[7.26354,9.89475,8.02308]},"to":[7.30915,9.91451,8.85108]},{"faces":{"down":{"rotation":180,"texture":"#0","uv":[4,8,3,7]},"east":{"rotation":180,"texture":"#0","uv":[4,8,3,7]},"north":{"rotation":180,"texture":"#0","uv":[4,8,3,7]},"south":{"rotation":180,"texture":"#0","uv":[4,8,3,7]},"up":{"rotation":180,"texture":"#0","uv":[4,8,3,7]},"west":{"rotation":180,"texture":"#0","uv":[4,8,3,7]}},"from":[8.73872,9.94251,7.19508],"rotation":{"angle":22.5,"axis":"z","origin":[8.19366,9.65381,8.02308]},"to":[8.88367,10.25211,8.85108]},{"faces":{"down":{"rotation":90,"texture":"#0","uv":[4,8,3,7]},"east":{"rotation":90,"texture":"#0","uv":[4,8,3,7]},"north":{"rotation":270,"texture":"#0","uv":[4,8,3,7]},"south":{"rotation":90,"texture":"#0","uv":[4,8,3,7]},"up":{"rotation":90,"texture":"#0","uv":[4,8,3,7]},"west":{"rotation":90,"texture":"#0","uv":[4,8,3,7]}},"from":[7.5571,10.75856,7.19508],"rotation":{"angle":22.5,"axis":"z","origin":[8.06719,10.65701,8.02308]},"to":[7.8667,10.90351,8.85108]},{"faces":{"down":{"rotation":270,"texture":"#0","uv":[4,8,3,7]},"east":{"rotation":270,"texture":"#0","uv":[4,8,3,7]},"north":{"rotation":90,"texture":"#0","uv":[4,8,3,7]},"south":{"rotation":270,"texture":"#0","uv":[4,8,3,7]},"up":{"rotation":270,"texture":"#0","uv":[4,8,3,7]},"west":{"rotation":270,"texture":"#0","uv":[4,8,3,7]}},"from":[7.95064,9.31908,7.19508],"rotation":{"angle":22.5,"axis":"z","origin":[8.19366,9.65381,8.02308]},"to":[8.26024,9.46404,8.85108]},{"faces":{"down":{"texture":"#0","uv":[4,8,3,7]},"east":{"texture":"#0","uv":[4,8,3,7]},"north":{"texture":"#0","uv":[4,8,3,7]},"south":{"texture":"#0","uv":[4,8,3,7]},"up":{"texture":"#0","uv":[4,8,3,7]},"west":{"texture":"#0","uv":[4,8,3,7]}},"from":[7.26755,10.12452,7.19508],"rotation":{"angle":-22.5,"axis":"z","origin":[7.36689,10.41436,8.02308]},"to":[7.41251,10.43412,8.85108]},{"faces":{"down":{"rotation":180,"texture":"#0","uv":[4,8,3,7]},"east":{"rotation":180,"texture":"#0","uv":[4,8,3,7]},"north":{"rotation":180,"texture":"#0","uv":[4,8,3,7]},"south":{"rotation":180,"texture":"#0","uv":[4,8,3,7]},"up":{"rotation":180,"texture":"#0","uv":[4,8,3,7]},"west":{"rotation":180,"texture":"#0","uv":[4,8,3,7]}},"from":[8.45095,9.75023,7.19508],"rotation":{"angle":-22.5,"axis":"z","origin":[8.19366,9.65381,8.02308]},"to":[8.5959,10.05983,8.85108]},{"faces":{"down":{"rotation":90,"texture":"#0","uv":[4,8,3,7]},"east":{"rotation":90,"texture":"#0","uv":[4,8,3,7]},"north":{"rotation":270,"texture":"#0","uv":[4,8,3,7]},"south":{"rotation":90,"texture":"#0","uv":[4,8,3,7]},"up":{"rotation":90,"texture":"#0","uv":[4,8,3,7]},"west":{"rotation":90,"texture":"#0","uv":[4,8,3,7]}},"from":[8.03715,10.66307,7.19508],"rotation":{"angle":-22.5,"axis":"z","origin":[8.06719,10.65701,8.02308]},"to":[8.34675,10.80803,8.85108]},{"faces":{"down":{"rotation":270,"texture":"#0","uv":[4,8,3,7]},"east":{"rotation":270,"texture":"#0","uv":[4,8,3,7]},"north":{"rotation":90,"texture":"#0","uv":[4,8,3,7]},"south":{"rotation":270,"texture":"#0","uv":[4,8,3,7]},"up":{"rotation":270,"texture":"#0","uv":[4,8,3,7]},"west":{"rotation":270,"texture":"#0","uv":[4,8,3,7]}},"from":[7.66287,9.1268,7.19508],"rotation":{"angle":-22.5,"axis":"z","origin":[8.19366,9.65381,8.02308]},"to":[7.97247,9.27176,8.85108]},{"faces":{"down":{"texture":"#0","uv":[4,8,3,7]},"east":{"texture":"#0","uv":[4,8,3,7]},"north":{"texture":"#0","uv":[4,8,3,7]},"south":{"texture":"#0","uv":[4,8,3,7]},"up":{"texture":"#0","uv":[4,8,3,7]},"west":{"texture":"#0","uv":[4,8,3,7]}},"from":[7.1642,9.87499,7.19508],"rotation":{"angle":0,"axis":"z","origin":[7.26354,9.89475,8.02308]},"to":[7.30915,10.18459,8.85108]},{"faces":{"down":{"rotation":180,"texture":"#0","uv":[4,8,3,7]},"east":{"rotation":180,"texture":"#0","uv":[4,8,3,7]},"north":{"rotation":180,"texture":"#0","uv":[4,8,3,7]},"south":{"rotation":180,"texture":"#0","uv":[4,8,3,7]},"up":{"rotation":180,"texture":"#0","uv":[4,8,3,7]},"west":{"rotation":180,"texture":"#0","uv":[4,8,3,7]}},"from":[8.57571,9.87499,7.19508],"rotation":{"angle":0,"axis":"z","origin":[8.19366,9.65381,8.02308]},"to":[8.72066,10.18459,8.85108]},{"faces":{"down":{"rotation":90,"texture":"#0","uv":[4,8,3,7]},"east":{"rotation":90,"texture":"#0","uv":[4,8,3,7]},"north":{"rotation":270,"texture":"#0","uv":[4,8,3,7]},"south":{"rotation":90,"texture":"#0","uv":[4,8,3,7]},"up":{"rotation":90,"texture":"#0","uv":[4,8,3,7]},"west":{"rotation":90,"texture":"#0","uv":[4,8,3,7]}},"from":[7.78763,10.66307,7.19508],"rotation":{"angle":0,"axis":"z","origin":[8.06719,10.65701,8.02308]},"to":[8.09723,10.80803,8.85108]},{"faces":{"down":{"rotation":270,"texture":"#0","uv":[4,8,3,7]},"east":{"rotation":270,"texture":"#0","uv":[4,8,3,7]},"north":{"rotation":90,"texture":"#0","uv":[4,8,3,7]},"south":{"rotation":270,"texture":"#0","uv":[4,8,3,7]},"up":{"rotation":270,"texture":"#0","uv":[4,8,3,7]},"west":{"rotation":270,"texture":"#0","uv":[4,8,3,7]}},"from":[7.78763,9.25156,7.19508],"rotation":{"angle":0,"axis":"z","origin":[8.19366,9.65381,8.02308]},"to":[8.09723,9.39652,8.85108]},{"faces":{"down":{"rotation":90,"texture":"#0","uv":[4,8,3,7]},"east":{"rotation":90,"texture":"#0","uv":[4,8,3,7]},"north":{"rotation":270,"texture":"#0","uv":[4,8,3,7]},"south":{"rotation":90,"texture":"#0","uv":[4,8,3,7]},"up":{"rotation":90,"texture":"#0","uv":[4,8,3,7]},"west":{"rotation":90,"texture":"#0","uv":[4,8,3,7]}},"from":[7.36215,10.34643,7.19508],"rotation":{"angle":0,"axis":"z","origin":[7.63666,10.02979,8.02308]},"to":[7.51695,10.41891,8.85108]},{"faces":{"down":{"rotation":180,"texture":"#0","uv":[4,8,3,7]},"east":{"rotation":180,"texture":"#0","uv":[4,8,3,7]},"north":{"rotation":180,"texture":"#0","uv":[4,8,3,7]},"south":{"rotation":180,"texture":"#0","uv":[4,8,3,7]},"up":{"rotation":180,"texture":"#0","uv":[4,8,3,7]},"west":{"rotation":180,"texture":"#0","uv":[4,8,3,7]}},"from":[8.26664,10.46285,7.19508],"rotation":{"angle":0,"axis":"z","origin":[7.95,10.02979,8.02308]},"to":[8.33912,10.61765,8.85108]},{"faces":{"down":{"rotation":90,"texture":"#0","uv":[4,8,3,7]},"east":{"rotation":90,"texture":"#0","uv":[4,8,3,7]},"north":{"rotation":270,"texture":"#0","uv":[4,8,3,7]},"south":{"rotation":90,"texture":"#0","uv":[4,8,3,7]},"up":{"rotation":90,"texture":"#0","uv":[4,8,3,7]},"west":{"rotation":90,"texture":"#0","uv":[4,8,3,7]}},"from":[7.37715,10.271,7.19508],"rotation":{"angle":-22.5,"axis":"z","origin":[7.63666,10.02979,8.02308]},"to":[7.53195,10.34348,8.85108]},{"faces":{"down":{"rotation":180,"texture":"#0","uv":[4,8,3,7]},"east":{"rotation":180,"texture":"#0","uv":[4,8,3,7]},"north":{"rotation":180,"texture":"#0","uv":[4,8,3,7]},"south":{"rotation":180,"texture":"#0","uv":[4,8,3,7]},"up":{"rotation":180,"texture":"#0","uv":[4,8,3,7]},"west":{"rotation":180,"texture":"#0","uv":[4,8,3,7]}},"from":[8.0713,10.42399,7.19508],"rotation":{"angle":-22.5,"axis":"z","origin":[7.95,10.02979,8.02308]},"to":[8.14377,10.57879,8.85108]},{"faces":{"down":{"rotation":90,"texture":"#0","uv":[4,8,3,7]},"east":{"rotation":90,"texture":"#0","uv":[4,8,3,7]},"north":{"rotation":270,"texture":"#0","uv":[4,8,3,7]},"south":{"rotation":90,"texture":"#0","uv":[4,8,3,7]},"up":{"rotation":90,"texture":"#0","uv":[4,8,3,7]},"west":{"rotation":90,"texture":"#0","uv":[4,8,3,7]}},"from":[7.41988,10.20705,7.19508],"rotation":{"angle":-45,"axis":"z","origin":[7.63666,10.02979,8.02308]},"to":[7.57468,10.27953,8.85108]},{"faces":{"down":{"rotation":180,"texture":"#0","uv":[4,8,3,7]},"east":{"rotation":180,"texture":"#0","uv":[4,8,3,7]},"north":{"rotation":180,"texture":"#0","uv":[4,8,3,7]},"south":{"rotation":180,"texture":"#0","uv":[4,8,3,7]},"up":{"rotation":180,"texture":"#0","uv":[4,8,3,7]},"west":{"rotation":180,"texture":"#0","uv":[4,8,3,7]}},"from":[7.90569,10.31334,7.19508],"rotation":{"angle":-45,"axis":"z","origin":[7.95,10.02979,8.02308]},"to":[7.97817,10.46814,8.85108]},{"faces":{"down":{"rotation":180,"texture":"#0","uv":[4,8,3,7]},"east":{"rotation":180,"texture":"#0","uv":[4,8,3,7]},"north":{"rotation":180,"texture":"#0","uv":[4,8,3,7]},"south":{"rotation":180,"texture":"#0","uv":[4,8,3,7]},"up":{"rotation":180,"texture":"#0","uv":[4,8,3,7]},"west":{"rotation":180,"texture":"#0","uv":[4,8,3,7]}},"from":[7.77119,10.02783,7.19508],"rotation":{"angle":22.5,"axis":"z","origin":[7.63666,10.02979,8.02308]},"to":[7.84367,10.18263,8.85108]},{"faces":{"down":{"rotation":270,"texture":"#0","uv":[4,8,3,7]},"east":{"rotation":270,"texture":"#0","uv":[4,8,3,7]},"north":{"rotation":90,"texture":"#0","uv":[4,8,3,7]},"south":{"rotation":270,"texture":"#0","uv":[4,8,3,7]},"up":{"rotation":270,"texture":"#0","uv":[4,8,3,7]},"west":{"rotation":270,"texture":"#0","uv":[4,8,3,7]}},"from":[8.06794,10.11228,7.19508],"rotation":{"angle":22.5,"axis":"z","origin":[7.95,10.02979,8.02308]},"to":[8.22274,10.18475,8.85108]},{"faces":{"down":{"rotation":180,"texture":"#0","uv":[4,8,3,7]},"east":{"rotation":180,"texture":"#0","uv":[4,8,3,7]},"north":{"rotation":180,"texture":"#0","uv":[4,8,3,7]},"south":{"rotation":180,"texture":"#0","uv":[4,8,3,7]},"up":{"rotation":180,"texture":"#0","uv":[4,8,3,7]},"west":{"rotation":180,"texture":"#0","uv":[4,8,3,7]}},"from":[7.75619,9.95239,7.19508],"rotation":{"angle":0,"axis":"z","origin":[7.63666,10.02979,8.02308]},"to":[7.82866,10.10719,8.85108]},{"faces":{"down":{"rotation":270,"texture":"#0","uv":[4,8,3,7]},"east":{"rotation":270,"texture":"#0","uv":[4,8,3,7]},"north":{"rotation":90,"texture":"#0","uv":[4,8,3,7]},"south":{"rotation":270,"texture":"#0","uv":[4,8,3,7]},"up":{"rotation":270,"texture":"#0","uv":[4,8,3,7]},"west":{"rotation":270,"texture":"#0","uv":[4,8,3,7]}},"from":[7.8726,10.15113,7.19508],"rotation":{"angle":0,"axis":"z","origin":[7.95,10.02979,8.02308]},"to":[8.0274,10.22361,8.85108]},{"faces":{"down":{"rotation":180,"texture":"#0","uv":[4,8,3,7]},"east":{"rotation":180,"texture":"#0","uv":[4,8,3,7]},"north":{"rotation":180,"texture":"#0","uv":[4,8,3,7]},"south":{"rotation":180,"texture":"#0","uv":[4,8,3,7]},"up":{"rotation":180,"texture":"#0","uv":[4,8,3,7]},"west":{"rotation":180,"texture":"#0","uv":[4,8,3,7]}},"from":[7.77119,9.87696,7.19508],"rotation":{"angle":-22.5,"axis":"z","origin":[7.63666,10.02979,8.02308]},"to":[7.84367,10.03176,8.85108]},{"faces":{"down":{"rotation":270,"texture":"#0","uv":[4,8,3,7]},"east":{"rotation":270,"texture":"#0","uv":[4,8,3,7]},"north":{"rotation":90,"texture":"#0","uv":[4,8,3,7]},"south":{"rotation":270,"texture":"#0","uv":[4,8,3,7]},"up":{"rotation":270,"texture":"#0","uv":[4,8,3,7]},"west":{"rotation":270,"texture":"#0","uv":[4,8,3,7]}},"from":[7.67726,10.11228,7.19508],"rotation":{"angle":-22.5,"axis":"z","origin":[7.95,10.02979,8.02308]},"to":[7.83206,10.18475,8.85108]},{"faces":{"down":{"rotation":270,"texture":"#0","uv":[4,8,3,7]},"east":{"rotation":270,"texture":"#0","uv":[4,8,3,7]},"north":{"rotation":90,"texture":"#0","uv":[4,8,3,7]},"south":{"rotation":270,"texture":"#0","uv":[4,8,3,7]},"up":{"rotation":270,"texture":"#0","uv":[4,8,3,7]},"west":{"rotation":270,"texture":"#0","uv":[4,8,3,7]}},"from":[7.41988,9.78006,7.19508],"rotation":{"angle":45,"axis":"z","origin":[7.63666,10.02979,8.02308]},"to":[7.57468,9.85254,8.85108]},{"faces":{"down":{"rotation":270,"texture":"#0","uv":[4,8,3,7]},"east":{"rotation":270,"texture":"#0","uv":[4,8,3,7]},"north":{"rotation":90,"texture":"#0","uv":[4,8,3,7]},"south":{"rotation":270,"texture":"#0","uv":[4,8,3,7]},"up":{"rotation":270,"texture":"#0","uv":[4,8,3,7]},"west":{"rotation":270,"texture":"#0","uv":[4,8,3,7]}},"from":[7.51165,10.00162,7.19508],"rotation":{"angle":-45,"axis":"z","origin":[7.95,10.02979,8.02308]},"to":[7.66645,10.0741,8.85108]},{"faces":{"down":{"rotation":270,"texture":"#0","uv":[4,8,3,7]},"east":{"rotation":270,"texture":"#0","uv":[4,8,3,7]},"north":{"rotation":90,"texture":"#0","uv":[4,8,3,7]},"south":{"rotation":270,"texture":"#0","uv":[4,8,3,7]},"up":{"rotation":270,"texture":"#0","uv":[4,8,3,7]},"west":{"rotation":270,"texture":"#0","uv":[4,8,3,7]}},"from":[7.37715,9.71611,7.19508],"rotation":{"angle":22.5,"axis":"z","origin":[7.63666,10.02979,8.02308]},"to":[7.53195,9.78859,8.85108]},{"faces":{"down":{"texture":"#0","uv":[4,8,3,7]},"east":{"texture":"#0","uv":[4,8,3,7]},"north":{"texture":"#0","uv":[4,8,3,7]},"south":{"texture":"#0","uv":[4,8,3,7]},"up":{"texture":"#0","uv":[4,8,3,7]},"west":{"texture":"#0","uv":[4,8,3,7]}},"from":[7.75623,10.42399,7.19508],"rotation":{"angle":22.5,"axis":"z","origin":[7.95,10.02979,8.02308]},"to":[7.8287,10.57879,8.85108]},{"faces":{"down":{"rotation":270,"texture":"#0","uv":[4,8,3,7]},"east":{"rotation":270,"texture":"#0","uv":[4,8,3,7]},"north":{"rotation":90,"texture":"#0","uv":[4,8,3,7]},"south":{"rotation":270,"texture":"#0","uv":[4,8,3,7]},"up":{"rotation":270,"texture":"#0","uv":[4,8,3,7]},"west":{"rotation":270,"texture":"#0","uv":[4,8,3,7]}},"from":[7.36215,9.64068,7.19508],"rotation":{"angle":0,"axis":"z","origin":[7.63666,10.02979,8.02308]},"to":[7.51695,9.71316,8.85108]},{"faces":{"down":{"texture":"#0","uv":[4,8,3,7]},"east":{"texture":"#0","uv":[4,8,3,7]},"north":{"texture":"#0","uv":[4,8,3,7]},"south":{"texture":"#0","uv":[4,8,3,7]},"up":{"texture":"#0","uv":[4,8,3,7]},"west":{"texture":"#0","uv":[4,8,3,7]}},"from":[7.56088,10.46285,7.19508],"rotation":{"angle":0,"axis":"z","origin":[7.95,10.02979,8.02308]},"to":[7.63336,10.61765,8.85108]},{"faces":{"down":{"rotation":90,"texture":"#0","uv":[4,7,3,8]},"east":{"rotation":90,"texture":"#0","uv":[4,7,3,8]},"north":{"rotation":270,"texture":"#0","uv":[4,7,3,8]},"south":{"rotation":90,"texture":"#0","uv":[4,7,3,8]},"up":{"rotation":90,"texture":"#0","uv":[4,7,3,8]},"west":{"rotation":90,"texture":"#0","uv":[4,7,3,8]}},"from":[8.38305,10.34643,7.19508],"rotation":{"angle":0,"axis":"z","origin":[8.26334,10.02979,8.02308]},"to":[8.53785,10.41891,8.85108]},{"faces":{"down":{"rotation":180,"texture":"#0","uv":[4,7,3,8]},"east":{"rotation":180,"texture":"#0","uv":[4,7,3,8]},"north":{"rotation":180,"texture":"#0","uv":[4,7,3,8]},"south":{"rotation":180,"texture":"#0","uv":[4,7,3,8]},"up":{"rotation":180,"texture":"#0","uv":[4,7,3,8]},"west":{"rotation":180,"texture":"#0","uv":[4,7,3,8]}},"from":[8.26664,9.44194,7.19508],"rotation":{"angle":0,"axis":"z","origin":[7.95,10.02979,8.02308]},"to":[8.33912,9.59674,8.85108]},{"faces":{"down":{"rotation":90,"texture":"#0","uv":[4,7,3,8]},"east":{"rotation":90,"texture":"#0","uv":[4,7,3,8]},"north":{"rotation":270,"texture":"#0","uv":[4,7,3,8]},"south":{"rotation":90,"texture":"#0","uv":[4,7,3,8]},"up":{"rotation":90,"texture":"#0","uv":[4,7,3,8]},"west":{"rotation":90,"texture":"#0","uv":[4,7,3,8]}},"from":[8.36805,10.271,7.19508],"rotation":{"angle":22.5,"axis":"z","origin":[8.26334,10.02979,8.02308]},"to":[8.52285,10.34348,8.85108]},{"faces":{"down":{"rotation":180,"texture":"#0","uv":[4,7,3,8]},"east":{"rotation":180,"texture":"#0","uv":[4,7,3,8]},"north":{"rotation":180,"texture":"#0","uv":[4,7,3,8]},"south":{"rotation":180,"texture":"#0","uv":[4,7,3,8]},"up":{"rotation":180,"texture":"#0","uv":[4,7,3,8]},"west":{"rotation":180,"texture":"#0","uv":[4,7,3,8]}},"from":[8.0713,9.4808,7.19508],"rotation":{"angle":22.5,"axis":"z","origin":[7.95,10.02979,8.02308]},"to":[8.14377,9.6356,8.85108]},{"faces":{"down":{"rotation":90,"texture":"#0","uv":[4,7,3,8]},"east":{"rotation":90,"texture":"#0","uv":[4,7,3,8]},"north":{"rotation":270,"texture":"#0","uv":[4,7,3,8]},"south":{"rotation":90,"texture":"#0","uv":[4,7,3,8]},"up":{"rotation":90,"texture":"#0","uv":[4,7,3,8]},"west":{"rotation":90,"texture":"#0","uv":[4,7,3,8]}},"from":[8.32532,10.20705,7.19508],"rotation":{"angle":45,"axis":"z","origin":[8.26334,10.02979,8.02308]},"to":[8.48012,10.27953,8.85108]},{"faces":{"down":{"rotation":90,"texture":"#0","uv":[4,7,3,8]},"east":{"rotation":90,"texture":"#0","uv":[4,7,3,8]},"north":{"rotation":270,"texture":"#0","uv":[4,7,3,8]},"south":{"rotation":90,"texture":"#0","uv":[4,7,3,8]},"up":{"rotation":90,"texture":"#0","uv":[4,7,3,8]},"west":{"rotation":90,"texture":"#0","uv":[4,7,3,8]}},"from":[8.23355,9.98549,7.19508],"rotation":{"angle":-45,"axis":"z","origin":[7.95,10.02979,8.02308]},"to":[8.38835,10.05797,8.85108]},{"faces":{"down":{"rotation":180,"texture":"#0","uv":[3,8,4,7]},"east":{"rotation":180,"texture":"#0","uv":[3,8,4,7]},"north":{"rotation":180,"texture":"#0","uv":[3,8,4,7]},"south":{"rotation":180,"texture":"#0","uv":[3,8,4,7]},"up":{"rotation":180,"texture":"#0","uv":[3,8,4,7]},"west":{"rotation":180,"texture":"#0","uv":[3,8,4,7]}},"from":[8.05633,10.02783,7.19508],"rotation":{"angle":-22.5,"axis":"z","origin":[8.26334,10.02979,8.02308]},"to":[8.12881,10.18263,8.85108]},{"faces":{"down":{"rotation":270,"texture":"#0","uv":[3,8,4,7]},"east":{"rotation":270,"texture":"#0","uv":[3,8,4,7]},"north":{"rotation":90,"texture":"#0","uv":[3,8,4,7]},"south":{"rotation":270,"texture":"#0","uv":[3,8,4,7]},"up":{"rotation":270,"texture":"#0","uv":[3,8,4,7]},"west":{"rotation":270,"texture":"#0","uv":[3,8,4,7]}},"from":[8.06794,9.87484,7.19508],"rotation":{"angle":-22.5,"axis":"z","origin":[7.95,10.02979,8.02308]},"to":[8.22274,9.94731,8.85108]},{"faces":{"down":{"rotation":180,"texture":"#0","uv":[3,8,4,7]},"east":{"rotation":180,"texture":"#0","uv":[3,8,4,7]},"north":{"rotation":180,"texture":"#0","uv":[3,8,4,7]},"south":{"rotation":180,"texture":"#0","uv":[3,8,4,7]},"up":{"rotation":180,"texture":"#0","uv":[3,8,4,7]},"west":{"rotation":180,"texture":"#0","uv":[3,8,4,7]}},"from":[8.07134,9.95239,7.19508],"rotation":{"angle":0,"axis":"z","origin":[8.26334,10.02979,8.02308]},"to":[8.14381,10.10719,8.85108]},{"faces":{"down":{"rotation":270,"texture":"#0","uv":[3,8,4,7]},"east":{"rotation":270,"texture":"#0","uv":[3,8,4,7]},"north":{"rotation":90,"texture":"#0","uv":[3,8,4,7]},"south":{"rotation":270,"texture":"#0","uv":[3,8,4,7]},"up":{"rotation":270,"texture":"#0","uv":[3,8,4,7]},"west":{"rotation":270,"texture":"#0","uv":[3,8,4,7]}},"from":[7.8726,9.83598,7.19508],"rotation":{"angle":0,"axis":"z","origin":[7.95,10.02979,8.02308]},"to":[8.0274,9.90846,8.85108]},{"faces":{"down":{"rotation":180,"texture":"#0","uv":[3,8,4,7]},"east":{"rotation":180,"texture":"#0","uv":[3,8,4,7]},"north":{"rotation":180,"texture":"#0","uv":[3,8,4,7]},"south":{"rotation":180,"texture":"#0","uv":[3,8,4,7]},"up":{"rotation":180,"texture":"#0","uv":[3,8,4,7]},"west":{"rotation":180,"texture":"#0","uv":[3,8,4,7]}},"from":[8.05633,9.87696,7.19508],"rotation":{"angle":22.5,"axis":"z","origin":[8.26334,10.02979,8.02308]},"to":[8.12881,10.03176,8.85108]},{"faces":{"down":{"rotation":270,"texture":"#0","uv":[3,8,4,7]},"east":{"rotation":270,"texture":"#0","uv":[3,8,4,7]},"north":{"rotation":90,"texture":"#0","uv":[3,8,4,7]},"south":{"rotation":270,"texture":"#0","uv":[3,8,4,7]},"up":{"rotation":270,"texture":"#0","uv":[3,8,4,7]},"west":{"rotation":270,"texture":"#0","uv":[3,8,4,7]}},"from":[7.67726,9.87484,7.19508],"rotation":{"angle":22.5,"axis":"z","origin":[7.95,10.02979,8.02308]},"to":[7.83206,9.94731,8.85108]},{"faces":{"down":{"rotation":270,"texture":"#0","uv":[4,7,3,8]},"east":{"rotation":270,"texture":"#0","uv":[4,7,3,8]},"north":{"rotation":90,"texture":"#0","uv":[4,7,3,8]},"south":{"rotation":270,"texture":"#0","uv":[4,7,3,8]},"up":{"rotation":270,"texture":"#0","uv":[4,7,3,8]},"west":{"rotation":270,"texture":"#0","uv":[4,7,3,8]}},"from":[8.32532,9.78006,7.19508],"rotation":{"angle":-45,"axis":"z","origin":[8.26334,10.02979,8.02308]},"to":[8.48012,9.85254,8.85108]},{"faces":{"down":{"texture":"#0","uv":[4,7,3,8]},"east":{"texture":"#0","uv":[4,7,3,8]},"north":{"texture":"#0","uv":[4,7,3,8]},"south":{"texture":"#0","uv":[4,7,3,8]},"up":{"texture":"#0","uv":[4,7,3,8]},"west":{"texture":"#0","uv":[4,7,3,8]}},"from":[7.92183,9.59145,7.19508],"rotation":{"angle":-45,"axis":"z","origin":[7.95,10.02979,8.02308]},"to":[7.99431,9.74625,8.85108]},{"faces":{"down":{"rotation":270,"texture":"#0","uv":[4,7,3,8]},"east":{"rotation":270,"texture":"#0","uv":[4,7,3,8]},"north":{"rotation":90,"texture":"#0","uv":[4,7,3,8]},"south":{"rotation":270,"texture":"#0","uv":[4,7,3,8]},"up":{"rotation":270,"texture":"#0","uv":[4,7,3,8]},"west":{"rotation":270,"texture":"#0","uv":[4,7,3,8]}},"from":[8.36805,9.71611,7.19508],"rotation":{"angle":-22.5,"axis":"z","origin":[8.26334,10.02979,8.02308]},"to":[8.52285,9.78859,8.85108]},{"faces":{"down":{"texture":"#0","uv":[4,7,3,8]},"east":{"texture":"#0","uv":[4,7,3,8]},"north":{"texture":"#0","uv":[4,7,3,8]},"south":{"texture":"#0","uv":[4,7,3,8]},"up":{"texture":"#0","uv":[4,7,3,8]},"west":{"texture":"#0","uv":[4,7,3,8]}},"from":[7.75623,9.4808,7.19508],"rotation":{"angle":-22.5,"axis":"z","origin":[7.95,10.02979,8.02308]},"to":[7.8287,9.6356,8.85108]},{"faces":{"down":{"rotation":270,"texture":"#0","uv":[4,7,3,8]},"east":{"rotation":270,"texture":"#0","uv":[4,7,3,8]},"north":{"rotation":90,"texture":"#0","uv":[4,7,3,8]},"south":{"rotation":270,"texture":"#0","uv":[4,7,3,8]},"up":{"rotation":270,"texture":"#0","uv":[4,7,3,8]},"west":{"rotation":270,"texture":"#0","uv":[4,7,3,8]}},"from":[8.38305,9.64068,7.19508],"rotation":{"angle":0,"axis":"z","origin":[8.26334,10.02979,8.02308]},"to":[8.53785,9.71316,8.85108]},{"faces":{"down":{"texture":"#0","uv":[4,7,3,8]},"east":{"texture":"#0","uv":[4,7,3,8]},"north":{"texture":"#0","uv":[4,7,3,8]},"south":{"texture":"#0","uv":[4,7,3,8]},"up":{"texture":"#0","uv":[4,7,3,8]},"west":{"texture":"#0","uv":[4,7,3,8]}},"from":[7.56088,9.44194,7.19508],"rotation":{"angle":0,"axis":"z","origin":[7.95,10.02979,8.02308]},"to":[7.63336,9.59674,8.85108]},{"faces":{"down":{"texture":"#0","uv":[4,8,3,7]},"east":{"texture":"#0","uv":[4,8,3,7]},"north":{"texture":"#0","uv":[4,8,3,7]},"south":{"texture":"#0","uv":[4,8,3,7]},"up":{"texture":"#0","uv":[4,8,3,7]},"west":{"texture":"#0","uv":[4,8,3,7]}},"from":[7.26755,10.3946,7.19508],"rotation":{"angle":-45,"axis":"z","origin":[7.36689,10.41436,8.02308]},"to":[7.41251,10.7042,8.85108]},{"faces":{"down":{"rotation":270,"texture":"#0","uv":[4,8,3,7]},"east":{"rotation":270,"texture":"#0","uv":[4,8,3,7]},"north":{"rotation":90,"texture":"#0","uv":[4,8,3,7]},"south":{"rotation":270,"texture":"#0","uv":[4,8,3,7]},"up":{"rotation":270,"texture":"#0","uv":[4,8,3,7]},"west":{"rotation":270,"texture":"#0","uv":[4,8,3,7]}},"from":[8.12708,9.31908,7.19508],"rotation":{"angle":45,"axis":"z","origin":[8.19366,9.65381,8.02308]},"to":[8.43668,9.46404,8.85108]},{"faces":{"down":{"rotation":90,"texture":"#0","uv":[4,8,3,7]},"east":{"rotation":90,"texture":"#0","uv":[4,8,3,7]},"north":{"rotation":270,"texture":"#0","uv":[4,8,3,7]},"south":{"rotation":90,"texture":"#0","uv":[4,8,3,7]},"up":{"rotation":90,"texture":"#0","uv":[4,8,3,7]},"west":{"rotation":90,"texture":"#0","uv":[4,8,3,7]}},"from":[8.26768,10.75856,7.19508],"rotation":{"angle":-45,"axis":"z","origin":[8.06719,10.65701,8.02308]},"to":[8.57728,10.90351,8.85108]},{"faces":{"down":{"texture":"#0","uv":[4,8,3,7]},"east":{"texture":"#0","uv":[4,8,3,7]},"north":{"texture":"#0","uv":[4,8,3,7]},"south":{"texture":"#0","uv":[4,8,3,7]},"up":{"texture":"#0","uv":[4,8,3,7]},"west":{"texture":"#0","uv":[4,8,3,7]}},"from":[7.50365,9.94251,7.19508],"rotation":{"angle":45,"axis":"z","origin":[8.19366,9.65381,8.02308]},"to":[7.6486,10.25211,8.85108]}],"groups":[0,1,2,3,4,5,6,7,8,9,10,11,12,13,14,15,16,17,18,19,20,21,22,23,24,25,26,27,28,29,{"children":[30,31,32,33,34,35,36,37,38,39,40,41,{"children":[42,43,44,45,46,47,48,49,50,51,52,53,54,55,56,57,58,59],"name":"group","origin":[8.19366,9.65381,8.02308]},{"children":[60,61,62,63,64,65,66,67,68,69,70,71,72,73,74,75,76,77],"name":"group","origin":[8.19366,9.65381,8.02308]},78,79,80,81],"name":"group","origin":[6.71094,8.70473,8.02308]}],"textures":{"0":"block/stone","particle":"block/stone"}}