{"display":{"gui":{"rotation":[41,135,0],"scale":[0.4,0.4,0.4],"translation":[-1.5,-1.75,0]},"head":{"translation":[0,-22,-4.25]}},"elements":[{"faces":{"down":{"rotation":90,"texture":"#0","uv":[0,0,8,8]},"east":{"texture":"#0","uv":[0,0,8,1]},"north":{"texture":"#0","uv":[0,0,8,1]},"south":{"texture":"#0","uv":[0,0,8,1]},"up":{"rotation":270,"texture":"#0","uv":[0,0,8,8]},"west":{"texture":"#0","uv":[0,0,8,1]}},"from":[4.00071,-3.13515,3.85546],"rotation":{"angle":0,"axis":"y","origin":[4.00071,-3.13515,11.85546]},"to":[12.00071,-2.13515,11.85546]},{"faces":{"down":{"rotation":90,"texture":"#0","uv":[0,0,8,8]},"east":{"texture":"#0","uv":[0,0,8,1]},"north":{"texture":"#0","uv":[0,0,8,1]},"south":{"texture":"#0","uv":[0,0,8,1]},"up":{"rotation":270,"texture":"#0","uv":[0,0,8,8]},"west":{"texture":"#0","uv":[0,0,8,1]}},"from":[6.50071,-2.13515,6.35546],"rotation":{"angle":0,"axis":"y","origin":[4.50071,-2.13515,12.35546]},"to":[9.50071,0.86485,9.35546]},{"faces":{"north":{"texture":"#1","uv":[2,1,14,15]},"south":{"texture":"#1","uv":[2,1,14,15]}},"from":[7.00071,0.86485,8.95546],"rotation":{"angle":0,"axis":"y","origin":[5.00071,0.86485,13.95546]},"to":[9.00071,3.86485,8.98046]},{"faces":{"north":{"texture":"#1","uv":[2,1,14,15]},"south":{"texture":"#1","uv":[2,1,14,15]}},"from":[7.00071,0.86485,6.75546],"rotation":{"angle":0,"axis":"y","origin":[5.00071,0.86485,11.75546]},"to":[9.00071,3.86485,6.78046]},{"faces":{"north":{"texture":"#1","uv":[2,1,14,15]},"south":{"texture":"#1","uv":[2,1,14,15]}},"from":[7.00071,0.46485,7.85546],"rotation":{"angle":45,"axis":"x","origin":[8.00071,1.96485,7.86796]},"to":[9.00071,3.46485,7.88046]},{"faces":{"north":{"texture":"#1","uv":[14,1,2,15]},"south":{"texture":"#1","uv":[14,1,2,15]}},"from":[7.00071,0.46485,7.83046],"rotation":{"angle":-45,"axis":"x","origin":[8.00071,1.96485,7.84296]},"to":[9.00071,3.46485,7.85546]},{"faces":{"east":{"texture":"#1","uv":[14,1,2,15]},"west":{"texture":"#1","uv":[14,1,2,15]}},"from":[7.96321,0.46485,6.86796],"rotation":{"angle":45,"axis":"z","origin":[7.97571,1.96485,7.86796]},"to":[7.98821,3.46485,8.86796]},{"faces":{"east":{"texture":"#1","uv":[2,1,14,15]},"west":{"texture":"#1","uv":[2,1,14,15]}},"from":[7.98821,0.46485,6.86796],"rotation":{"angle":-45,"axis":"z","origin":[8.00071,1.96485,7.86796]},"to":[8.01321,3.46485,8.86796]},{"faces":{"east":{"texture":"#1","uv":[2,1,14,15]},"west":{"texture":"#1","uv":[2,1,14,15]}},"from":[9.08821,0.86485,6.86796],"rotation":{"angle":0,"axis":"y","origin":[8.00071,2.36485,7.86796]},"to":[9.11321,3.86485,8.86796]},{"faces":{"east":{"texture":"#1","uv":[2,1,14,15]},"west":{"texture":"#1","uv":[2,1,14,15]}},"from":[6.88821,0.86485,6.86796],"rotation":{"angle":0,"axis":"y","origin":[8.00071,2.36485,7.86796]},"to":[6.91321,3.86485,8.86796]},{"faces":{"down":{"rotation":90,"texture":"#0","uv":[0,0,8,8]},"east":{"texture":"#0","uv":[0,0,8,1]},"north":{"texture":"#0","uv":[0,0,8,1]},"south":{"texture":"#0","uv":[0,0,8,1]},"up":{"rotation":270,"texture":"#0","uv":[0,0,8,8]},"west":{"texture":"#0","uv":[0,0,8,1]}},"from":[4.00071,9.86485,3.85546],"rotation":{"angle":0,"axis":"y","origin":[4.00071,9.86485,11.85546]},"to":[12.00071,10.86485,11.85546]},{"faces":{"north":{"texture":"#2","uv":[2,2,5,5]}},"from":[6.00071,6.86485,3.85546],"rotation":{"angle":0,"axis":"y","origin":[3.00071,7.86485,11.85546]},"to":[8.00071,8.86485,3.95546]},{"faces":{"south":{"texture":"#2","uv":[2,2,5,5]}},"from":[8.00071,6.86485,11.75546],"rotation":{"angle":0,"axis":"y","origin":[13.00071,7.86485,3.85546]},"to":[10.00071,8.86485,11.85546]},{"faces":{"east":{"texture":"#2","uv":[2,2,5,5]}},"from":[11.90071,6.86485,5.85546],"rotation":{"angle":0,"axis":"y","origin":[8.00071,7.86485,7.85546]},"to":[12.00071,8.86485,7.85546]},{"faces":{"west":{"texture":"#2","uv":[2,2,5,5]}},"from":[4.00071,6.86485,7.85546],"rotation":{"angle":0,"axis":"y","origin":[8.00071,7.86485,7.85546]},"to":[4.10071,8.86485,9.85546]},{"faces":{"down":{"rotation":90,"texture":"#0","uv":[0,0,4,4]},"east":{"texture":"#0","uv":[0,0,4,4]},"north":{"texture":"#0","uv":[0,0,4,4]},"south":{"texture":"#0","uv":[0,0,4,4]},"up":{"rotation":270,"texture":"#0","uv":[0,0,4,4]},"west":{"texture":"#0","uv":[0,0,4,4]}},"from":[6.00071,10.86485,5.85546],"rotation":{"angle":0,"axis":"y","origin":[4.00071,10.86485,11.85546]},"to":[10.00071,14.86485,9.85546]},{"faces":{"down":{"rotation":90,"texture":"#0","uv":[0,0,2,2]},"east":{"texture":"#0","uv":[0,0,2,4]},"north":{"texture":"#0","uv":[0,0,2,4]},"south":{"texture":"#0","uv":[0,0,2,4]},"up":{"rotation":270,"texture":"#0","uv":[0,0,2,2]},"west":{"texture":"#0","uv":[0,0,2,4]}},"from":[7.00071,13.86485,6.85546],"rotation":{"angle":0,"axis":"y","origin":[4.00071,13.86485,11.85546]},"to":[9.00071,17.86485,8.85546]},{"faces":{"down":{"rotation":90,"texture":"#0","uv":[0,0,1,1]},"east":{"texture":"#0","uv":[0,0,1,2]},"north":{"texture":"#0","uv":[0,0,1,2]},"south":{"texture":"#0","uv":[0,0,1,2]},"up":{"rotation":270,"texture":"#0","uv":[0,0,1,1]},"west":{"texture":"#0","uv":[0,0,1,2]}},"from":[7.50071,16.46485,7.35546],"rotation":{"angle":0,"axis":"y","origin":[3.50071,14.46485,11.35546]},"to":[8.50071,18.46485,8.35546]},{"faces":{"down":{"rotation":90,"texture":"#0","uv":[0,0,1,1]},"east":{"texture":"#0","uv":[0,0,1,1]},"north":{"texture":"#0","uv":[0,0,1,1]},"south":{"texture":"#0","uv":[0,0,1,1]},"up":{"rotation":270,"texture":"#0","uv":[0,0,1,1]},"west":{"texture":"#0","uv":[0,0,1,1]}},"from":[7.50071,17.08636,6.28561],"rotation":{"angle":22.5,"axis":"x","origin":[3.50071,15.08636,10.28561]},"to":[8.50071,18.08636,7.28561]},{"faces":{"down":{"rotation":90,"texture":"#0","uv":[0,0,1,1]},"east":{"texture":"#0","uv":[0,0,1,1]},"north":{"texture":"#0","uv":[0,0,1,1]},"south":{"texture":"#0","uv":[0,0,1,1]},"up":{"rotation":270,"texture":"#0","uv":[0,0,1,1]},"west":{"texture":"#0","uv":[0,0,1,1]}},"from":[7.50071,17.14609,5.15236],"rotation":{"angle":45,"axis":"x","origin":[3.50071,15.14609,9.15236]},"to":[8.50071,18.14609,6.15236]},{"faces":{"down":{"rotation":180,"texture":"#0","uv":[0,0,1,11]},"east":{"rotation":90,"texture":"#0","uv":[0,0,1,11]},"north":{"rotation":90,"texture":"#0","uv":[0,0,1,1]},"south":{"rotation":90,"texture":"#0","uv":[0,0,1,1]},"up":{"texture":"#0","uv":[0,0,1,11]},"west":{"rotation":90,"texture":"#0","uv":[0,0,1,11]}},"from":[7.50071,19.47852,9.36913],"rotation":{"angle":0,"axis":"z","origin":[8.00071,19.90188,9.48383]},"to":[8.50071,20.47852,32]},{"faces":{"down":{"rotation":180,"texture":"#0","uv":[0,0,1,1]},"east":{"rotation":90,"texture":"#0","uv":[0,0,1,1]},"north":{"rotation":90,"texture":"#0","uv":[0,0,1,1]},"south":{"rotation":90,"texture":"#0","uv":[0,0,1,1]},"up":{"texture":"#0","uv":[0,0,1,1]},"west":{"rotation":90,"texture":"#0","uv":[0,0,1,1]}},"from":[7.50071,19.47852,8.59853],"rotation":{"angle":-22.5,"axis":"x","origin":[8.00071,19.90188,9.48383]},"to":[8.50071,20.47852,9.59853]},{"faces":{"down":{"rotation":90,"texture":"#0","uv":[0,0,5,5]},"east":{"texture":"#0","uv":[0,0,5,3]},"north":{"texture":"#0","uv":[0,0,5,3]},"south":{"texture":"#0","uv":[0,0,5,3]},"up":{"rotation":270,"texture":"#0","uv":[0,0,5,5]},"west":{"texture":"#0","uv":[0,0,5,3]}},"from":[5.50071,10.86485,5.35546],"rotation":{"angle":0,"axis":"y","origin":[3.50071,10.86485,12.35546]},"to":[10.50071,13.86485,10.35546]},{"faces":{"down":{"rotation":90,"texture":"#0","uv":[0,0,1,1]},"east":{"texture":"#0","uv":[0,0,1,12]},"north":{"texture":"#0","uv":[0,0,1,12]},"south":{"texture":"#0","uv":[0,0,1,12]},"up":{"rotation":270,"texture":"#0","uv":[0,0,1,1]},"west":{"texture":"#0","uv":[0,0,1,12]}},"from":[4.00071,-2.13515,10.85546],"rotation":{"angle":0,"axis":"y","origin":[4.00071,-2.13515,11.85546]},"to":[5.00071,9.86485,11.85546]},{"faces":{"down":{"rotation":90,"texture":"#0","uv":[0,0,1,1]},"east":{"texture":"#0","uv":[0,0,1,12]},"north":{"texture":"#0","uv":[0,0,1,12]},"south":{"texture":"#0","uv":[0,0,1,12]},"up":{"rotation":270,"texture":"#0","uv":[0,0,1,1]},"west":{"texture":"#0","uv":[0,0,1,12]}},"from":[11.00071,-2.13515,10.85546],"rotation":{"angle":0,"axis":"y","origin":[11.00071,-2.13515,11.85546]},"to":[12.00071,9.86485,11.85546]},{"faces":{"down":{"rotation":90,"texture":"#0","uv":[0,0,1,1]},"east":{"texture":"#0","uv":[0,0,1,12]},"north":{"texture":"#0","uv":[0,0,1,12]},"south":{"texture":"#0","uv":[0,0,1,12]},"up":{"rotation":270,"texture":"#0","uv":[0,0,1,1]},"west":{"texture":"#0","uv":[0,0,1,12]}},"from":[11.00071,-2.13515,3.85546],"rotation":{"angle":0,"axis":"y","origin":[11.00071,-2.13515,4.85546]},"to":[12.00071,9.86485,4.85546]},{"faces":{"down":{"rotation":90,"texture":"#0","uv":[0,0,1,1]},"east":{"texture":"#0","uv":[0,0,1,12]},"north":{"texture":"#0","uv":[0,0,1,12]},"south":{"texture":"#0","uv":[0,0,1,12]},"up":{"rotation":270,"texture":"#0","uv":[0,0,1,1]},"west":{"texture":"#0","uv":[0,0,1,12]}},"from":[4.00071,-2.13515,3.85546],"rotation":{"angle":0,"axis":"y","origin":[4.00071,-2.13515,4.85546]},"to":[5.00071,9.86485,4.85546]},{"faces":{"down":{"rotation":90,"texture":"#0","uv":[0,0,1,1]},"east":{"texture":"#0","uv":[0,0,1,3]},"north":{"texture":"#0","uv":[0,0,1,3]},"south":{"texture":"#0","uv":[0,0,1,3]},"up":{"rotation":270,"texture":"#0","uv":[0,0,1,1]},"west":{"texture":"#0","uv":[0,0,1,3]}},"from":[4.00071,7.86485,0.35546],"rotation":{"angle":22.5,"axis":"x","origin":[4.00071,-1.13515,1.35546]},"to":[5.00071,10.86485,1.35546]},{"faces":{"down":{"rotation":90,"texture":"#0","uv":[0,0,1,1]},"east":{"texture":"#0","uv":[0,0,1,3]},"north":{"texture":"#0","uv":[0,0,1,3]},"south":{"texture":"#0","uv":[0,0,1,3]},"up":{"rotation":270,"texture":"#0","uv":[0,0,1,1]},"west":{"texture":"#0","uv":[0,0,1,3]}},"from":[4.00071,7.86485,14.35546],"rotation":{"angle":-22.5,"axis":"x","origin":[4.00071,-1.13515,14.35546]},"to":[5.00071,10.86485,15.35546]},{"faces":{"down":{"rotation":90,"texture":"#0","uv":[0,0,1,1]},"east":{"texture":"#0","uv":[0,0,1,3]},"north":{"texture":"#0","uv":[0,0,1,3]},"south":{"texture":"#0","uv":[0,0,1,3]},"up":{"rotation":270,"texture":"#0","uv":[0,0,1,1]},"west":{"texture":"#0","uv":[0,0,1,3]}},"from":[11.00071,7.86485,14.35546],"rotation":{"angle":-22.5,"axis":"x","origin":[11.00071,-1.13515,14.35546]},"to":[12.00071,10.86485,15.35546]},{"faces":{"down":{"rotation":90,"texture":"#0","uv":[0,0,1,1]},"east":{"texture":"#0","uv":[0,0,1,3]},"north":{"texture":"#0","uv":[0,0,1,3]},"south":{"texture":"#0","uv":[0,0,1,3]},"up":{"rotation":270,"texture":"#0","uv":[0,0,1,1]},"west":{"texture":"#0","uv":[0,0,1,3]}},"from":[11.00071,7.86485,0.35546],"rotation":{"angle":22.5,"axis":"x","origin":[11.00071,-1.13515,1.35546]},"to":[12.00071,10.86485,1.35546]},{"faces":{"down":{"rotation":90,"texture":"#0","uv":[0,0,1,1]},"east":{"texture":"#0","uv":[0,0,1,3]},"north":{"texture":"#0","uv":[0,0,1,3]},"south":{"texture":"#0","uv":[0,0,1,3]},"up":{"rotation":270,"texture":"#0","uv":[0,0,1,1]},"west":{"texture":"#0","uv":[0,0,1,3]}},"from":[14.50071,7.86485,3.85546],"rotation":{"angle":22.5,"axis":"z","origin":[14.50071,-1.13515,4.85546]},"to":[15.50071,10.86485,4.85546]},{"faces":{"down":{"rotation":90,"texture":"#0","uv":[0,0,1,1]},"east":{"texture":"#0","uv":[0,0,1,3]},"north":{"texture":"#0","uv":[0,0,1,3]},"south":{"texture":"#0","uv":[0,0,1,3]},"up":{"rotation":270,"texture":"#0","uv":[0,0,1,1]},"west":{"texture":"#0","uv":[0,0,1,3]}},"from":[0.50071,7.86485,3.85546],"rotation":{"angle":-22.5,"axis":"z","origin":[1.50071,-1.13515,4.85546]},"to":[1.50071,10.86485,4.85546]},{"faces":{"down":{"rotation":90,"texture":"#0","uv":[0,0,1,1]},"east":{"texture":"#0","uv":[0,0,1,3]},"north":{"texture":"#0","uv":[0,0,1,3]},"south":{"texture":"#0","uv":[0,0,1,3]},"up":{"rotation":270,"texture":"#0","uv":[0,0,1,1]},"west":{"texture":"#0","uv":[0,0,1,3]}},"from":[14.50071,7.86485,10.85546],"rotation":{"angle":22.5,"axis":"z","origin":[14.50071,-1.13515,11.85546]},"to":[15.50071,10.86485,11.85546]},{"faces":{"down":{"rotation":90,"texture":"#0","uv":[0,0,1,1]},"east":{"texture":"#0","uv":[0,0,1,3]},"north":{"texture":"#0","uv":[0,0,1,3]},"south":{"texture":"#0","uv":[0,0,1,3]},"up":{"rotation":270,"texture":"#0","uv":[0,0,1,1]},"west":{"texture":"#0","uv":[0,0,1,3]}},"from":[0.50071,7.86485,10.85546],"rotation":{"angle":-22.5,"axis":"z","origin":[1.50071,-1.13515,11.85546]},"to":[1.50071,10.86485,11.85546]}],"textures":{"0":"block/daylight_detector_side","1":"block/campfire_fire","2":"block/glass","particle":"block/daylight_detector_side"}}