{"display":{"gui":{"rotation":[25,135,0],"scale":[0.5,0.5,0.5]},"head":{"scale":[2,2,2],"translation":[0,-33.25,0]}},"elements":[{"faces":{"down":{"rotation":90,"texture":"#1","uv":[0,0,16,1]},"east":{"texture":"#2","uv":[0,0,16,16]},"north":{"rotation":90,"texture":"#1","uv":[0,0,16,1]},"south":{"rotation":90,"texture":"#1","uv":[0,0,16,1]},"up":{"rotation":270,"texture":"#1","uv":[0,0,16,1]},"west":{"texture":"#2","uv":[0,0,16,16]}},"from":[13,3.02788,12.62344],"rotation":{"angle":0,"axis":"y","origin":[13,3.02788,17.62344]},"to":[14,8.02788,17.62344]},{"faces":{"down":{"rotation":90,"texture":"#1","uv":[0,0,16,1]},"east":{"texture":"#2","uv":[0,0,16,16]},"north":{"rotation":90,"texture":"#1","uv":[0,0,16,1]},"south":{"rotation":90,"texture":"#1","uv":[0,0,16,1]},"up":{"rotation":270,"texture":"#1","uv":[0,0,16,1]},"west":{"texture":"#2","uv":[0,0,16,16]}},"from":[13,3.02788,-0.37656],"rotation":{"angle":0,"axis":"y","origin":[13,3.02788,4.62344]},"to":[14,8.02788,4.62344]},{"faces":{"down":{"rotation":90,"texture":"#1","uv":[0,0,16,1]},"east":{"texture":"#2","uv":[0,0,16,16]},"north":{"rotation":90,"texture":"#1","uv":[0,0,16,1]},"south":{"rotation":90,"texture":"#1","uv":[0,0,16,1]},"up":{"rotation":270,"texture":"#1","uv":[0,0,16,1]},"west":{"texture":"#2","uv":[0,0,16,16]}},"from":[2,3.02788,-0.37656],"rotation":{"angle":0,"axis":"y","origin":[2,3.02788,4.62344]},"to":[3,8.02788,4.62344]},{"faces":{"down":{"rotation":90,"texture":"#1","uv":[0,0,16,1]},"east":{"texture":"#2","uv":[0,0,16,16]},"north":{"rotation":90,"texture":"#1","uv":[0,0,16,1]},"south":{"rotation":90,"texture":"#1","uv":[0,0,16,1]},"up":{"rotation":270,"texture":"#1","uv":[0,0,16,1]},"west":{"texture":"#2","uv":[0,0,16,16]}},"from":[2,3.02788,12.62344],"rotation":{"angle":0,"axis":"y","origin":[2,3.02788,17.62344]},"to":[3,8.02788,17.62344]},{"faces":{"down":{"rotation":180,"texture":"#1","uv":[0,9,16,16]},"east":{"rotation":90,"texture":"#0","uv":[5,5,11,11]},"north":{"texture":"#1","uv":[0,14,16,15]},"south":{"texture":"#1","uv":[0,14,16,15]},"west":{"rotation":90,"texture":"#0","uv":[5,5,11,11]}},"from":[1.9,4.12788,13.62344],"rotation":{"angle":0,"axis":"y","origin":[3,2.12788,17.62344]},"to":[14.1,7.12788,16.62344]},{"faces":{"down":{"rotation":180,"texture":"#1","uv":[0,9,16,16]},"east":{"rotation":90,"texture":"#0","uv":[5,5,11,11]},"north":{"texture":"#1","uv":[0,14,16,15]},"south":{"texture":"#1","uv":[0,14,16,15]},"west":{"rotation":90,"texture":"#0","uv":[5,5,11,11]}},"from":[1.9,4.12788,0.62344],"rotation":{"angle":0,"axis":"y","origin":[3,2.12788,4.62344]},"to":[14.1,7.12788,3.62344]},{"faces":{"down":{"rotation":90,"texture":"#2","uv":[0,0,16,2]},"east":{"texture":"#2","uv":[0,0,16,2]},"north":{"texture":"#2","uv":[0,0,2,2]},"south":{"texture":"#2","uv":[0,0,2,2]},"up":{"rotation":270,"texture":"#2","uv":[0,0,16,2]},"west":{"texture":"#2","uv":[0,0,16,2]}},"from":[11,9.02788,-1.37656],"rotation":{"angle":0,"axis":"y","origin":[12,9.02788,15.62344]},"to":[13,11.02788,14.62344]},{"faces":{"down":{"rotation":90,"texture":"#2","uv":[0,0,2,2]},"east":{"texture":"#2","uv":[0,0,2,2]},"north":{"texture":"#2","uv":[0,0,2,2]},"south":{"texture":"#2","uv":[0,0,2,2]},"up":{"rotation":270,"texture":"#2","uv":[0,0,2,2]},"west":{"texture":"#2","uv":[0,0,2,2]}},"from":[11,13.02788,3.62344],"rotation":{"angle":0,"axis":"y","origin":[12,13.02788,15.62344]},"to":[13,15.02788,5.62344]},{"faces":{"down":{"rotation":90,"texture":"#3","uv":[0,0,3,1.95]},"east":{"texture":"#3","uv":[0,0,3,1.95]},"north":{"texture":"#3","uv":[0,0,3,1.95]},"south":{"texture":"#3","uv":[0,0,3,1.95]},"up":{"rotation":270,"texture":"#3","uv":[0,0,3,1.95]},"west":{"texture":"#3","uv":[0,0,3,1.95]}},"from":[11.025,5.12838,0.69451],"rotation":{"angle":45,"axis":"x","origin":[12,5.12838,12.69451]},"to":[12.975,7.12838,3.69451]},{"faces":{"down":{"rotation":90,"texture":"#3","uv":[0,0,3,1.95]},"east":{"texture":"#3","uv":[0,0,3,1.95]},"north":{"texture":"#3","uv":[0,0,3,1.95]},"south":{"texture":"#3","uv":[0,0,3,1.95]},"up":{"rotation":270,"texture":"#3","uv":[0,0,3,1.95]},"west":{"texture":"#3","uv":[0,0,3,1.95]}},"from":[11.025,3.12838,4.69451],"rotation":{"angle":45,"axis":"x","origin":[12,3.12838,16.69451]},"to":[12.975,5.12838,7.69451]},{"faces":{"down":{"rotation":90,"texture":"#3","uv":[0,0,3,1.95]},"east":{"texture":"#3","uv":[0,0,3,1.95]},"north":{"texture":"#3","uv":[0,0,3,1.95]},"south":{"texture":"#3","uv":[0,0,3,1.95]},"up":{"rotation":270,"texture":"#3","uv":[0,0,3,1.95]},"west":{"texture":"#3","uv":[0,0,3,1.95]}},"from":[11.025,1.12838,9.69451],"rotation":{"angle":45,"axis":"x","origin":[12,1.12838,21.69451]},"to":[12.975,3.12838,12.69451]},{"faces":{"down":{"rotation":90,"texture":"#3","uv":[0,0,3,1.95]},"east":{"texture":"#3","uv":[0,0,3,1.95]},"north":{"texture":"#3","uv":[0,0,3,1.95]},"south":{"texture":"#3","uv":[0,0,3,1.95]},"up":{"rotation":270,"texture":"#3","uv":[0,0,3,1.95]},"west":{"texture":"#3","uv":[0,0,3,1.95]}},"from":[3.025,1.12838,9.69451],"rotation":{"angle":45,"axis":"x","origin":[4,1.12838,21.69451]},"to":[4.975,3.12838,12.69451]},{"faces":{"down":{"rotation":90,"texture":"#3","uv":[0,0,3,1.95]},"east":{"texture":"#3","uv":[0,0,3,1.95]},"north":{"texture":"#3","uv":[0,0,3,1.95]},"south":{"texture":"#3","uv":[0,0,3,1.95]},"up":{"rotation":270,"texture":"#3","uv":[0,0,3,1.95]},"west":{"texture":"#3","uv":[0,0,3,1.95]}},"from":[3.025,3.12838,4.69451],"rotation":{"angle":45,"axis":"x","origin":[4,3.12838,16.69451]},"to":[4.975,5.12838,7.69451]},{"faces":{"down":{"rotation":90,"texture":"#3","uv":[0,0,3,1.95]},"east":{"texture":"#3","uv":[0,0,3,1.95]},"north":{"texture":"#3","uv":[0,0,3,1.95]},"south":{"texture":"#3","uv":[0,0,3,1.95]},"up":{"rotation":270,"texture":"#3","uv":[0,0,3,1.95]},"west":{"texture":"#3","uv":[0,0,3,1.95]}},"from":[3.025,5.12838,0.69451],"rotation":{"angle":45,"axis":"x","origin":[4,5.12838,12.69451]},"to":[4.975,7.12838,3.69451]},{"faces":{"down":{"rotation":90,"texture":"#4","uv":[0,0,16,4]},"east":{"texture":"#4","uv":[0,0,16,4]},"north":{"texture":"#5","uv":[0.25,0.25,0.625,0.75]},"south":{"texture":"#4","uv":[0,0,4,4]},"up":{"rotation":270,"texture":"#4","uv":[0,0,16,4]},"west":{"texture":"#4","uv":[0,0,16,4]}},"from":[6,8.02788,-7.40156],"rotation":{"angle":22.5,"axis":"x","origin":[4,8.02788,15.62344]},"to":[10,12.02788,19.62344]},{"faces":{"down":{"rotation":90,"texture":"#4","uv":[0,0,1,5]},"east":{"texture":"#4","uv":[0,0,1,5]},"north":{"texture":"#4","uv":[0,0,5,5]},"south":{"texture":"#4","uv":[0,0,5,5]},"up":{"rotation":270,"texture":"#4","uv":[0,0,1,5]},"west":{"texture":"#4","uv":[0,0,1,5]}},"from":[5.5,7.52788,-7.37656],"rotation":{"angle":22.5,"axis":"x","origin":[4,8.02788,15.62344]},"to":[10.5,12.52788,-6.37656]},{"faces":{"down":{"rotation":90,"texture":"#4","uv":[0,0,1,5]},"east":{"texture":"#4","uv":[0,0,1,5]},"north":{"texture":"#4","uv":[0,0,5,5]},"south":{"texture":"#4","uv":[0,0,5,5]},"up":{"rotation":270,"texture":"#4","uv":[0,0,1,5]},"west":{"texture":"#4","uv":[0,0,1,5]}},"from":[5.5,7.52788,12.62344],"rotation":{"angle":22.5,"axis":"x","origin":[4,8.02788,15.62344]},"to":[10.5,12.52788,13.62344]},{"faces":{"down":{"rotation":90,"texture":"#4","uv":[0,0,1,5]},"east":{"texture":"#4","uv":[0,0,1,5]},"north":{"texture":"#4","uv":[0,0,5,5]},"south":{"texture":"#4","uv":[0,0,5,5]},"up":{"rotation":270,"texture":"#4","uv":[0,0,1,5]},"west":{"texture":"#4","uv":[0,0,1,5]}},"from":[5.5,7.52788,16.62344],"rotation":{"angle":22.5,"axis":"x","origin":[4,8.02788,15.62344]},"to":[10.5,12.52788,17.62344]},{"faces":{"down":{"rotation":90,"texture":"#4","uv":[0,0,2,2]},"east":{"texture":"#4","uv":[0,0,2,2]},"north":{"texture":"#4","uv":[0,0,2,2]},"south":{"texture":"#4","uv":[0,0,2,2]},"up":{"rotation":270,"texture":"#4","uv":[0,0,2,2]},"west":{"texture":"#4","uv":[0,0,2,2]}},"from":[7,9.02788,21.62344],"rotation":{"angle":22.5,"axis":"x","origin":[4,8.02788,15.62344]},"to":[9,11.02788,23.62344]},{"faces":{"down":{"rotation":90,"texture":"#4","uv":[0,0,2,1.6]},"east":{"texture":"#4","uv":[0,0,2,1.6]},"north":{"texture":"#4","uv":[0,0,2,1.6]},"south":{"texture":"#4","uv":[0,0,2,1.6]},"up":{"rotation":270,"texture":"#4","uv":[0,0,2,1.6]},"west":{"texture":"#4","uv":[0,0,2,1.6]}},"from":[7.2,9.22788,19.62344],"rotation":{"angle":22.5,"axis":"x","origin":[4,8.02788,15.62344]},"to":[8.8,10.82788,21.62344]},{"faces":{"down":{"rotation":90,"texture":"#2","uv":[0,0,16,10]},"east":{"texture":"#2","uv":[0,0,16,3]},"north":{"texture":"#2","uv":[0,0,10,3]},"south":{"texture":"#2","uv":[0,0,10,3]},"up":{"rotation":270,"texture":"#2","uv":[0,0,16,10]},"west":{"texture":"#2","uv":[0,0,16,3]}},"from":[3,6.02788,-1.37656],"rotation":{"angle":0,"axis":"y","origin":[4,6.02788,15.62344]},"to":[13,9.02788,19.62344]},{"faces":{"down":{"rotation":90,"texture":"#2","uv":[0,0,16,2]},"east":{"texture":"#2","uv":[0,0,16,2]},"north":{"texture":"#2","uv":[0,0,2,2]},"south":{"texture":"#2","uv":[0,0,2,2]},"up":{"rotation":270,"texture":"#2","uv":[0,0,16,2]},"west":{"texture":"#2","uv":[0,0,16,2]}},"from":[3,9.02788,-1.37656],"rotation":{"angle":0,"axis":"y","origin":[4,9.02788,15.62344]},"to":[5,11.02788,14.62344]},{"faces":{"down":{"rotation":90,"texture":"#2","uv":[0,0,2,2]},"east":{"texture":"#2","uv":[0,0,2,2]},"north":{"texture":"#2","uv":[0,0,2,2]},"south":{"texture":"#2","uv":[0,0,2,2]},"up":{"rotation":270,"texture":"#2","uv":[0,0,2,2]},"west":{"texture":"#2","uv":[0,0,2,2]}},"from":[3,13.02788,3.62344],"rotation":{"angle":0,"axis":"y","origin":[4,13.02788,15.62344]},"to":[5,15.02788,5.62344]},{"faces":{"down":{"rotation":90,"texture":"#2","uv":[0,0,2,10]},"east":{"texture":"#2","uv":[0,0,2,2]},"north":{"texture":"#2","uv":[0,0,10,2]},"south":{"texture":"#2","uv":[0,0,10,2]},"up":{"rotation":270,"texture":"#2","uv":[0,0,2,10]},"west":{"texture":"#2","uv":[0,0,2,2]}},"from":[3,13.02788,-0.37656],"rotation":{"angle":0,"axis":"y","origin":[4,13.02788,12.62344]},"to":[13,15.02788,1.62344]},{"faces":{"down":{"rotation":90,"texture":"#2","uv":[0,0,11,10]},"east":{"texture":"#2","uv":[0,0,11,2]},"north":{"texture":"#2","uv":[0,0,10,2]},"south":{"texture":"#2","uv":[0,0,10,2]},"up":{"rotation":270,"texture":"#2","uv":[0,0,11,10]},"west":{"texture":"#2","uv":[0,0,11,2]}},"from":[3,11.02788,-1.37656],"rotation":{"angle":0,"axis":"y","origin":[4,11.02788,15.62344]},"to":[13,13.02788,9.62344]}],"textures":{"0":"block/dispenser_front_vertical","1":"block/blast_furnace_side","2":"block/dark_oak_planks","3":"block/spruce_planks","4":"block/polished_blackstone","5":"block/black_concrete","particle":"block/dispenser_front_vertical"}}