{
	"credit": "Made with Blockbench",
	"textures": {
		"1": "block/clay",
		"4": "block/friendsparklogo",
		"particle": "block/light_gray_concrete"
	},
	"elements": [
		{
			"from": [8, 3, 8],
			"to": [27, 4, 9],
			"rotation": {"angle": 0, "axis": "y", "origin": [8, 11, 16]},
			"faces": {
				"north": {"uv": [10, 1, 11, 2], "texture": "#1"},
				"east": {"uv": [10, 1, 11, 2], "texture": "#1"},
				"south": {"uv": [10, 1, 11, 2], "texture": "#1"},
				"west": {"uv": [10, 1, 11, 2], "texture": "#1"},
				"up": {"uv": [10, 1, 11, 2], "texture": "#1"},
				"down": {"uv": [10, 1, 11, 2], "texture": "#1"}
			}
		},
		{
			"from": [25.5, 2, 8.5],
			"to": [26, 3, 9],
			"rotation": {"angle": 0, "axis": "y", "origin": [9, 10, 16.25]},
			"faces": {
				"north": {"uv": [10, 1, 11, 2], "texture": "#1"},
				"east": {"uv": [10, 1, 11, 2], "texture": "#1"},
				"south": {"uv": [10, 1, 11, 2], "texture": "#1"},
				"west": {"uv": [10, 1, 11, 2], "texture": "#1"},
				"up": {"uv": [10, 1, 11, 2], "texture": "#1"},
				"down": {"uv": [10, 1, 11, 2], "texture": "#1"}
			}
		},
		{
			"from": [-10, 2, 8.5],
			"to": [-9.5, 3, 9],
			"rotation": {"angle": 0, "axis": "y", "origin": [7, 10, 16.25]},
			"faces": {
				"north": {"uv": [10, 1, 11, 2], "texture": "#1"},
				"east": {"uv": [10, 1, 11, 2], "texture": "#1"},
				"south": {"uv": [10, 1, 11, 2], "texture": "#1"},
				"west": {"uv": [10, 1, 11, 2], "texture": "#1"},
				"up": {"uv": [10, 1, 11, 2], "texture": "#1"},
				"down": {"uv": [10, 1, 11, 2], "texture": "#1"}
			}
		},
		{
			"from": [25, 2, 8],
			"to": [25.5, 3, 8.5],
			"rotation": {"angle": 0, "axis": "y", "origin": [8.5, 10, 0.75]},
			"faces": {
				"north": {"uv": [10, 1, 11, 2], "texture": "#1"},
				"east": {"uv": [10, 1, 11, 2], "texture": "#1"},
				"south": {"uv": [10, 1, 11, 2], "texture": "#1"},
				"west": {"uv": [10, 1, 11, 2], "texture": "#1"},
				"up": {"uv": [10, 1, 11, 2], "texture": "#1"},
				"down": {"uv": [10, 1, 11, 2], "texture": "#1"}
			}
		},
		{
			"from": [-9.5, 2, 8],
			"to": [-9, 3, 8.5],
			"rotation": {"angle": 0, "axis": "y", "origin": [7.5, 10, 0.75]},
			"faces": {
				"north": {"uv": [10, 1, 11, 2], "texture": "#1"},
				"east": {"uv": [10, 1, 11, 2], "texture": "#1"},
				"south": {"uv": [10, 1, 11, 2], "texture": "#1"},
				"west": {"uv": [10, 1, 11, 2], "texture": "#1"},
				"up": {"uv": [10, 1, 11, 2], "texture": "#1"},
				"down": {"uv": [10, 1, 11, 2], "texture": "#1"}
			}
		},
		{
			"from": [25.5, -2.3073, 10.62691],
			"to": [26, -1.3073, 11.12691],
			"rotation": {"angle": 22.5, "axis": "x", "origin": [9, 5.6927, 18.37691]},
			"faces": {
				"north": {"uv": [10, 1, 11, 2], "texture": "#1"},
				"east": {"uv": [10, 1, 11, 2], "texture": "#1"},
				"south": {"uv": [10, 1, 11, 2], "texture": "#1"},
				"west": {"uv": [10, 1, 11, 2], "texture": "#1"},
				"up": {"uv": [10, 1, 11, 2], "texture": "#1"},
				"down": {"uv": [10, 1, 11, 2], "texture": "#1"}
			}
		},
		{
			"from": [-10, -2.3073, 10.62691],
			"to": [-9.5, -1.3073, 11.12691],
			"rotation": {"angle": 22.5, "axis": "x", "origin": [7, 5.6927, 18.37691]},
			"faces": {
				"north": {"uv": [10, 1, 11, 2], "texture": "#1"},
				"east": {"uv": [10, 1, 11, 2], "texture": "#1"},
				"south": {"uv": [10, 1, 11, 2], "texture": "#1"},
				"west": {"uv": [10, 1, 11, 2], "texture": "#1"},
				"up": {"uv": [10, 1, 11, 2], "texture": "#1"},
				"down": {"uv": [10, 1, 11, 2], "texture": "#1"}
			}
		},
		{
			"from": [25, -2.3073, 5.87309],
			"to": [25.5, -1.3073, 6.37309],
			"rotation": {"angle": -22.5, "axis": "x", "origin": [8.5, 5.6927, -1.37691]},
			"faces": {
				"north": {"uv": [10, 1, 11, 2], "texture": "#1"},
				"east": {"uv": [10, 1, 11, 2], "texture": "#1"},
				"south": {"uv": [10, 1, 11, 2], "texture": "#1"},
				"west": {"uv": [10, 1, 11, 2], "texture": "#1"},
				"up": {"uv": [10, 1, 11, 2], "texture": "#1"},
				"down": {"uv": [10, 1, 11, 2], "texture": "#1"}
			}
		},
		{
			"from": [-9.5, -2.3073, 5.87309],
			"to": [-9, -1.3073, 6.37309],
			"rotation": {"angle": -22.5, "axis": "x", "origin": [7.5, 5.6927, -1.37691]},
			"faces": {
				"north": {"uv": [10, 1, 11, 2], "texture": "#1"},
				"east": {"uv": [10, 1, 11, 2], "texture": "#1"},
				"south": {"uv": [10, 1, 11, 2], "texture": "#1"},
				"west": {"uv": [10, 1, 11, 2], "texture": "#1"},
				"up": {"uv": [10, 1, 11, 2], "texture": "#1"},
				"down": {"uv": [10, 1, 11, 2], "texture": "#1"}
			}
		},
		{
			"from": [25.5, -10.10066, 10.94359],
			"to": [26, -6.10066, 11.44359],
			"rotation": {"angle": 45, "axis": "x", "origin": [9, 0.89934, 18.69359]},
			"faces": {
				"north": {"uv": [10, 1, 11, 2], "texture": "#1"},
				"east": {"uv": [10, 1, 11, 2], "texture": "#1"},
				"south": {"uv": [10, 1, 11, 2], "texture": "#1"},
				"west": {"uv": [10, 1, 11, 2], "texture": "#1"},
				"up": {"uv": [10, 1, 11, 2], "texture": "#1"},
				"down": {"uv": [10, 1, 11, 2], "texture": "#1"}
			}
		},
		{
			"from": [-10, -10.10066, 10.94359],
			"to": [-9.5, -6.10066, 11.44359],
			"rotation": {"angle": 45, "axis": "x", "origin": [7, 0.89934, 18.69359]},
			"faces": {
				"north": {"uv": [10, 1, 11, 2], "texture": "#1"},
				"east": {"uv": [10, 1, 11, 2], "texture": "#1"},
				"south": {"uv": [10, 1, 11, 2], "texture": "#1"},
				"west": {"uv": [10, 1, 11, 2], "texture": "#1"},
				"up": {"uv": [10, 1, 11, 2], "texture": "#1"},
				"down": {"uv": [10, 1, 11, 2], "texture": "#1"}
			}
		},
		{
			"from": [25, -10.10066, 5.55641],
			"to": [25.5, -6.10066, 6.05641],
			"rotation": {"angle": -45, "axis": "x", "origin": [8.5, 0.89934, -1.69359]},
			"faces": {
				"north": {"uv": [10, 1, 11, 2], "texture": "#1"},
				"east": {"uv": [10, 1, 11, 2], "texture": "#1"},
				"south": {"uv": [10, 1, 11, 2], "texture": "#1"},
				"west": {"uv": [10, 1, 11, 2], "texture": "#1"},
				"up": {"uv": [10, 1, 11, 2], "texture": "#1"},
				"down": {"uv": [10, 1, 11, 2], "texture": "#1"}
			}
		},
		{
			"from": [-9.5, -10.10066, 5.55641],
			"to": [-9, -6.10066, 6.05641],
			"rotation": {"angle": -45, "axis": "x", "origin": [7.5, 0.89934, -1.69359]},
			"faces": {
				"north": {"uv": [10, 1, 11, 2], "texture": "#1"},
				"east": {"uv": [10, 1, 11, 2], "texture": "#1"},
				"south": {"uv": [10, 1, 11, 2], "texture": "#1"},
				"west": {"uv": [10, 1, 11, 2], "texture": "#1"},
				"up": {"uv": [10, 1, 11, 2], "texture": "#1"},
				"down": {"uv": [10, 1, 11, 2], "texture": "#1"}
			}
		},
		{
			"from": [-11, 3, 8],
			"to": [8, 4, 9],
			"rotation": {"angle": 0, "axis": "y", "origin": [8, 11, 16]},
			"faces": {
				"north": {"uv": [10, 1, 11, 2], "texture": "#1"},
				"east": {"uv": [10, 1, 11, 2], "texture": "#1"},
				"south": {"uv": [10, 1, 11, 2], "texture": "#1"},
				"west": {"uv": [10, 1, 11, 2], "texture": "#1"},
				"up": {"uv": [10, 1, 11, 2], "texture": "#1"},
				"down": {"uv": [10, 1, 11, 2], "texture": "#1"}
			}
		},
		{
			"from": [26, 4, 8],
			"to": [27, 14, 9],
			"rotation": {"angle": 0, "axis": "y", "origin": [8, 12, 16]},
			"faces": {
				"north": {"uv": [10, 1, 11, 2], "texture": "#1"},
				"east": {"uv": [10, 1, 11, 2], "texture": "#1"},
				"south": {"uv": [10, 1, 11, 2], "texture": "#1"},
				"west": {"uv": [10, 1, 11, 2], "texture": "#1"},
				"up": {"uv": [10, 1, 11, 2], "texture": "#1"},
				"down": {"uv": [10, 1, 11, 2], "texture": "#1"}
			}
		},
		{
			"from": [27, 12, 8.75],
			"to": [28, 13, 9],
			"rotation": {"angle": 0, "axis": "y", "origin": [9, 12, 16]},
			"faces": {
				"north": {"uv": [10, 1, 11, 2], "texture": "#1"},
				"east": {"uv": [10, 1, 11, 2], "texture": "#1"},
				"south": {"uv": [10, 1, 11, 2], "texture": "#1"},
				"west": {"uv": [10, 1, 11, 2], "texture": "#1"},
				"up": {"uv": [10, 1, 11, 2], "texture": "#1"},
				"down": {"uv": [10, 1, 11, 2], "texture": "#1"}
			}
		},
		{
			"from": [27, 12, 8],
			"to": [28, 13, 8.25],
			"rotation": {"angle": 0, "axis": "y", "origin": [9, 12, 15.25]},
			"faces": {
				"north": {"uv": [10, 1, 11, 2], "texture": "#1"},
				"east": {"uv": [10, 1, 11, 2], "texture": "#1"},
				"south": {"uv": [10, 1, 11, 2], "texture": "#1"},
				"west": {"uv": [10, 1, 11, 2], "texture": "#1"},
				"up": {"uv": [10, 1, 11, 2], "texture": "#1"},
				"down": {"uv": [10, 1, 11, 2], "texture": "#1"}
			}
		},
		{
			"from": [-12, 13, 8],
			"to": [-11, 13.25, 9],
			"rotation": {"angle": 0, "axis": "y", "origin": [7, 13, 15.25]},
			"faces": {
				"north": {"uv": [10, 1, 11, 2], "texture": "#1"},
				"east": {"uv": [10, 1, 11, 2], "texture": "#1"},
				"south": {"uv": [10, 1, 11, 2], "texture": "#1"},
				"west": {"uv": [10, 1, 11, 2], "texture": "#1"},
				"up": {"uv": [10, 1, 11, 2], "texture": "#1"},
				"down": {"uv": [10, 1, 11, 2], "texture": "#1"}
			}
		},
		{
			"from": [-11, 4, 8],
			"to": [-10, 14, 9],
			"rotation": {"angle": 0, "axis": "y", "origin": [8, 12, 16]},
			"faces": {
				"north": {"uv": [10, 1, 11, 2], "texture": "#1"},
				"east": {"uv": [10, 1, 11, 2], "texture": "#1"},
				"south": {"uv": [10, 1, 11, 2], "texture": "#1"},
				"west": {"uv": [10, 1, 11, 2], "texture": "#1"},
				"up": {"uv": [10, 1, 11, 2], "texture": "#1"},
				"down": {"uv": [10, 1, 11, 2], "texture": "#1"}
			}
		},
		{
			"from": [24.38482, 6.12005, 8],
			"to": [25.38482, 8.12005, 9],
			"rotation": {"angle": 22.5, "axis": "z", "origin": [6.38482, 14.12005, 16]},
			"faces": {
				"north": {"uv": [10, 1, 11, 2], "texture": "#1"},
				"east": {"uv": [10, 1, 11, 2], "texture": "#1"},
				"south": {"uv": [10, 1, 11, 2], "texture": "#1"},
				"west": {"uv": [10, 1, 11, 2], "texture": "#1"},
				"up": {"uv": [10, 1, 11, 2], "texture": "#1"},
				"down": {"uv": [10, 1, 11, 2], "texture": "#1"}
			}
		},
		{
			"from": [-9.38482, 6.12005, 8],
			"to": [-8.38482, 8.12005, 9],
			"rotation": {"angle": -22.5, "axis": "z", "origin": [9.61518, 14.12005, 16]},
			"faces": {
				"north": {"uv": [10, 1, 11, 2], "texture": "#1"},
				"east": {"uv": [10, 1, 11, 2], "texture": "#1"},
				"south": {"uv": [10, 1, 11, 2], "texture": "#1"},
				"west": {"uv": [10, 1, 11, 2], "texture": "#1"},
				"up": {"uv": [10, 1, 11, 2], "texture": "#1"},
				"down": {"uv": [10, 1, 11, 2], "texture": "#1"}
			}
		},
		{
			"from": [25.14275, 0.06958, 8],
			"to": [26.14275, 2.06958, 9],
			"rotation": {"angle": 45, "axis": "z", "origin": [7.14275, 8.06958, 16]},
			"faces": {
				"north": {"uv": [10, 1, 11, 2], "texture": "#1"},
				"east": {"uv": [10, 1, 11, 2], "texture": "#1"},
				"south": {"uv": [10, 1, 11, 2], "texture": "#1"},
				"west": {"uv": [10, 1, 11, 2], "texture": "#1"},
				"up": {"uv": [10, 1, 11, 2], "texture": "#1"},
				"down": {"uv": [10, 1, 11, 2], "texture": "#1"}
			}
		},
		{
			"from": [-10.14275, 0.06958, 8],
			"to": [-9.14275, 2.06958, 9],
			"rotation": {"angle": -45, "axis": "z", "origin": [8.85725, 8.06958, 16]},
			"faces": {
				"north": {"uv": [10, 1, 11, 2], "texture": "#1"},
				"east": {"uv": [10, 1, 11, 2], "texture": "#1"},
				"south": {"uv": [10, 1, 11, 2], "texture": "#1"},
				"west": {"uv": [10, 1, 11, 2], "texture": "#1"},
				"up": {"uv": [10, 1, 11, 2], "texture": "#1"},
				"down": {"uv": [10, 1, 11, 2], "texture": "#1"}
			}
		},
		{
			"from": [16.1584, 20.76973, 8],
			"to": [18.1584, 21.76973, 9],
			"rotation": {"angle": -22.5, "axis": "z", "origin": [10.1584, 2.76973, 16]},
			"faces": {
				"north": {"uv": [10, 1, 11, 2], "rotation": 90, "texture": "#1"},
				"east": {"uv": [10, 1, 11, 2], "rotation": 90, "texture": "#1"},
				"south": {"uv": [10, 1, 11, 2], "rotation": 90, "texture": "#1"},
				"west": {"uv": [10, 1, 11, 2], "rotation": 90, "texture": "#1"},
				"up": {"uv": [10, 1, 11, 2], "rotation": 90, "texture": "#1"},
				"down": {"uv": [10, 1, 11, 2], "rotation": 90, "texture": "#1"}
			}
		},
		{
			"from": [-2.1584, 20.76973, 8],
			"to": [-0.1584, 21.76973, 9],
			"rotation": {"angle": 22.5, "axis": "z", "origin": [5.8416, 2.76973, 16]},
			"faces": {
				"north": {"uv": [10, 1, 11, 2], "rotation": 90, "texture": "#1"},
				"east": {"uv": [10, 1, 11, 2], "rotation": 90, "texture": "#1"},
				"south": {"uv": [10, 1, 11, 2], "rotation": 90, "texture": "#1"},
				"west": {"uv": [10, 1, 11, 2], "rotation": 90, "texture": "#1"},
				"up": {"uv": [10, 1, 11, 2], "rotation": 90, "texture": "#1"},
				"down": {"uv": [10, 1, 11, 2], "rotation": 90, "texture": "#1"}
			}
		},
		{
			"from": [7.97266, 17.02734, 8],
			"to": [22.97266, 18.02734, 9],
			"rotation": {"angle": 0, "axis": "z", "origin": [14.97266, -0.97266, 16]},
			"faces": {
				"north": {"uv": [10, 1, 11, 2], "rotation": 90, "texture": "#1"},
				"east": {"uv": [10, 1, 11, 2], "rotation": 90, "texture": "#1"},
				"south": {"uv": [10, 1, 11, 2], "rotation": 90, "texture": "#1"},
				"west": {"uv": [10, 1, 11, 2], "rotation": 90, "texture": "#1"},
				"up": {"uv": [10, 1, 11, 2], "rotation": 90, "texture": "#1"},
				"down": {"uv": [10, 1, 11, 2], "rotation": 90, "texture": "#1"}
			}
		},
		{
			"from": [-6.97266, 17.02734, 8],
			"to": [8.02734, 18.02734, 9],
			"rotation": {"angle": 0, "axis": "z", "origin": [1.02734, -0.97266, 16]},
			"faces": {
				"north": {"uv": [10, 1, 11, 2], "rotation": 90, "texture": "#1"},
				"east": {"uv": [10, 1, 11, 2], "rotation": 90, "texture": "#1"},
				"south": {"uv": [10, 1, 11, 2], "rotation": 90, "texture": "#1"},
				"west": {"uv": [10, 1, 11, 2], "rotation": 90, "texture": "#1"},
				"up": {"uv": [10, 1, 11, 2], "rotation": 90, "texture": "#1"},
				"down": {"uv": [10, 1, 11, 2], "rotation": 90, "texture": "#1"}
			}
		},
		{
			"name": "hexadecagon",
			"from": [21.43038, 3.5, 8.15],
			"to": [21.56962, 17.5, 8.85],
			"rotation": {"angle": -45, "axis": "y", "origin": [21.5, 4, 8.5]},
			"faces": {
				"north": {"uv": [10, 1, 11, 2], "texture": "#1"},
				"east": {"uv": [10, 1, 11, 2], "texture": "#1"},
				"south": {"uv": [10, 1, 11, 2], "texture": "#1"},
				"west": {"uv": [10, 1, 11, 2], "texture": "#1"},
				"up": {"uv": [10, 1, 11, 2], "texture": "#1"},
				"down": {"uv": [10, 1, 11, 2], "texture": "#1"}
			}
		},
		{
			"name": "hexadecagon",
			"from": [-5.81962, 3.5, 8.15],
			"to": [-5.68038, 17.5, 8.85],
			"rotation": {"angle": 45, "axis": "y", "origin": [-5.75, 4, 8.5]},
			"faces": {
				"north": {"uv": [10, 1, 11, 2], "texture": "#1"},
				"east": {"uv": [10, 1, 11, 2], "texture": "#1"},
				"south": {"uv": [10, 1, 11, 2], "texture": "#1"},
				"west": {"uv": [10, 1, 11, 2], "texture": "#1"},
				"up": {"uv": [10, 1, 11, 2], "texture": "#1"},
				"down": {"uv": [10, 1, 11, 2], "texture": "#1"}
			}
		},
		{
			"name": "hexadecagon",
			"from": [21.43038, 3.5, 8.15],
			"to": [21.56962, 17.5, 8.85],
			"rotation": {"angle": -22.5, "axis": "y", "origin": [21.5, 4, 8.5]},
			"faces": {
				"north": {"uv": [10, 1, 11, 2], "texture": "#1"},
				"east": {"uv": [10, 1, 11, 2], "texture": "#1"},
				"south": {"uv": [10, 1, 11, 2], "texture": "#1"},
				"west": {"uv": [10, 1, 11, 2], "texture": "#1"},
				"up": {"uv": [10, 1, 11, 2], "texture": "#1"},
				"down": {"uv": [10, 1, 11, 2], "texture": "#1"}
			}
		},
		{
			"name": "hexadecagon",
			"from": [-5.81962, 3.5, 8.15],
			"to": [-5.68038, 17.5, 8.85],
			"rotation": {"angle": 22.5, "axis": "y", "origin": [-5.75, 4, 8.5]},
			"faces": {
				"north": {"uv": [10, 1, 11, 2], "texture": "#1"},
				"east": {"uv": [10, 1, 11, 2], "texture": "#1"},
				"south": {"uv": [10, 1, 11, 2], "texture": "#1"},
				"west": {"uv": [10, 1, 11, 2], "texture": "#1"},
				"up": {"uv": [10, 1, 11, 2], "texture": "#1"},
				"down": {"uv": [10, 1, 11, 2], "texture": "#1"}
			}
		},
		{
			"name": "hexadecagon",
			"from": [21.43038, 3.5, 8.15],
			"to": [21.56962, 17.5, 8.85],
			"rotation": {"angle": 0, "axis": "y", "origin": [21.5, 4, 8.5]},
			"faces": {
				"north": {"uv": [10, 1, 11, 2], "texture": "#1"},
				"east": {"uv": [10, 1, 11, 2], "texture": "#1"},
				"south": {"uv": [10, 1, 11, 2], "texture": "#1"},
				"west": {"uv": [10, 1, 11, 2], "texture": "#1"},
				"up": {"uv": [10, 1, 11, 2], "texture": "#1"},
				"down": {"uv": [10, 1, 11, 2], "texture": "#1"}
			}
		},
		{
			"name": "hexadecagon",
			"from": [-5.81962, 3.5, 8.15],
			"to": [-5.68038, 17.5, 8.85],
			"rotation": {"angle": 0, "axis": "y", "origin": [-5.75, 4, 8.5]},
			"faces": {
				"north": {"uv": [10, 1, 11, 2], "texture": "#1"},
				"east": {"uv": [10, 1, 11, 2], "texture": "#1"},
				"south": {"uv": [10, 1, 11, 2], "texture": "#1"},
				"west": {"uv": [10, 1, 11, 2], "texture": "#1"},
				"up": {"uv": [10, 1, 11, 2], "texture": "#1"},
				"down": {"uv": [10, 1, 11, 2], "texture": "#1"}
			}
		},
		{
			"name": "hexadecagon",
			"from": [21.43038, 3.5, 8.15],
			"to": [21.56962, 17.5, 8.85],
			"rotation": {"angle": 22.5, "axis": "y", "origin": [21.5, 4, 8.5]},
			"faces": {
				"north": {"uv": [10, 1, 11, 2], "texture": "#1"},
				"east": {"uv": [10, 1, 11, 2], "texture": "#1"},
				"south": {"uv": [10, 1, 11, 2], "texture": "#1"},
				"west": {"uv": [10, 1, 11, 2], "texture": "#1"},
				"up": {"uv": [10, 1, 11, 2], "texture": "#1"},
				"down": {"uv": [10, 1, 11, 2], "texture": "#1"}
			}
		},
		{
			"name": "hexadecagon",
			"from": [-5.81962, 3.5, 8.15],
			"to": [-5.68038, 17.5, 8.85],
			"rotation": {"angle": -22.5, "axis": "y", "origin": [-5.75, 4, 8.5]},
			"faces": {
				"north": {"uv": [10, 1, 11, 2], "texture": "#1"},
				"east": {"uv": [10, 1, 11, 2], "texture": "#1"},
				"south": {"uv": [10, 1, 11, 2], "texture": "#1"},
				"west": {"uv": [10, 1, 11, 2], "texture": "#1"},
				"up": {"uv": [10, 1, 11, 2], "texture": "#1"},
				"down": {"uv": [10, 1, 11, 2], "texture": "#1"}
			}
		},
		{
			"name": "hexadecagon",
			"from": [21.43038, 3.5, 8.15],
			"to": [21.56962, 17.5, 8.85],
			"rotation": {"angle": 45, "axis": "y", "origin": [21.5, 4, 8.5]},
			"faces": {
				"north": {"uv": [10, 1, 11, 2], "texture": "#1"},
				"east": {"uv": [10, 1, 11, 2], "texture": "#1"},
				"south": {"uv": [10, 1, 11, 2], "texture": "#1"},
				"west": {"uv": [10, 1, 11, 2], "texture": "#1"},
				"up": {"uv": [10, 1, 11, 2], "texture": "#1"},
				"down": {"uv": [10, 1, 11, 2], "texture": "#1"}
			}
		},
		{
			"name": "hexadecagon",
			"from": [-5.81962, 3.5, 8.15],
			"to": [-5.68038, 17.5, 8.85],
			"rotation": {"angle": -45, "axis": "y", "origin": [-5.75, 4, 8.5]},
			"faces": {
				"north": {"uv": [10, 1, 11, 2], "texture": "#1"},
				"east": {"uv": [10, 1, 11, 2], "texture": "#1"},
				"south": {"uv": [10, 1, 11, 2], "texture": "#1"},
				"west": {"uv": [10, 1, 11, 2], "texture": "#1"},
				"up": {"uv": [10, 1, 11, 2], "texture": "#1"},
				"down": {"uv": [10, 1, 11, 2], "texture": "#1"}
			}
		},
		{
			"name": "hexadecagon",
			"from": [21.15, 3.5, 8.43038],
			"to": [21.85, 17.5, 8.56962],
			"rotation": {"angle": -22.5, "axis": "y", "origin": [21.5, 4, 8.5]},
			"faces": {
				"north": {"uv": [10, 1, 11, 2], "texture": "#1"},
				"east": {"uv": [10, 1, 11, 2], "texture": "#1"},
				"south": {"uv": [10, 1, 11, 2], "texture": "#1"},
				"west": {"uv": [10, 1, 11, 2], "texture": "#1"},
				"up": {"uv": [10, 1, 11, 2], "texture": "#1"},
				"down": {"uv": [10, 1, 11, 2], "texture": "#1"}
			}
		},
		{
			"name": "hexadecagon",
			"from": [-6.1, 3.5, 8.43038],
			"to": [-5.4, 17.5, 8.56962],
			"rotation": {"angle": 22.5, "axis": "y", "origin": [-5.75, 4, 8.5]},
			"faces": {
				"north": {"uv": [10, 1, 11, 2], "texture": "#1"},
				"east": {"uv": [10, 1, 11, 2], "texture": "#1"},
				"south": {"uv": [10, 1, 11, 2], "texture": "#1"},
				"west": {"uv": [10, 1, 11, 2], "texture": "#1"},
				"up": {"uv": [10, 1, 11, 2], "texture": "#1"},
				"down": {"uv": [10, 1, 11, 2], "texture": "#1"}
			}
		},
		{
			"name": "hexadecagon",
			"from": [21.15, 3.5, 8.43038],
			"to": [21.85, 17.5, 8.56962],
			"rotation": {"angle": 0, "axis": "y", "origin": [21.5, 4, 8.5]},
			"faces": {
				"north": {"uv": [10, 1, 11, 2], "texture": "#1"},
				"east": {"uv": [10, 1, 11, 2], "texture": "#1"},
				"south": {"uv": [10, 1, 11, 2], "texture": "#1"},
				"west": {"uv": [10, 1, 11, 2], "texture": "#1"},
				"up": {"uv": [10, 1, 11, 2], "texture": "#1"},
				"down": {"uv": [10, 1, 11, 2], "texture": "#1"}
			}
		},
		{
			"name": "hexadecagon",
			"from": [-6.1, 3.5, 8.43038],
			"to": [-5.4, 17.5, 8.56962],
			"rotation": {"angle": 0, "axis": "y", "origin": [-5.75, 4, 8.5]},
			"faces": {
				"north": {"uv": [10, 1, 11, 2], "texture": "#1"},
				"east": {"uv": [10, 1, 11, 2], "texture": "#1"},
				"south": {"uv": [10, 1, 11, 2], "texture": "#1"},
				"west": {"uv": [10, 1, 11, 2], "texture": "#1"},
				"up": {"uv": [10, 1, 11, 2], "texture": "#1"},
				"down": {"uv": [10, 1, 11, 2], "texture": "#1"}
			}
		},
		{
			"name": "hexadecagon",
			"from": [21.15, 3.5, 8.43038],
			"to": [21.85, 17.5, 8.56962],
			"rotation": {"angle": 22.5, "axis": "y", "origin": [21.5, 4, 8.5]},
			"faces": {
				"north": {"uv": [10, 1, 11, 2], "texture": "#1"},
				"east": {"uv": [10, 1, 11, 2], "texture": "#1"},
				"south": {"uv": [10, 1, 11, 2], "texture": "#1"},
				"west": {"uv": [10, 1, 11, 2], "texture": "#1"},
				"up": {"uv": [10, 1, 11, 2], "texture": "#1"},
				"down": {"uv": [10, 1, 11, 2], "texture": "#1"}
			}
		},
		{
			"name": "hexadecagon",
			"from": [-6.1, 3.5, 8.43038],
			"to": [-5.4, 17.5, 8.56962],
			"rotation": {"angle": -22.5, "axis": "y", "origin": [-5.75, 4, 8.5]},
			"faces": {
				"north": {"uv": [10, 1, 11, 2], "texture": "#1"},
				"east": {"uv": [10, 1, 11, 2], "texture": "#1"},
				"south": {"uv": [10, 1, 11, 2], "texture": "#1"},
				"west": {"uv": [10, 1, 11, 2], "texture": "#1"},
				"up": {"uv": [10, 1, 11, 2], "texture": "#1"},
				"down": {"uv": [10, 1, 11, 2], "texture": "#1"}
			}
		},
		{
			"name": "hexadecagon",
			"from": [15.43038, 3.5, 8.15],
			"to": [15.56962, 17.5, 8.85],
			"rotation": {"angle": -45, "axis": "y", "origin": [15.5, 4, 8.5]},
			"faces": {
				"north": {"uv": [10, 1, 11, 2], "texture": "#1"},
				"east": {"uv": [10, 1, 11, 2], "texture": "#1"},
				"south": {"uv": [10, 1, 11, 2], "texture": "#1"},
				"west": {"uv": [10, 1, 11, 2], "texture": "#1"},
				"up": {"uv": [10, 1, 11, 2], "texture": "#1"},
				"down": {"uv": [10, 1, 11, 2], "texture": "#1"}
			}
		},
		{
			"name": "hexadecagon",
			"from": [0.18038, 3.5, 8.15],
			"to": [0.31962, 17.5, 8.85],
			"rotation": {"angle": 45, "axis": "y", "origin": [0.25, 4, 8.5]},
			"faces": {
				"north": {"uv": [10, 1, 11, 2], "texture": "#1"},
				"east": {"uv": [10, 1, 11, 2], "texture": "#1"},
				"south": {"uv": [10, 1, 11, 2], "texture": "#1"},
				"west": {"uv": [10, 1, 11, 2], "texture": "#1"},
				"up": {"uv": [10, 1, 11, 2], "texture": "#1"},
				"down": {"uv": [10, 1, 11, 2], "texture": "#1"}
			}
		},
		{
			"name": "hexadecagon",
			"from": [15.43038, 3.5, 8.15],
			"to": [15.56962, 17.5, 8.85],
			"rotation": {"angle": -22.5, "axis": "y", "origin": [15.5, 4, 8.5]},
			"faces": {
				"north": {"uv": [10, 1, 11, 2], "texture": "#1"},
				"east": {"uv": [10, 1, 11, 2], "texture": "#1"},
				"south": {"uv": [10, 1, 11, 2], "texture": "#1"},
				"west": {"uv": [10, 1, 11, 2], "texture": "#1"},
				"up": {"uv": [10, 1, 11, 2], "texture": "#1"},
				"down": {"uv": [10, 1, 11, 2], "texture": "#1"}
			}
		},
		{
			"name": "hexadecagon",
			"from": [0.18038, 3.5, 8.15],
			"to": [0.31962, 17.5, 8.85],
			"rotation": {"angle": 22.5, "axis": "y", "origin": [0.25, 4, 8.5]},
			"faces": {
				"north": {"uv": [10, 1, 11, 2], "texture": "#1"},
				"east": {"uv": [10, 1, 11, 2], "texture": "#1"},
				"south": {"uv": [10, 1, 11, 2], "texture": "#1"},
				"west": {"uv": [10, 1, 11, 2], "texture": "#1"},
				"up": {"uv": [10, 1, 11, 2], "texture": "#1"},
				"down": {"uv": [10, 1, 11, 2], "texture": "#1"}
			}
		},
		{
			"name": "hexadecagon",
			"from": [15.43038, 3.5, 8.15],
			"to": [15.56962, 17.5, 8.85],
			"rotation": {"angle": 0, "axis": "y", "origin": [15.5, 4, 8.5]},
			"faces": {
				"north": {"uv": [10, 1, 11, 2], "texture": "#1"},
				"east": {"uv": [10, 1, 11, 2], "texture": "#1"},
				"south": {"uv": [10, 1, 11, 2], "texture": "#1"},
				"west": {"uv": [10, 1, 11, 2], "texture": "#1"},
				"up": {"uv": [10, 1, 11, 2], "texture": "#1"},
				"down": {"uv": [10, 1, 11, 2], "texture": "#1"}
			}
		},
		{
			"name": "hexadecagon",
			"from": [0.18038, 3.5, 8.15],
			"to": [0.31962, 17.5, 8.85],
			"rotation": {"angle": 0, "axis": "y", "origin": [0.25, 4, 8.5]},
			"faces": {
				"north": {"uv": [10, 1, 11, 2], "texture": "#1"},
				"east": {"uv": [10, 1, 11, 2], "texture": "#1"},
				"south": {"uv": [10, 1, 11, 2], "texture": "#1"},
				"west": {"uv": [10, 1, 11, 2], "texture": "#1"},
				"up": {"uv": [10, 1, 11, 2], "texture": "#1"},
				"down": {"uv": [10, 1, 11, 2], "texture": "#1"}
			}
		},
		{
			"name": "hexadecagon",
			"from": [15.43038, 3.5, 8.15],
			"to": [15.56962, 17.5, 8.85],
			"rotation": {"angle": 22.5, "axis": "y", "origin": [15.5, 4, 8.5]},
			"faces": {
				"north": {"uv": [10, 1, 11, 2], "texture": "#1"},
				"east": {"uv": [10, 1, 11, 2], "texture": "#1"},
				"south": {"uv": [10, 1, 11, 2], "texture": "#1"},
				"west": {"uv": [10, 1, 11, 2], "texture": "#1"},
				"up": {"uv": [10, 1, 11, 2], "texture": "#1"},
				"down": {"uv": [10, 1, 11, 2], "texture": "#1"}
			}
		},
		{
			"name": "hexadecagon",
			"from": [0.18038, 3.5, 8.15],
			"to": [0.31962, 17.5, 8.85],
			"rotation": {"angle": -22.5, "axis": "y", "origin": [0.25, 4, 8.5]},
			"faces": {
				"north": {"uv": [10, 1, 11, 2], "texture": "#1"},
				"east": {"uv": [10, 1, 11, 2], "texture": "#1"},
				"south": {"uv": [10, 1, 11, 2], "texture": "#1"},
				"west": {"uv": [10, 1, 11, 2], "texture": "#1"},
				"up": {"uv": [10, 1, 11, 2], "texture": "#1"},
				"down": {"uv": [10, 1, 11, 2], "texture": "#1"}
			}
		},
		{
			"name": "hexadecagon",
			"from": [15.43038, 3.5, 8.15],
			"to": [15.56962, 17.5, 8.85],
			"rotation": {"angle": 45, "axis": "y", "origin": [15.5, 4, 8.5]},
			"faces": {
				"north": {"uv": [10, 1, 11, 2], "texture": "#1"},
				"east": {"uv": [10, 1, 11, 2], "texture": "#1"},
				"south": {"uv": [10, 1, 11, 2], "texture": "#1"},
				"west": {"uv": [10, 1, 11, 2], "texture": "#1"},
				"up": {"uv": [10, 1, 11, 2], "texture": "#1"},
				"down": {"uv": [10, 1, 11, 2], "texture": "#1"}
			}
		},
		{
			"name": "hexadecagon",
			"from": [15.15, 3.5, 8.43038],
			"to": [15.85, 17.5, 8.56962],
			"rotation": {"angle": -22.5, "axis": "y", "origin": [15.5, 4, 8.5]},
			"faces": {
				"north": {"uv": [10, 1, 11, 2], "texture": "#1"},
				"east": {"uv": [10, 1, 11, 2], "texture": "#1"},
				"south": {"uv": [10, 1, 11, 2], "texture": "#1"},
				"west": {"uv": [10, 1, 11, 2], "texture": "#1"},
				"up": {"uv": [10, 1, 11, 2], "texture": "#1"},
				"down": {"uv": [10, 1, 11, 2], "texture": "#1"}
			}
		},
		{
			"name": "hexadecagon",
			"from": [-0.1, 3.5, 8.43038],
			"to": [0.6, 17.5, 8.56962],
			"rotation": {"angle": 22.5, "axis": "y", "origin": [0.25, 4, 8.5]},
			"faces": {
				"north": {"uv": [10, 1, 11, 2], "texture": "#1"},
				"east": {"uv": [10, 1, 11, 2], "texture": "#1"},
				"south": {"uv": [10, 1, 11, 2], "texture": "#1"},
				"west": {"uv": [10, 1, 11, 2], "texture": "#1"},
				"up": {"uv": [10, 1, 11, 2], "texture": "#1"},
				"down": {"uv": [10, 1, 11, 2], "texture": "#1"}
			}
		},
		{
			"name": "hexadecagon",
			"from": [15.15, 3.5, 8.43038],
			"to": [15.85, 17.5, 8.56962],
			"rotation": {"angle": 0, "axis": "y", "origin": [15.5, 4, 8.5]},
			"faces": {
				"north": {"uv": [10, 1, 11, 2], "texture": "#1"},
				"east": {"uv": [10, 1, 11, 2], "texture": "#1"},
				"south": {"uv": [10, 1, 11, 2], "texture": "#1"},
				"west": {"uv": [10, 1, 11, 2], "texture": "#1"},
				"up": {"uv": [10, 1, 11, 2], "texture": "#1"},
				"down": {"uv": [10, 1, 11, 2], "texture": "#1"}
			}
		},
		{
			"name": "hexadecagon",
			"from": [-0.1, 3.5, 8.43038],
			"to": [0.6, 17.5, 8.56962],
			"rotation": {"angle": 0, "axis": "y", "origin": [0.25, 4, 8.5]},
			"faces": {
				"north": {"uv": [10, 1, 11, 2], "texture": "#1"},
				"east": {"uv": [10, 1, 11, 2], "texture": "#1"},
				"south": {"uv": [10, 1, 11, 2], "texture": "#1"},
				"west": {"uv": [10, 1, 11, 2], "texture": "#1"},
				"up": {"uv": [10, 1, 11, 2], "texture": "#1"},
				"down": {"uv": [10, 1, 11, 2], "texture": "#1"}
			}
		},
		{
			"name": "hexadecagon",
			"from": [15.15, 3.5, 8.43038],
			"to": [15.85, 17.5, 8.56962],
			"rotation": {"angle": 22.5, "axis": "y", "origin": [15.5, 4, 8.5]},
			"faces": {
				"north": {"uv": [10, 1, 11, 2], "texture": "#1"},
				"east": {"uv": [10, 1, 11, 2], "texture": "#1"},
				"south": {"uv": [10, 1, 11, 2], "texture": "#1"},
				"west": {"uv": [10, 1, 11, 2], "texture": "#1"},
				"up": {"uv": [10, 1, 11, 2], "texture": "#1"},
				"down": {"uv": [10, 1, 11, 2], "texture": "#1"}
			}
		},
		{
			"name": "hexadecagon",
			"from": [-0.1, 3.5, 8.43038],
			"to": [0.6, 17.5, 8.56962],
			"rotation": {"angle": -22.5, "axis": "y", "origin": [0.25, 4, 8.5]},
			"faces": {
				"north": {"uv": [10, 1, 11, 2], "texture": "#1"},
				"east": {"uv": [10, 1, 11, 2], "texture": "#1"},
				"south": {"uv": [10, 1, 11, 2], "texture": "#1"},
				"west": {"uv": [10, 1, 11, 2], "texture": "#1"},
				"up": {"uv": [10, 1, 11, 2], "texture": "#1"},
				"down": {"uv": [10, 1, 11, 2], "texture": "#1"}
			}
		},
		{
			"name": "hexadecagon",
			"from": [12.43038, 3.5, 8.15],
			"to": [12.56962, 17.5, 8.85],
			"rotation": {"angle": -45, "axis": "y", "origin": [12.5, 4, 8.5]},
			"faces": {
				"north": {"uv": [10, 1, 11, 2], "texture": "#1"},
				"east": {"uv": [10, 1, 11, 2], "texture": "#1"},
				"south": {"uv": [10, 1, 11, 2], "texture": "#1"},
				"west": {"uv": [10, 1, 11, 2], "texture": "#1"},
				"up": {"uv": [10, 1, 11, 2], "texture": "#1"},
				"down": {"uv": [10, 1, 11, 2], "texture": "#1"}
			}
		},
		{
			"name": "hexadecagon",
			"from": [3.18038, 3.5, 8.15],
			"to": [3.31962, 17.5, 8.85],
			"rotation": {"angle": 45, "axis": "y", "origin": [3.25, 4, 8.5]},
			"faces": {
				"north": {"uv": [10, 1, 11, 2], "texture": "#1"},
				"east": {"uv": [10, 1, 11, 2], "texture": "#1"},
				"south": {"uv": [10, 1, 11, 2], "texture": "#1"},
				"west": {"uv": [10, 1, 11, 2], "texture": "#1"},
				"up": {"uv": [10, 1, 11, 2], "texture": "#1"},
				"down": {"uv": [10, 1, 11, 2], "texture": "#1"}
			}
		},
		{
			"name": "hexadecagon",
			"from": [12.43038, 3.5, 8.15],
			"to": [12.56962, 17.5, 8.85],
			"rotation": {"angle": -22.5, "axis": "y", "origin": [12.5, 4, 8.5]},
			"faces": {
				"north": {"uv": [10, 1, 11, 2], "texture": "#1"},
				"east": {"uv": [10, 1, 11, 2], "texture": "#1"},
				"south": {"uv": [10, 1, 11, 2], "texture": "#1"},
				"west": {"uv": [10, 1, 11, 2], "texture": "#1"},
				"up": {"uv": [10, 1, 11, 2], "texture": "#1"},
				"down": {"uv": [10, 1, 11, 2], "texture": "#1"}
			}
		},
		{
			"name": "hexadecagon",
			"from": [3.18038, 3.5, 8.15],
			"to": [3.31962, 17.5, 8.85],
			"rotation": {"angle": 22.5, "axis": "y", "origin": [3.25, 4, 8.5]},
			"faces": {
				"north": {"uv": [10, 1, 11, 2], "texture": "#1"},
				"east": {"uv": [10, 1, 11, 2], "texture": "#1"},
				"south": {"uv": [10, 1, 11, 2], "texture": "#1"},
				"west": {"uv": [10, 1, 11, 2], "texture": "#1"},
				"up": {"uv": [10, 1, 11, 2], "texture": "#1"},
				"down": {"uv": [10, 1, 11, 2], "texture": "#1"}
			}
		},
		{
			"name": "hexadecagon",
			"from": [12.43038, 3.5, 8.15],
			"to": [12.56962, 17.5, 8.85],
			"rotation": {"angle": 0, "axis": "y", "origin": [12.5, 4, 8.5]},
			"faces": {
				"north": {"uv": [10, 1, 11, 2], "texture": "#1"},
				"east": {"uv": [10, 1, 11, 2], "texture": "#1"},
				"south": {"uv": [10, 1, 11, 2], "texture": "#1"},
				"west": {"uv": [10, 1, 11, 2], "texture": "#1"},
				"up": {"uv": [10, 1, 11, 2], "texture": "#1"},
				"down": {"uv": [10, 1, 11, 2], "texture": "#1"}
			}
		},
		{
			"name": "hexadecagon",
			"from": [3.18038, 3.5, 8.15],
			"to": [3.31962, 17.5, 8.85],
			"rotation": {"angle": 0, "axis": "y", "origin": [3.25, 4, 8.5]},
			"faces": {
				"north": {"uv": [10, 1, 11, 2], "texture": "#1"},
				"east": {"uv": [10, 1, 11, 2], "texture": "#1"},
				"south": {"uv": [10, 1, 11, 2], "texture": "#1"},
				"west": {"uv": [10, 1, 11, 2], "texture": "#1"},
				"up": {"uv": [10, 1, 11, 2], "texture": "#1"},
				"down": {"uv": [10, 1, 11, 2], "texture": "#1"}
			}
		},
		{
			"name": "hexadecagon",
			"from": [12.43038, 3.5, 8.15],
			"to": [12.56962, 17.5, 8.85],
			"rotation": {"angle": 22.5, "axis": "y", "origin": [12.5, 4, 8.5]},
			"faces": {
				"north": {"uv": [10, 1, 11, 2], "texture": "#1"},
				"east": {"uv": [10, 1, 11, 2], "texture": "#1"},
				"south": {"uv": [10, 1, 11, 2], "texture": "#1"},
				"west": {"uv": [10, 1, 11, 2], "texture": "#1"},
				"up": {"uv": [10, 1, 11, 2], "texture": "#1"},
				"down": {"uv": [10, 1, 11, 2], "texture": "#1"}
			}
		},
		{
			"name": "hexadecagon",
			"from": [3.18038, 3.5, 8.15],
			"to": [3.31962, 17.5, 8.85],
			"rotation": {"angle": -22.5, "axis": "y", "origin": [3.25, 4, 8.5]},
			"faces": {
				"north": {"uv": [10, 1, 11, 2], "texture": "#1"},
				"east": {"uv": [10, 1, 11, 2], "texture": "#1"},
				"south": {"uv": [10, 1, 11, 2], "texture": "#1"},
				"west": {"uv": [10, 1, 11, 2], "texture": "#1"},
				"up": {"uv": [10, 1, 11, 2], "texture": "#1"},
				"down": {"uv": [10, 1, 11, 2], "texture": "#1"}
			}
		},
		{
			"name": "hexadecagon",
			"from": [12.43038, 3.5, 8.15],
			"to": [12.56962, 17.5, 8.85],
			"rotation": {"angle": 45, "axis": "y", "origin": [12.5, 4, 8.5]},
			"faces": {
				"north": {"uv": [10, 1, 11, 2], "texture": "#1"},
				"east": {"uv": [10, 1, 11, 2], "texture": "#1"},
				"south": {"uv": [10, 1, 11, 2], "texture": "#1"},
				"west": {"uv": [10, 1, 11, 2], "texture": "#1"},
				"up": {"uv": [10, 1, 11, 2], "texture": "#1"},
				"down": {"uv": [10, 1, 11, 2], "texture": "#1"}
			}
		},
		{
			"name": "hexadecagon",
			"from": [3.18038, 3.5, 8.15],
			"to": [3.31962, 17.5, 8.85],
			"rotation": {"angle": -45, "axis": "y", "origin": [3.25, 4, 8.5]},
			"faces": {
				"north": {"uv": [10, 1, 11, 2], "texture": "#1"},
				"east": {"uv": [10, 1, 11, 2], "texture": "#1"},
				"south": {"uv": [10, 1, 11, 2], "texture": "#1"},
				"west": {"uv": [10, 1, 11, 2], "texture": "#1"},
				"up": {"uv": [10, 1, 11, 2], "texture": "#1"},
				"down": {"uv": [10, 1, 11, 2], "texture": "#1"}
			}
		},
		{
			"name": "hexadecagon",
			"from": [12.15, 3.5, 8.43038],
			"to": [12.85, 17.5, 8.56962],
			"rotation": {"angle": -22.5, "axis": "y", "origin": [12.5, 4, 8.5]},
			"faces": {
				"north": {"uv": [10, 1, 11, 2], "texture": "#1"},
				"east": {"uv": [10, 1, 11, 2], "texture": "#1"},
				"south": {"uv": [10, 1, 11, 2], "texture": "#1"},
				"west": {"uv": [10, 1, 11, 2], "texture": "#1"},
				"up": {"uv": [10, 1, 11, 2], "texture": "#1"},
				"down": {"uv": [10, 1, 11, 2], "texture": "#1"}
			}
		},
		{
			"name": "hexadecagon",
			"from": [2.9, 3.5, 8.43038],
			"to": [3.6, 17.5, 8.56962],
			"rotation": {"angle": 22.5, "axis": "y", "origin": [3.25, 4, 8.5]},
			"faces": {
				"north": {"uv": [10, 1, 11, 2], "texture": "#1"},
				"east": {"uv": [10, 1, 11, 2], "texture": "#1"},
				"south": {"uv": [10, 1, 11, 2], "texture": "#1"},
				"west": {"uv": [10, 1, 11, 2], "texture": "#1"},
				"up": {"uv": [10, 1, 11, 2], "texture": "#1"},
				"down": {"uv": [10, 1, 11, 2], "texture": "#1"}
			}
		},
		{
			"name": "hexadecagon",
			"from": [12.15, 3.5, 8.43038],
			"to": [12.85, 17.5, 8.56962],
			"rotation": {"angle": 0, "axis": "y", "origin": [12.5, 4, 8.5]},
			"faces": {
				"north": {"uv": [10, 1, 11, 2], "texture": "#1"},
				"east": {"uv": [10, 1, 11, 2], "texture": "#1"},
				"south": {"uv": [10, 1, 11, 2], "texture": "#1"},
				"west": {"uv": [10, 1, 11, 2], "texture": "#1"},
				"up": {"uv": [10, 1, 11, 2], "texture": "#1"},
				"down": {"uv": [10, 1, 11, 2], "texture": "#1"}
			}
		},
		{
			"name": "hexadecagon",
			"from": [2.9, 3.5, 8.43038],
			"to": [3.6, 17.5, 8.56962],
			"rotation": {"angle": 0, "axis": "y", "origin": [3.25, 4, 8.5]},
			"faces": {
				"north": {"uv": [10, 1, 11, 2], "texture": "#1"},
				"east": {"uv": [10, 1, 11, 2], "texture": "#1"},
				"south": {"uv": [10, 1, 11, 2], "texture": "#1"},
				"west": {"uv": [10, 1, 11, 2], "texture": "#1"},
				"up": {"uv": [10, 1, 11, 2], "texture": "#1"},
				"down": {"uv": [10, 1, 11, 2], "texture": "#1"}
			}
		},
		{
			"name": "hexadecagon",
			"from": [12.15, 3.5, 8.43038],
			"to": [12.85, 17.5, 8.56962],
			"rotation": {"angle": 22.5, "axis": "y", "origin": [12.5, 4, 8.5]},
			"faces": {
				"north": {"uv": [10, 1, 11, 2], "texture": "#1"},
				"east": {"uv": [10, 1, 11, 2], "texture": "#1"},
				"south": {"uv": [10, 1, 11, 2], "texture": "#1"},
				"west": {"uv": [10, 1, 11, 2], "texture": "#1"},
				"up": {"uv": [10, 1, 11, 2], "texture": "#1"},
				"down": {"uv": [10, 1, 11, 2], "texture": "#1"}
			}
		},
		{
			"name": "hexadecagon",
			"from": [2.9, 3.5, 8.43038],
			"to": [3.6, 17.5, 8.56962],
			"rotation": {"angle": -22.5, "axis": "y", "origin": [3.25, 4, 8.5]},
			"faces": {
				"north": {"uv": [10, 1, 11, 2], "texture": "#1"},
				"east": {"uv": [10, 1, 11, 2], "texture": "#1"},
				"south": {"uv": [10, 1, 11, 2], "texture": "#1"},
				"west": {"uv": [10, 1, 11, 2], "texture": "#1"},
				"up": {"uv": [10, 1, 11, 2], "texture": "#1"},
				"down": {"uv": [10, 1, 11, 2], "texture": "#1"}
			}
		},
		{
			"name": "hexadecagon",
			"from": [9.43038, 3.5, 8.15],
			"to": [9.56962, 17.5, 8.85],
			"rotation": {"angle": -45, "axis": "y", "origin": [9.5, 4, 8.5]},
			"faces": {
				"north": {"uv": [10, 1, 11, 2], "texture": "#1"},
				"east": {"uv": [10, 1, 11, 2], "texture": "#1"},
				"south": {"uv": [10, 1, 11, 2], "texture": "#1"},
				"west": {"uv": [10, 1, 11, 2], "texture": "#1"},
				"up": {"uv": [10, 1, 11, 2], "texture": "#1"},
				"down": {"uv": [10, 1, 11, 2], "texture": "#1"}
			}
		},
		{
			"name": "hexadecagon",
			"from": [6.18038, 3.5, 8.15],
			"to": [6.31962, 17.5, 8.85],
			"rotation": {"angle": 45, "axis": "y", "origin": [6.25, 4, 8.5]},
			"faces": {
				"north": {"uv": [10, 1, 11, 2], "texture": "#1"},
				"east": {"uv": [10, 1, 11, 2], "texture": "#1"},
				"south": {"uv": [10, 1, 11, 2], "texture": "#1"},
				"west": {"uv": [10, 1, 11, 2], "texture": "#1"},
				"up": {"uv": [10, 1, 11, 2], "texture": "#1"},
				"down": {"uv": [10, 1, 11, 2], "texture": "#1"}
			}
		},
		{
			"name": "hexadecagon",
			"from": [9.43038, 3.5, 8.15],
			"to": [9.56962, 17.5, 8.85],
			"rotation": {"angle": -22.5, "axis": "y", "origin": [9.5, 4, 8.5]},
			"faces": {
				"north": {"uv": [10, 1, 11, 2], "texture": "#1"},
				"east": {"uv": [10, 1, 11, 2], "texture": "#1"},
				"south": {"uv": [10, 1, 11, 2], "texture": "#1"},
				"west": {"uv": [10, 1, 11, 2], "texture": "#1"},
				"up": {"uv": [10, 1, 11, 2], "texture": "#1"},
				"down": {"uv": [10, 1, 11, 2], "texture": "#1"}
			}
		},
		{
			"name": "hexadecagon",
			"from": [6.18038, 3.5, 8.15],
			"to": [6.31962, 17.5, 8.85],
			"rotation": {"angle": 22.5, "axis": "y", "origin": [6.25, 4, 8.5]},
			"faces": {
				"north": {"uv": [10, 1, 11, 2], "texture": "#1"},
				"east": {"uv": [10, 1, 11, 2], "texture": "#1"},
				"south": {"uv": [10, 1, 11, 2], "texture": "#1"},
				"west": {"uv": [10, 1, 11, 2], "texture": "#1"},
				"up": {"uv": [10, 1, 11, 2], "texture": "#1"},
				"down": {"uv": [10, 1, 11, 2], "texture": "#1"}
			}
		},
		{
			"name": "hexadecagon",
			"from": [9.43038, 3.5, 8.15],
			"to": [9.56962, 17.5, 8.85],
			"rotation": {"angle": 0, "axis": "y", "origin": [9.5, 4, 8.5]},
			"faces": {
				"north": {"uv": [10, 1, 11, 2], "texture": "#1"},
				"east": {"uv": [10, 1, 11, 2], "texture": "#1"},
				"south": {"uv": [10, 1, 11, 2], "texture": "#1"},
				"west": {"uv": [10, 1, 11, 2], "texture": "#1"},
				"up": {"uv": [10, 1, 11, 2], "texture": "#1"},
				"down": {"uv": [10, 1, 11, 2], "texture": "#1"}
			}
		},
		{
			"name": "hexadecagon",
			"from": [6.18038, 3.5, 8.15],
			"to": [6.31962, 17.5, 8.85],
			"rotation": {"angle": 0, "axis": "y", "origin": [6.25, 4, 8.5]},
			"faces": {
				"north": {"uv": [10, 1, 11, 2], "texture": "#1"},
				"east": {"uv": [10, 1, 11, 2], "texture": "#1"},
				"south": {"uv": [10, 1, 11, 2], "texture": "#1"},
				"west": {"uv": [10, 1, 11, 2], "texture": "#1"},
				"up": {"uv": [10, 1, 11, 2], "texture": "#1"},
				"down": {"uv": [10, 1, 11, 2], "texture": "#1"}
			}
		},
		{
			"name": "hexadecagon",
			"from": [9.43038, 3.5, 8.15],
			"to": [9.56962, 17.5, 8.85],
			"rotation": {"angle": 22.5, "axis": "y", "origin": [9.5, 4, 8.5]},
			"faces": {
				"north": {"uv": [10, 1, 11, 2], "texture": "#1"},
				"east": {"uv": [10, 1, 11, 2], "texture": "#1"},
				"south": {"uv": [10, 1, 11, 2], "texture": "#1"},
				"west": {"uv": [10, 1, 11, 2], "texture": "#1"},
				"up": {"uv": [10, 1, 11, 2], "texture": "#1"},
				"down": {"uv": [10, 1, 11, 2], "texture": "#1"}
			}
		},
		{
			"name": "hexadecagon",
			"from": [6.18038, 3.5, 8.15],
			"to": [6.31962, 17.5, 8.85],
			"rotation": {"angle": -22.5, "axis": "y", "origin": [6.25, 4, 8.5]},
			"faces": {
				"north": {"uv": [10, 1, 11, 2], "texture": "#1"},
				"east": {"uv": [10, 1, 11, 2], "texture": "#1"},
				"south": {"uv": [10, 1, 11, 2], "texture": "#1"},
				"west": {"uv": [10, 1, 11, 2], "texture": "#1"},
				"up": {"uv": [10, 1, 11, 2], "texture": "#1"},
				"down": {"uv": [10, 1, 11, 2], "texture": "#1"}
			}
		},
		{
			"name": "hexadecagon",
			"from": [9.43038, 3.5, 8.15],
			"to": [9.56962, 17.5, 8.85],
			"rotation": {"angle": 45, "axis": "y", "origin": [9.5, 4, 8.5]},
			"faces": {
				"north": {"uv": [10, 1, 11, 2], "texture": "#1"},
				"east": {"uv": [10, 1, 11, 2], "texture": "#1"},
				"south": {"uv": [10, 1, 11, 2], "texture": "#1"},
				"west": {"uv": [10, 1, 11, 2], "texture": "#1"},
				"up": {"uv": [10, 1, 11, 2], "texture": "#1"},
				"down": {"uv": [10, 1, 11, 2], "texture": "#1"}
			}
		},
		{
			"name": "hexadecagon",
			"from": [6.18038, 3.5, 8.15],
			"to": [6.31962, 17.5, 8.85],
			"rotation": {"angle": -45, "axis": "y", "origin": [6.25, 4, 8.5]},
			"faces": {
				"north": {"uv": [10, 1, 11, 2], "texture": "#1"},
				"east": {"uv": [10, 1, 11, 2], "texture": "#1"},
				"south": {"uv": [10, 1, 11, 2], "texture": "#1"},
				"west": {"uv": [10, 1, 11, 2], "texture": "#1"},
				"up": {"uv": [10, 1, 11, 2], "texture": "#1"},
				"down": {"uv": [10, 1, 11, 2], "texture": "#1"}
			}
		},
		{
			"name": "hexadecagon",
			"from": [9.15, 3.5, 8.43038],
			"to": [9.85, 17.5, 8.56962],
			"rotation": {"angle": -22.5, "axis": "y", "origin": [9.5, 4, 8.5]},
			"faces": {
				"north": {"uv": [10, 1, 11, 2], "texture": "#1"},
				"east": {"uv": [10, 1, 11, 2], "texture": "#1"},
				"south": {"uv": [10, 1, 11, 2], "texture": "#1"},
				"west": {"uv": [10, 1, 11, 2], "texture": "#1"},
				"up": {"uv": [10, 1, 11, 2], "texture": "#1"},
				"down": {"uv": [10, 1, 11, 2], "texture": "#1"}
			}
		},
		{
			"name": "hexadecagon",
			"from": [5.9, 3.5, 8.43038],
			"to": [6.6, 17.5, 8.56962],
			"rotation": {"angle": 22.5, "axis": "y", "origin": [6.25, 4, 8.5]},
			"faces": {
				"north": {"uv": [10, 1, 11, 2], "texture": "#1"},
				"east": {"uv": [10, 1, 11, 2], "texture": "#1"},
				"south": {"uv": [10, 1, 11, 2], "texture": "#1"},
				"west": {"uv": [10, 1, 11, 2], "texture": "#1"},
				"up": {"uv": [10, 1, 11, 2], "texture": "#1"},
				"down": {"uv": [10, 1, 11, 2], "texture": "#1"}
			}
		},
		{
			"name": "hexadecagon",
			"from": [9.15, 3.5, 8.43038],
			"to": [9.85, 17.5, 8.56962],
			"rotation": {"angle": 0, "axis": "y", "origin": [9.5, 4, 8.5]},
			"faces": {
				"north": {"uv": [10, 1, 11, 2], "texture": "#1"},
				"east": {"uv": [10, 1, 11, 2], "texture": "#1"},
				"south": {"uv": [10, 1, 11, 2], "texture": "#1"},
				"west": {"uv": [10, 1, 11, 2], "texture": "#1"},
				"up": {"uv": [10, 1, 11, 2], "texture": "#1"},
				"down": {"uv": [10, 1, 11, 2], "texture": "#1"}
			}
		},
		{
			"name": "hexadecagon",
			"from": [5.9, 3.5, 8.43038],
			"to": [6.6, 17.5, 8.56962],
			"rotation": {"angle": 0, "axis": "y", "origin": [6.25, 4, 8.5]},
			"faces": {
				"north": {"uv": [10, 1, 11, 2], "texture": "#1"},
				"east": {"uv": [10, 1, 11, 2], "texture": "#1"},
				"south": {"uv": [10, 1, 11, 2], "texture": "#1"},
				"west": {"uv": [10, 1, 11, 2], "texture": "#1"},
				"up": {"uv": [10, 1, 11, 2], "texture": "#1"},
				"down": {"uv": [10, 1, 11, 2], "texture": "#1"}
			}
		},
		{
			"name": "hexadecagon",
			"from": [9.15, 3.5, 8.43038],
			"to": [9.85, 17.5, 8.56962],
			"rotation": {"angle": 22.5, "axis": "y", "origin": [9.5, 4, 8.5]},
			"faces": {
				"north": {"uv": [10, 1, 11, 2], "texture": "#1"},
				"east": {"uv": [10, 1, 11, 2], "texture": "#1"},
				"south": {"uv": [10, 1, 11, 2], "texture": "#1"},
				"west": {"uv": [10, 1, 11, 2], "texture": "#1"},
				"up": {"uv": [10, 1, 11, 2], "texture": "#1"},
				"down": {"uv": [10, 1, 11, 2], "texture": "#1"}
			}
		},
		{
			"name": "hexadecagon",
			"from": [5.9, 3.5, 8.43038],
			"to": [6.6, 17.5, 8.56962],
			"rotation": {"angle": -22.5, "axis": "y", "origin": [6.25, 4, 8.5]},
			"faces": {
				"north": {"uv": [10, 1, 11, 2], "texture": "#1"},
				"east": {"uv": [10, 1, 11, 2], "texture": "#1"},
				"south": {"uv": [10, 1, 11, 2], "texture": "#1"},
				"west": {"uv": [10, 1, 11, 2], "texture": "#1"},
				"up": {"uv": [10, 1, 11, 2], "texture": "#1"},
				"down": {"uv": [10, 1, 11, 2], "texture": "#1"}
			}
		},
		{
			"name": "hexadecagon",
			"from": [-11.54973, 11.5, 8.25],
			"to": [-11.45027, 13, 8.75],
			"rotation": {"angle": -45, "axis": "y", "origin": [-11.5, 12.5, 8.5]},
			"faces": {
				"north": {"uv": [10, 1, 11, 2], "texture": "#1"},
				"east": {"uv": [10, 1, 11, 2], "texture": "#1"},
				"south": {"uv": [10, 1, 11, 2], "texture": "#1"},
				"west": {"uv": [10, 1, 11, 2], "texture": "#1"},
				"up": {"uv": [10, 1, 11, 2], "texture": "#1"},
				"down": {"uv": [10, 1, 11, 2], "texture": "#1"}
			}
		},
		{
			"name": "hexadecagon",
			"from": [-11.54973, 11.5, 8.25],
			"to": [-11.45027, 13, 8.75],
			"rotation": {"angle": -22.5, "axis": "y", "origin": [-11.5, 12.5, 8.5]},
			"faces": {
				"north": {"uv": [10, 1, 11, 2], "texture": "#1"},
				"east": {"uv": [10, 1, 11, 2], "texture": "#1"},
				"south": {"uv": [10, 1, 11, 2], "texture": "#1"},
				"west": {"uv": [10, 1, 11, 2], "texture": "#1"},
				"up": {"uv": [10, 1, 11, 2], "texture": "#1"},
				"down": {"uv": [10, 1, 11, 2], "texture": "#1"}
			}
		},
		{
			"name": "hexadecagon",
			"from": [-11.54973, 11.5, 8.25],
			"to": [-11.45027, 13, 8.75],
			"rotation": {"angle": 0, "axis": "y", "origin": [-11.5, 12.5, 8.5]},
			"faces": {
				"north": {"uv": [10, 1, 11, 2], "texture": "#1"},
				"east": {"uv": [10, 1, 11, 2], "texture": "#1"},
				"south": {"uv": [10, 1, 11, 2], "texture": "#1"},
				"west": {"uv": [10, 1, 11, 2], "texture": "#1"},
				"up": {"uv": [10, 1, 11, 2], "texture": "#1"},
				"down": {"uv": [10, 1, 11, 2], "texture": "#1"}
			}
		},
		{
			"name": "hexadecagon",
			"from": [-11.54973, 11.5, 8.25],
			"to": [-11.45027, 13, 8.75],
			"rotation": {"angle": 22.5, "axis": "y", "origin": [-11.5, 12.5, 8.5]},
			"faces": {
				"north": {"uv": [10, 1, 11, 2], "texture": "#1"},
				"east": {"uv": [10, 1, 11, 2], "texture": "#1"},
				"south": {"uv": [10, 1, 11, 2], "texture": "#1"},
				"west": {"uv": [10, 1, 11, 2], "texture": "#1"},
				"up": {"uv": [10, 1, 11, 2], "texture": "#1"},
				"down": {"uv": [10, 1, 11, 2], "texture": "#1"}
			}
		},
		{
			"name": "hexadecagon",
			"from": [-11.54973, 11.5, 8.25],
			"to": [-11.45027, 13, 8.75],
			"rotation": {"angle": 45, "axis": "y", "origin": [-11.5, 12.5, 8.5]},
			"faces": {
				"north": {"uv": [10, 1, 11, 2], "texture": "#1"},
				"east": {"uv": [10, 1, 11, 2], "texture": "#1"},
				"south": {"uv": [10, 1, 11, 2], "texture": "#1"},
				"west": {"uv": [10, 1, 11, 2], "texture": "#1"},
				"up": {"uv": [10, 1, 11, 2], "texture": "#1"},
				"down": {"uv": [10, 1, 11, 2], "texture": "#1"}
			}
		},
		{
			"name": "hexadecagon",
			"from": [-11.75, 11.5, 8.45027],
			"to": [-11.25, 13, 8.54973],
			"rotation": {"angle": -22.5, "axis": "y", "origin": [-11.5, 12.5, 8.5]},
			"faces": {
				"north": {"uv": [10, 1, 11, 2], "texture": "#1"},
				"east": {"uv": [10, 1, 11, 2], "texture": "#1"},
				"south": {"uv": [10, 1, 11, 2], "texture": "#1"},
				"west": {"uv": [10, 1, 11, 2], "texture": "#1"},
				"up": {"uv": [10, 1, 11, 2], "texture": "#1"},
				"down": {"uv": [10, 1, 11, 2], "texture": "#1"}
			}
		},
		{
			"name": "hexadecagon",
			"from": [-11.75, 11.5, 8.45027],
			"to": [-11.25, 13, 8.54973],
			"rotation": {"angle": 0, "axis": "y", "origin": [-11.5, 12.5, 8.5]},
			"faces": {
				"north": {"uv": [10, 1, 11, 2], "texture": "#1"},
				"east": {"uv": [10, 1, 11, 2], "texture": "#1"},
				"south": {"uv": [10, 1, 11, 2], "texture": "#1"},
				"west": {"uv": [10, 1, 11, 2], "texture": "#1"},
				"up": {"uv": [10, 1, 11, 2], "texture": "#1"},
				"down": {"uv": [10, 1, 11, 2], "texture": "#1"}
			}
		},
		{
			"name": "hexadecagon",
			"from": [-11.75, 11.5, 8.45027],
			"to": [-11.25, 13, 8.54973],
			"rotation": {"angle": 22.5, "axis": "y", "origin": [-11.5, 12.5, 8.5]},
			"faces": {
				"north": {"uv": [10, 1, 11, 2], "texture": "#1"},
				"east": {"uv": [10, 1, 11, 2], "texture": "#1"},
				"south": {"uv": [10, 1, 11, 2], "texture": "#1"},
				"west": {"uv": [10, 1, 11, 2], "texture": "#1"},
				"up": {"uv": [10, 1, 11, 2], "texture": "#1"},
				"down": {"uv": [10, 1, 11, 2], "texture": "#1"}
			}
		},
		{
			"from": [-5.7, 3, 8],
			"to": [21.5, 18, 8],
			"faces": {
				"north": {"uv": [0, 0, 16, 15], "texture": "#4"},
				"east": {"uv": [0, 0, 0, 15], "texture": "#missing"},
				"south": {"uv": [0, 0, 16, 15], "texture": "#missing"},
				"west": {"uv": [0, 0, 0, 15], "texture": "#missing"},
				"up": {"uv": [0, 0, 16, 0], "texture": "#missing"},
				"down": {"uv": [0, 0, 16, 0], "texture": "#missing"}
			}
		},
		{
			"from": [-5.7, 3, 9],
			"to": [21.5, 18, 9],
			"faces": {
				"north": {"uv": [0, 0, 16, 15], "texture": "#missing"},
				"east": {"uv": [0, 0, 0, 15], "texture": "#missing"},
				"south": {"uv": [0, 0, 16, 15], "texture": "#4"},
				"west": {"uv": [0, 0, 0, 15], "texture": "#missing"},
				"up": {"uv": [0, 0, 16, 0], "texture": "#missing"},
				"down": {"uv": [0, 0, 16, 0], "texture": "#missing"}
			}
		}
	],
	"display": {
		"head": {
			"translation": [0, -28.75, -9],
			"scale": [1.7, 1.7, 1.7]
		}
	},
	"groups": [
		0,
		1,
		2,
		3,
		4,
		5,
		6,
		7,
		8,
		9,
		10,
		11,
		12,
		13,
		14,
		15,
		16,
		17,
		18,
		19,
		20,
		21,
		22,
		23,
		24,
		25,
		26,
		{
			"name": "hexadecagon",
			"origin": [8, 8, 8],
			"color": 0,
			"nbt": "{}",
			"children": [27, 28, 29, 30, 31, 32, 33, 34, 35, 36, 37, 38, 39, 40, 41, 42]
		},
		{
			"name": "hexadecagon",
			"origin": [8, 8, 8],
			"color": 0,
			"nbt": "{}",
			"children": [43, 44, 45, 46, 47, 48, 49, 50, 51, 52, 53, 54, 55, 56, 57]
		},
		{
			"name": "hexadecagon",
			"origin": [8, 8, 8],
			"color": 0,
			"nbt": "{}",
			"children": [58, 59, 60, 61, 62, 63, 64, 65, 66, 67, 68, 69, 70, 71, 72, 73]
		},
		{
			"name": "hexadecagon",
			"origin": [8, 8, 8],
			"color": 0,
			"nbt": "{}",
			"children": [74, 75, 76, 77, 78, 79, 80, 81, 82, 83, 84, 85, 86, 87, 88, 89]
		},
		{
			"name": "hexadecagon",
			"origin": [8, 8, 8],
			"color": 0,
			"nbt": "{}",
			"children": [90, 91, 92, 93, 94, 95, 96, 97]
		},
		98,
		99
	]
}