{"textures": {"0": "block/anvil_top", "1": "block/birch_door_bottom", "2": "block/black_concrete", "3": "block/b734e938f65f93acdd74ea261223ee7f7a8e242e9792cd2bf808c8ce0e4b5", "4": "block/armbeen", "5": "block/red_concrete", "6": "block/orange_concrete", "particle": "block/anvil_top"}, "elements": [{"from": [2.41854, 4.62059, 11.19211], "to": [3.16854, 6.57059, 14.79211], "rotation": {"angle": 45, "axis": "y", "origin": [3.41226, 5.59559, 14.59445]}, "faces": {"north": {"uv": [3.25, 3.25, 3.75, 3.875], "texture": "#0"}, "east": {"uv": [3.25, 3.25, 3.75, 3.875], "texture": "#0"}, "south": {"uv": [3.25, 3.25, 3.75, 3.875], "texture": "#0"}, "west": {"uv": [3.25, 3.25, 3.75, 3.875], "texture": "#0"}, "up": {"uv": [3.25, 3.25, 3.75, 3.875], "texture": "#0"}, "down": {"uv": [3.25, 3.25, 3.75, 3.875], "texture": "#0"}}}, {"from": [10.20307, 4.62059, -2.08504], "to": [13.80307, 6.57059, -1.33504], "rotation": {"angle": -45, "axis": "y", "origin": [9.02211, 5.59559, 2.50283]}, "faces": {"north": {"uv": [3.25, 3.25, 3.75, 3.875], "texture": "#0"}, "east": {"uv": [3.25, 3.25, 3.75, 3.875], "texture": "#0"}, "south": {"uv": [3.25, 3.25, 3.75, 3.875], "texture": "#0"}, "west": {"uv": [3.25, 3.25, 3.75, 3.875], "texture": "#0"}, "up": {"uv": [3.25, 3.25, 3.75, 3.875], "rotation": 90, "texture": "#0"}, "down": {"uv": [3.25, 3.25, 3.75, 3.875], "rotation": 270, "texture": "#0"}}}, {"from": [11.87142, 4.62059, 14.93152], "to": [15.47142, 6.57059, 15.68152], "rotation": {"angle": 45, "axis": "y", "origin": [12.19105, 5.59559, 14.07461]}, "faces": {"north": {"uv": [3.25, 3.25, 3.75, 3.875], "texture": "#0"}, "east": {"uv": [3.25, 3.25, 3.75, 3.875], "texture": "#0"}, "south": {"uv": [3.25, 3.25, 3.75, 3.875], "texture": "#0"}, "west": {"uv": [3.25, 3.25, 3.75, 3.875], "texture": "#0"}, "up": {"uv": [3.25, 3.25, 3.75, 3.875], "rotation": 270, "texture": "#0"}, "down": {"uv": [3.25, 3.25, 3.75, 3.875], "rotation": 90, "texture": "#0"}}}, {"from": [2.95386, 4.62059, 5.16417], "to": [3.70386, 6.57059, 8.76417], "rotation": {"angle": -45, "axis": "y", "origin": [9.02211, 5.59559, 2.50283]}, "faces": {"north": {"uv": [3.25, 3.25, 3.75, 3.875], "texture": "#0"}, "east": {"uv": [3.25, 3.25, 3.75, 3.875], "texture": "#0"}, "south": {"uv": [3.25, 3.25, 3.75, 3.875], "texture": "#0"}, "west": {"uv": [3.25, 3.25, 3.75, 3.875], "texture": "#0"}, "up": {"uv": [3.25, 3.25, 3.75, 3.875], "texture": "#0"}, "down": {"uv": [3.25, 3.25, 3.75, 3.875], "texture": "#0"}}}, {"from": [-1.07388, 4.62059, 5.96534], "to": [-0.32388, 6.57059, 9.56534], "rotation": {"angle": 0, "axis": "y", "origin": [2.67612, 16.62059, 14.96534]}, "faces": {"north": {"uv": [3.25, 3.25, 3.75, 3.875], "texture": "#0"}, "east": {"uv": [3.25, 3.25, 3.75, 3.875], "texture": "#0"}, "south": {"uv": [3.25, 3.25, 3.75, 3.875], "texture": "#0"}, "west": {"uv": [3.25, 3.25, 3.75, 3.875], "texture": "#0"}, "up": {"uv": [3.25, 3.25, 3.75, 3.875], "texture": "#0"}, "down": {"uv": [3.25, 3.25, 3.75, 3.875], "texture": "#0"}}}, {"from": [16.27454, 4.62059, 5.96534], "to": [17.02454, 6.57059, 9.56534], "rotation": {"angle": 0, "axis": "y", "origin": [9.02211, 5.59559, 2.50283]}, "faces": {"north": {"uv": [3.25, 3.25, 3.75, 3.875], "texture": "#0"}, "east": {"uv": [3.25, 3.25, 3.75, 3.875], "texture": "#0"}, "south": {"uv": [3.25, 3.25, 3.75, 3.875], "texture": "#0"}, "west": {"uv": [3.25, 3.25, 3.75, 3.875], "texture": "#0"}, "up": {"uv": [3.25, 3.25, 3.75, 3.875], "rotation": 180, "texture": "#0"}, "down": {"uv": [3.25, 3.25, 3.75, 3.875], "rotation": 180, "texture": "#0"}}}, {"from": [6.17533, 4.62059, 16.06455], "to": [9.77533, 6.57059, 16.81455], "rotation": {"angle": 0, "axis": "y", "origin": [12.19105, 5.59559, 14.07461]}, "faces": {"north": {"uv": [3.25, 3.25, 3.75, 3.875], "texture": "#0"}, "east": {"uv": [3.25, 3.25, 3.75, 3.875], "texture": "#0"}, "south": {"uv": [3.25, 3.25, 3.75, 3.875], "texture": "#0"}, "west": {"uv": [3.25, 3.25, 3.75, 3.875], "texture": "#0"}, "up": {"uv": [3.25, 3.25, 3.75, 3.875], "rotation": 270, "texture": "#0"}, "down": {"uv": [3.25, 3.25, 3.75, 3.875], "rotation": 90, "texture": "#0"}}}, {"from": [-1.92467, 8.12059, 7.66455], "to": [10.07533, 8.47059, 8.01455], "rotation": {"angle": 45, "axis": "z", "origin": [0.97533, 8.29559, 7.83955]}, "faces": {"north": {"uv": [3.25, 3.25, 3.75, 3.875], "texture": "#0"}, "east": {"uv": [3.25, 3.25, 3.75, 3.875], "texture": "#0"}, "south": {"uv": [3.25, 3.25, 3.75, 3.875], "texture": "#0"}, "west": {"uv": [3.25, 3.25, 3.75, 3.875], "texture": "#0"}, "up": {"uv": [3.25, 3.25, 3.75, 3.875], "rotation": 270, "texture": "#0"}, "down": {"uv": [3.25, 3.25, 3.75, 3.875], "rotation": 90, "texture": "#0"}}}, {"from": [7.66879, 13.72291, -1.71719], "to": [8.01879, 14.07291, 10.28281], "rotation": {"angle": -45, "axis": "x", "origin": [7.84379, 10.84117, 7.83955]}, "faces": {"north": {"uv": [3.25, 3.25, 3.75, 3.875], "texture": "#0"}, "east": {"uv": [3.25, 3.25, 3.75, 3.875], "texture": "#0"}, "south": {"uv": [3.25, 3.25, 3.75, 3.875], "texture": "#0"}, "west": {"uv": [3.25, 3.25, 3.75, 3.875], "texture": "#0"}, "up": {"uv": [3.25, 3.25, 3.75, 3.875], "texture": "#0"}, "down": {"uv": [3.25, 3.25, 3.75, 3.875], "texture": "#0"}}}, {"from": [5.61225, 8.12059, 7.66455], "to": [17.61225, 8.47059, 8.01455], "rotation": {"angle": -45, "axis": "z", "origin": [14.71225, 8.29559, 7.83955]}, "faces": {"north": {"uv": [3.75, 3.25, 3.25, 3.875], "texture": "#0"}, "east": {"uv": [3.75, 3.25, 3.25, 3.875], "texture": "#0"}, "south": {"uv": [3.75, 3.25, 3.25, 3.875], "texture": "#0"}, "west": {"uv": [3.75, 3.25, 3.25, 3.875], "texture": "#0"}, "up": {"uv": [3.25, 3.875, 3.75, 3.25], "rotation": 270, "texture": "#0"}, "down": {"uv": [3.25, 3.875, 3.75, 3.25], "rotation": 90, "texture": "#0"}}}, {"from": [7.66879, 13.72291, 5.39628], "to": [8.01879, 14.07291, 17.39628], "rotation": {"angle": 45, "axis": "x", "origin": [7.84379, 10.84117, 7.83955]}, "faces": {"north": {"uv": [3.75, 3.25, 3.25, 3.875], "texture": "#0"}, "east": {"uv": [3.75, 3.25, 3.25, 3.875], "texture": "#0"}, "south": {"uv": [3.75, 3.25, 3.25, 3.875], "texture": "#0"}, "west": {"uv": [3.75, 3.25, 3.25, 3.875], "texture": "#0"}, "up": {"uv": [3.25, 3.875, 3.75, 3.25], "texture": "#0"}, "down": {"uv": [3.25, 3.875, 3.75, 3.25], "texture": "#0"}}}, {"from": [6.17533, 4.62059, -1.28388], "to": [9.77533, 6.57059, -0.53388], "rotation": {"angle": 0, "axis": "y", "origin": [9.02211, 5.59559, 2.50283]}, "faces": {"north": {"uv": [3.25, 3.25, 3.75, 3.875], "texture": "#0"}, "east": {"uv": [3.25, 3.25, 3.75, 3.875], "texture": "#0"}, "south": {"uv": [3.25, 3.25, 3.75, 3.875], "texture": "#0"}, "west": {"uv": [3.25, 3.25, 3.75, 3.875], "texture": "#0"}, "up": {"uv": [3.25, 3.25, 3.75, 3.875], "rotation": 90, "texture": "#0"}, "down": {"uv": [3.25, 3.25, 3.75, 3.875], "rotation": 270, "texture": "#0"}}}, {"from": [7.47533, 15.92059, 7.71612], "to": [8.27533, 16.77059, 7.96612], "rotation": {"angle": 0, "axis": "y", "origin": [9.02211, 15.79559, 11.00283]}, "faces": {"north": {"uv": [3.25, 3.25, 3.75, 3.875], "texture": "#0"}, "east": {"uv": [3.25, 3.25, 3.75, 3.875], "texture": "#0"}, "south": {"uv": [3.25, 3.25, 3.75, 3.875], "texture": "#0"}, "west": {"uv": [3.25, 3.25, 3.75, 3.875], "texture": "#0"}, "up": {"uv": [3.25, 3.25, 3.75, 3.875], "rotation": 90, "texture": "#0"}, "down": {"uv": [3.25, 3.25, 3.75, 3.875], "rotation": 270, "texture": "#0"}}}, {"from": [7.77533, 14.72059, 7.71612], "to": [7.97533, 15.97059, 7.96612], "rotation": {"angle": 0, "axis": "y", "origin": [9.12211, 14.99559, 11.00283]}, "faces": {"north": {"uv": [3.25, 3.25, 3.75, 3.875], "texture": "#0"}, "east": {"uv": [3.25, 3.25, 3.75, 3.875], "texture": "#0"}, "south": {"uv": [3.25, 3.25, 3.75, 3.875], "texture": "#0"}, "west": {"uv": [3.25, 3.25, 3.75, 3.875], "texture": "#0"}, "up": {"uv": [3.25, 3.25, 3.75, 3.875], "rotation": 90, "texture": "#0"}, "down": {"uv": [3.25, 3.25, 3.75, 3.875], "rotation": 270, "texture": "#0"}}}, {"from": [7.29379, 14.60651, 7.28201], "to": [8.44379, 14.854, 8.39708], "rotation": {"angle": 0, "axis": "y", "origin": [9.01557, 14.48151, 10.81621]}, "faces": {"north": {"uv": [3.25, 3.25, 3.75, 3.875], "texture": "#0"}, "east": {"uv": [3.25, 3.25, 3.75, 3.875], "texture": "#0"}, "south": {"uv": [3.25, 3.25, 3.75, 3.875], "texture": "#0"}, "west": {"uv": [3.25, 3.25, 3.75, 3.875], "texture": "#0"}, "up": {"uv": [3.25, 3.25, 3.75, 3.875], "rotation": 90, "texture": "#0"}, "down": {"uv": [3.25, 3.25, 3.75, 3.875], "rotation": 270, "texture": "#0"}}}, {"from": [3.2146, 4.62059, 14.83817], "to": [6.8146, 6.57059, 15.58817], "rotation": {"angle": -22.5, "axis": "y", "origin": [3.41226, 5.59559, 14.59445]}, "faces": {"north": {"uv": [3.25, 3.25, 3.75, 3.875], "texture": "#0"}, "east": {"uv": [3.25, 3.25, 3.75, 3.875], "texture": "#0"}, "south": {"uv": [3.25, 3.25, 3.75, 3.875], "texture": "#0"}, "west": {"uv": [3.25, 3.25, 3.75, 3.875], "texture": "#0"}, "up": {"uv": [3.25, 3.25, 3.75, 3.875], "rotation": 270, "texture": "#0"}, "down": {"uv": [3.25, 3.25, 3.75, 3.875], "rotation": 90, "texture": "#0"}}}, {"from": [8.26888, 4.62059, -1.28388], "to": [11.86888, 6.57059, -0.53388], "rotation": {"angle": -22.5, "axis": "y", "origin": [9.02211, 5.59559, 2.50283]}, "faces": {"north": {"uv": [3.25, 3.25, 3.75, 3.875], "texture": "#0"}, "east": {"uv": [3.25, 3.25, 3.75, 3.875], "texture": "#0"}, "south": {"uv": [3.25, 3.25, 3.75, 3.875], "texture": "#0"}, "west": {"uv": [3.25, 3.25, 3.75, 3.875], "texture": "#0"}, "up": {"uv": [3.25, 3.25, 3.75, 3.875], "rotation": 90, "texture": "#0"}, "down": {"uv": [3.25, 3.25, 3.75, 3.875], "rotation": 270, "texture": "#0"}}}, {"from": [14.18099, 4.62059, 8.05889], "to": [14.93099, 6.57059, 11.65889], "rotation": {"angle": -22.5, "axis": "y", "origin": [12.19105, 5.59559, 14.07461]}, "faces": {"north": {"uv": [3.25, 3.25, 3.75, 3.875], "texture": "#0"}, "east": {"uv": [3.25, 3.25, 3.75, 3.875], "texture": "#0"}, "south": {"uv": [3.25, 3.25, 3.75, 3.875], "texture": "#0"}, "west": {"uv": [3.25, 3.25, 3.75, 3.875], "texture": "#0"}, "up": {"uv": [3.25, 3.25, 3.75, 3.875], "rotation": 180, "texture": "#0"}, "down": {"uv": [3.25, 3.25, 3.75, 3.875], "rotation": 180, "texture": "#0"}}}, {"from": [1.01967, 4.62059, 5.96534], "to": [1.76967, 6.57059, 9.56534], "rotation": {"angle": -22.5, "axis": "y", "origin": [9.02211, 5.59559, 2.50283]}, "faces": {"north": {"uv": [3.25, 3.25, 3.75, 3.875], "texture": "#0"}, "east": {"uv": [3.25, 3.25, 3.75, 3.875], "texture": "#0"}, "south": {"uv": [3.25, 3.25, 3.75, 3.875], "texture": "#0"}, "west": {"uv": [3.25, 3.25, 3.75, 3.875], "texture": "#0"}, "up": {"uv": [3.25, 3.25, 3.75, 3.875], "texture": "#0"}, "down": {"uv": [3.25, 3.25, 3.75, 3.875], "texture": "#0"}}}, {"from": [-1.07388, 4.62059, 9.17001], "to": [-0.32388, 6.57059, 12.77001], "rotation": {"angle": 22.5, "axis": "y", "origin": [-0.08016, 5.59559, 9.36767]}, "faces": {"north": {"uv": [3.25, 3.25, 3.75, 3.875], "texture": "#0"}, "east": {"uv": [3.25, 3.25, 3.75, 3.875], "texture": "#0"}, "south": {"uv": [3.25, 3.25, 3.75, 3.875], "texture": "#0"}, "west": {"uv": [3.25, 3.25, 3.75, 3.875], "texture": "#0"}, "up": {"uv": [3.25, 3.25, 3.75, 3.875], "texture": "#0"}, "down": {"uv": [3.25, 3.25, 3.75, 3.875], "texture": "#0"}}}, {"from": [14.34035, 4.62059, 5.16417], "to": [15.09035, 6.57059, 8.76417], "rotation": {"angle": 22.5, "axis": "y", "origin": [9.02211, 5.59559, 2.50283]}, "faces": {"north": {"uv": [3.25, 3.25, 3.75, 3.875], "texture": "#0"}, "east": {"uv": [3.25, 3.25, 3.75, 3.875], "texture": "#0"}, "south": {"uv": [3.25, 3.25, 3.75, 3.875], "texture": "#0"}, "west": {"uv": [3.25, 3.25, 3.75, 3.875], "texture": "#0"}, "up": {"uv": [3.25, 3.25, 3.75, 3.875], "rotation": 180, "texture": "#0"}, "down": {"uv": [3.25, 3.25, 3.75, 3.875], "rotation": 180, "texture": "#0"}}}, {"from": [8.91069, 4.62059, 14.93152], "to": [12.51069, 6.57059, 15.68152], "rotation": {"angle": 22.5, "axis": "y", "origin": [12.19105, 5.59559, 14.07461]}, "faces": {"north": {"uv": [3.25, 3.25, 3.75, 3.875], "texture": "#0"}, "east": {"uv": [3.25, 3.25, 3.75, 3.875], "texture": "#0"}, "south": {"uv": [3.25, 3.25, 3.75, 3.875], "texture": "#0"}, "west": {"uv": [3.25, 3.25, 3.75, 3.875], "texture": "#0"}, "up": {"uv": [3.25, 3.25, 3.75, 3.875], "rotation": 270, "texture": "#0"}, "down": {"uv": [3.25, 3.25, 3.75, 3.875], "rotation": 90, "texture": "#0"}}}, {"from": [4.24114, 4.62059, -2.08504], "to": [7.84114, 6.57059, -1.33504], "rotation": {"angle": 22.5, "axis": "y", "origin": [9.02211, 5.59559, 2.50283]}, "faces": {"north": {"uv": [3.25, 3.25, 3.75, 3.875], "texture": "#0"}, "east": {"uv": [3.25, 3.25, 3.75, 3.875], "texture": "#0"}, "south": {"uv": [3.25, 3.25, 3.75, 3.875], "texture": "#0"}, "west": {"uv": [3.25, 3.25, 3.75, 3.875], "texture": "#0"}, "up": {"uv": [3.25, 3.25, 3.75, 3.875], "rotation": 90, "texture": "#0"}, "down": {"uv": [3.25, 3.25, 3.75, 3.875], "rotation": 270, "texture": "#0"}}}, {"from": [6.57533, 7.92059, -2.98388], "to": [9.17533, 8.37059, -2.78388], "rotation": {"angle": 0, "axis": "y", "origin": [7.80033, 8.14559, -1.68388]}, "faces": {"north": {"uv": [5.875, 3.625, 6.375, 4.25], "texture": "#0"}, "east": {"uv": [5.875, 3.625, 6.375, 4.25], "texture": "#0"}, "south": {"uv": [5.875, 3.625, 6.375, 4.25], "texture": "#0"}, "west": {"uv": [5.875, 3.625, 6.375, 4.25], "texture": "#0"}, "up": {"uv": [5.875, 3.625, 6.375, 4.25], "texture": "#0"}, "down": {"uv": [5.875, 3.625, 6.375, 4.25], "texture": "#0"}}}, {"from": [8.97533, 7.92059, -2.98388], "to": [9.17533, 8.37059, -0.23388], "rotation": {"angle": 0, "axis": "y", "origin": [8.42211, 8.89559, 1.80283]}, "faces": {"north": {"uv": [5.875, 3.625, 6.375, 4.25], "texture": "#0"}, "east": {"uv": [5.875, 3.625, 6.375, 4.25], "texture": "#0"}, "south": {"uv": [5.875, 3.625, 6.375, 4.25], "texture": "#0"}, "west": {"uv": [5.875, 3.625, 6.375, 4.25], "texture": "#0"}, "up": {"uv": [5.875, 3.625, 6.375, 4.25], "texture": "#0"}, "down": {"uv": [5.875, 3.625, 6.375, 4.25], "texture": "#0"}}}, {"from": [7.07533, 6.62059, -2.48388], "to": [8.67533, 7.57059, -0.73388], "rotation": {"angle": 0, "axis": "y", "origin": [7.92211, 8.09559, 1.30283]}, "faces": {"north": {"uv": [5.875, 3.625, 6.375, 4.25], "texture": "#0"}, "east": {"uv": [5.875, 3.625, 6.375, 4.25], "texture": "#0"}, "south": {"uv": [5.875, 3.625, 6.375, 4.25], "texture": "#0"}, "west": {"uv": [5.875, 3.625, 6.375, 4.25], "texture": "#0"}, "up": {"uv": [5.875, 3.625, 6.375, 4.25], "texture": "#0"}, "down": {"uv": [5.875, 3.625, 6.375, 4.25], "texture": "#0"}}}, {"from": [6.57533, 7.52059, -2.98388], "to": [9.17533, 7.97059, -0.23388], "rotation": {"angle": 0, "axis": "y", "origin": [8.42211, 8.49559, 1.80283]}, "faces": {"north": {"uv": [5.875, 3.625, 6.375, 4.25], "texture": "#0"}, "east": {"uv": [5.875, 3.625, 6.375, 4.25], "texture": "#0"}, "south": {"uv": [5.875, 3.625, 6.375, 4.25], "texture": "#0"}, "west": {"uv": [5.875, 3.625, 6.375, 4.25], "texture": "#0"}, "up": {"uv": [5.875, 3.625, 6.375, 4.25], "texture": "#0"}, "down": {"uv": [5.875, 3.625, 6.375, 4.25], "texture": "#0"}}}, {"from": [7.27533, 8.02059, -2.18388], "to": [8.47533, 9.47059, -0.98388], "rotation": {"angle": 0, "axis": "y", "origin": [7.92211, 8.99559, 1.25283]}, "faces": {"north": {"uv": [3.25, 6.375, 4.5, 7.625], "texture": "#1"}, "east": {"uv": [3.25, 6.375, 4.5, 7.625], "texture": "#1"}, "south": {"uv": [3.25, 6.375, 4.5, 7.625], "texture": "#1"}, "west": {"uv": [3.25, 6.375, 4.5, 7.625], "texture": "#1"}, "up": {"uv": [3.25, 6.375, 4.5, 7.625], "texture": "#1"}, "down": {"uv": [3.25, 6.375, 4.5, 7.625], "texture": "#1"}}}, {"from": [7.72533, 8.22059, -1.73388], "to": [8.02533, 9.97059, -1.43388], "rotation": {"angle": 0, "axis": "y", "origin": [7.97211, 9.19559, 1.20283]}, "faces": {"north": {"uv": [3.125, 3.625, 3.75, 3.875], "texture": "#2"}, "east": {"uv": [3.125, 3.625, 3.75, 3.875], "texture": "#2"}, "south": {"uv": [3.125, 3.625, 3.75, 3.875], "texture": "#2"}, "west": {"uv": [3.125, 3.625, 3.75, 3.875], "texture": "#2"}, "up": {"uv": [3.125, 3.625, 3.75, 3.875], "texture": "#2"}, "down": {"uv": [3.125, 3.625, 3.75, 3.875], "texture": "#2"}}}, {"from": [7.87533, 9.82059, -1.75888], "to": [8.17533, 10.57059, -1.45888], "rotation": {"angle": -22.5, "axis": "z", "origin": [8.02533, 10.19559, -1.60888]}, "faces": {"north": {"uv": [3.125, 3.625, 3.75, 3.875], "texture": "#5"}, "east": {"uv": [3.125, 3.625, 3.75, 3.875], "texture": "#5"}, "south": {"uv": [3.125, 3.625, 3.75, 3.875], "texture": "#5"}, "west": {"uv": [3.125, 3.625, 3.75, 3.875], "texture": "#5"}, "up": {"uv": [3.125, 3.625, 3.75, 3.875], "texture": "#5"}, "down": {"uv": [3.125, 3.625, 3.75, 3.875], "texture": "#5"}}}, {"from": [1.27533, 9.82059, 1.04112], "to": [1.57533, 10.57059, 1.34112], "rotation": {"angle": -22.5, "axis": "z", "origin": [1.42533, 10.19559, 1.19112]}, "faces": {"north": {"uv": [3.125, 3.625, 3.75, 3.875], "texture": "#5"}, "east": {"uv": [3.125, 3.625, 3.75, 3.875], "texture": "#5"}, "south": {"uv": [3.125, 3.625, 3.75, 3.875], "texture": "#5"}, "west": {"uv": [3.125, 3.625, 3.75, 3.875], "texture": "#5"}, "up": {"uv": [3.125, 3.625, 3.75, 3.875], "texture": "#5"}, "down": {"uv": [3.125, 3.625, 3.75, 3.875], "texture": "#5"}}}, {"from": [1.27533, 9.82059, 14.25888], "to": [1.57533, 10.57059, 14.55888], "rotation": {"angle": -22.5, "axis": "z", "origin": [1.42533, 10.19559, 14.40888]}, "faces": {"north": {"uv": [3.75, 3.625, 3.125, 3.875], "texture": "#5"}, "east": {"uv": [3.75, 3.625, 3.125, 3.875], "texture": "#5"}, "south": {"uv": [3.75, 3.625, 3.125, 3.875], "texture": "#5"}, "west": {"uv": [3.75, 3.625, 3.125, 3.875], "texture": "#5"}, "up": {"uv": [3.125, 3.875, 3.75, 3.625], "texture": "#5"}, "down": {"uv": [3.125, 3.875, 3.75, 3.625], "texture": "#5"}}}, {"from": [14.57533, 9.82059, 0.94112], "to": [14.87533, 10.57059, 1.24112], "rotation": {"angle": -22.5, "axis": "z", "origin": [14.72533, 10.19559, 1.09112]}, "faces": {"north": {"uv": [3.125, 3.625, 3.75, 3.875], "texture": "#5"}, "east": {"uv": [3.125, 3.625, 3.75, 3.875], "texture": "#5"}, "south": {"uv": [3.125, 3.625, 3.75, 3.875], "texture": "#5"}, "west": {"uv": [3.125, 3.625, 3.75, 3.875], "texture": "#5"}, "up": {"uv": [3.125, 3.625, 3.75, 3.875], "texture": "#5"}, "down": {"uv": [3.125, 3.625, 3.75, 3.875], "texture": "#5"}}}, {"from": [14.57533, 9.82059, 14.35888], "to": [14.87533, 10.57059, 14.65888], "rotation": {"angle": -22.5, "axis": "z", "origin": [14.72533, 10.19559, 14.50888]}, "faces": {"north": {"uv": [3.75, 3.625, 3.125, 3.875], "texture": "#5"}, "east": {"uv": [3.75, 3.625, 3.125, 3.875], "texture": "#5"}, "south": {"uv": [3.75, 3.625, 3.125, 3.875], "texture": "#5"}, "west": {"uv": [3.75, 3.625, 3.125, 3.875], "texture": "#5"}, "up": {"uv": [3.125, 3.875, 3.75, 3.625], "texture": "#5"}, "down": {"uv": [3.125, 3.875, 3.75, 3.625], "texture": "#5"}}}, {"from": [17.1467, 9.88975, 7.8602], "to": [17.4467, 10.63975, 8.1602], "rotation": {"angle": 22.5, "axis": "x", "origin": [7.88783, 10.41291, 7.8]}, "faces": {"north": {"uv": [3.125, 3.625, 3.75, 3.875], "texture": "#5"}, "east": {"uv": [3.125, 3.625, 3.75, 3.875], "texture": "#5"}, "south": {"uv": [3.125, 3.625, 3.75, 3.875], "texture": "#5"}, "west": {"uv": [3.125, 3.625, 3.75, 3.875], "texture": "#5"}, "up": {"uv": [3.125, 3.625, 3.75, 3.875], "rotation": 90, "texture": "#5"}, "down": {"uv": [3.125, 3.625, 3.75, 3.875], "rotation": 270, "texture": "#5"}}}, {"from": [7.87533, 9.82059, 17.05888], "to": [8.17533, 10.57059, 17.35888], "rotation": {"angle": -22.5, "axis": "z", "origin": [8.02533, 10.19559, 17.20888]}, "faces": {"north": {"uv": [3.75, 3.625, 3.125, 3.875], "texture": "#5"}, "east": {"uv": [3.75, 3.625, 3.125, 3.875], "texture": "#5"}, "south": {"uv": [3.75, 3.625, 3.125, 3.875], "texture": "#5"}, "west": {"uv": [3.75, 3.625, 3.125, 3.875], "texture": "#5"}, "up": {"uv": [3.125, 3.875, 3.75, 3.625], "texture": "#5"}, "down": {"uv": [3.125, 3.875, 3.75, 3.625], "texture": "#5"}}}, {"from": [-1.67105, 9.88975, 7.8602], "to": [-1.37105, 10.63975, 8.1602], "rotation": {"angle": 22.5, "axis": "x", "origin": [7.88783, 10.41291, 7.8]}, "faces": {"north": {"uv": [3.75, 3.625, 3.125, 3.875], "texture": "#5"}, "east": {"uv": [3.75, 3.625, 3.125, 3.875], "texture": "#5"}, "south": {"uv": [3.75, 3.625, 3.125, 3.875], "texture": "#5"}, "west": {"uv": [3.75, 3.625, 3.125, 3.875], "texture": "#5"}, "up": {"uv": [3.125, 3.875, 3.75, 3.625], "rotation": 90, "texture": "#5"}, "down": {"uv": [3.125, 3.875, 3.75, 3.625], "rotation": 270, "texture": "#5"}}}, {"from": [7.72533, 10.22059, -1.63388], "to": [8.02533, 10.67059, -1.33388], "rotation": {"angle": -22.5, "axis": "x", "origin": [7.87533, 10.59559, -1.48388]}, "faces": {"north": {"uv": [3.125, 3.625, 3.75, 3.875], "texture": "#6"}, "east": {"uv": [3.125, 3.625, 3.75, 3.875], "texture": "#6"}, "south": {"uv": [3.125, 3.625, 3.75, 3.875], "texture": "#6"}, "west": {"uv": [3.125, 3.625, 3.75, 3.875], "texture": "#6"}, "up": {"uv": [3.125, 3.625, 3.75, 3.875], "texture": "#6"}, "down": {"uv": [3.125, 3.625, 3.75, 3.875], "texture": "#6"}}}, {"from": [1.12533, 10.22059, 1.16612], "to": [1.42533, 10.67059, 1.46612], "rotation": {"angle": -22.5, "axis": "x", "origin": [1.27533, 10.59559, 1.31612]}, "faces": {"north": {"uv": [3.125, 3.625, 3.75, 3.875], "texture": "#6"}, "east": {"uv": [3.125, 3.625, 3.75, 3.875], "texture": "#6"}, "south": {"uv": [3.125, 3.625, 3.75, 3.875], "texture": "#6"}, "west": {"uv": [3.125, 3.625, 3.75, 3.875], "texture": "#6"}, "up": {"uv": [3.125, 3.625, 3.75, 3.875], "texture": "#6"}, "down": {"uv": [3.125, 3.625, 3.75, 3.875], "texture": "#6"}}}, {"from": [1.12533, 10.22059, 14.13388], "to": [1.42533, 10.67059, 14.43388], "rotation": {"angle": 22.5, "axis": "x", "origin": [1.27533, 10.59559, 14.28388]}, "faces": {"north": {"uv": [3.75, 3.625, 3.125, 3.875], "texture": "#6"}, "east": {"uv": [3.75, 3.625, 3.125, 3.875], "texture": "#6"}, "south": {"uv": [3.75, 3.625, 3.125, 3.875], "texture": "#6"}, "west": {"uv": [3.75, 3.625, 3.125, 3.875], "texture": "#6"}, "up": {"uv": [3.125, 3.875, 3.75, 3.625], "texture": "#6"}, "down": {"uv": [3.125, 3.875, 3.75, 3.625], "texture": "#6"}}}, {"from": [14.42533, 10.22059, 1.06612], "to": [14.72533, 10.67059, 1.36612], "rotation": {"angle": -22.5, "axis": "x", "origin": [14.57533, 10.59559, 1.21612]}, "faces": {"north": {"uv": [3.125, 3.625, 3.75, 3.875], "texture": "#6"}, "east": {"uv": [3.125, 3.625, 3.75, 3.875], "texture": "#6"}, "south": {"uv": [3.125, 3.625, 3.75, 3.875], "texture": "#6"}, "west": {"uv": [3.125, 3.625, 3.75, 3.875], "texture": "#6"}, "up": {"uv": [3.125, 3.625, 3.75, 3.875], "texture": "#6"}, "down": {"uv": [3.125, 3.625, 3.75, 3.875], "texture": "#6"}}}, {"from": [14.42533, 10.22059, 14.23388], "to": [14.72533, 10.67059, 14.53388], "rotation": {"angle": 22.5, "axis": "x", "origin": [14.57533, 10.59559, 14.38388]}, "faces": {"north": {"uv": [3.75, 3.625, 3.125, 3.875], "texture": "#6"}, "east": {"uv": [3.75, 3.625, 3.125, 3.875], "texture": "#6"}, "south": {"uv": [3.75, 3.625, 3.125, 3.875], "texture": "#6"}, "west": {"uv": [3.75, 3.625, 3.125, 3.875], "texture": "#6"}, "up": {"uv": [3.125, 3.875, 3.75, 3.625], "texture": "#6"}, "down": {"uv": [3.125, 3.875, 3.75, 3.625], "texture": "#6"}}}, {"from": [16.2451, 13.75947, 7.6375], "to": [16.5451, 14.20947, 7.9375], "rotation": {"angle": -22.5, "axis": "z", "origin": [7.88783, 10.41291, 7.8]}, "faces": {"north": {"uv": [3.125, 3.625, 3.75, 3.875], "texture": "#6"}, "east": {"uv": [3.125, 3.625, 3.75, 3.875], "texture": "#6"}, "south": {"uv": [3.125, 3.625, 3.75, 3.875], "texture": "#6"}, "west": {"uv": [3.125, 3.625, 3.75, 3.875], "texture": "#6"}, "up": {"uv": [3.125, 3.625, 3.75, 3.875], "rotation": 90, "texture": "#6"}, "down": {"uv": [3.125, 3.625, 3.75, 3.875], "rotation": 270, "texture": "#6"}}}, {"from": [7.72533, 10.22059, 16.93388], "to": [8.02533, 10.67059, 17.23388], "rotation": {"angle": 22.5, "axis": "x", "origin": [7.87533, 10.59559, 17.08388]}, "faces": {"north": {"uv": [3.75, 3.625, 3.125, 3.875], "texture": "#6"}, "east": {"uv": [3.75, 3.625, 3.125, 3.875], "texture": "#6"}, "south": {"uv": [3.75, 3.625, 3.125, 3.875], "texture": "#6"}, "west": {"uv": [3.75, 3.625, 3.125, 3.875], "texture": "#6"}, "up": {"uv": [3.125, 3.875, 3.75, 3.625], "texture": "#6"}, "down": {"uv": [3.125, 3.875, 3.75, 3.625], "texture": "#6"}}}, {"from": [-0.76945, 13.75947, 7.6375], "to": [-0.46945, 14.20947, 7.9375], "rotation": {"angle": 22.5, "axis": "z", "origin": [7.88783, 10.41291, 7.8]}, "faces": {"north": {"uv": [3.75, 3.625, 3.125, 3.875], "texture": "#6"}, "east": {"uv": [3.75, 3.625, 3.125, 3.875], "texture": "#6"}, "south": {"uv": [3.75, 3.625, 3.125, 3.875], "texture": "#6"}, "west": {"uv": [3.75, 3.625, 3.125, 3.875], "texture": "#6"}, "up": {"uv": [3.125, 3.875, 3.75, 3.625], "rotation": 90, "texture": "#6"}, "down": {"uv": [3.125, 3.875, 3.75, 3.625], "rotation": 270, "texture": "#6"}}}, {"from": [7.72533, 10.67059, -1.63388], "to": [8.02533, 10.97059, -1.33388], "rotation": {"angle": -22.5, "axis": "x", "origin": [7.87533, 10.59559, -1.48388]}, "faces": {"north": {"uv": [3.125, 3.625, 3.75, 3.875], "texture": "#5"}, "east": {"uv": [3.125, 3.625, 3.75, 3.875], "texture": "#5"}, "south": {"uv": [3.125, 3.625, 3.75, 3.875], "texture": "#5"}, "west": {"uv": [3.125, 3.625, 3.75, 3.875], "texture": "#5"}, "up": {"uv": [3.125, 3.625, 3.75, 3.875], "texture": "#5"}, "down": {"uv": [3.125, 3.625, 3.75, 3.875], "texture": "#5"}}}, {"from": [1.12533, 10.67059, 1.16612], "to": [1.42533, 10.97059, 1.46612], "rotation": {"angle": -22.5, "axis": "x", "origin": [1.27533, 10.59559, 1.31612]}, "faces": {"north": {"uv": [3.125, 3.625, 3.75, 3.875], "texture": "#5"}, "east": {"uv": [3.125, 3.625, 3.75, 3.875], "texture": "#5"}, "south": {"uv": [3.125, 3.625, 3.75, 3.875], "texture": "#5"}, "west": {"uv": [3.125, 3.625, 3.75, 3.875], "texture": "#5"}, "up": {"uv": [3.125, 3.625, 3.75, 3.875], "texture": "#5"}, "down": {"uv": [3.125, 3.625, 3.75, 3.875], "texture": "#5"}}}, {"from": [1.12533, 10.67059, 14.13388], "to": [1.42533, 10.97059, 14.43388], "rotation": {"angle": 22.5, "axis": "x", "origin": [1.27533, 10.59559, 14.28388]}, "faces": {"north": {"uv": [3.75, 3.625, 3.125, 3.875], "texture": "#5"}, "east": {"uv": [3.75, 3.625, 3.125, 3.875], "texture": "#5"}, "south": {"uv": [3.75, 3.625, 3.125, 3.875], "texture": "#5"}, "west": {"uv": [3.75, 3.625, 3.125, 3.875], "texture": "#5"}, "up": {"uv": [3.125, 3.875, 3.75, 3.625], "texture": "#5"}, "down": {"uv": [3.125, 3.875, 3.75, 3.625], "texture": "#5"}}}, {"from": [14.42533, 10.67059, 1.06612], "to": [14.72533, 10.97059, 1.36612], "rotation": {"angle": -22.5, "axis": "x", "origin": [14.57533, 10.59559, 1.21612]}, "faces": {"north": {"uv": [3.125, 3.625, 3.75, 3.875], "texture": "#5"}, "east": {"uv": [3.125, 3.625, 3.75, 3.875], "texture": "#5"}, "south": {"uv": [3.125, 3.625, 3.75, 3.875], "texture": "#5"}, "west": {"uv": [3.125, 3.625, 3.75, 3.875], "texture": "#5"}, "up": {"uv": [3.125, 3.625, 3.75, 3.875], "texture": "#5"}, "down": {"uv": [3.125, 3.625, 3.75, 3.875], "texture": "#5"}}}, {"from": [14.42533, 10.67059, 14.23388], "to": [14.72533, 10.97059, 14.53388], "rotation": {"angle": 22.5, "axis": "x", "origin": [14.57533, 10.59559, 14.38388]}, "faces": {"north": {"uv": [3.75, 3.625, 3.125, 3.875], "texture": "#5"}, "east": {"uv": [3.75, 3.625, 3.125, 3.875], "texture": "#5"}, "south": {"uv": [3.75, 3.625, 3.125, 3.875], "texture": "#5"}, "west": {"uv": [3.75, 3.625, 3.125, 3.875], "texture": "#5"}, "up": {"uv": [3.125, 3.875, 3.75, 3.625], "texture": "#5"}, "down": {"uv": [3.125, 3.875, 3.75, 3.625], "texture": "#5"}}}, {"from": [16.2451, 14.20947, 7.6375], "to": [16.5451, 14.50947, 7.9375], "rotation": {"angle": -22.5, "axis": "z", "origin": [7.88783, 10.41291, 7.8]}, "faces": {"north": {"uv": [3.125, 3.625, 3.75, 3.875], "texture": "#5"}, "east": {"uv": [3.125, 3.625, 3.75, 3.875], "texture": "#5"}, "south": {"uv": [3.125, 3.625, 3.75, 3.875], "texture": "#5"}, "west": {"uv": [3.125, 3.625, 3.75, 3.875], "texture": "#5"}, "up": {"uv": [3.125, 3.625, 3.75, 3.875], "rotation": 90, "texture": "#5"}, "down": {"uv": [3.125, 3.625, 3.75, 3.875], "rotation": 270, "texture": "#5"}}}, {"from": [7.72533, 10.67059, 16.93388], "to": [8.02533, 10.97059, 17.23388], "rotation": {"angle": 22.5, "axis": "x", "origin": [7.87533, 10.59559, 17.08388]}, "faces": {"north": {"uv": [3.75, 3.625, 3.125, 3.875], "texture": "#5"}, "east": {"uv": [3.75, 3.625, 3.125, 3.875], "texture": "#5"}, "south": {"uv": [3.75, 3.625, 3.125, 3.875], "texture": "#5"}, "west": {"uv": [3.75, 3.625, 3.125, 3.875], "texture": "#5"}, "up": {"uv": [3.125, 3.875, 3.75, 3.625], "texture": "#5"}, "down": {"uv": [3.125, 3.875, 3.75, 3.625], "texture": "#5"}}}, {"from": [-0.76945, 14.20947, 7.6375], "to": [-0.46945, 14.50947, 7.9375], "rotation": {"angle": 22.5, "axis": "z", "origin": [7.88783, 10.41291, 7.8]}, "faces": {"north": {"uv": [3.75, 3.625, 3.125, 3.875], "texture": "#5"}, "east": {"uv": [3.75, 3.625, 3.125, 3.875], "texture": "#5"}, "south": {"uv": [3.75, 3.625, 3.125, 3.875], "texture": "#5"}, "west": {"uv": [3.75, 3.625, 3.125, 3.875], "texture": "#5"}, "up": {"uv": [3.125, 3.875, 3.75, 3.625], "rotation": 90, "texture": "#5"}, "down": {"uv": [3.125, 3.875, 3.75, 3.625], "rotation": 270, "texture": "#5"}}}, {"from": [7.62533, 9.82059, -1.63388], "to": [7.92533, 10.57059, -1.33388], "rotation": {"angle": 22.5, "axis": "x", "origin": [7.77533, 10.19559, -1.48388]}, "faces": {"north": {"uv": [3.125, 3.625, 3.75, 3.875], "texture": "#6"}, "east": {"uv": [3.125, 3.625, 3.75, 3.875], "texture": "#6"}, "south": {"uv": [3.125, 3.625, 3.75, 3.875], "texture": "#6"}, "west": {"uv": [3.125, 3.625, 3.75, 3.875], "texture": "#6"}, "up": {"uv": [3.125, 3.625, 3.75, 3.875], "texture": "#6"}, "down": {"uv": [3.125, 3.625, 3.75, 3.875], "texture": "#6"}}}, {"from": [1.02533, 9.82059, 1.16612], "to": [1.32533, 10.57059, 1.46612], "rotation": {"angle": 22.5, "axis": "x", "origin": [1.17533, 10.19559, 1.31612]}, "faces": {"north": {"uv": [3.125, 3.625, 3.75, 3.875], "texture": "#6"}, "east": {"uv": [3.125, 3.625, 3.75, 3.875], "texture": "#6"}, "south": {"uv": [3.125, 3.625, 3.75, 3.875], "texture": "#6"}, "west": {"uv": [3.125, 3.625, 3.75, 3.875], "texture": "#6"}, "up": {"uv": [3.125, 3.625, 3.75, 3.875], "texture": "#6"}, "down": {"uv": [3.125, 3.625, 3.75, 3.875], "texture": "#6"}}}, {"from": [1.02533, 9.82059, 14.13388], "to": [1.32533, 10.57059, 14.43388], "rotation": {"angle": -22.5, "axis": "x", "origin": [1.17533, 10.19559, 14.28388]}, "faces": {"north": {"uv": [3.75, 3.625, 3.125, 3.875], "texture": "#6"}, "east": {"uv": [3.75, 3.625, 3.125, 3.875], "texture": "#6"}, "south": {"uv": [3.75, 3.625, 3.125, 3.875], "texture": "#6"}, "west": {"uv": [3.75, 3.625, 3.125, 3.875], "texture": "#6"}, "up": {"uv": [3.125, 3.875, 3.75, 3.625], "texture": "#6"}, "down": {"uv": [3.125, 3.875, 3.75, 3.625], "texture": "#6"}}}, {"from": [14.32533, 9.82059, 1.06612], "to": [14.62533, 10.57059, 1.36612], "rotation": {"angle": 22.5, "axis": "x", "origin": [14.47533, 10.19559, 1.21612]}, "faces": {"north": {"uv": [3.125, 3.625, 3.75, 3.875], "texture": "#6"}, "east": {"uv": [3.125, 3.625, 3.75, 3.875], "texture": "#6"}, "south": {"uv": [3.125, 3.625, 3.75, 3.875], "texture": "#6"}, "west": {"uv": [3.125, 3.625, 3.75, 3.875], "texture": "#6"}, "up": {"uv": [3.125, 3.625, 3.75, 3.875], "texture": "#6"}, "down": {"uv": [3.125, 3.625, 3.75, 3.875], "texture": "#6"}}}, {"from": [14.32533, 9.82059, 14.23388], "to": [14.62533, 10.57059, 14.53388], "rotation": {"angle": -22.5, "axis": "x", "origin": [14.47533, 10.19559, 14.38388]}, "faces": {"north": {"uv": [3.75, 3.625, 3.125, 3.875], "texture": "#6"}, "east": {"uv": [3.75, 3.625, 3.125, 3.875], "texture": "#6"}, "south": {"uv": [3.75, 3.625, 3.125, 3.875], "texture": "#6"}, "west": {"uv": [3.75, 3.625, 3.125, 3.875], "texture": "#6"}, "up": {"uv": [3.125, 3.875, 3.75, 3.625], "texture": "#6"}, "down": {"uv": [3.125, 3.875, 3.75, 3.625], "texture": "#6"}}}, {"from": [16.23185, 6.28434, 7.5375], "to": [16.53185, 7.03434, 7.8375], "rotation": {"angle": 22.5, "axis": "z", "origin": [7.88783, 10.41291, 7.8]}, "faces": {"north": {"uv": [3.125, 3.625, 3.75, 3.875], "texture": "#6"}, "east": {"uv": [3.125, 3.625, 3.75, 3.875], "texture": "#6"}, "south": {"uv": [3.125, 3.625, 3.75, 3.875], "texture": "#6"}, "west": {"uv": [3.125, 3.625, 3.75, 3.875], "texture": "#6"}, "up": {"uv": [3.125, 3.625, 3.75, 3.875], "rotation": 90, "texture": "#6"}, "down": {"uv": [3.125, 3.625, 3.75, 3.875], "rotation": 270, "texture": "#6"}}}, {"from": [7.62533, 9.82059, 16.93388], "to": [7.92533, 10.57059, 17.23388], "rotation": {"angle": -22.5, "axis": "x", "origin": [7.77533, 10.19559, 17.08388]}, "faces": {"north": {"uv": [3.75, 3.625, 3.125, 3.875], "texture": "#6"}, "east": {"uv": [3.75, 3.625, 3.125, 3.875], "texture": "#6"}, "south": {"uv": [3.75, 3.625, 3.125, 3.875], "texture": "#6"}, "west": {"uv": [3.75, 3.625, 3.125, 3.875], "texture": "#6"}, "up": {"uv": [3.125, 3.875, 3.75, 3.625], "texture": "#6"}, "down": {"uv": [3.125, 3.875, 3.75, 3.625], "texture": "#6"}}}, {"from": [-0.75619, 6.28434, 7.5375], "to": [-0.45619, 7.03434, 7.8375], "rotation": {"angle": -22.5, "axis": "z", "origin": [7.88783, 10.41291, 7.8]}, "faces": {"north": {"uv": [3.75, 3.625, 3.125, 3.875], "texture": "#6"}, "east": {"uv": [3.75, 3.625, 3.125, 3.875], "texture": "#6"}, "south": {"uv": [3.75, 3.625, 3.125, 3.875], "texture": "#6"}, "west": {"uv": [3.75, 3.625, 3.125, 3.875], "texture": "#6"}, "up": {"uv": [3.125, 3.875, 3.75, 3.625], "rotation": 90, "texture": "#6"}, "down": {"uv": [3.125, 3.875, 3.75, 3.625], "rotation": 270, "texture": "#6"}}}, {"from": [6.57533, 7.92059, -0.43388], "to": [9.17533, 8.37059, -0.23388], "rotation": {"angle": 0, "axis": "y", "origin": [7.80033, 8.14559, -1.53388]}, "faces": {"north": {"uv": [5.875, 3.625, 6.375, 4.25], "texture": "#0"}, "east": {"uv": [5.875, 3.625, 6.375, 4.25], "texture": "#0"}, "south": {"uv": [5.875, 3.625, 6.375, 4.25], "texture": "#0"}, "west": {"uv": [5.875, 3.625, 6.375, 4.25], "texture": "#0"}, "up": {"uv": [5.875, 3.625, 6.375, 4.25], "texture": "#0"}, "down": {"uv": [5.875, 3.625, 6.375, 4.25], "texture": "#0"}}}, {"from": [6.57533, 7.92059, -2.98388], "to": [6.77533, 8.37059, -0.23388], "rotation": {"angle": 0, "axis": "y", "origin": [6.02211, 8.89559, 1.80283]}, "faces": {"north": {"uv": [5.875, 3.625, 6.375, 4.25], "texture": "#0"}, "east": {"uv": [5.875, 3.625, 6.375, 4.25], "texture": "#0"}, "south": {"uv": [5.875, 3.625, 6.375, 4.25], "texture": "#0"}, "west": {"uv": [5.875, 3.625, 6.375, 4.25], "texture": "#0"}, "up": {"uv": [5.875, 3.625, 6.375, 4.25], "texture": "#0"}, "down": {"uv": [5.875, 3.625, 6.375, 4.25], "texture": "#0"}}}, {"from": [7.47533, 4.62059, -1.98388], "to": [8.27533, 7.57059, -1.23388], "rotation": {"angle": 0, "axis": "y", "origin": [8.42211, 5.59559, 1.80283]}, "faces": {"north": {"uv": [5.875, 3.625, 6.375, 4.25], "texture": "#0"}, "east": {"uv": [5.875, 3.625, 6.375, 4.25], "texture": "#0"}, "south": {"uv": [5.875, 3.625, 6.375, 4.25], "texture": "#0"}, "west": {"uv": [5.875, 3.625, 6.375, 4.25], "texture": "#0"}, "up": {"uv": [5.875, 3.625, 6.375, 4.25], "texture": "#0"}, "down": {"uv": [5.875, 3.625, 6.375, 4.25], "texture": "#0"}}}, {"from": [7.57533, 3.22059, -1.85888], "to": [8.17533, 6.17059, -1.50888], "rotation": {"angle": 0, "axis": "y", "origin": [8.42211, 4.19559, 1.72783]}, "faces": {"north": {"uv": [5.875, 3.625, 6.375, 4.25], "texture": "#0"}, "east": {"uv": [5.875, 3.625, 6.375, 4.25], "texture": "#0"}, "south": {"uv": [5.875, 3.625, 6.375, 4.25], "texture": "#0"}, "west": {"uv": [5.875, 3.625, 6.375, 4.25], "texture": "#0"}, "up": {"uv": [5.875, 3.625, 6.375, 4.25], "texture": "#0"}, "down": {"uv": [5.875, 3.625, 6.375, 4.25], "texture": "#0"}}}, {"from": [6.57533, 7.92059, 18.39303], "to": [9.17533, 8.37059, 18.59303], "rotation": {"angle": -45, "axis": "y", "origin": [7.87533, 7.60559, 7.80458]}, "faces": {"north": {"uv": [6.375, 3.625, 5.875, 4.25], "texture": "#0"}, "east": {"uv": [6.375, 3.625, 5.875, 4.25], "texture": "#0"}, "south": {"uv": [6.375, 3.625, 5.875, 4.25], "texture": "#0"}, "west": {"uv": [6.375, 3.625, 5.875, 4.25], "texture": "#0"}, "up": {"uv": [5.875, 4.25, 6.375, 3.625], "texture": "#0"}, "down": {"uv": [5.875, 4.25, 6.375, 3.625], "texture": "#0"}}}, {"from": [8.97533, 7.92059, 15.84303], "to": [9.17533, 8.37059, 18.59303], "rotation": {"angle": -45, "axis": "y", "origin": [7.87533, 7.60559, 7.80458]}, "faces": {"north": {"uv": [6.375, 3.625, 5.875, 4.25], "texture": "#0"}, "east": {"uv": [6.375, 3.625, 5.875, 4.25], "texture": "#0"}, "south": {"uv": [6.375, 3.625, 5.875, 4.25], "texture": "#0"}, "west": {"uv": [6.375, 3.625, 5.875, 4.25], "texture": "#0"}, "up": {"uv": [5.875, 4.25, 6.375, 3.625], "texture": "#0"}, "down": {"uv": [5.875, 4.25, 6.375, 3.625], "texture": "#0"}}}, {"from": [7.07533, 6.62059, 16.34303], "to": [8.67533, 7.57059, 18.09303], "rotation": {"angle": -45, "axis": "y", "origin": [7.87533, 7.60559, 7.80458]}, "faces": {"north": {"uv": [6.375, 3.625, 5.875, 4.25], "texture": "#0"}, "east": {"uv": [6.375, 3.625, 5.875, 4.25], "texture": "#0"}, "south": {"uv": [6.375, 3.625, 5.875, 4.25], "texture": "#0"}, "west": {"uv": [6.375, 3.625, 5.875, 4.25], "texture": "#0"}, "up": {"uv": [5.875, 4.25, 6.375, 3.625], "texture": "#0"}, "down": {"uv": [5.875, 4.25, 6.375, 3.625], "texture": "#0"}}}, {"from": [6.57533, 7.52059, 15.84303], "to": [9.17533, 7.97059, 18.59303], "rotation": {"angle": -45, "axis": "y", "origin": [7.87533, 7.60559, 7.80458]}, "faces": {"north": {"uv": [6.375, 3.625, 5.875, 4.25], "texture": "#0"}, "east": {"uv": [6.375, 3.625, 5.875, 4.25], "texture": "#0"}, "south": {"uv": [6.375, 3.625, 5.875, 4.25], "texture": "#0"}, "west": {"uv": [6.375, 3.625, 5.875, 4.25], "texture": "#0"}, "up": {"uv": [5.875, 4.25, 6.375, 3.625], "texture": "#0"}, "down": {"uv": [5.875, 4.25, 6.375, 3.625], "texture": "#0"}}}, {"from": [7.27533, 8.02059, 16.59303], "to": [8.47533, 9.47059, 17.79303], "rotation": {"angle": -45, "axis": "y", "origin": [7.87533, 7.60559, 7.80458]}, "faces": {"north": {"uv": [4.5, 6.375, 3.25, 7.625], "texture": "#1"}, "east": {"uv": [4.5, 6.375, 3.25, 7.625], "texture": "#1"}, "south": {"uv": [4.5, 6.375, 3.25, 7.625], "texture": "#1"}, "west": {"uv": [4.5, 6.375, 3.25, 7.625], "texture": "#1"}, "up": {"uv": [3.25, 7.625, 4.5, 6.375], "texture": "#1"}, "down": {"uv": [3.25, 7.625, 4.5, 6.375], "texture": "#1"}}}, {"from": [7.72533, 8.22059, 17.04303], "to": [8.02533, 9.97059, 17.34303], "rotation": {"angle": -45, "axis": "y", "origin": [7.87533, 7.60559, 7.80458]}, "faces": {"north": {"uv": [3.75, 3.625, 3.125, 3.875], "texture": "#2"}, "east": {"uv": [3.75, 3.625, 3.125, 3.875], "texture": "#2"}, "south": {"uv": [3.75, 3.625, 3.125, 3.875], "texture": "#2"}, "west": {"uv": [3.75, 3.625, 3.125, 3.875], "texture": "#2"}, "up": {"uv": [3.125, 3.875, 3.75, 3.625], "texture": "#2"}, "down": {"uv": [3.125, 3.875, 3.75, 3.625], "texture": "#2"}}}, {"from": [6.57533, 7.92059, 15.84303], "to": [9.17533, 8.37059, 16.04303], "rotation": {"angle": -45, "axis": "y", "origin": [7.87533, 7.60559, 7.80458]}, "faces": {"north": {"uv": [6.375, 3.625, 5.875, 4.25], "texture": "#0"}, "east": {"uv": [6.375, 3.625, 5.875, 4.25], "texture": "#0"}, "south": {"uv": [6.375, 3.625, 5.875, 4.25], "texture": "#0"}, "west": {"uv": [6.375, 3.625, 5.875, 4.25], "texture": "#0"}, "up": {"uv": [5.875, 4.25, 6.375, 3.625], "texture": "#0"}, "down": {"uv": [5.875, 4.25, 6.375, 3.625], "texture": "#0"}}}, {"from": [6.57533, 7.92059, 15.84303], "to": [6.77533, 8.37059, 18.59303], "rotation": {"angle": -45, "axis": "y", "origin": [7.87533, 7.60559, 7.80458]}, "faces": {"north": {"uv": [6.375, 3.625, 5.875, 4.25], "texture": "#0"}, "east": {"uv": [6.375, 3.625, 5.875, 4.25], "texture": "#0"}, "south": {"uv": [6.375, 3.625, 5.875, 4.25], "texture": "#0"}, "west": {"uv": [6.375, 3.625, 5.875, 4.25], "texture": "#0"}, "up": {"uv": [5.875, 4.25, 6.375, 3.625], "texture": "#0"}, "down": {"uv": [5.875, 4.25, 6.375, 3.625], "texture": "#0"}}}, {"from": [7.47533, 4.62059, 16.84303], "to": [8.27533, 7.57059, 17.59303], "rotation": {"angle": -45, "axis": "y", "origin": [7.87533, 7.60559, 7.80458]}, "faces": {"north": {"uv": [6.375, 3.625, 5.875, 4.25], "texture": "#0"}, "east": {"uv": [6.375, 3.625, 5.875, 4.25], "texture": "#0"}, "south": {"uv": [6.375, 3.625, 5.875, 4.25], "texture": "#0"}, "west": {"uv": [6.375, 3.625, 5.875, 4.25], "texture": "#0"}, "up": {"uv": [5.875, 4.25, 6.375, 3.625], "texture": "#0"}, "down": {"uv": [5.875, 4.25, 6.375, 3.625], "texture": "#0"}}}, {"from": [7.57533, 3.22059, 17.11803], "to": [8.17533, 6.17059, 17.46803], "rotation": {"angle": -45, "axis": "y", "origin": [7.87533, 7.60559, 7.80458]}, "faces": {"north": {"uv": [6.375, 3.625, 5.875, 4.25], "texture": "#0"}, "east": {"uv": [6.375, 3.625, 5.875, 4.25], "texture": "#0"}, "south": {"uv": [6.375, 3.625, 5.875, 4.25], "texture": "#0"}, "west": {"uv": [6.375, 3.625, 5.875, 4.25], "texture": "#0"}, "up": {"uv": [5.875, 4.25, 6.375, 3.625], "texture": "#0"}, "down": {"uv": [5.875, 4.25, 6.375, 3.625], "texture": "#0"}}}, {"from": [6.57533, 7.92059, 18.39303], "to": [9.17533, 8.37059, 18.59303], "rotation": {"angle": 0, "axis": "y", "origin": [7.80033, 8.14559, 17.29303]}, "faces": {"north": {"uv": [6.375, 3.625, 5.875, 4.25], "texture": "#0"}, "east": {"uv": [6.375, 3.625, 5.875, 4.25], "texture": "#0"}, "south": {"uv": [6.375, 3.625, 5.875, 4.25], "texture": "#0"}, "west": {"uv": [6.375, 3.625, 5.875, 4.25], "texture": "#0"}, "up": {"uv": [5.875, 4.25, 6.375, 3.625], "texture": "#0"}, "down": {"uv": [5.875, 4.25, 6.375, 3.625], "texture": "#0"}}}, {"from": [8.97533, 7.92059, 15.84303], "to": [9.17533, 8.37059, 18.59303], "rotation": {"angle": 0, "axis": "y", "origin": [8.42211, 8.89559, 13.80632]}, "faces": {"north": {"uv": [6.375, 3.625, 5.875, 4.25], "texture": "#0"}, "east": {"uv": [6.375, 3.625, 5.875, 4.25], "texture": "#0"}, "south": {"uv": [6.375, 3.625, 5.875, 4.25], "texture": "#0"}, "west": {"uv": [6.375, 3.625, 5.875, 4.25], "texture": "#0"}, "up": {"uv": [5.875, 4.25, 6.375, 3.625], "texture": "#0"}, "down": {"uv": [5.875, 4.25, 6.375, 3.625], "texture": "#0"}}}, {"from": [7.07533, 6.62059, 16.34303], "to": [8.67533, 7.57059, 18.09303], "rotation": {"angle": 0, "axis": "y", "origin": [7.92211, 8.09559, 14.30632]}, "faces": {"north": {"uv": [6.375, 3.625, 5.875, 4.25], "texture": "#0"}, "east": {"uv": [6.375, 3.625, 5.875, 4.25], "texture": "#0"}, "south": {"uv": [6.375, 3.625, 5.875, 4.25], "texture": "#0"}, "west": {"uv": [6.375, 3.625, 5.875, 4.25], "texture": "#0"}, "up": {"uv": [5.875, 4.25, 6.375, 3.625], "texture": "#0"}, "down": {"uv": [5.875, 4.25, 6.375, 3.625], "texture": "#0"}}}, {"from": [6.57533, 7.52059, 15.84303], "to": [9.17533, 7.97059, 18.59303], "rotation": {"angle": 0, "axis": "y", "origin": [8.42211, 8.49559, 13.80632]}, "faces": {"north": {"uv": [6.375, 3.625, 5.875, 4.25], "texture": "#0"}, "east": {"uv": [6.375, 3.625, 5.875, 4.25], "texture": "#0"}, "south": {"uv": [6.375, 3.625, 5.875, 4.25], "texture": "#0"}, "west": {"uv": [6.375, 3.625, 5.875, 4.25], "texture": "#0"}, "up": {"uv": [5.875, 4.25, 6.375, 3.625], "texture": "#0"}, "down": {"uv": [5.875, 4.25, 6.375, 3.625], "texture": "#0"}}}, {"from": [7.27533, 8.02059, 16.59303], "to": [8.47533, 9.47059, 17.79303], "rotation": {"angle": 0, "axis": "y", "origin": [7.92211, 8.99559, 14.35632]}, "faces": {"north": {"uv": [4.5, 6.375, 3.25, 7.625], "texture": "#1"}, "east": {"uv": [4.5, 6.375, 3.25, 7.625], "texture": "#1"}, "south": {"uv": [4.5, 6.375, 3.25, 7.625], "texture": "#1"}, "west": {"uv": [4.5, 6.375, 3.25, 7.625], "texture": "#1"}, "up": {"uv": [3.25, 7.625, 4.5, 6.375], "texture": "#1"}, "down": {"uv": [3.25, 7.625, 4.5, 6.375], "texture": "#1"}}}, {"from": [7.72533, 8.22059, 17.04303], "to": [8.02533, 9.97059, 17.34303], "rotation": {"angle": 0, "axis": "y", "origin": [7.97211, 9.19559, 14.40632]}, "faces": {"north": {"uv": [3.75, 3.625, 3.125, 3.875], "texture": "#2"}, "east": {"uv": [3.75, 3.625, 3.125, 3.875], "texture": "#2"}, "south": {"uv": [3.75, 3.625, 3.125, 3.875], "texture": "#2"}, "west": {"uv": [3.75, 3.625, 3.125, 3.875], "texture": "#2"}, "up": {"uv": [3.125, 3.875, 3.75, 3.625], "texture": "#2"}, "down": {"uv": [3.125, 3.875, 3.75, 3.625], "texture": "#2"}}}, {"from": [6.57533, 7.92059, 15.84303], "to": [9.17533, 8.37059, 16.04303], "rotation": {"angle": 0, "axis": "y", "origin": [7.80033, 8.14559, 17.14303]}, "faces": {"north": {"uv": [6.375, 3.625, 5.875, 4.25], "texture": "#0"}, "east": {"uv": [6.375, 3.625, 5.875, 4.25], "texture": "#0"}, "south": {"uv": [6.375, 3.625, 5.875, 4.25], "texture": "#0"}, "west": {"uv": [6.375, 3.625, 5.875, 4.25], "texture": "#0"}, "up": {"uv": [5.875, 4.25, 6.375, 3.625], "texture": "#0"}, "down": {"uv": [5.875, 4.25, 6.375, 3.625], "texture": "#0"}}}, {"from": [6.57533, 7.92059, 15.84303], "to": [6.77533, 8.37059, 18.59303], "rotation": {"angle": 0, "axis": "y", "origin": [6.02211, 8.89559, 13.80632]}, "faces": {"north": {"uv": [6.375, 3.625, 5.875, 4.25], "texture": "#0"}, "east": {"uv": [6.375, 3.625, 5.875, 4.25], "texture": "#0"}, "south": {"uv": [6.375, 3.625, 5.875, 4.25], "texture": "#0"}, "west": {"uv": [6.375, 3.625, 5.875, 4.25], "texture": "#0"}, "up": {"uv": [5.875, 4.25, 6.375, 3.625], "texture": "#0"}, "down": {"uv": [5.875, 4.25, 6.375, 3.625], "texture": "#0"}}}, {"from": [7.47533, 4.62059, 16.84303], "to": [8.27533, 7.57059, 17.59303], "rotation": {"angle": 0, "axis": "y", "origin": [8.42211, 5.59559, 13.80632]}, "faces": {"north": {"uv": [6.375, 3.625, 5.875, 4.25], "texture": "#0"}, "east": {"uv": [6.375, 3.625, 5.875, 4.25], "texture": "#0"}, "south": {"uv": [6.375, 3.625, 5.875, 4.25], "texture": "#0"}, "west": {"uv": [6.375, 3.625, 5.875, 4.25], "texture": "#0"}, "up": {"uv": [5.875, 4.25, 6.375, 3.625], "texture": "#0"}, "down": {"uv": [5.875, 4.25, 6.375, 3.625], "texture": "#0"}}}, {"from": [7.57533, 3.22059, 17.11803], "to": [8.17533, 6.17059, 17.46803], "rotation": {"angle": 0, "axis": "y", "origin": [8.42211, 4.19559, 13.88132]}, "faces": {"north": {"uv": [6.375, 3.625, 5.875, 4.25], "texture": "#0"}, "east": {"uv": [6.375, 3.625, 5.875, 4.25], "texture": "#0"}, "south": {"uv": [6.375, 3.625, 5.875, 4.25], "texture": "#0"}, "west": {"uv": [6.375, 3.625, 5.875, 4.25], "texture": "#0"}, "up": {"uv": [5.875, 4.25, 6.375, 3.625], "texture": "#0"}, "down": {"uv": [5.875, 4.25, 6.375, 3.625], "texture": "#0"}}}, {"from": [6.57533, 7.92059, -2.98388], "to": [9.17533, 8.37059, -2.78388], "rotation": {"angle": -45, "axis": "y", "origin": [7.87533, 7.60559, 7.80458]}, "faces": {"north": {"uv": [5.875, 3.625, 6.375, 4.25], "texture": "#0"}, "east": {"uv": [5.875, 3.625, 6.375, 4.25], "texture": "#0"}, "south": {"uv": [5.875, 3.625, 6.375, 4.25], "texture": "#0"}, "west": {"uv": [5.875, 3.625, 6.375, 4.25], "texture": "#0"}, "up": {"uv": [5.875, 3.625, 6.375, 4.25], "texture": "#0"}, "down": {"uv": [5.875, 3.625, 6.375, 4.25], "texture": "#0"}}}, {"from": [8.97533, 7.92059, -2.98388], "to": [9.17533, 8.37059, -0.23388], "rotation": {"angle": -45, "axis": "y", "origin": [7.87533, 7.60559, 7.80458]}, "faces": {"north": {"uv": [5.875, 3.625, 6.375, 4.25], "texture": "#0"}, "east": {"uv": [5.875, 3.625, 6.375, 4.25], "texture": "#0"}, "south": {"uv": [5.875, 3.625, 6.375, 4.25], "texture": "#0"}, "west": {"uv": [5.875, 3.625, 6.375, 4.25], "texture": "#0"}, "up": {"uv": [5.875, 3.625, 6.375, 4.25], "texture": "#0"}, "down": {"uv": [5.875, 3.625, 6.375, 4.25], "texture": "#0"}}}, {"from": [7.07533, 6.62059, -2.48388], "to": [8.67533, 7.57059, -0.73388], "rotation": {"angle": -45, "axis": "y", "origin": [7.87533, 7.60559, 7.80458]}, "faces": {"north": {"uv": [5.875, 3.625, 6.375, 4.25], "texture": "#0"}, "east": {"uv": [5.875, 3.625, 6.375, 4.25], "texture": "#0"}, "south": {"uv": [5.875, 3.625, 6.375, 4.25], "texture": "#0"}, "west": {"uv": [5.875, 3.625, 6.375, 4.25], "texture": "#0"}, "up": {"uv": [5.875, 3.625, 6.375, 4.25], "texture": "#0"}, "down": {"uv": [5.875, 3.625, 6.375, 4.25], "texture": "#0"}}}, {"from": [6.57533, 7.52059, -2.98388], "to": [9.17533, 7.97059, -0.23388], "rotation": {"angle": -45, "axis": "y", "origin": [7.87533, 7.60559, 7.80458]}, "faces": {"north": {"uv": [5.875, 3.625, 6.375, 4.25], "texture": "#0"}, "east": {"uv": [5.875, 3.625, 6.375, 4.25], "texture": "#0"}, "south": {"uv": [5.875, 3.625, 6.375, 4.25], "texture": "#0"}, "west": {"uv": [5.875, 3.625, 6.375, 4.25], "texture": "#0"}, "up": {"uv": [5.875, 3.625, 6.375, 4.25], "texture": "#0"}, "down": {"uv": [5.875, 3.625, 6.375, 4.25], "texture": "#0"}}}, {"from": [7.27533, 8.02059, -2.18388], "to": [8.47533, 9.47059, -0.98388], "rotation": {"angle": -45, "axis": "y", "origin": [7.87533, 7.60559, 7.80458]}, "faces": {"north": {"uv": [3.25, 6.375, 4.5, 7.625], "texture": "#1"}, "east": {"uv": [3.25, 6.375, 4.5, 7.625], "texture": "#1"}, "south": {"uv": [3.25, 6.375, 4.5, 7.625], "texture": "#1"}, "west": {"uv": [3.25, 6.375, 4.5, 7.625], "texture": "#1"}, "up": {"uv": [3.25, 6.375, 4.5, 7.625], "texture": "#1"}, "down": {"uv": [3.25, 6.375, 4.5, 7.625], "texture": "#1"}}}, {"from": [7.72533, 8.22059, -1.73388], "to": [8.02533, 9.97059, -1.43388], "rotation": {"angle": -45, "axis": "y", "origin": [7.87533, 7.60559, 7.80458]}, "faces": {"north": {"uv": [3.125, 3.625, 3.75, 3.875], "texture": "#2"}, "east": {"uv": [3.125, 3.625, 3.75, 3.875], "texture": "#2"}, "south": {"uv": [3.125, 3.625, 3.75, 3.875], "texture": "#2"}, "west": {"uv": [3.125, 3.625, 3.75, 3.875], "texture": "#2"}, "up": {"uv": [3.125, 3.625, 3.75, 3.875], "texture": "#2"}, "down": {"uv": [3.125, 3.625, 3.75, 3.875], "texture": "#2"}}}, {"from": [6.57533, 7.92059, -0.43388], "to": [9.17533, 8.37059, -0.23388], "rotation": {"angle": -45, "axis": "y", "origin": [7.87533, 7.60559, 7.80458]}, "faces": {"north": {"uv": [5.875, 3.625, 6.375, 4.25], "texture": "#0"}, "east": {"uv": [5.875, 3.625, 6.375, 4.25], "texture": "#0"}, "south": {"uv": [5.875, 3.625, 6.375, 4.25], "texture": "#0"}, "west": {"uv": [5.875, 3.625, 6.375, 4.25], "texture": "#0"}, "up": {"uv": [5.875, 3.625, 6.375, 4.25], "texture": "#0"}, "down": {"uv": [5.875, 3.625, 6.375, 4.25], "texture": "#0"}}}, {"from": [6.57533, 7.92059, -2.98388], "to": [6.77533, 8.37059, -0.23388], "rotation": {"angle": -45, "axis": "y", "origin": [7.87533, 7.60559, 7.80458]}, "faces": {"north": {"uv": [5.875, 3.625, 6.375, 4.25], "texture": "#0"}, "east": {"uv": [5.875, 3.625, 6.375, 4.25], "texture": "#0"}, "south": {"uv": [5.875, 3.625, 6.375, 4.25], "texture": "#0"}, "west": {"uv": [5.875, 3.625, 6.375, 4.25], "texture": "#0"}, "up": {"uv": [5.875, 3.625, 6.375, 4.25], "texture": "#0"}, "down": {"uv": [5.875, 3.625, 6.375, 4.25], "texture": "#0"}}}, {"from": [7.47533, 4.62059, -1.98388], "to": [8.27533, 7.57059, -1.23388], "rotation": {"angle": -45, "axis": "y", "origin": [7.87533, 7.60559, 7.80458]}, "faces": {"north": {"uv": [5.875, 3.625, 6.375, 4.25], "texture": "#0"}, "east": {"uv": [5.875, 3.625, 6.375, 4.25], "texture": "#0"}, "south": {"uv": [5.875, 3.625, 6.375, 4.25], "texture": "#0"}, "west": {"uv": [5.875, 3.625, 6.375, 4.25], "texture": "#0"}, "up": {"uv": [5.875, 3.625, 6.375, 4.25], "texture": "#0"}, "down": {"uv": [5.875, 3.625, 6.375, 4.25], "texture": "#0"}}}, {"from": [7.57533, 3.22059, -1.85888], "to": [8.17533, 6.17059, -1.50888], "rotation": {"angle": -45, "axis": "y", "origin": [7.87533, 7.60559, 7.80458]}, "faces": {"north": {"uv": [5.875, 3.625, 6.375, 4.25], "texture": "#0"}, "east": {"uv": [5.875, 3.625, 6.375, 4.25], "texture": "#0"}, "south": {"uv": [5.875, 3.625, 6.375, 4.25], "texture": "#0"}, "west": {"uv": [5.875, 3.625, 6.375, 4.25], "texture": "#0"}, "up": {"uv": [5.875, 3.625, 6.375, 4.25], "texture": "#0"}, "down": {"uv": [5.875, 3.625, 6.375, 4.25], "texture": "#0"}}}, {"from": [18.46378, 7.92059, 6.50458], "to": [18.66378, 8.37059, 9.10458], "rotation": {"angle": 0, "axis": "y", "origin": [7.87533, 7.60559, 7.80458]}, "faces": {"north": {"uv": [5.875, 3.625, 6.375, 4.25], "texture": "#0"}, "east": {"uv": [5.875, 3.625, 6.375, 4.25], "texture": "#0"}, "south": {"uv": [5.875, 3.625, 6.375, 4.25], "texture": "#0"}, "west": {"uv": [5.875, 3.625, 6.375, 4.25], "texture": "#0"}, "up": {"uv": [5.875, 3.625, 6.375, 4.25], "rotation": 90, "texture": "#0"}, "down": {"uv": [5.875, 3.625, 6.375, 4.25], "rotation": 270, "texture": "#0"}}}, {"from": [15.91378, 7.92059, 8.90458], "to": [18.66378, 8.37059, 9.10458], "rotation": {"angle": 0, "axis": "y", "origin": [7.87533, 7.60559, 7.80458]}, "faces": {"north": {"uv": [5.875, 3.625, 6.375, 4.25], "texture": "#0"}, "east": {"uv": [5.875, 3.625, 6.375, 4.25], "texture": "#0"}, "south": {"uv": [5.875, 3.625, 6.375, 4.25], "texture": "#0"}, "west": {"uv": [5.875, 3.625, 6.375, 4.25], "texture": "#0"}, "up": {"uv": [5.875, 3.625, 6.375, 4.25], "rotation": 90, "texture": "#0"}, "down": {"uv": [5.875, 3.625, 6.375, 4.25], "rotation": 270, "texture": "#0"}}}, {"from": [16.41378, 6.62059, 7.00458], "to": [18.16378, 7.57059, 8.60458], "rotation": {"angle": 0, "axis": "y", "origin": [7.87533, 7.60559, 7.80458]}, "faces": {"north": {"uv": [5.875, 3.625, 6.375, 4.25], "texture": "#0"}, "east": {"uv": [5.875, 3.625, 6.375, 4.25], "texture": "#0"}, "south": {"uv": [5.875, 3.625, 6.375, 4.25], "texture": "#0"}, "west": {"uv": [5.875, 3.625, 6.375, 4.25], "texture": "#0"}, "up": {"uv": [5.875, 3.625, 6.375, 4.25], "rotation": 90, "texture": "#0"}, "down": {"uv": [5.875, 3.625, 6.375, 4.25], "rotation": 270, "texture": "#0"}}}, {"from": [15.91378, 7.52059, 6.50458], "to": [18.66378, 7.97059, 9.10458], "rotation": {"angle": 0, "axis": "y", "origin": [7.87533, 7.60559, 7.80458]}, "faces": {"north": {"uv": [5.875, 3.625, 6.375, 4.25], "texture": "#0"}, "east": {"uv": [5.875, 3.625, 6.375, 4.25], "texture": "#0"}, "south": {"uv": [5.875, 3.625, 6.375, 4.25], "texture": "#0"}, "west": {"uv": [5.875, 3.625, 6.375, 4.25], "texture": "#0"}, "up": {"uv": [5.875, 3.625, 6.375, 4.25], "rotation": 90, "texture": "#0"}, "down": {"uv": [5.875, 3.625, 6.375, 4.25], "rotation": 270, "texture": "#0"}}}, {"from": [16.66378, 8.02059, 7.20458], "to": [17.86378, 9.47059, 8.40458], "rotation": {"angle": 0, "axis": "y", "origin": [7.87533, 7.60559, 7.80458]}, "faces": {"north": {"uv": [3.25, 6.375, 4.5, 7.625], "texture": "#1"}, "east": {"uv": [3.25, 6.375, 4.5, 7.625], "texture": "#1"}, "south": {"uv": [3.25, 6.375, 4.5, 7.625], "texture": "#1"}, "west": {"uv": [3.25, 6.375, 4.5, 7.625], "texture": "#1"}, "up": {"uv": [3.25, 6.375, 4.5, 7.625], "rotation": 90, "texture": "#1"}, "down": {"uv": [3.25, 6.375, 4.5, 7.625], "rotation": 270, "texture": "#1"}}}, {"from": [17.11378, 8.22059, 7.65458], "to": [17.41378, 9.97059, 7.95458], "rotation": {"angle": 0, "axis": "y", "origin": [7.87533, 7.60559, 7.80458]}, "faces": {"north": {"uv": [3.125, 3.625, 3.75, 3.875], "texture": "#2"}, "east": {"uv": [3.125, 3.625, 3.75, 3.875], "texture": "#2"}, "south": {"uv": [3.125, 3.625, 3.75, 3.875], "texture": "#2"}, "west": {"uv": [3.125, 3.625, 3.75, 3.875], "texture": "#2"}, "up": {"uv": [3.125, 3.625, 3.75, 3.875], "rotation": 90, "texture": "#2"}, "down": {"uv": [3.125, 3.625, 3.75, 3.875], "rotation": 270, "texture": "#2"}}}, {"from": [15.91378, 7.92059, 6.50458], "to": [16.11378, 8.37059, 9.10458], "rotation": {"angle": 0, "axis": "y", "origin": [7.87533, 7.60559, 7.80458]}, "faces": {"north": {"uv": [5.875, 3.625, 6.375, 4.25], "texture": "#0"}, "east": {"uv": [5.875, 3.625, 6.375, 4.25], "texture": "#0"}, "south": {"uv": [5.875, 3.625, 6.375, 4.25], "texture": "#0"}, "west": {"uv": [5.875, 3.625, 6.375, 4.25], "texture": "#0"}, "up": {"uv": [5.875, 3.625, 6.375, 4.25], "rotation": 90, "texture": "#0"}, "down": {"uv": [5.875, 3.625, 6.375, 4.25], "rotation": 270, "texture": "#0"}}}, {"from": [15.91378, 7.92059, 6.50458], "to": [18.66378, 8.37059, 6.70458], "rotation": {"angle": 0, "axis": "y", "origin": [7.87533, 7.60559, 7.80458]}, "faces": {"north": {"uv": [5.875, 3.625, 6.375, 4.25], "texture": "#0"}, "east": {"uv": [5.875, 3.625, 6.375, 4.25], "texture": "#0"}, "south": {"uv": [5.875, 3.625, 6.375, 4.25], "texture": "#0"}, "west": {"uv": [5.875, 3.625, 6.375, 4.25], "texture": "#0"}, "up": {"uv": [5.875, 3.625, 6.375, 4.25], "rotation": 90, "texture": "#0"}, "down": {"uv": [5.875, 3.625, 6.375, 4.25], "rotation": 270, "texture": "#0"}}}, {"from": [16.91378, 4.62059, 7.40458], "to": [17.66378, 7.57059, 8.20458], "rotation": {"angle": 0, "axis": "y", "origin": [7.87533, 7.60559, 7.80458]}, "faces": {"north": {"uv": [5.875, 3.625, 6.375, 4.25], "texture": "#0"}, "east": {"uv": [5.875, 3.625, 6.375, 4.25], "texture": "#0"}, "south": {"uv": [5.875, 3.625, 6.375, 4.25], "texture": "#0"}, "west": {"uv": [5.875, 3.625, 6.375, 4.25], "texture": "#0"}, "up": {"uv": [5.875, 3.625, 6.375, 4.25], "rotation": 90, "texture": "#0"}, "down": {"uv": [5.875, 3.625, 6.375, 4.25], "rotation": 270, "texture": "#0"}}}, {"from": [17.18878, 3.22059, 7.50458], "to": [17.53878, 6.17059, 8.10458], "rotation": {"angle": 0, "axis": "y", "origin": [7.87533, 7.60559, 7.80458]}, "faces": {"north": {"uv": [5.875, 3.625, 6.375, 4.25], "texture": "#0"}, "east": {"uv": [5.875, 3.625, 6.375, 4.25], "texture": "#0"}, "south": {"uv": [5.875, 3.625, 6.375, 4.25], "texture": "#0"}, "west": {"uv": [5.875, 3.625, 6.375, 4.25], "texture": "#0"}, "up": {"uv": [5.875, 3.625, 6.375, 4.25], "rotation": 90, "texture": "#0"}, "down": {"uv": [5.875, 3.625, 6.375, 4.25], "rotation": 270, "texture": "#0"}}}, {"from": [-2.91313, 7.92059, 6.50458], "to": [-2.71313, 8.37059, 9.10458], "rotation": {"angle": -45, "axis": "y", "origin": [7.87533, 7.60559, 7.80458]}, "faces": {"north": {"uv": [6.375, 3.625, 5.875, 4.25], "texture": "#0"}, "east": {"uv": [6.375, 3.625, 5.875, 4.25], "texture": "#0"}, "south": {"uv": [6.375, 3.625, 5.875, 4.25], "texture": "#0"}, "west": {"uv": [6.375, 3.625, 5.875, 4.25], "texture": "#0"}, "up": {"uv": [5.875, 4.25, 6.375, 3.625], "rotation": 90, "texture": "#0"}, "down": {"uv": [5.875, 4.25, 6.375, 3.625], "rotation": 270, "texture": "#0"}}}, {"from": [-2.91313, 7.92059, 8.90458], "to": [-0.16313, 8.37059, 9.10458], "rotation": {"angle": -45, "axis": "y", "origin": [7.87533, 7.60559, 7.80458]}, "faces": {"north": {"uv": [6.375, 3.625, 5.875, 4.25], "texture": "#0"}, "east": {"uv": [6.375, 3.625, 5.875, 4.25], "texture": "#0"}, "south": {"uv": [6.375, 3.625, 5.875, 4.25], "texture": "#0"}, "west": {"uv": [6.375, 3.625, 5.875, 4.25], "texture": "#0"}, "up": {"uv": [5.875, 4.25, 6.375, 3.625], "rotation": 90, "texture": "#0"}, "down": {"uv": [5.875, 4.25, 6.375, 3.625], "rotation": 270, "texture": "#0"}}}, {"from": [-2.41313, 6.62059, 7.00458], "to": [-0.66313, 7.57059, 8.60458], "rotation": {"angle": -45, "axis": "y", "origin": [7.87533, 7.60559, 7.80458]}, "faces": {"north": {"uv": [6.375, 3.625, 5.875, 4.25], "texture": "#0"}, "east": {"uv": [6.375, 3.625, 5.875, 4.25], "texture": "#0"}, "south": {"uv": [6.375, 3.625, 5.875, 4.25], "texture": "#0"}, "west": {"uv": [6.375, 3.625, 5.875, 4.25], "texture": "#0"}, "up": {"uv": [5.875, 4.25, 6.375, 3.625], "rotation": 90, "texture": "#0"}, "down": {"uv": [5.875, 4.25, 6.375, 3.625], "rotation": 270, "texture": "#0"}}}, {"from": [-2.91313, 7.52059, 6.50458], "to": [-0.16313, 7.97059, 9.10458], "rotation": {"angle": -45, "axis": "y", "origin": [7.87533, 7.60559, 7.80458]}, "faces": {"north": {"uv": [6.375, 3.625, 5.875, 4.25], "texture": "#0"}, "east": {"uv": [6.375, 3.625, 5.875, 4.25], "texture": "#0"}, "south": {"uv": [6.375, 3.625, 5.875, 4.25], "texture": "#0"}, "west": {"uv": [6.375, 3.625, 5.875, 4.25], "texture": "#0"}, "up": {"uv": [5.875, 4.25, 6.375, 3.625], "rotation": 90, "texture": "#0"}, "down": {"uv": [5.875, 4.25, 6.375, 3.625], "rotation": 270, "texture": "#0"}}}, {"from": [-2.11313, 8.02059, 7.20458], "to": [-0.91313, 9.47059, 8.40458], "rotation": {"angle": -45, "axis": "y", "origin": [7.87533, 7.60559, 7.80458]}, "faces": {"north": {"uv": [4.5, 6.375, 3.25, 7.625], "texture": "#1"}, "east": {"uv": [4.5, 6.375, 3.25, 7.625], "texture": "#1"}, "south": {"uv": [4.5, 6.375, 3.25, 7.625], "texture": "#1"}, "west": {"uv": [4.5, 6.375, 3.25, 7.625], "texture": "#1"}, "up": {"uv": [3.25, 7.625, 4.5, 6.375], "rotation": 90, "texture": "#1"}, "down": {"uv": [3.25, 7.625, 4.5, 6.375], "rotation": 270, "texture": "#1"}}}, {"from": [-1.66313, 8.22059, 7.65458], "to": [-1.36313, 9.97059, 7.95458], "rotation": {"angle": -45, "axis": "y", "origin": [7.87533, 7.60559, 7.80458]}, "faces": {"north": {"uv": [3.75, 3.625, 3.125, 3.875], "texture": "#2"}, "east": {"uv": [3.75, 3.625, 3.125, 3.875], "texture": "#2"}, "south": {"uv": [3.75, 3.625, 3.125, 3.875], "texture": "#2"}, "west": {"uv": [3.75, 3.625, 3.125, 3.875], "texture": "#2"}, "up": {"uv": [3.125, 3.875, 3.75, 3.625], "rotation": 90, "texture": "#2"}, "down": {"uv": [3.125, 3.875, 3.75, 3.625], "rotation": 270, "texture": "#2"}}}, {"from": [-0.36313, 7.92059, 6.50458], "to": [-0.16313, 8.37059, 9.10458], "rotation": {"angle": -45, "axis": "y", "origin": [7.87533, 7.60559, 7.80458]}, "faces": {"north": {"uv": [6.375, 3.625, 5.875, 4.25], "texture": "#0"}, "east": {"uv": [6.375, 3.625, 5.875, 4.25], "texture": "#0"}, "south": {"uv": [6.375, 3.625, 5.875, 4.25], "texture": "#0"}, "west": {"uv": [6.375, 3.625, 5.875, 4.25], "texture": "#0"}, "up": {"uv": [5.875, 4.25, 6.375, 3.625], "rotation": 90, "texture": "#0"}, "down": {"uv": [5.875, 4.25, 6.375, 3.625], "rotation": 270, "texture": "#0"}}}, {"from": [-2.91313, 7.92059, 6.50458], "to": [-0.16313, 8.37059, 6.70458], "rotation": {"angle": -45, "axis": "y", "origin": [7.87533, 7.60559, 7.80458]}, "faces": {"north": {"uv": [6.375, 3.625, 5.875, 4.25], "texture": "#0"}, "east": {"uv": [6.375, 3.625, 5.875, 4.25], "texture": "#0"}, "south": {"uv": [6.375, 3.625, 5.875, 4.25], "texture": "#0"}, "west": {"uv": [6.375, 3.625, 5.875, 4.25], "texture": "#0"}, "up": {"uv": [5.875, 4.25, 6.375, 3.625], "rotation": 90, "texture": "#0"}, "down": {"uv": [5.875, 4.25, 6.375, 3.625], "rotation": 270, "texture": "#0"}}}, {"from": [-1.91313, 4.62059, 7.40458], "to": [-1.16313, 7.57059, 8.20458], "rotation": {"angle": -45, "axis": "y", "origin": [7.87533, 7.60559, 7.80458]}, "faces": {"north": {"uv": [6.375, 3.625, 5.875, 4.25], "texture": "#0"}, "east": {"uv": [6.375, 3.625, 5.875, 4.25], "texture": "#0"}, "south": {"uv": [6.375, 3.625, 5.875, 4.25], "texture": "#0"}, "west": {"uv": [6.375, 3.625, 5.875, 4.25], "texture": "#0"}, "up": {"uv": [5.875, 4.25, 6.375, 3.625], "rotation": 90, "texture": "#0"}, "down": {"uv": [5.875, 4.25, 6.375, 3.625], "rotation": 270, "texture": "#0"}}}, {"from": [-1.78813, 3.22059, 7.50458], "to": [-1.43813, 6.17059, 8.10458], "rotation": {"angle": -45, "axis": "y", "origin": [7.87533, 7.60559, 7.80458]}, "faces": {"north": {"uv": [6.375, 3.625, 5.875, 4.25], "texture": "#0"}, "east": {"uv": [6.375, 3.625, 5.875, 4.25], "texture": "#0"}, "south": {"uv": [6.375, 3.625, 5.875, 4.25], "texture": "#0"}, "west": {"uv": [6.375, 3.625, 5.875, 4.25], "texture": "#0"}, "up": {"uv": [5.875, 4.25, 6.375, 3.625], "rotation": 90, "texture": "#0"}, "down": {"uv": [5.875, 4.25, 6.375, 3.625], "rotation": 270, "texture": "#0"}}}, {"from": [-2.91313, 7.92059, 6.50458], "to": [-2.71313, 8.37059, 9.10458], "rotation": {"angle": 0, "axis": "y", "origin": [7.87533, 7.60559, 7.80458]}, "faces": {"north": {"uv": [6.375, 3.625, 5.875, 4.25], "texture": "#0"}, "east": {"uv": [6.375, 3.625, 5.875, 4.25], "texture": "#0"}, "south": {"uv": [6.375, 3.625, 5.875, 4.25], "texture": "#0"}, "west": {"uv": [6.375, 3.625, 5.875, 4.25], "texture": "#0"}, "up": {"uv": [5.875, 4.25, 6.375, 3.625], "rotation": 90, "texture": "#0"}, "down": {"uv": [5.875, 4.25, 6.375, 3.625], "rotation": 270, "texture": "#0"}}}, {"from": [-2.91313, 7.92059, 8.90458], "to": [-0.16313, 8.37059, 9.10458], "rotation": {"angle": 0, "axis": "y", "origin": [7.87533, 7.60559, 7.80458]}, "faces": {"north": {"uv": [6.375, 3.625, 5.875, 4.25], "texture": "#0"}, "east": {"uv": [6.375, 3.625, 5.875, 4.25], "texture": "#0"}, "south": {"uv": [6.375, 3.625, 5.875, 4.25], "texture": "#0"}, "west": {"uv": [6.375, 3.625, 5.875, 4.25], "texture": "#0"}, "up": {"uv": [5.875, 4.25, 6.375, 3.625], "rotation": 90, "texture": "#0"}, "down": {"uv": [5.875, 4.25, 6.375, 3.625], "rotation": 270, "texture": "#0"}}}, {"from": [-2.41313, 6.62059, 7.00458], "to": [-0.66313, 7.57059, 8.60458], "rotation": {"angle": 0, "axis": "y", "origin": [7.87533, 7.60559, 7.80458]}, "faces": {"north": {"uv": [6.375, 3.625, 5.875, 4.25], "texture": "#0"}, "east": {"uv": [6.375, 3.625, 5.875, 4.25], "texture": "#0"}, "south": {"uv": [6.375, 3.625, 5.875, 4.25], "texture": "#0"}, "west": {"uv": [6.375, 3.625, 5.875, 4.25], "texture": "#0"}, "up": {"uv": [5.875, 4.25, 6.375, 3.625], "rotation": 90, "texture": "#0"}, "down": {"uv": [5.875, 4.25, 6.375, 3.625], "rotation": 270, "texture": "#0"}}}, {"from": [-2.91313, 7.52059, 6.50458], "to": [-0.16313, 7.97059, 9.10458], "rotation": {"angle": 0, "axis": "y", "origin": [7.87533, 7.60559, 7.80458]}, "faces": {"north": {"uv": [6.375, 3.625, 5.875, 4.25], "texture": "#0"}, "east": {"uv": [6.375, 3.625, 5.875, 4.25], "texture": "#0"}, "south": {"uv": [6.375, 3.625, 5.875, 4.25], "texture": "#0"}, "west": {"uv": [6.375, 3.625, 5.875, 4.25], "texture": "#0"}, "up": {"uv": [5.875, 4.25, 6.375, 3.625], "rotation": 90, "texture": "#0"}, "down": {"uv": [5.875, 4.25, 6.375, 3.625], "rotation": 270, "texture": "#0"}}}, {"from": [-2.11313, 8.02059, 7.20458], "to": [-0.91313, 9.47059, 8.40458], "rotation": {"angle": 0, "axis": "y", "origin": [7.87533, 7.60559, 7.80458]}, "faces": {"north": {"uv": [4.5, 6.375, 3.25, 7.625], "texture": "#1"}, "east": {"uv": [4.5, 6.375, 3.25, 7.625], "texture": "#1"}, "south": {"uv": [4.5, 6.375, 3.25, 7.625], "texture": "#1"}, "west": {"uv": [4.5, 6.375, 3.25, 7.625], "texture": "#1"}, "up": {"uv": [3.25, 7.625, 4.5, 6.375], "rotation": 90, "texture": "#1"}, "down": {"uv": [3.25, 7.625, 4.5, 6.375], "rotation": 270, "texture": "#1"}}}, {"from": [-1.66313, 8.22059, 7.65458], "to": [-1.36313, 9.97059, 7.95458], "rotation": {"angle": 0, "axis": "y", "origin": [7.87533, 7.60559, 7.80458]}, "faces": {"north": {"uv": [3.75, 3.625, 3.125, 3.875], "texture": "#2"}, "east": {"uv": [3.75, 3.625, 3.125, 3.875], "texture": "#2"}, "south": {"uv": [3.75, 3.625, 3.125, 3.875], "texture": "#2"}, "west": {"uv": [3.75, 3.625, 3.125, 3.875], "texture": "#2"}, "up": {"uv": [3.125, 3.875, 3.75, 3.625], "rotation": 90, "texture": "#2"}, "down": {"uv": [3.125, 3.875, 3.75, 3.625], "rotation": 270, "texture": "#2"}}}, {"from": [-0.36313, 7.92059, 6.50458], "to": [-0.16313, 8.37059, 9.10458], "rotation": {"angle": 0, "axis": "y", "origin": [7.87533, 7.60559, 7.80458]}, "faces": {"north": {"uv": [6.375, 3.625, 5.875, 4.25], "texture": "#0"}, "east": {"uv": [6.375, 3.625, 5.875, 4.25], "texture": "#0"}, "south": {"uv": [6.375, 3.625, 5.875, 4.25], "texture": "#0"}, "west": {"uv": [6.375, 3.625, 5.875, 4.25], "texture": "#0"}, "up": {"uv": [5.875, 4.25, 6.375, 3.625], "rotation": 90, "texture": "#0"}, "down": {"uv": [5.875, 4.25, 6.375, 3.625], "rotation": 270, "texture": "#0"}}}, {"from": [-2.91313, 7.92059, 6.50458], "to": [-0.16313, 8.37059, 6.70458], "rotation": {"angle": 0, "axis": "y", "origin": [7.87533, 7.60559, 7.80458]}, "faces": {"north": {"uv": [6.375, 3.625, 5.875, 4.25], "texture": "#0"}, "east": {"uv": [6.375, 3.625, 5.875, 4.25], "texture": "#0"}, "south": {"uv": [6.375, 3.625, 5.875, 4.25], "texture": "#0"}, "west": {"uv": [6.375, 3.625, 5.875, 4.25], "texture": "#0"}, "up": {"uv": [5.875, 4.25, 6.375, 3.625], "rotation": 90, "texture": "#0"}, "down": {"uv": [5.875, 4.25, 6.375, 3.625], "rotation": 270, "texture": "#0"}}}, {"from": [-1.91313, 4.62059, 7.40458], "to": [-1.16313, 7.57059, 8.20458], "rotation": {"angle": 0, "axis": "y", "origin": [7.87533, 7.60559, 7.80458]}, "faces": {"north": {"uv": [6.375, 3.625, 5.875, 4.25], "texture": "#0"}, "east": {"uv": [6.375, 3.625, 5.875, 4.25], "texture": "#0"}, "south": {"uv": [6.375, 3.625, 5.875, 4.25], "texture": "#0"}, "west": {"uv": [6.375, 3.625, 5.875, 4.25], "texture": "#0"}, "up": {"uv": [5.875, 4.25, 6.375, 3.625], "rotation": 90, "texture": "#0"}, "down": {"uv": [5.875, 4.25, 6.375, 3.625], "rotation": 270, "texture": "#0"}}}, {"from": [-1.78813, 3.22059, 7.50458], "to": [-1.43813, 6.17059, 8.10458], "rotation": {"angle": 0, "axis": "y", "origin": [7.87533, 7.60559, 7.80458]}, "faces": {"north": {"uv": [6.375, 3.625, 5.875, 4.25], "texture": "#0"}, "east": {"uv": [6.375, 3.625, 5.875, 4.25], "texture": "#0"}, "south": {"uv": [6.375, 3.625, 5.875, 4.25], "texture": "#0"}, "west": {"uv": [6.375, 3.625, 5.875, 4.25], "texture": "#0"}, "up": {"uv": [5.875, 4.25, 6.375, 3.625], "rotation": 90, "texture": "#0"}, "down": {"uv": [5.875, 4.25, 6.375, 3.625], "rotation": 270, "texture": "#0"}}}, {"from": [18.46378, 7.92059, 6.50458], "to": [18.66378, 8.37059, 9.10458], "rotation": {"angle": -45, "axis": "y", "origin": [7.87533, 7.60559, 7.80458]}, "faces": {"north": {"uv": [5.875, 3.625, 6.375, 4.25], "texture": "#0"}, "east": {"uv": [5.875, 3.625, 6.375, 4.25], "texture": "#0"}, "south": {"uv": [5.875, 3.625, 6.375, 4.25], "texture": "#0"}, "west": {"uv": [5.875, 3.625, 6.375, 4.25], "texture": "#0"}, "up": {"uv": [5.875, 3.625, 6.375, 4.25], "rotation": 90, "texture": "#0"}, "down": {"uv": [5.875, 3.625, 6.375, 4.25], "rotation": 270, "texture": "#0"}}}, {"from": [15.91378, 7.92059, 8.90458], "to": [18.66378, 8.37059, 9.10458], "rotation": {"angle": -45, "axis": "y", "origin": [7.87533, 7.60559, 7.80458]}, "faces": {"north": {"uv": [5.875, 3.625, 6.375, 4.25], "texture": "#0"}, "east": {"uv": [5.875, 3.625, 6.375, 4.25], "texture": "#0"}, "south": {"uv": [5.875, 3.625, 6.375, 4.25], "texture": "#0"}, "west": {"uv": [5.875, 3.625, 6.375, 4.25], "texture": "#0"}, "up": {"uv": [5.875, 3.625, 6.375, 4.25], "rotation": 90, "texture": "#0"}, "down": {"uv": [5.875, 3.625, 6.375, 4.25], "rotation": 270, "texture": "#0"}}}, {"from": [16.41378, 6.62059, 7.00458], "to": [18.16378, 7.57059, 8.60458], "rotation": {"angle": -45, "axis": "y", "origin": [7.87533, 7.60559, 7.80458]}, "faces": {"north": {"uv": [5.875, 3.625, 6.375, 4.25], "texture": "#0"}, "east": {"uv": [5.875, 3.625, 6.375, 4.25], "texture": "#0"}, "south": {"uv": [5.875, 3.625, 6.375, 4.25], "texture": "#0"}, "west": {"uv": [5.875, 3.625, 6.375, 4.25], "texture": "#0"}, "up": {"uv": [5.875, 3.625, 6.375, 4.25], "rotation": 90, "texture": "#0"}, "down": {"uv": [5.875, 3.625, 6.375, 4.25], "rotation": 270, "texture": "#0"}}}, {"from": [15.91378, 7.52059, 6.50458], "to": [18.66378, 7.97059, 9.10458], "rotation": {"angle": -45, "axis": "y", "origin": [7.87533, 7.60559, 7.80458]}, "faces": {"north": {"uv": [5.875, 3.625, 6.375, 4.25], "texture": "#0"}, "east": {"uv": [5.875, 3.625, 6.375, 4.25], "texture": "#0"}, "south": {"uv": [5.875, 3.625, 6.375, 4.25], "texture": "#0"}, "west": {"uv": [5.875, 3.625, 6.375, 4.25], "texture": "#0"}, "up": {"uv": [5.875, 3.625, 6.375, 4.25], "rotation": 90, "texture": "#0"}, "down": {"uv": [5.875, 3.625, 6.375, 4.25], "rotation": 270, "texture": "#0"}}}, {"from": [16.66378, 8.02059, 7.20458], "to": [17.86378, 9.47059, 8.40458], "rotation": {"angle": -45, "axis": "y", "origin": [7.87533, 7.60559, 7.80458]}, "faces": {"north": {"uv": [3.25, 6.375, 4.5, 7.625], "texture": "#1"}, "east": {"uv": [3.25, 6.375, 4.5, 7.625], "texture": "#1"}, "south": {"uv": [3.25, 6.375, 4.5, 7.625], "texture": "#1"}, "west": {"uv": [3.25, 6.375, 4.5, 7.625], "texture": "#1"}, "up": {"uv": [3.25, 6.375, 4.5, 7.625], "rotation": 90, "texture": "#1"}, "down": {"uv": [3.25, 6.375, 4.5, 7.625], "rotation": 270, "texture": "#1"}}}, {"from": [17.11378, 8.22059, 7.65458], "to": [17.41378, 9.97059, 7.95458], "rotation": {"angle": -45, "axis": "y", "origin": [7.87533, 7.60559, 7.80458]}, "faces": {"north": {"uv": [3.125, 3.625, 3.75, 3.875], "texture": "#2"}, "east": {"uv": [3.125, 3.625, 3.75, 3.875], "texture": "#2"}, "south": {"uv": [3.125, 3.625, 3.75, 3.875], "texture": "#2"}, "west": {"uv": [3.125, 3.625, 3.75, 3.875], "texture": "#2"}, "up": {"uv": [3.125, 3.625, 3.75, 3.875], "rotation": 90, "texture": "#2"}, "down": {"uv": [3.125, 3.625, 3.75, 3.875], "rotation": 270, "texture": "#2"}}}, {"from": [15.91378, 7.92059, 6.50458], "to": [16.11378, 8.37059, 9.10458], "rotation": {"angle": -45, "axis": "y", "origin": [7.87533, 7.60559, 7.80458]}, "faces": {"north": {"uv": [5.875, 3.625, 6.375, 4.25], "texture": "#0"}, "east": {"uv": [5.875, 3.625, 6.375, 4.25], "texture": "#0"}, "south": {"uv": [5.875, 3.625, 6.375, 4.25], "texture": "#0"}, "west": {"uv": [5.875, 3.625, 6.375, 4.25], "texture": "#0"}, "up": {"uv": [5.875, 3.625, 6.375, 4.25], "rotation": 90, "texture": "#0"}, "down": {"uv": [5.875, 3.625, 6.375, 4.25], "rotation": 270, "texture": "#0"}}}, {"from": [15.91378, 7.92059, 6.50458], "to": [18.66378, 8.37059, 6.70458], "rotation": {"angle": -45, "axis": "y", "origin": [7.87533, 7.60559, 7.80458]}, "faces": {"north": {"uv": [5.875, 3.625, 6.375, 4.25], "texture": "#0"}, "east": {"uv": [5.875, 3.625, 6.375, 4.25], "texture": "#0"}, "south": {"uv": [5.875, 3.625, 6.375, 4.25], "texture": "#0"}, "west": {"uv": [5.875, 3.625, 6.375, 4.25], "texture": "#0"}, "up": {"uv": [5.875, 3.625, 6.375, 4.25], "rotation": 90, "texture": "#0"}, "down": {"uv": [5.875, 3.625, 6.375, 4.25], "rotation": 270, "texture": "#0"}}}, {"from": [16.91378, 4.62059, 7.40458], "to": [17.66378, 7.57059, 8.20458], "rotation": {"angle": -45, "axis": "y", "origin": [7.87533, 7.60559, 7.80458]}, "faces": {"north": {"uv": [5.875, 3.625, 6.375, 4.25], "texture": "#0"}, "east": {"uv": [5.875, 3.625, 6.375, 4.25], "texture": "#0"}, "south": {"uv": [5.875, 3.625, 6.375, 4.25], "texture": "#0"}, "west": {"uv": [5.875, 3.625, 6.375, 4.25], "texture": "#0"}, "up": {"uv": [5.875, 3.625, 6.375, 4.25], "rotation": 90, "texture": "#0"}, "down": {"uv": [5.875, 3.625, 6.375, 4.25], "rotation": 270, "texture": "#0"}}}, {"from": [17.18878, 3.22059, 7.50458], "to": [17.53878, 6.17059, 8.10458], "rotation": {"angle": -45, "axis": "y", "origin": [7.87533, 7.60559, 7.80458]}, "faces": {"north": {"uv": [5.875, 3.625, 6.375, 4.25], "texture": "#0"}, "east": {"uv": [5.875, 3.625, 6.375, 4.25], "texture": "#0"}, "south": {"uv": [5.875, 3.625, 6.375, 4.25], "texture": "#0"}, "west": {"uv": [5.875, 3.625, 6.375, 4.25], "texture": "#0"}, "up": {"uv": [5.875, 3.625, 6.375, 4.25], "rotation": 90, "texture": "#0"}, "down": {"uv": [5.875, 3.625, 6.375, 4.25], "rotation": 270, "texture": "#0"}}}, {"from": [7.56879, 17.82059, 8.20458], "to": [9.81879, 18.27059, 9.40458], "rotation": {"angle": 0, "axis": "y", "origin": [17.33224, 20.20559, 9.00458]}, "faces": {"north": {"uv": [8.25, 13, 8, 13.25], "texture": "#4"}, "east": {"uv": [8.25, 13, 8, 13.25], "texture": "#4"}, "south": {"uv": [8.25, 13, 8, 13.25], "texture": "#4"}, "west": {"uv": [8.25, 13, 8, 13.25], "texture": "#4"}, "up": {"uv": [8.25, 13, 8, 13.25], "texture": "#4"}, "down": {"uv": [8.25, 13, 8, 13.25], "texture": "#4"}}}, {"from": [7.66879, 16.35228, 8.89388], "to": [8.11879, 17.90228, 9.49388], "rotation": {"angle": 22.5, "axis": "x", "origin": [17.33224, 18.33728, 9.19388]}, "faces": {"north": {"uv": [8.25, 13, 8, 13.25], "texture": "#4"}, "east": {"uv": [8.25, 13, 8, 13.25], "texture": "#4"}, "south": {"uv": [8.25, 13, 8, 13.25], "texture": "#4"}, "west": {"uv": [8.25, 13, 8, 13.25], "texture": "#4"}, "up": {"uv": [8.25, 13, 8, 13.25], "texture": "#4"}, "down": {"uv": [8.25, 13, 8, 13.25], "texture": "#4"}}}, {"from": [7.66879, 16.06916, 7.40561], "to": [8.11879, 16.66916, 8.65561], "rotation": {"angle": -22.5, "axis": "x", "origin": [7.89379, 16.36916, 7.88061]}, "faces": {"north": {"uv": [8.25, 13, 8, 13.25], "rotation": 180, "texture": "#4"}, "east": {"uv": [8.25, 13, 8, 13.25], "rotation": 180, "texture": "#4"}, "south": {"uv": [8.25, 13, 8, 13.25], "rotation": 180, "texture": "#4"}, "west": {"uv": [8.25, 13, 8, 13.25], "rotation": 180, "texture": "#4"}, "up": {"uv": [8.25, 13, 8, 13.25], "rotation": 180, "texture": "#4"}, "down": {"uv": [8.25, 13, 8, 13.25], "rotation": 180, "texture": "#4"}}}, {"from": [8.90254, 17.42966, 7.41917], "to": [9.28504, 17.93966, 8.31167], "rotation": {"angle": 22.5, "axis": "x", "origin": [9.09379, 17.68466, 7.65292]}, "faces": {"north": {"uv": [8.25, 13, 8, 13.25], "rotation": 180, "texture": "#4"}, "east": {"uv": [8.25, 13, 8, 13.25], "rotation": 180, "texture": "#4"}, "south": {"uv": [8.25, 13, 8, 13.25], "rotation": 180, "texture": "#4"}, "west": {"uv": [8.25, 13, 8, 13.25], "rotation": 180, "texture": "#4"}, "up": {"uv": [8.25, 13, 8, 13.25], "rotation": 180, "texture": "#4"}, "down": {"uv": [8.25, 13, 8, 13.25], "rotation": 180, "texture": "#4"}}}, {"from": [8.90254, 17.57237, 8.81831], "to": [9.28504, 18.03987, 9.32831], "rotation": {"angle": 22.5, "axis": "x", "origin": [17.11648, 18.40962, 9.07331]}, "faces": {"north": {"uv": [8.25, 13, 8, 13.25], "texture": "#4"}, "east": {"uv": [8.25, 13, 8, 13.25], "texture": "#4"}, "south": {"uv": [8.25, 13, 8, 13.25], "texture": "#4"}, "west": {"uv": [8.25, 13, 8, 13.25], "texture": "#4"}, "up": {"uv": [8.25, 13, 8, 13.25], "texture": "#4"}, "down": {"uv": [8.25, 13, 8, 13.25], "texture": "#4"}}}, {"from": [8.90254, 17.26702, 8.04856], "to": [9.28504, 17.77702, 8.94106], "rotation": {"angle": -22.5, "axis": "x", "origin": [9.09379, 17.52202, 8.28231]}, "faces": {"north": {"uv": [8.25, 13, 8, 13.25], "rotation": 180, "texture": "#4"}, "east": {"uv": [8.25, 13, 8, 13.25], "rotation": 180, "texture": "#4"}, "south": {"uv": [8.25, 13, 8, 13.25], "rotation": 180, "texture": "#4"}, "west": {"uv": [8.25, 13, 8, 13.25], "rotation": 180, "texture": "#4"}, "up": {"uv": [8.25, 13, 8, 13.25], "rotation": 180, "texture": "#4"}, "down": {"uv": [8.25, 13, 8, 13.25], "rotation": 180, "texture": "#4"}}}, {"from": [8.26879, 17.18438, 7.24783], "to": [8.71879, 17.78438, 8.29783], "rotation": {"angle": 22.5, "axis": "x", "origin": [8.49379, 17.48438, 7.52283]}, "faces": {"north": {"uv": [8.25, 13, 8, 13.25], "rotation": 180, "texture": "#4"}, "east": {"uv": [8.25, 13, 8, 13.25], "rotation": 180, "texture": "#4"}, "south": {"uv": [8.25, 13, 8, 13.25], "rotation": 180, "texture": "#4"}, "west": {"uv": [8.25, 13, 8, 13.25], "rotation": 180, "texture": "#4"}, "up": {"uv": [8.25, 13, 8, 13.25], "rotation": 180, "texture": "#4"}, "down": {"uv": [8.25, 13, 8, 13.25], "rotation": 180, "texture": "#4"}}}, {"from": [8.26879, 16.99304, 7.98829], "to": [8.71879, 17.59304, 9.03829], "rotation": {"angle": -22.5, "axis": "x", "origin": [8.49379, 17.29304, 8.26329]}, "faces": {"north": {"uv": [8.25, 13, 8, 13.25], "rotation": 180, "texture": "#4"}, "east": {"uv": [8.25, 13, 8, 13.25], "rotation": 180, "texture": "#4"}, "south": {"uv": [8.25, 13, 8, 13.25], "rotation": 180, "texture": "#4"}, "west": {"uv": [8.25, 13, 8, 13.25], "rotation": 180, "texture": "#4"}, "up": {"uv": [8.25, 13, 8, 13.25], "rotation": 180, "texture": "#4"}, "down": {"uv": [8.25, 13, 8, 13.25], "rotation": 180, "texture": "#4"}}}, {"from": [8.26879, 17.35228, 8.89388], "to": [8.71879, 17.90228, 9.49388], "rotation": {"angle": 22.5, "axis": "x", "origin": [17.93224, 18.33728, 9.19388]}, "faces": {"north": {"uv": [8.25, 13, 8, 13.25], "texture": "#4"}, "east": {"uv": [8.25, 13, 8, 13.25], "texture": "#4"}, "south": {"uv": [8.25, 13, 8, 13.25], "texture": "#4"}, "west": {"uv": [8.25, 13, 8, 13.25], "texture": "#4"}, "up": {"uv": [8.25, 13, 8, 13.25], "texture": "#4"}, "down": {"uv": [8.25, 13, 8, 13.25], "texture": "#4"}}}, {"from": [9.34079, 17.58098, 7.61335], "to": [9.64679, 17.98898, 8.32735], "rotation": {"angle": 22.5, "axis": "x", "origin": [9.49379, 17.78498, 7.80035]}, "faces": {"north": {"uv": [8.25, 13, 8, 13.25], "rotation": 180, "texture": "#4"}, "east": {"uv": [8.25, 13, 8, 13.25], "rotation": 180, "texture": "#4"}, "south": {"uv": [8.25, 13, 8, 13.25], "rotation": 180, "texture": "#4"}, "west": {"uv": [8.25, 13, 8, 13.25], "rotation": 180, "texture": "#4"}, "up": {"uv": [8.25, 13, 8, 13.25], "rotation": 180, "texture": "#4"}, "down": {"uv": [8.25, 13, 8, 13.25], "rotation": 180, "texture": "#4"}}}, {"from": [9.34079, 17.45086, 8.11686], "to": [9.64679, 17.85886, 8.83086], "rotation": {"angle": -22.5, "axis": "x", "origin": [9.49379, 17.65486, 8.30386]}, "faces": {"north": {"uv": [8.25, 13, 8, 13.25], "rotation": 180, "texture": "#4"}, "east": {"uv": [8.25, 13, 8, 13.25], "rotation": 180, "texture": "#4"}, "south": {"uv": [8.25, 13, 8, 13.25], "rotation": 180, "texture": "#4"}, "west": {"uv": [8.25, 13, 8, 13.25], "rotation": 180, "texture": "#4"}, "up": {"uv": [8.25, 13, 8, 13.25], "rotation": 180, "texture": "#4"}, "down": {"uv": [8.25, 13, 8, 13.25], "rotation": 180, "texture": "#4"}}}, {"from": [9.34079, 17.69515, 8.73267], "to": [9.64679, 18.06915, 9.14067], "rotation": {"angle": 22.5, "axis": "x", "origin": [15.91194, 18.36495, 8.93667]}, "faces": {"north": {"uv": [8.25, 13, 8, 13.25], "texture": "#4"}, "east": {"uv": [8.25, 13, 8, 13.25], "texture": "#4"}, "south": {"uv": [8.25, 13, 8, 13.25], "texture": "#4"}, "west": {"uv": [8.25, 13, 8, 13.25], "texture": "#4"}, "up": {"uv": [8.25, 13, 8, 13.25], "texture": "#4"}, "down": {"uv": [8.25, 13, 8, 13.25], "texture": "#4"}}}, {"from": [7.31707, 18.19341, 8.34765], "to": [8.20957, 18.57591, 8.85765], "rotation": {"angle": -22.5, "axis": "y", "origin": [7.29538, 18.38466, 8.31908]}, "faces": {"north": {"uv": [8.25, 13, 8, 13.25], "rotation": 90, "texture": "#4"}, "east": {"uv": [8.25, 13, 8, 13.25], "rotation": 90, "texture": "#4"}, "south": {"uv": [8.25, 13, 8, 13.25], "rotation": 90, "texture": "#4"}, "west": {"uv": [8.25, 13, 8, 13.25], "rotation": 90, "texture": "#4"}, "up": {"uv": [8.25, 13, 8, 13.25], "rotation": 90, "texture": "#4"}, "down": {"uv": [8.25, 13, 8, 13.25], "rotation": 90, "texture": "#4"}}}, {"from": [6.92989, 17.99341, 7.82274], "to": [7.43989, 18.37591, 8.71524], "rotation": {"angle": 22.5, "axis": "y", "origin": [7.29538, 18.18466, 8.31908]}, "faces": {"north": {"uv": [8.25, 13, 8, 13.25], "rotation": 270, "texture": "#4"}, "east": {"uv": [8.25, 13, 8, 13.25], "rotation": 270, "texture": "#4"}, "south": {"uv": [8.25, 13, 8, 13.25], "rotation": 270, "texture": "#4"}, "west": {"uv": [8.25, 13, 8, 13.25], "rotation": 270, "texture": "#4"}, "up": {"uv": [8.25, 13, 8, 13.25], "rotation": 270, "texture": "#4"}, "down": {"uv": [8.25, 13, 8, 13.25], "rotation": 270, "texture": "#4"}}}, {"from": [6.68598, 17.79341, 7.75905], "to": [7.19598, 18.17591, 8.22655], "rotation": {"angle": -22.5, "axis": "y", "origin": [7.29538, 17.98466, 8.31908]}, "faces": {"north": {"uv": [8.25, 13, 8, 13.25], "rotation": 270, "texture": "#4"}, "east": {"uv": [8.25, 13, 8, 13.25], "rotation": 270, "texture": "#4"}, "south": {"uv": [8.25, 13, 8, 13.25], "rotation": 270, "texture": "#4"}, "west": {"uv": [8.25, 13, 8, 13.25], "rotation": 270, "texture": "#4"}, "up": {"uv": [8.25, 13, 8, 13.25], "rotation": 270, "texture": "#4"}, "down": {"uv": [8.25, 13, 8, 13.25], "rotation": 270, "texture": "#4"}}}, {"from": [8.4554, 18.09885, 8.30458], "to": [9.4054, 19.14885, 9.30458], "rotation": {"angle": 22.5, "axis": "z", "origin": [9.1804, 19.22385, 8.80458]}, "faces": {"north": {"uv": [8.25, 13, 8, 13.25], "rotation": 270, "texture": "#4"}, "east": {"uv": [8.25, 13, 8, 13.25], "rotation": 270, "texture": "#4"}, "south": {"uv": [8.25, 13, 8, 13.25], "rotation": 270, "texture": "#4"}, "west": {"uv": [8.25, 13, 8, 13.25], "rotation": 270, "texture": "#4"}, "up": {"uv": [8.25, 13, 8, 13.25], "rotation": 270, "texture": "#4"}, "down": {"uv": [8.25, 13, 8, 13.25], "rotation": 270, "texture": "#4"}}}, {"from": [8.38738, 18.75206, 8.50458], "to": [8.68738, 20.27706, 9.10458], "rotation": {"angle": 45, "axis": "z", "origin": [8.46238, 19.87706, 8.80458]}, "faces": {"north": {"uv": [8.25, 13, 8, 13.25], "rotation": 270, "texture": "#4"}, "east": {"uv": [8.25, 13, 8, 13.25], "rotation": 270, "texture": "#4"}, "south": {"uv": [8.25, 13, 8, 13.25], "rotation": 270, "texture": "#4"}, "west": {"uv": [8.25, 13, 8, 13.25], "rotation": 270, "texture": "#4"}, "up": {"uv": [8.25, 13, 8, 13.25], "rotation": 270, "texture": "#4"}, "down": {"uv": [8.25, 13, 8, 13.25], "rotation": 270, "texture": "#4"}}}, {"from": [7.5643, 18.15213, 8.30458], "to": [8.0143, 19.10213, 9.30458], "rotation": {"angle": 0, "axis": "y", "origin": [7.7893, 18.57713, 8.80458]}, "faces": {"north": {"uv": [8.25, 13, 8, 13.25], "rotation": 270, "texture": "#4"}, "east": {"uv": [8.25, 13, 8, 13.25], "rotation": 270, "texture": "#4"}, "south": {"uv": [8.25, 13, 8, 13.25], "rotation": 270, "texture": "#4"}, "west": {"uv": [8.25, 13, 8, 13.25], "rotation": 270, "texture": "#4"}, "up": {"uv": [8.25, 13, 8, 13.25], "rotation": 270, "texture": "#4"}, "down": {"uv": [8.25, 13, 8, 13.25], "rotation": 270, "texture": "#4"}}}, {"from": [7.65241, 18.89509, 8.50458], "to": [8.30241, 20.17009, 9.10458], "rotation": {"angle": -22.5, "axis": "z", "origin": [7.87741, 19.17009, 8.80458]}, "faces": {"north": {"uv": [8.25, 13, 8, 13.25], "rotation": 270, "texture": "#4"}, "east": {"uv": [8.25, 13, 8, 13.25], "rotation": 270, "texture": "#4"}, "south": {"uv": [8.25, 13, 8, 13.25], "rotation": 270, "texture": "#4"}, "west": {"uv": [8.25, 13, 8, 13.25], "rotation": 270, "texture": "#4"}, "up": {"uv": [8.25, 13, 8, 13.25], "rotation": 270, "texture": "#4"}, "down": {"uv": [8.25, 13, 8, 13.25], "rotation": 270, "texture": "#4"}}}, {"from": [8.00982, 18.03368, 8.30458], "to": [9.45982, 18.88368, 9.30458], "rotation": {"angle": 0, "axis": "y", "origin": [8.53482, 19.15868, 8.80458]}, "faces": {"north": {"uv": [8.25, 13, 8, 13.25], "rotation": 270, "texture": "#4"}, "east": {"uv": [8.25, 13, 8, 13.25], "rotation": 270, "texture": "#4"}, "south": {"uv": [8.25, 13, 8, 13.25], "rotation": 270, "texture": "#4"}, "west": {"uv": [8.25, 13, 8, 13.25], "rotation": 270, "texture": "#4"}, "up": {"uv": [8.25, 13, 8, 13.25], "rotation": 270, "texture": "#4"}, "down": {"uv": [8.25, 13, 8, 13.25], "rotation": 270, "texture": "#4"}}}, {"from": [8.28218, 18.89885, 8.50458], "to": [9.13218, 19.77385, 9.10458], "rotation": {"angle": -22.5, "axis": "z", "origin": [8.20718, 19.22385, 8.80458]}, "faces": {"north": {"uv": [8.25, 13, 8, 13.25], "rotation": 270, "texture": "#4"}, "east": {"uv": [8.25, 13, 8, 13.25], "rotation": 270, "texture": "#4"}, "south": {"uv": [8.25, 13, 8, 13.25], "rotation": 270, "texture": "#4"}, "west": {"uv": [8.25, 13, 8, 13.25], "rotation": 270, "texture": "#4"}, "up": {"uv": [8.25, 13, 8, 13.25], "rotation": 270, "texture": "#4"}, "down": {"uv": [8.25, 13, 8, 13.25], "rotation": 270, "texture": "#4"}}}, {"from": [7.80982, 18.83368, 8.12958], "to": [9.35982, 20.48368, 9.35458], "rotation": {"angle": 0, "axis": "y", "origin": [8.23482, 20.75868, 8.80458]}, "faces": {"north": {"uv": [5.5, 4.25, 8, 7.625], "rotation": 90, "texture": "#3"}, "east": {"uv": [5.5, 4.75, 8, 7.625], "rotation": 90, "texture": "#3"}, "south": {"uv": [5.5, 4.25, 8, 7.625], "rotation": 90, "texture": "#3"}, "west": {"uv": [5.875, 4.75, 8.375, 7.625], "rotation": 90, "texture": "#3"}, "up": {"uv": [5.625, 4.375, 8.5, 7.75], "rotation": 90, "texture": "#3"}, "down": {"uv": [5.75, 4.375, 8.625, 7.75], "rotation": 90, "texture": "#3"}}}, {"from": [7.88824, 18.46835, 8.30458], "to": [8.83824, 18.91835, 9.30458], "rotation": {"angle": -22.5, "axis": "z", "origin": [8.41324, 18.69335, 8.80458]}, "faces": {"north": {"uv": [8.25, 13, 8, 13.25], "texture": "#4"}, "east": {"uv": [8.25, 13, 8, 13.25], "texture": "#4"}, "south": {"uv": [8.25, 13, 8, 13.25], "texture": "#4"}, "west": {"uv": [8.25, 13, 8, 13.25], "texture": "#4"}, "up": {"uv": [8.25, 13, 8, 13.25], "texture": "#4"}, "down": {"uv": [8.25, 13, 8, 13.25], "texture": "#4"}}}, {"from": [8.10982, 20.43368, 8.22958], "to": [9.15982, 21.98368, 9.55458], "rotation": {"angle": 0, "axis": "y", "origin": [8.23482, 22.25868, 8.80458]}, "faces": {"north": {"uv": [5.5, 4.25, 8, 7.625], "rotation": 90, "texture": "#3"}, "east": {"uv": [5.5, 4.75, 8, 7.625], "rotation": 90, "texture": "#3"}, "south": {"uv": [5.5, 4.25, 8, 7.625], "rotation": 90, "texture": "#3"}, "west": {"uv": [5.875, 4.75, 8.375, 7.625], "rotation": 90, "texture": "#3"}, "up": {"uv": [5.625, 4.375, 8.5, 7.75], "rotation": 90, "texture": "#3"}, "down": {"uv": [5.75, 4.375, 8.625, 7.75], "rotation": 90, "texture": "#3"}}}, {"from": [7.50982, 21.83368, 8.02958], "to": [9.55982, 23.38368, 9.45458], "rotation": {"angle": 0, "axis": "y", "origin": [8.23482, 23.65868, 8.80458]}, "faces": {"north": {"uv": [5.5, 4.25, 8, 7.625], "rotation": 90, "texture": "#3"}, "east": {"uv": [5.5, 4.75, 8, 7.625], "rotation": 90, "texture": "#3"}, "south": {"uv": [5.5, 4.25, 8, 7.625], "rotation": 90, "texture": "#3"}, "west": {"uv": [5.875, 4.75, 8.375, 7.625], "rotation": 90, "texture": "#3"}, "up": {"uv": [5.625, 4.375, 8.5, 7.75], "rotation": 90, "texture": "#3"}, "down": {"uv": [5.75, 4.375, 8.625, 7.75], "rotation": 90, "texture": "#3"}}}, {"from": [7.23982, 23.04768, 7.75858], "to": [9.82982, 24.96968, 9.72558], "rotation": {"angle": 0, "axis": "y", "origin": [8.18682, 25.31068, 8.81958]}, "faces": {"north": {"uv": [5.5, 4.25, 8, 7.625], "rotation": 90, "texture": "#3"}, "east": {"uv": [5.5, 4.75, 8, 7.625], "rotation": 90, "texture": "#3"}, "south": {"uv": [5.5, 4.25, 8, 7.625], "rotation": 90, "texture": "#3"}, "west": {"uv": [5.875, 4.75, 8.375, 7.625], "rotation": 90, "texture": "#3"}, "up": {"uv": [5.625, 4.375, 8.5, 7.75], "rotation": 90, "texture": "#3"}, "down": {"uv": [5.75, 4.375, 8.625, 7.75], "rotation": 90, "texture": "#3"}}}, {"from": [6.82132, 24.85938, 7.29353], "to": [10.24832, 28.35798, 10.19063], "rotation": {"angle": 0, "axis": "y", "origin": [8.11242, 27.80128, 8.74283]}, "faces": {"north": {"uv": [5.5, 4.25, 8, 7.625], "rotation": 90, "texture": "#3"}, "east": {"uv": [5.5, 4.75, 8, 7.625], "rotation": 90, "texture": "#3"}, "south": {"uv": [5.5, 4.25, 8, 7.625], "rotation": 90, "texture": "#3"}, "west": {"uv": [5.875, 4.75, 8.375, 7.625], "rotation": 90, "texture": "#3"}, "up": {"uv": [5.625, 4.375, 8.5, 7.75], "rotation": 90, "texture": "#3"}, "down": {"uv": [5.75, 4.375, 8.625, 7.75], "rotation": 90, "texture": "#3"}}}, {"from": [6.47862, 27.50952, 7.00382], "to": [10.59102, 31.70784, 10.48034], "rotation": {"angle": 0, "axis": "y", "origin": [8.02794, 31.0398, 8.74298]}, "faces": {"north": {"uv": [5.5, 4.25, 8, 7.625], "rotation": 90, "texture": "#3"}, "east": {"uv": [5.5, 4.75, 8, 7.625], "rotation": 90, "texture": "#3"}, "south": {"uv": [5.5, 4.25, 8, 7.625], "rotation": 90, "texture": "#3"}, "west": {"uv": [5.875, 4.75, 8.375, 7.625], "rotation": 90, "texture": "#3"}, "up": {"uv": [5.625, 4.375, 8.5, 7.75], "rotation": 90, "texture": "#3"}, "down": {"uv": [5.75, 4.375, 8.625, 7.75], "rotation": 90, "texture": "#3"}}}], "display": {"head": {"translation": [-2.25, -80, -3.25], "scale": [4, 4, 4]}}, "groups": [0, 1, 2, 3, 4, 5, 6, 7, 8, 9, 10, 11, 12, 13, 14, 15, 16, 17, 18, 19, 20, 21, 22, {"name": "group", "origin": [7.63154, 3.8, -1.58654], "children": [23, 24, 25, 26, 27, 28, 29, 30, 31, 32, 33, 34, 35, 36, 37, 38, 39, 40, 41, 42, 43, 44, 45, 46, 47, 48, 49, 50, 51, 52, 53, 54, 55, 56, 57, 58, 59, 60, 61, 62, 63, 64]}, {"name": "group", "origin": [7.63154, 3.8, -1.58654], "children": [65, 66, 67, 68, 69, 70, 71, 72, 73, 74]}, {"name": "group", "origin": [7.63154, 3.8, -1.58654], "children": [75, 76, 77, 78, 79, 80, 81, 82, 83, 84]}, {"name": "group", "origin": [7.63154, 3.8, -1.58654], "children": [85, 86, 87, 88, 89, 90, 91, 92, 93, 94]}, {"name": "group", "origin": [7.63154, 3.8, -1.58654], "children": [95, 96, 97, 98, 99, 100, 101, 102, 103, 104]}, {"name": "group", "origin": [7.63154, 3.8, -1.58654], "children": [105, 106, 107, 108, 109, 110, 111, 112, 113, 114]}, {"name": "group", "origin": [7.63154, 3.8, -1.58654], "children": [115, 116, 117, 118, 119, 120, 121, 122, 123, 124]}, {"name": "group", "origin": [7.63154, 3.8, -1.58654], "children": [125, 126, 127, 128, 129, 130, 131, 132, 133, 134]}, {"name": "group", "origin": [8.66863, 25.50569, 8.53825], "children": [135, 136, 137, 138, 139, 140, 141, 142, 143, 144, 145, 146, 147, 148, 149, 150, 151, 152, 153, 154, 155, 156, 157, 158, 159, 160, 161, 162]}]}