{"display":{"head":{"scale":[3.2,3.2,3.2]},"thirdperson_righthand":{"rotation":[0,-1,0]}},"elements":[{"faces":{"down":{"texture":"#13","uv":[0,0,0.999,0.999]},"east":{"texture":"#13","uv":[0,0,0.999,0.999]},"north":{"texture":"#13","uv":[0,0,0.999,0.999]},"south":{"texture":"#13","uv":[0,0,0.999,0.999]},"up":{"texture":"#13","uv":[0,0,0.999,0.999]},"west":{"texture":"#13","uv":[0,0,0.999,0.999]}},"from":[0.04288,-0.9149,4.94988],"rotation":{"angle":0,"axis":"y","origin":[4.04288,15.0851,11.73559]},"to":[16.04288,2.0851,13.44988]},{"faces":{"down":{"texture":"#13","uv":[0,0,0.999,0.999]},"east":{"texture":"#13","uv":[0,0,0.999,0.999]},"north":{"texture":"#13","uv":[0,0,0.999,0.999]},"south":{"texture":"#13","uv":[0,0,0.999,0.999]},"up":{"texture":"#13","uv":[0,0,0.999,0.999]},"west":{"texture":"#13","uv":[0,0,0.999,0.999]}},"from":[0.04288,-11.9149,7.94988],"rotation":{"angle":0,"axis":"y","origin":[4.04288,15.0851,11.73559]},"to":[16.04288,17.0851,13.64988]},{"faces":{"down":{"texture":"#12","uv":[10,11,10.999,11.998]},"east":{"texture":"#12","uv":[10,11,10.999,11.998]},"north":{"texture":"#12","uv":[10,11,10.999,11.998]},"south":{"texture":"#12","uv":[10,11,10.999,11.998]},"up":{"texture":"#12","uv":[10,11,10.999,11.998]},"west":{"texture":"#12","uv":[10,11,10.999,11.998]}},"from":[11.04288,5.0851,6.44988],"rotation":{"angle":0,"axis":"y","origin":[4.04288,15.0851,11.73559]},"to":[14.04288,8.0851,13.44988]},{"faces":{"down":{"texture":"#12","uv":[10,11,10.999,11.998]},"east":{"texture":"#12","uv":[10,11,10.999,11.998]},"north":{"texture":"#12","uv":[10,11,10.999,11.998]},"south":{"texture":"#12","uv":[10,11,10.999,11.998]},"up":{"texture":"#12","uv":[10,11,10.999,11.998]},"west":{"texture":"#12","uv":[10,11,10.999,11.998]}},"from":[2.04288,5.0851,6.44988],"rotation":{"angle":0,"axis":"y","origin":[4.04288,15.0851,11.73559]},"to":[5.04288,8.0851,13.44988]},{"faces":{"down":{"texture":"#10","uv":[1,1,1.999,1.999]},"east":{"texture":"#10","uv":[1,1,1.999,1.999]},"north":{"texture":"#10","uv":[1,1,1.999,1.999]},"south":{"texture":"#10","uv":[1,1,1.999,1.999]},"up":{"texture":"#10","uv":[1,1,1.999,1.999]},"west":{"texture":"#10","uv":[1,1,1.999,1.999]}},"from":[13.14288,4.9851,6.34988],"rotation":{"angle":0,"axis":"y","origin":[4.04288,15.0851,11.73559]},"to":[13.64288,8.1851,13.44988]},{"faces":{"down":{"texture":"#10","uv":[1,1,1.999,1.999]},"east":{"texture":"#10","uv":[1,1,1.999,1.999]},"north":{"texture":"#10","uv":[1,1,1.999,1.999]},"south":{"texture":"#10","uv":[1,1,1.999,1.999]},"up":{"texture":"#10","uv":[1,1,1.999,1.999]},"west":{"texture":"#10","uv":[1,1,1.999,1.999]}},"from":[4.14288,4.9851,6.34988],"rotation":{"angle":0,"axis":"y","origin":[4.04288,15.0851,11.73559]},"to":[4.64288,8.1851,13.44988]},{"faces":{"down":{"texture":"#10","uv":[1,1,1.999,1.999]},"east":{"texture":"#10","uv":[1,1,1.999,1.999]},"north":{"texture":"#10","uv":[1,1,1.999,1.999]},"south":{"texture":"#10","uv":[1,1,1.999,1.999]},"up":{"texture":"#10","uv":[1,1,1.999,1.999]},"west":{"texture":"#10","uv":[1,1,1.999,1.999]}},"from":[12.14288,4.9851,6.34988],"rotation":{"angle":0,"axis":"y","origin":[4.04288,15.0851,11.73559]},"to":[12.64288,8.1851,13.44988]},{"faces":{"down":{"texture":"#10","uv":[1,1,1.999,1.999]},"east":{"texture":"#10","uv":[1,1,1.999,1.999]},"north":{"texture":"#10","uv":[1,1,1.999,1.999]},"south":{"texture":"#10","uv":[1,1,1.999,1.999]},"up":{"texture":"#10","uv":[1,1,1.999,1.999]},"west":{"texture":"#10","uv":[1,1,1.999,1.999]}},"from":[3.14288,4.9851,6.34988],"rotation":{"angle":0,"axis":"y","origin":[4.04288,15.0851,11.73559]},"to":[3.64288,8.1851,13.44988]},{"faces":{"down":{"texture":"#10","uv":[1,1,1.999,1.999]},"east":{"texture":"#10","uv":[1,1,1.999,1.999]},"north":{"texture":"#10","uv":[1,1,1.999,1.999]},"south":{"texture":"#10","uv":[1,1,1.999,1.999]},"up":{"texture":"#10","uv":[1,1,1.999,1.999]},"west":{"texture":"#10","uv":[1,1,1.999,1.999]}},"from":[11.14288,4.9851,6.34988],"rotation":{"angle":0,"axis":"y","origin":[4.04288,15.0851,11.73559]},"to":[11.64288,8.1851,13.44988]},{"faces":{"down":{"texture":"#10","uv":[1,1,1.999,1.999]},"east":{"texture":"#10","uv":[1,1,1.999,1.999]},"north":{"texture":"#10","uv":[1,1,1.999,1.999]},"south":{"texture":"#10","uv":[1,1,1.999,1.999]},"up":{"texture":"#10","uv":[1,1,1.999,1.999]},"west":{"texture":"#10","uv":[1,1,1.999,1.999]}},"from":[2.14288,4.9851,6.34988],"rotation":{"angle":0,"axis":"y","origin":[4.04288,15.0851,11.73559]},"to":[2.64288,8.1851,13.44988]},{"faces":{"down":{"texture":"#10","uv":[1,0,1.999,0.998]},"east":{"texture":"#10","uv":[1,0,1.999,0.998]},"north":{"texture":"#10","uv":[1,0,1.999,0.998]},"south":{"texture":"#10","uv":[1,0,1.999,0.998]},"up":{"texture":"#10","uv":[1,0,1.999,0.998]},"west":{"texture":"#10","uv":[1,0,1.999,0.998]}},"from":[-0.45712,2.0851,6.84988],"rotation":{"angle":0,"axis":"y","origin":[4.04288,15.0851,11.73559]},"to":[3.04288,6.0851,12.64988]},{"faces":{"down":{"texture":"#10","uv":[1,0,1.999,0.998]},"east":{"texture":"#10","uv":[1,0,1.999,0.998]},"north":{"texture":"#10","uv":[1,0,1.999,0.998]},"south":{"texture":"#10","uv":[1,0,1.999,0.998]},"up":{"texture":"#10","uv":[1,0,1.999,0.998]},"west":{"texture":"#10","uv":[1,0,1.999,0.998]}},"from":[14.14288,2.0851,6.84988],"rotation":{"angle":0,"axis":"y","origin":[4.04288,15.0851,11.73559]},"to":[16.34288,5.4851,12.64988]},{"faces":{"down":{"texture":"#10","uv":[1,0,1.999,0.998]},"east":{"texture":"#10","uv":[1,0,1.999,0.998]},"north":{"texture":"#10","uv":[1,0,1.999,0.998]},"south":{"texture":"#10","uv":[1,0,1.999,0.998]},"up":{"texture":"#10","uv":[1,0,1.999,0.998]},"west":{"texture":"#10","uv":[1,0,1.999,0.998]}},"from":[12.46966,4.287,6.84988],"rotation":{"angle":-45,"axis":"z","origin":[14.21966,5.787,9.94988]},"to":[16.46966,7.287,12.64988]},{"faces":{"down":{"texture":"#10","uv":[1,0,1.999,0.998]},"east":{"texture":"#10","uv":[1,0,1.999,0.998]},"north":{"texture":"#10","uv":[1,0,1.999,0.998]},"south":{"texture":"#10","uv":[1,0,1.999,0.998]},"up":{"texture":"#10","uv":[1,0,1.999,0.998]},"west":{"texture":"#10","uv":[1,0,1.999,0.998]}},"from":[-0.3839,4.287,6.84988],"rotation":{"angle":45,"axis":"z","origin":[1.8661,5.787,9.94988]},"to":[3.6161,7.287,12.64988]},{"faces":{"down":{"texture":"#4","uv":[5,1,5.999,1.999]},"east":{"texture":"#4","uv":[5,1,5.999,1.999]},"north":{"texture":"#4","uv":[5,1,5.999,1.999]},"south":{"texture":"#4","uv":[5,1,5.999,1.999]},"up":{"texture":"#4","uv":[5,1,5.999,1.999]},"west":{"texture":"#4","uv":[5,1,5.999,1.999]}},"from":[10.99643,1.48891,4.74988],"rotation":{"angle":0,"axis":"z","origin":[14.32217,5.39307,9.94988]},"to":[15.49643,3.48891,12.44988]},{"faces":{"down":{"texture":"#4","uv":[5,1,5.999,1.999]},"east":{"texture":"#4","uv":[5,1,5.999,1.999]},"north":{"texture":"#4","uv":[5,1,5.999,1.999]},"south":{"texture":"#4","uv":[5,1,5.999,1.999]},"up":{"texture":"#4","uv":[5,1,5.999,1.999]},"west":{"texture":"#4","uv":[5,1,5.999,1.999]}},"from":[1.29643,1.48891,4.84988],"rotation":{"angle":0,"axis":"z","origin":[14.32217,5.39307,9.94988]},"to":[5.79643,3.48891,12.44988]},{"faces":{"down":{"rotation":180,"texture":"#4","uv":[5,1.999,5.999,1]},"east":{"rotation":90,"texture":"#4","uv":[5,1.999,5.999,1]},"north":{"texture":"#4","uv":[5,1.999,5.999,1]},"south":{"rotation":180,"texture":"#4","uv":[5,1.999,5.999,1]},"up":{"texture":"#4","uv":[5,1.999,5.999,1]},"west":{"rotation":270,"texture":"#4","uv":[5,1.999,5.999,1]}},"from":[6.74829,2.00663,5.86586],"rotation":{"angle":0,"axis":"z","origin":[8.65816,2.48996,5.46655]},"to":[7.04829,2.70663,6.56586]},{"faces":{"down":{"rotation":180,"texture":"#4","uv":[5,1.999,5.999,1]},"east":{"rotation":90,"texture":"#4","uv":[5,1.999,5.999,1]},"north":{"texture":"#4","uv":[5,1.999,5.999,1]},"south":{"rotation":180,"texture":"#4","uv":[5,1.999,5.999,1]},"up":{"texture":"#4","uv":[5,1.999,5.999,1]},"west":{"rotation":270,"texture":"#4","uv":[5,1.999,5.999,1]}},"from":[6.74829,1.90663,5.36586],"rotation":{"angle":0,"axis":"z","origin":[8.65816,2.48996,5.46655]},"to":[7.04829,2.60663,6.06586]},{"faces":{"down":{"rotation":180,"texture":"#4","uv":[5,1.999,5.999,1]},"east":{"rotation":90,"texture":"#4","uv":[5,1.999,5.999,1]},"north":{"texture":"#4","uv":[5,1.999,5.999,1]},"south":{"rotation":180,"texture":"#4","uv":[5,1.999,5.999,1]},"up":{"texture":"#4","uv":[5,1.999,5.999,1]},"west":{"rotation":270,"texture":"#4","uv":[5,1.999,5.999,1]}},"from":[6.74829,1.60663,4.76586],"rotation":{"angle":0,"axis":"z","origin":[8.65816,2.48996,5.46655]},"to":[7.04829,2.30663,5.46586]},{"faces":{"down":{"texture":"#4","uv":[5,1,5.999,1.999]},"east":{"texture":"#4","uv":[5,1,5.999,1.999]},"north":{"texture":"#4","uv":[5,1,5.999,1.999]},"south":{"texture":"#4","uv":[5,1,5.999,1.999]},"up":{"texture":"#4","uv":[5,1,5.999,1.999]},"west":{"texture":"#4","uv":[5,1,5.999,1.999]}},"from":[5.79643,2.78891,5.64988],"rotation":{"angle":0,"axis":"z","origin":[4.78656,6.72292,-2.30012]},"to":[6.09643,3.48891,6.34988]},{"faces":{"down":{"texture":"#4","uv":[5,1,5.999,1.999]},"east":{"texture":"#4","uv":[5,1,5.999,1.999]},"north":{"texture":"#4","uv":[5,1,5.999,1.999]},"south":{"texture":"#4","uv":[5,1,5.999,1.999]},"up":{"texture":"#4","uv":[5,1,5.999,1.999]},"west":{"texture":"#4","uv":[5,1,5.999,1.999]}},"from":[5.79643,2.48891,6.84988],"rotation":{"angle":0,"axis":"z","origin":[4.78656,6.72292,-2.30012]},"to":[6.09643,3.18891,7.54988]},{"faces":{"down":{"rotation":180,"texture":"#4","uv":[5,1.999,5.999,1]},"east":{"rotation":90,"texture":"#4","uv":[5,1.999,5.999,1]},"north":{"texture":"#4","uv":[5,1.999,5.999,1]},"south":{"rotation":180,"texture":"#4","uv":[5,1.999,5.999,1]},"up":{"texture":"#4","uv":[5,1.999,5.999,1]},"west":{"rotation":270,"texture":"#4","uv":[5,1.999,5.999,1]}},"from":[6.91436,2.00663,6.51305],"rotation":{"angle":-22.5,"axis":"y","origin":[8.65816,2.48996,5.46655]},"to":[7.31436,2.70663,7.21305]},{"faces":{"down":{"rotation":180,"texture":"#4","uv":[5,1.999,5.999,1]},"east":{"rotation":90,"texture":"#4","uv":[5,1.999,5.999,1]},"north":{"texture":"#4","uv":[5,1.999,5.999,1]},"south":{"rotation":180,"texture":"#4","uv":[5,1.999,5.999,1]},"up":{"texture":"#4","uv":[5,1.999,5.999,1]},"west":{"rotation":270,"texture":"#4","uv":[5,1.999,5.999,1]}},"from":[6.72302,1.90663,6.05111],"rotation":{"angle":-22.5,"axis":"y","origin":[8.65816,2.48996,5.46655]},"to":[7.12302,2.60663,6.75111]},{"faces":{"down":{"rotation":180,"texture":"#4","uv":[5,1.999,5.999,1]},"east":{"rotation":90,"texture":"#4","uv":[5,1.999,5.999,1]},"north":{"texture":"#4","uv":[5,1.999,5.999,1]},"south":{"rotation":180,"texture":"#4","uv":[5,1.999,5.999,1]},"up":{"texture":"#4","uv":[5,1.999,5.999,1]},"west":{"rotation":270,"texture":"#4","uv":[5,1.999,5.999,1]}},"from":[6.49341,1.60663,5.49679],"rotation":{"angle":-22.5,"axis":"y","origin":[8.65816,2.48996,5.46655]},"to":[6.89341,2.30663,6.19679]},{"faces":{"down":{"texture":"#4","uv":[5,1,5.999,1.999]},"east":{"texture":"#4","uv":[5,1,5.999,1.999]},"north":{"texture":"#4","uv":[5,1,5.999,1.999]},"south":{"texture":"#4","uv":[5,1,5.999,1.999]},"up":{"texture":"#4","uv":[5,1,5.999,1.999]},"west":{"texture":"#4","uv":[5,1,5.999,1.999]}},"from":[7.23433,3.53635,5.64988],"rotation":{"angle":-22.5,"axis":"z","origin":[4.78656,6.72292,-2.30012]},"to":[7.63433,4.23635,6.34988]},{"faces":{"down":{"texture":"#4","uv":[5,1,5.999,1.999]},"east":{"texture":"#4","uv":[5,1,5.999,1.999]},"north":{"texture":"#4","uv":[5,1,5.999,1.999]},"south":{"texture":"#4","uv":[5,1,5.999,1.999]},"up":{"texture":"#4","uv":[5,1,5.999,1.999]},"west":{"texture":"#4","uv":[5,1,5.999,1.999]}},"from":[7.34914,3.25918,6.84988],"rotation":{"angle":-22.5,"axis":"z","origin":[4.78656,6.72292,-2.30012]},"to":[7.74914,3.95918,7.54988]},{"faces":{"down":{"rotation":180,"texture":"#4","uv":[5,1.999,5.999,1]},"east":{"rotation":90,"texture":"#4","uv":[5,1.999,5.999,1]},"north":{"texture":"#4","uv":[5,1.999,5.999,1]},"south":{"rotation":180,"texture":"#4","uv":[5,1.999,5.999,1]},"up":{"texture":"#4","uv":[5,1.999,5.999,1]},"west":{"rotation":270,"texture":"#4","uv":[5,1.999,5.999,1]}},"from":[7.01546,2.00663,7.04743],"rotation":{"angle":-45,"axis":"y","origin":[8.65816,2.48996,5.46655]},"to":[7.71546,2.70663,7.74743]},{"faces":{"down":{"rotation":180,"texture":"#4","uv":[5,1.999,5.999,1]},"east":{"rotation":90,"texture":"#4","uv":[5,1.999,5.999,1]},"north":{"texture":"#4","uv":[5,1.999,5.999,1]},"south":{"rotation":180,"texture":"#4","uv":[5,1.999,5.999,1]},"up":{"texture":"#4","uv":[5,1.999,5.999,1]},"west":{"rotation":270,"texture":"#4","uv":[5,1.999,5.999,1]}},"from":[6.66191,1.90663,6.69388],"rotation":{"angle":-45,"axis":"y","origin":[8.65816,2.48996,5.46655]},"to":[7.36191,2.60663,7.39388]},{"faces":{"down":{"rotation":180,"texture":"#4","uv":[5,1.999,5.999,1]},"east":{"rotation":90,"texture":"#4","uv":[5,1.999,5.999,1]},"north":{"texture":"#4","uv":[5,1.999,5.999,1]},"south":{"rotation":180,"texture":"#4","uv":[5,1.999,5.999,1]},"up":{"texture":"#4","uv":[5,1.999,5.999,1]},"west":{"rotation":270,"texture":"#4","uv":[5,1.999,5.999,1]}},"from":[6.23764,1.60663,6.26962],"rotation":{"angle":-45,"axis":"y","origin":[8.65816,2.48996,5.46655]},"to":[6.93764,2.30663,6.96962]},{"faces":{"down":{"texture":"#4","uv":[5,1,5.999,1.999]},"east":{"texture":"#4","uv":[5,1,5.999,1.999]},"north":{"texture":"#4","uv":[5,1,5.999,1.999]},"south":{"texture":"#4","uv":[5,1,5.999,1.999]},"up":{"texture":"#4","uv":[5,1,5.999,1.999]},"west":{"texture":"#4","uv":[5,1,5.999,1.999]}},"from":[8.36913,4.81542,5.64988],"rotation":{"angle":-45,"axis":"z","origin":[4.78656,6.72292,-2.30012]},"to":[9.06913,5.51542,6.34988]},{"faces":{"down":{"texture":"#4","uv":[5,1,5.999,1.999]},"east":{"texture":"#4","uv":[5,1,5.999,1.999]},"north":{"texture":"#4","uv":[5,1,5.999,1.999]},"south":{"texture":"#4","uv":[5,1,5.999,1.999]},"up":{"texture":"#4","uv":[5,1,5.999,1.999]},"west":{"texture":"#4","uv":[5,1,5.999,1.999]}},"from":[8.58126,4.60329,6.84988],"rotation":{"angle":-45,"axis":"z","origin":[4.78656,6.72292,-2.30012]},"to":[9.28126,5.30329,7.54988]},{"faces":{"down":{"texture":"#4","uv":[5,1,5.999,1.999]},"east":{"texture":"#4","uv":[5,1,5.999,1.999]},"north":{"texture":"#4","uv":[5,1,5.999,1.999]},"south":{"texture":"#4","uv":[5,1,5.999,1.999]},"up":{"texture":"#4","uv":[5,1,5.999,1.999]},"west":{"texture":"#4","uv":[5,1,5.999,1.999]}},"from":[7.04829,1.48928,4.34988],"rotation":{"angle":0,"axis":"z","origin":[11.82218,6.6899,6.42488]},"to":[11.54829,3.48928,11.74988]},{"faces":{"down":{"rotation":90,"texture":"#4","uv":[5,1,5.999,1.999]},"east":{"rotation":90,"texture":"#4","uv":[5,1,5.999,1.999]},"north":{"rotation":270,"texture":"#4","uv":[5,1,5.999,1.999]},"south":{"rotation":90,"texture":"#4","uv":[5,1,5.999,1.999]},"up":{"rotation":90,"texture":"#4","uv":[5,1,5.999,1.999]},"west":{"rotation":90,"texture":"#4","uv":[5,1,5.999,1.999]}},"from":[14.32156,2.06378,5.34988],"rotation":{"angle":0,"axis":"z","origin":[11.92156,6.21378,8.94988]},"to":[16.32156,4.56378,12.44988]},{"faces":{"down":{"rotation":90,"texture":"#4","uv":[5,1,5.999,1.999]},"east":{"rotation":90,"texture":"#4","uv":[5,1,5.999,1.999]},"north":{"rotation":270,"texture":"#4","uv":[5,1,5.999,1.999]},"south":{"rotation":90,"texture":"#4","uv":[5,1,5.999,1.999]},"up":{"rotation":90,"texture":"#4","uv":[5,1,5.999,1.999]},"west":{"rotation":90,"texture":"#4","uv":[5,1,5.999,1.999]}},"from":[0.32156,2.06378,5.34988],"rotation":{"angle":0,"axis":"z","origin":[11.92156,6.21378,8.94988]},"to":[2.32156,4.56378,12.44988]},{"faces":{"down":{"texture":"#10","uv":[0,0,0.999,0.999]},"east":{"texture":"#10","uv":[0,0,0.999,0.999]},"north":{"texture":"#10","uv":[0,0,0.999,0.999]},"south":{"texture":"#10","uv":[0,0,0.999,0.999]},"up":{"texture":"#10","uv":[0,0,0.999,0.999]},"west":{"texture":"#10","uv":[0,0,0.999,0.999]}},"from":[0.04288,2.0851,7.44988],"rotation":{"angle":0,"axis":"y","origin":[4.04288,15.0851,11.73559]},"to":[16.04288,6.0851,12.84988]},{"faces":{"down":{"texture":"#4","uv":[5,0,5.998,0.999]},"east":{"texture":"#4","uv":[5,0,5.998,0.999]},"north":{"texture":"#4","uv":[5,0,5.998,0.999]},"south":{"texture":"#4","uv":[5,0,5.998,0.999]},"up":{"texture":"#4","uv":[5,0,5.998,0.999]},"west":{"texture":"#4","uv":[5,0,5.998,0.999]}},"from":[7.04288,5.0851,4.44988],"rotation":{"angle":0,"axis":"y","origin":[4.04288,15.0851,11.73559]},"to":[9.04288,7.0851,13.44988]},{"faces":{"down":{"texture":"#4","uv":[5,0,5.996,0.998]},"east":{"texture":"#4","uv":[5,0,5.996,0.998]},"north":{"texture":"#4","uv":[5,0,5.996,0.998]},"south":{"texture":"#4","uv":[5,0,5.996,0.998]},"up":{"texture":"#4","uv":[5,0,5.996,0.998]},"west":{"texture":"#4","uv":[5,0,5.996,0.998]}},"from":[8.43527,4.54683,4.34988],"rotation":{"angle":22.5,"axis":"z","origin":[8.79288,5.0351,8.94988]},"to":[9.33527,5.44683,13.44988]},{"faces":{"down":{"texture":"#4","uv":[5.996,0,5,0.998]},"east":{"texture":"#4","uv":[5.996,0,5,0.998]},"north":{"texture":"#4","uv":[5.996,0,5,0.998]},"south":{"texture":"#4","uv":[5.996,0,5,0.998]},"up":{"texture":"#4","uv":[5.996,0,5,0.998]},"west":{"texture":"#4","uv":[5.996,0,5,0.998]}},"from":[6.66473,4.54683,4.34988],"rotation":{"angle":-22.5,"axis":"z","origin":[7.20712,5.0351,8.94988]},"to":[7.56473,5.44683,13.44988]},{"faces":{"down":{"texture":"#4","uv":[5,0,5.996,0.998]},"east":{"texture":"#4","uv":[5,0,5.996,0.998]},"north":{"texture":"#4","uv":[5,0,5.996,0.998]},"south":{"texture":"#4","uv":[5,0,5.996,0.998]},"up":{"texture":"#4","uv":[5,0,5.996,0.998]},"west":{"texture":"#4","uv":[5,0,5.996,0.998]}},"from":[10.33443,4.95081,4.34988],"rotation":{"angle":22.5,"axis":"z","origin":[8.79288,5.0351,8.94988]},"to":[11.23443,6.05081,13.44988]},{"faces":{"down":{"texture":"#4","uv":[5.996,0,5,0.998]},"east":{"texture":"#4","uv":[5.996,0,5,0.998]},"north":{"texture":"#4","uv":[5.996,0,5,0.998]},"south":{"texture":"#4","uv":[5.996,0,5,0.998]},"up":{"texture":"#4","uv":[5.996,0,5,0.998]},"west":{"texture":"#4","uv":[5.996,0,5,0.998]}},"from":[4.76557,4.95081,4.34988],"rotation":{"angle":-22.5,"axis":"z","origin":[7.20712,5.0351,8.94988]},"to":[5.66557,6.05081,13.44988]},{"faces":{"down":{"texture":"#4","uv":[5,0,5.996,0.998]},"east":{"texture":"#4","uv":[5,0,5.996,0.998]},"north":{"texture":"#4","uv":[5,0,5.996,0.998]},"south":{"texture":"#4","uv":[5,0,5.996,0.998]},"up":{"texture":"#4","uv":[5,0,5.996,0.998]},"west":{"texture":"#4","uv":[5,0,5.996,0.998]}},"from":[9.05915,4.16415,5.14988],"rotation":{"angle":22.5,"axis":"z","origin":[8.79288,5.0351,8.94988]},"to":[10.25915,5.26415,13.44988]},{"faces":{"down":{"texture":"#4","uv":[5.996,0,5,0.998]},"east":{"texture":"#4","uv":[5.996,0,5,0.998]},"north":{"texture":"#4","uv":[5.996,0,5,0.998]},"south":{"texture":"#4","uv":[5.996,0,5,0.998]},"up":{"texture":"#4","uv":[5.996,0,5,0.998]},"west":{"texture":"#4","uv":[5.996,0,5,0.998]}},"from":[5.74085,4.16415,5.14988],"rotation":{"angle":-22.5,"axis":"z","origin":[7.20712,5.0351,8.94988]},"to":[6.94085,5.26415,13.44988]},{"faces":{"down":{"rotation":90,"texture":"#4","uv":[5,0,5.996,0.998]},"east":{"rotation":90,"texture":"#4","uv":[5,0,5.996,0.998]},"north":{"rotation":90,"texture":"#4","uv":[5,0,5.996,0.998]},"south":{"rotation":90,"texture":"#4","uv":[5,0,5.996,0.998]},"up":{"rotation":90,"texture":"#4","uv":[5,0,5.996,0.998]},"west":{"rotation":90,"texture":"#4","uv":[5,0,5.996,0.998]}},"from":[9.45975,3.95866,5.14988],"rotation":{"angle":22.5,"axis":"z","origin":[6.86037,6.52082,8.94988]},"to":[10.55975,4.65866,13.44988]},{"faces":{"down":{"rotation":90,"texture":"#4","uv":[5,0.998,5.996,0]},"east":{"rotation":90,"texture":"#4","uv":[5,0.998,5.996,0]},"north":{"rotation":90,"texture":"#4","uv":[5,0.998,5.996,0]},"south":{"rotation":90,"texture":"#4","uv":[5,0.998,5.996,0]},"up":{"rotation":90,"texture":"#4","uv":[5,0.998,5.996,0]},"west":{"rotation":90,"texture":"#4","uv":[5,0.998,5.996,0]}},"from":[5.44025,3.95866,5.14988],"rotation":{"angle":-22.5,"axis":"z","origin":[9.13963,6.52082,8.94988]},"to":[6.54025,4.65866,13.44988]},{"faces":{"down":{"rotation":90,"texture":"#4","uv":[5,0,5.996,0.998]},"east":{"rotation":90,"texture":"#4","uv":[5,0,5.996,0.998]},"north":{"rotation":90,"texture":"#4","uv":[5,0,5.996,0.998]},"south":{"rotation":90,"texture":"#4","uv":[5,0,5.996,0.998]},"up":{"rotation":90,"texture":"#4","uv":[5,0,5.996,0.998]},"west":{"rotation":90,"texture":"#4","uv":[5,0,5.996,0.998]}},"from":[10.82512,4.90641,4.34988],"rotation":{"angle":22.5,"axis":"z","origin":[7.46037,5.62082,8.14988]},"to":[11.92512,7.60641,12.64988]},{"faces":{"down":{"rotation":90,"texture":"#4","uv":[5,0.998,5.996,0]},"east":{"rotation":90,"texture":"#4","uv":[5,0.998,5.996,0]},"north":{"rotation":90,"texture":"#4","uv":[5,0.998,5.996,0]},"south":{"rotation":90,"texture":"#4","uv":[5,0.998,5.996,0]},"up":{"rotation":90,"texture":"#4","uv":[5,0.998,5.996,0]},"west":{"rotation":90,"texture":"#4","uv":[5,0.998,5.996,0]}},"from":[4.07488,4.90641,4.34988],"rotation":{"angle":-22.5,"axis":"z","origin":[8.53963,5.62082,8.14988]},"to":[5.17488,7.60641,12.64988]},{"faces":{"down":{"texture":"#4","uv":[5,0,5.996,0.998]},"east":{"texture":"#4","uv":[5,0,5.996,0.998]},"north":{"texture":"#4","uv":[5,0,5.996,0.998]},"south":{"texture":"#4","uv":[5,0,5.996,0.998]},"up":{"texture":"#4","uv":[5,0,5.996,0.998]},"west":{"texture":"#4","uv":[5,0,5.996,0.998]}},"from":[11.50203,4.77101,4.34988],"rotation":{"angle":45,"axis":"z","origin":[9.9388,4.82286,8.94988]},"to":[12.60203,5.97101,13.44988]},{"faces":{"down":{"texture":"#4","uv":[5.996,0,5,0.998]},"east":{"texture":"#4","uv":[5.996,0,5,0.998]},"north":{"texture":"#4","uv":[5.996,0,5,0.998]},"south":{"texture":"#4","uv":[5.996,0,5,0.998]},"up":{"texture":"#4","uv":[5.996,0,5,0.998]},"west":{"texture":"#4","uv":[5.996,0,5,0.998]}},"from":[3.39797,4.77101,4.34988],"rotation":{"angle":-45,"axis":"z","origin":[6.0612,4.82286,8.94988]},"to":[4.49797,5.97101,13.44988]},{"faces":{"down":{"texture":"#4","uv":[5,0,5.996,0.998]},"east":{"texture":"#4","uv":[5,0,5.996,0.998]},"north":{"texture":"#4","uv":[5,0,5.996,0.998]},"south":{"texture":"#4","uv":[5,0,5.996,0.998]},"up":{"texture":"#4","uv":[5,0,5.996,0.998]},"west":{"texture":"#4","uv":[5,0,5.996,0.998]}},"from":[10.29994,4.41745,5.14988],"rotation":{"angle":45,"axis":"z","origin":[9.9388,4.82286,8.94988]},"to":[11.39994,5.61745,13.44988]},{"faces":{"down":{"texture":"#4","uv":[5.996,0,5,0.998]},"east":{"texture":"#4","uv":[5.996,0,5,0.998]},"north":{"texture":"#4","uv":[5.996,0,5,0.998]},"south":{"texture":"#4","uv":[5.996,0,5,0.998]},"up":{"texture":"#4","uv":[5.996,0,5,0.998]},"west":{"texture":"#4","uv":[5.996,0,5,0.998]}},"from":[4.60006,4.41745,5.14988],"rotation":{"angle":-45,"axis":"z","origin":[6.0612,4.82286,8.94988]},"to":[5.70006,5.61745,13.44988]},{"faces":{"down":{"texture":"#4","uv":[5,0,5.996,0.998]},"east":{"texture":"#4","uv":[5,0,5.996,0.998]},"north":{"texture":"#4","uv":[5,0,5.996,0.998]},"south":{"texture":"#4","uv":[5,0,5.996,0.998]},"up":{"texture":"#4","uv":[5,0,5.996,0.998]},"west":{"texture":"#4","uv":[5,0,5.996,0.998]}},"from":[8.52605,4.28714,4.84988],"rotation":{"angle":45,"axis":"z","origin":[9.03673,5.14496,8.94988]},"to":[11.02605,5.58714,13.44988]},{"faces":{"down":{"texture":"#4","uv":[5.996,0,5,0.998]},"east":{"texture":"#4","uv":[5.996,0,5,0.998]},"north":{"texture":"#4","uv":[5.996,0,5,0.998]},"south":{"texture":"#4","uv":[5.996,0,5,0.998]},"up":{"texture":"#4","uv":[5.996,0,5,0.998]},"west":{"texture":"#4","uv":[5.996,0,5,0.998]}},"from":[4.97395,4.28714,4.84988],"rotation":{"angle":-45,"axis":"z","origin":[6.96327,5.14496,8.94988]},"to":[7.47395,5.58714,13.44988]},{"faces":{"down":{"texture":"#4","uv":[5,0,5.996,0.998]},"east":{"texture":"#4","uv":[5,0,5.996,0.998]},"north":{"texture":"#4","uv":[5,0,5.996,0.998]},"south":{"texture":"#4","uv":[5,0,5.996,0.998]},"up":{"texture":"#4","uv":[5,0,5.996,0.998]},"west":{"texture":"#4","uv":[5,0,5.996,0.998]}},"from":[6.78219,4.17728,4.84988],"rotation":{"angle":0,"axis":"z","origin":[8.79288,5.0351,8.94988]},"to":[9.28219,5.07728,13.44988]},{"faces":{"down":{"texture":"#4","uv":[5,0,5.998,0.999]},"east":{"texture":"#4","uv":[5,0,5.998,0.999]},"north":{"texture":"#4","uv":[5,0,5.998,0.999]},"south":{"texture":"#4","uv":[5,0,5.998,0.999]},"up":{"texture":"#4","uv":[5,0,5.998,0.999]},"west":{"texture":"#4","uv":[5,0,5.998,0.999]}},"from":[7.45709,4.91352,4.44988],"rotation":{"angle":45,"axis":"z","origin":[7.04288,4.49931,9.44988]},"to":[9.45709,7.71352,13.44988]},{"faces":{"down":{"texture":"#4","uv":[5,0.999,5.998,0]},"east":{"texture":"#4","uv":[5,0.999,5.998,0]},"north":{"texture":"#4","uv":[5,0.999,5.998,0]},"south":{"texture":"#4","uv":[5,0.999,5.998,0]},"up":{"texture":"#4","uv":[5,0.999,5.998,0]},"west":{"texture":"#4","uv":[5,0.999,5.998,0]}},"from":[4.60857,9.26499,4.44988],"rotation":{"angle":-45,"axis":"z","origin":[7.02278,9.65078,9.44988]},"to":[6.60857,12.06499,13.44988]},{"faces":{"down":{"texture":"#4","uv":[5.998,0,5,0.999]},"east":{"texture":"#4","uv":[5.998,0,5,0.999]},"north":{"texture":"#4","uv":[5.998,0,5,0.999]},"south":{"texture":"#4","uv":[5.998,0,5,0.999]},"up":{"texture":"#4","uv":[5.998,0,5,0.999]},"west":{"texture":"#4","uv":[5.998,0,5,0.999]}},"from":[6.62867,4.91352,4.44988],"rotation":{"angle":-45,"axis":"z","origin":[9.04288,4.49931,9.44988]},"to":[8.62867,7.71352,13.44988]},{"faces":{"down":{"texture":"#4","uv":[5,0,5.998,0.999]},"east":{"texture":"#4","uv":[5,0,5.998,0.999]},"north":{"texture":"#4","uv":[5,0,5.998,0.999]},"south":{"texture":"#4","uv":[5,0,5.998,0.999]},"up":{"texture":"#4","uv":[5,0,5.998,0.999]},"west":{"texture":"#4","uv":[5,0,5.998,0.999]}},"from":[6.04288,3.49931,7.24988],"rotation":{"angle":-45,"axis":"z","origin":[9.04288,4.49931,9.44988]},"to":[10.54288,7.89931,13.44988]},{"faces":{"down":{"texture":"#10","uv":[1,0,1.997,0.999]},"east":{"texture":"#10","uv":[1,0,1.997,0.999]},"north":{"texture":"#10","uv":[1,0,1.997,0.999]},"south":{"texture":"#10","uv":[1,0,1.997,0.999]},"up":{"texture":"#10","uv":[1,0,1.997,0.999]},"west":{"texture":"#10","uv":[1,0,1.997,0.999]}},"from":[11.51567,3.35789,7.04988],"rotation":{"angle":-45,"axis":"z","origin":[9.04288,4.49931,9.44988]},"to":[11.81567,8.45789,13.24988]},{"faces":{"down":{"texture":"#10","uv":[1.997,0,1,0.999]},"east":{"texture":"#10","uv":[1.997,0,1,0.999]},"north":{"texture":"#10","uv":[1.997,0,1,0.999]},"south":{"texture":"#10","uv":[1.997,0,1,0.999]},"up":{"texture":"#10","uv":[1.997,0,1,0.999]},"west":{"texture":"#10","uv":[1.997,0,1,0.999]}},"from":[4.18433,4.45789,7.04988],"rotation":{"angle":45,"axis":"z","origin":[6.95712,4.49931,9.44988]},"to":[4.48433,8.45789,13.24988]},{"faces":{"down":{"rotation":270,"texture":"#10","uv":[1.997,0,1,0.999]},"east":{"rotation":270,"texture":"#10","uv":[1.997,0,1,0.999]},"north":{"rotation":90,"texture":"#10","uv":[1.997,0,1,0.999]},"south":{"rotation":270,"texture":"#10","uv":[1.997,0,1,0.999]},"up":{"rotation":270,"texture":"#10","uv":[1.997,0,1,0.999]},"west":{"rotation":270,"texture":"#10","uv":[1.997,0,1,0.999]}},"from":[4.90665,1.65754,7.04988],"rotation":{"angle":0,"axis":"z","origin":[4.70449,3.60538,10.14988]},"to":[10.00665,1.85754,13.24988]},{"faces":{"down":{"texture":"#10","uv":[1,0,1.997,0.999]},"east":{"texture":"#10","uv":[1,0,1.997,0.999]},"north":{"texture":"#10","uv":[1,0,1.997,0.999]},"south":{"texture":"#10","uv":[1,0,1.997,0.999]},"up":{"texture":"#10","uv":[1,0,1.997,0.999]},"west":{"texture":"#10","uv":[1,0,1.997,0.999]}},"from":[10.87928,2.72149,7.04988],"rotation":{"angle":-45,"axis":"z","origin":[9.04288,4.49931,9.44988]},"to":[11.17928,7.82149,13.24988]},{"faces":{"down":{"texture":"#10","uv":[1.997,0,1,0.999]},"east":{"texture":"#10","uv":[1.997,0,1,0.999]},"north":{"texture":"#10","uv":[1.997,0,1,0.999]},"south":{"texture":"#10","uv":[1.997,0,1,0.999]},"up":{"texture":"#10","uv":[1.997,0,1,0.999]},"west":{"texture":"#10","uv":[1.997,0,1,0.999]}},"from":[4.82072,3.82149,7.04988],"rotation":{"angle":45,"axis":"z","origin":[6.95712,4.49931,9.44988]},"to":[5.12072,7.82149,13.24988]},{"faces":{"down":{"rotation":270,"texture":"#10","uv":[1.997,0,1,0.999]},"east":{"rotation":270,"texture":"#10","uv":[1.997,0,1,0.999]},"north":{"rotation":90,"texture":"#10","uv":[1.997,0,1,0.999]},"south":{"rotation":270,"texture":"#10","uv":[1.997,0,1,0.999]},"up":{"rotation":270,"texture":"#10","uv":[1.997,0,1,0.999]},"west":{"rotation":270,"texture":"#10","uv":[1.997,0,1,0.999]}},"from":[5.33092,2.08181,7.04988],"rotation":{"angle":0,"axis":"z","origin":[4.70449,3.60538,10.14988]},"to":[10.43092,2.28181,13.24988]},{"faces":{"down":{"texture":"#10","uv":[1,0,1.997,0.999]},"east":{"texture":"#10","uv":[1,0,1.997,0.999]},"north":{"texture":"#10","uv":[1,0,1.997,0.999]},"south":{"texture":"#10","uv":[1,0,1.997,0.999]},"up":{"texture":"#10","uv":[1,0,1.997,0.999]},"west":{"texture":"#10","uv":[1,0,1.997,0.999]}},"from":[10.24288,2.0851,7.04988],"rotation":{"angle":-45,"axis":"z","origin":[9.04288,4.49931,9.44988]},"to":[10.54288,7.1851,13.24988]},{"faces":{"down":{"texture":"#10","uv":[1.997,0,1,0.999]},"east":{"texture":"#10","uv":[1.997,0,1,0.999]},"north":{"texture":"#10","uv":[1.997,0,1,0.999]},"south":{"texture":"#10","uv":[1.997,0,1,0.999]},"up":{"texture":"#10","uv":[1.997,0,1,0.999]},"west":{"texture":"#10","uv":[1.997,0,1,0.999]}},"from":[5.45712,3.9851,7.04988],"rotation":{"angle":45,"axis":"z","origin":[6.95712,4.49931,9.44988]},"to":[5.75712,7.1851,13.24988]},{"faces":{"down":{"rotation":270,"texture":"#10","uv":[1.997,0,1,0.999]},"east":{"rotation":270,"texture":"#10","uv":[1.997,0,1,0.999]},"north":{"rotation":90,"texture":"#10","uv":[1.997,0,1,0.999]},"south":{"rotation":270,"texture":"#10","uv":[1.997,0,1,0.999]},"up":{"rotation":270,"texture":"#10","uv":[1.997,0,1,0.999]},"west":{"rotation":270,"texture":"#10","uv":[1.997,0,1,0.999]}},"from":[5.82589,2.47678,7.04988],"rotation":{"angle":0,"axis":"z","origin":[4.70449,3.60538,10.14988]},"to":[10.92589,2.77678,13.24988]},{"faces":{"down":{"rotation":270,"texture":"#10","uv":[1.997,0,1,0.999]},"east":{"rotation":270,"texture":"#10","uv":[1.997,0,1,0.999]},"north":{"rotation":90,"texture":"#10","uv":[1.997,0,1,0.999]},"south":{"rotation":270,"texture":"#10","uv":[1.997,0,1,0.999]},"up":{"rotation":270,"texture":"#10","uv":[1.997,0,1,0.999]},"west":{"rotation":270,"texture":"#10","uv":[1.997,0,1,0.999]}},"from":[5.82589,3.07678,7.04988],"rotation":{"angle":0,"axis":"z","origin":[4.70449,3.60538,10.14988]},"to":[10.92589,3.37678,13.24988]},{"faces":{"down":{"texture":"#12","uv":[5,0,5.998,0.999]},"east":{"texture":"#12","uv":[5,0,5.998,0.999]},"north":{"texture":"#12","uv":[5,0,5.998,0.999]},"south":{"texture":"#12","uv":[5,0,5.998,0.999]},"up":{"texture":"#12","uv":[5,0,5.998,0.999]},"west":{"texture":"#12","uv":[5,0,5.998,0.999]}},"from":[10.15709,3.49931,7.14988],"rotation":{"angle":-45,"axis":"z","origin":[9.04288,4.49931,9.44988]},"to":[11.95709,8.29931,13.44988]},{"faces":{"down":{"texture":"#12","uv":[5.998,0,5,0.999]},"east":{"texture":"#12","uv":[5.998,0,5,0.999]},"north":{"texture":"#12","uv":[5.998,0,5,0.999]},"south":{"texture":"#12","uv":[5.998,0,5,0.999]},"up":{"texture":"#12","uv":[5.998,0,5,0.999]},"west":{"texture":"#12","uv":[5.998,0,5,0.999]}},"from":[4.04291,3.49931,7.14988],"rotation":{"angle":45,"axis":"z","origin":[6.95712,4.49931,9.44988]},"to":[5.84291,8.29931,13.44988]},{"faces":{"down":{"texture":"#4","uv":[5,0,5.998,0.999]},"east":{"texture":"#4","uv":[5,0,5.998,0.999]},"north":{"texture":"#4","uv":[5,0,5.998,0.999]},"south":{"texture":"#4","uv":[5,0,5.998,0.999]},"up":{"texture":"#4","uv":[5,0,5.998,0.999]},"west":{"texture":"#4","uv":[5,0,5.998,0.999]}},"from":[5.54288,3.49931,7.24988],"rotation":{"angle":45,"axis":"z","origin":[7.04288,4.49931,9.44988]},"to":[7.94288,7.99931,13.44988]},{"faces":{"down":{"rotation":90,"texture":"#4","uv":[5,0,5.998,0.999]},"east":{"rotation":90,"texture":"#4","uv":[5,0,5.998,0.999]},"north":{"rotation":90,"texture":"#4","uv":[5,0,5.998,0.999]},"south":{"rotation":90,"texture":"#4","uv":[5,0,5.998,0.999]},"up":{"rotation":90,"texture":"#4","uv":[5,0,5.998,0.999]},"west":{"rotation":90,"texture":"#4","uv":[5,0,5.998,0.999]}},"from":[6.68933,2.73155,7.24988],"rotation":{"angle":0,"axis":"z","origin":[8.08933,3.48155,10.34988]},"to":[9.39643,4.23155,13.44988]},{"faces":{"down":{"rotation":90,"texture":"#12","uv":[5,0,5.998,0.999]},"east":{"rotation":90,"texture":"#12","uv":[5,0,5.998,0.999]},"north":{"rotation":90,"texture":"#12","uv":[5,0,5.998,0.999]},"south":{"rotation":90,"texture":"#12","uv":[5,0,5.998,0.999]},"up":{"rotation":90,"texture":"#12","uv":[5,0,5.998,0.999]},"west":{"rotation":90,"texture":"#12","uv":[5,0,5.998,0.999]}},"from":[5.88933,1.83155,7.14988],"rotation":{"angle":0,"axis":"z","origin":[8.08933,3.48155,10.34988]},"to":[9.39643,3.43155,13.44988]},{"faces":{"down":{"texture":"#4","uv":[5.998,0.999,5,0]},"east":{"texture":"#4","uv":[5.998,0.999,5,0]},"north":{"texture":"#4","uv":[5.998,0.999,5,0]},"south":{"texture":"#4","uv":[5.998,0.999,5,0]},"up":{"texture":"#4","uv":[5.998,0.999,5,0]},"west":{"texture":"#4","uv":[5.998,0.999,5,0]}},"from":[9.47719,9.26499,4.44988],"rotation":{"angle":45,"axis":"z","origin":[9.06298,9.65078,9.44988]},"to":[11.47719,12.06499,13.44988]},{"faces":{"down":{"texture":"#4","uv":[5,0,5.998,0.999]},"east":{"texture":"#4","uv":[5,0,5.998,0.999]},"north":{"texture":"#4","uv":[5,0,5.998,0.999]},"south":{"texture":"#4","uv":[5,0,5.998,0.999]},"up":{"texture":"#4","uv":[5,0,5.998,0.999]},"west":{"texture":"#4","uv":[5,0,5.998,0.999]}},"from":[5.04288,7.0851,4.44988],"rotation":{"angle":0,"axis":"y","origin":[4.04288,15.0851,11.73559]},"to":[11.04288,11.0851,13.44988]},{"faces":{"down":{"texture":"#11","uv":[8,4,8.496,4.497]},"east":{"texture":"#11","uv":[8,4,8.496,4.497]},"north":{"texture":"#11","uv":[8,4,8.496,4.497]},"south":{"texture":"#11","uv":[8,4,8.496,4.497]},"up":{"texture":"#11","uv":[8,4,8.496,4.497]},"west":{"texture":"#11","uv":[8,4,8.496,4.497]}},"from":[5.74288,7.9851,3.94988],"rotation":{"angle":0,"axis":"y","origin":[4.04288,15.0851,11.73559]},"to":[6.74288,8.9851,4.44988]},{"faces":{"down":{"texture":"#11","uv":[8,4,8.496,4.497]},"east":{"texture":"#11","uv":[8,4,8.496,4.497]},"north":{"texture":"#11","uv":[8,4,8.496,4.497]},"south":{"texture":"#11","uv":[8,4,8.496,4.497]},"up":{"texture":"#11","uv":[8,4,8.496,4.497]},"west":{"texture":"#11","uv":[8,4,8.496,4.497]}},"from":[9.74288,7.9851,3.94988],"rotation":{"angle":0,"axis":"y","origin":[4.04288,15.0851,11.73559]},"to":[10.74288,8.9851,4.44988]},{"faces":{"down":{"texture":"#11","uv":[8,4,8.496,4.497]},"east":{"texture":"#11","uv":[8,4,8.496,4.497]},"north":{"texture":"#11","uv":[8,4,8.496,4.497]},"south":{"texture":"#11","uv":[8,4,8.496,4.497]},"up":{"texture":"#11","uv":[8,4,8.496,4.497]},"west":{"texture":"#11","uv":[8,4,8.496,4.497]}},"from":[6.04288,8.2851,3.84988],"rotation":{"angle":0,"axis":"y","origin":[4.04288,15.0851,11.73559]},"to":[6.54288,8.7851,4.04988]},{"faces":{"down":{"texture":"#11","uv":[8,4,8.496,4.497]},"east":{"texture":"#11","uv":[8,4,8.496,4.497]},"north":{"texture":"#11","uv":[8,4,8.496,4.497]},"south":{"texture":"#11","uv":[8,4,8.496,4.497]},"up":{"texture":"#11","uv":[8,4,8.496,4.497]},"west":{"texture":"#11","uv":[8,4,8.496,4.497]}},"from":[10.04288,8.2851,3.84988],"rotation":{"angle":0,"axis":"y","origin":[4.04288,15.0851,11.73559]},"to":[10.54288,8.7851,4.04988]},{"faces":{"down":{"texture":"#4","uv":[5,0,5.998,0.999]},"east":{"texture":"#4","uv":[5,0,5.998,0.999]},"north":{"texture":"#4","uv":[5,0,5.998,0.999]},"south":{"texture":"#4","uv":[5,0,5.998,0.999]},"up":{"texture":"#4","uv":[5,0,5.998,0.999]},"west":{"texture":"#4","uv":[5,0,5.998,0.999]}},"from":[6.54288,11.0851,4.44988],"rotation":{"angle":0,"axis":"y","origin":[4.04288,15.0851,11.73559]},"to":[9.54288,13.0851,13.44988]},{"faces":{"down":{"texture":"#8","uv":[8,9,8.998,9.999]},"east":{"texture":"#8","uv":[8,9,8.998,9.999]},"north":{"texture":"#8","uv":[8,9,8.998,9.999]},"south":{"texture":"#8","uv":[8,9,8.998,9.999]},"up":{"texture":"#8","uv":[8,9,8.998,9.999]},"west":{"texture":"#8","uv":[8,9,8.998,9.999]}},"from":[5.54288,12.1851,3.44988],"rotation":{"angle":0,"axis":"y","origin":[4.04288,15.0851,11.73559]},"to":[10.54288,13.1851,13.44988]},{"faces":{"down":{"texture":"#10","uv":[1,0,1.997,0.999]},"east":{"texture":"#10","uv":[1,0,1.997,0.999]},"north":{"texture":"#10","uv":[1,0,1.997,0.999]},"south":{"texture":"#10","uv":[1,0,1.997,0.999]},"up":{"texture":"#10","uv":[1,0,1.997,0.999]},"west":{"texture":"#10","uv":[1,0,1.997,0.999]}},"from":[5.54288,13.1851,3.44988],"rotation":{"angle":0,"axis":"y","origin":[4.04288,15.0851,11.73559]},"to":[10.54288,14.1851,13.44988]},{"faces":{"down":{"texture":"#10","uv":[1,0,1.997,0.999]},"east":{"texture":"#10","uv":[1,0,1.997,0.999]},"north":{"texture":"#10","uv":[1,0,1.997,0.999]},"south":{"texture":"#10","uv":[1,0,1.997,0.999]},"up":{"texture":"#10","uv":[1,0,1.997,0.999]},"west":{"texture":"#10","uv":[1,0,1.997,0.999]}},"from":[6.60733,14.07749,3.14988],"rotation":{"angle":0,"axis":"y","origin":[4.10733,14.97749,12.23559]},"to":[11.40733,15.07749,9.94988]},{"faces":{"down":{"rotation":90,"texture":"#10","uv":[1,0,1.997,0.999]},"east":{"rotation":90,"texture":"#10","uv":[1,0,1.997,0.999]},"north":{"rotation":270,"texture":"#10","uv":[1,0,1.997,0.999]},"south":{"rotation":90,"texture":"#10","uv":[1,0,1.997,0.999]},"up":{"rotation":90,"texture":"#10","uv":[1,0,1.997,0.999]},"west":{"rotation":90,"texture":"#10","uv":[1,0,1.997,0.999]}},"from":[11.41586,12.57113,3.44988],"rotation":{"angle":22.5,"axis":"z","origin":[11.54288,11.6851,6.19988]},"to":[12.71586,14.87113,9.94988]},{"faces":{"down":{"texture":"#10","uv":[8,9,8.998,9.999]},"east":{"texture":"#10","uv":[8,9,8.998,9.999]},"north":{"texture":"#10","uv":[8,9,8.998,9.999]},"south":{"texture":"#10","uv":[8,9,8.998,9.999]},"up":{"texture":"#10","uv":[8,9,8.998,9.999]},"west":{"texture":"#10","uv":[8,9,8.998,9.999]}},"from":[5.44288,12.0851,3.34988],"rotation":{"angle":0,"axis":"y","origin":[4.04288,15.0851,11.73559]},"to":[10.64288,12.5851,13.44988]},{"faces":{"down":{"texture":"#4","uv":[9,5,9.994,5.999]},"east":{"texture":"#4","uv":[9,5,9.994,5.999]},"north":{"texture":"#4","uv":[9,5,9.994,5.999]},"south":{"texture":"#4","uv":[9,5,9.994,5.999]},"up":{"texture":"#4","uv":[9,5,9.994,5.999]},"west":{"texture":"#4","uv":[9,5,9.994,5.999]}},"from":[7.34288,7.3851,3.94988],"rotation":{"angle":0,"axis":"y","origin":[4.04288,15.0851,11.73559]},"to":[8.74288,7.5851,12.44988]},{"faces":{"down":{"texture":"#7","uv":[6,0.999,6.994,0]},"east":{"texture":"#7","uv":[6,0.999,6.994,0]},"north":{"texture":"#7","uv":[6,0.999,6.994,0]},"south":{"texture":"#7","uv":[6,0.999,6.994,0]},"up":{"texture":"#7","uv":[6,0.999,6.994,0]},"west":{"texture":"#7","uv":[6,0.999,6.994,0]}},"from":[8.94288,9.9851,4.3],"rotation":{"angle":0,"axis":"y","origin":[4.04288,-0.9149,11.73559]},"to":[9.34288,10.3851,12.45]},{"faces":{"down":{"texture":"#10","uv":[1,0.999,1.994,0]},"east":{"texture":"#10","uv":[1,0.999,1.994,0]},"north":{"texture":"#10","uv":[1,0.999,1.994,0]},"south":{"texture":"#10","uv":[1,0.999,1.994,0]},"up":{"texture":"#10","uv":[1,0.999,1.994,0]},"west":{"texture":"#10","uv":[1,0.999,1.994,0]}},"from":[9.14288,9.9851,4.34988],"rotation":{"angle":0,"axis":"y","origin":[4.04288,-0.9149,11.73559]},"to":[9.84288,10.5851,12.44988]},{"faces":{"down":{"texture":"#10","uv":[1.994,0.999,1,0]},"east":{"texture":"#10","uv":[1.994,0.999,1,0]},"north":{"texture":"#10","uv":[1.994,0.999,1,0]},"south":{"texture":"#10","uv":[1.994,0.999,1,0]},"up":{"texture":"#10","uv":[1.994,0.999,1,0]},"west":{"texture":"#10","uv":[1.994,0.999,1,0]}},"from":[6.15712,9.9851,4.34988],"rotation":{"angle":0,"axis":"y","origin":[11.95712,-0.9149,11.73559]},"to":[6.85712,10.5851,12.44988]},{"faces":{"down":{"texture":"#10","uv":[1.994,0.999,1,0]},"east":{"texture":"#10","uv":[1.994,0.999,1,0]},"north":{"texture":"#10","uv":[1.994,0.999,1,0]},"south":{"texture":"#10","uv":[1.994,0.999,1,0]},"up":{"texture":"#10","uv":[1.994,0.999,1,0]},"west":{"texture":"#10","uv":[1.994,0.999,1,0]}},"from":[6.15712,10.5851,4.34988],"rotation":{"angle":0,"axis":"y","origin":[11.95712,-0.9149,11.73559]},"to":[6.65712,10.6851,12.44988]},{"faces":{"down":{"texture":"#10","uv":[1.994,0.999,1,0]},"east":{"texture":"#10","uv":[1.994,0.999,1,0]},"north":{"texture":"#10","uv":[1.994,0.999,1,0]},"south":{"texture":"#10","uv":[1.994,0.999,1,0]},"up":{"texture":"#10","uv":[1.994,0.999,1,0]},"west":{"texture":"#10","uv":[1.994,0.999,1,0]}},"from":[9.25712,10.5851,4.34988],"rotation":{"angle":0,"axis":"y","origin":[11.95712,-0.9149,11.73559]},"to":[9.75712,10.6851,12.44988]},{"faces":{"down":{"texture":"#10","uv":[1,0.999,1.994,0]},"east":{"texture":"#10","uv":[1,0.999,1.994,0]},"north":{"texture":"#10","uv":[1,0.999,1.994,0]},"south":{"texture":"#10","uv":[1,0.999,1.994,0]},"up":{"texture":"#10","uv":[1,0.999,1.994,0]},"west":{"texture":"#10","uv":[1,0.999,1.994,0]}},"from":[9.84288,10.0851,4.34988],"rotation":{"angle":0,"axis":"y","origin":[4.04288,-0.9149,11.73559]},"to":[10.04288,10.5851,12.44988]},{"faces":{"down":{"texture":"#10","uv":[1.994,0.999,1,0]},"east":{"texture":"#10","uv":[1.994,0.999,1,0]},"north":{"texture":"#10","uv":[1.994,0.999,1,0]},"south":{"texture":"#10","uv":[1.994,0.999,1,0]},"up":{"texture":"#10","uv":[1.994,0.999,1,0]},"west":{"texture":"#10","uv":[1.994,0.999,1,0]}},"from":[5.95712,10.1851,4.34988],"rotation":{"angle":0,"axis":"y","origin":[11.95712,-0.9149,11.73559]},"to":[6.15712,10.5851,12.44988]},{"faces":{"down":{"texture":"#10","uv":[1,0.999,1.994,0]},"east":{"texture":"#10","uv":[1,0.999,1.994,0]},"north":{"texture":"#10","uv":[1,0.999,1.994,0]},"south":{"texture":"#10","uv":[1,0.999,1.994,0]},"up":{"texture":"#10","uv":[1,0.999,1.994,0]},"west":{"texture":"#10","uv":[1,0.999,1.994,0]}},"from":[10.04288,10.2851,4.34988],"rotation":{"angle":0,"axis":"y","origin":[4.04288,-0.9149,11.73559]},"to":[10.14288,10.4851,12.44988]},{"faces":{"down":{"texture":"#10","uv":[1.994,0.999,1,0]},"east":{"texture":"#10","uv":[1.994,0.999,1,0]},"north":{"texture":"#10","uv":[1.994,0.999,1,0]},"south":{"texture":"#10","uv":[1.994,0.999,1,0]},"up":{"texture":"#10","uv":[1.994,0.999,1,0]},"west":{"texture":"#10","uv":[1.994,0.999,1,0]}},"from":[5.85712,10.2851,4.34988],"rotation":{"angle":0,"axis":"y","origin":[11.95712,-0.9149,11.73559]},"to":[5.95712,10.4851,12.44988]},{"faces":{"down":{"texture":"#7","uv":[6.994,0.999,6,0]},"east":{"texture":"#7","uv":[6.994,0.999,6,0]},"north":{"texture":"#7","uv":[6.994,0.999,6,0]},"south":{"texture":"#7","uv":[6.994,0.999,6,0]},"up":{"texture":"#7","uv":[6.994,0.999,6,0]},"west":{"texture":"#7","uv":[6.994,0.999,6,0]}},"from":[6.74288,9.9851,4.3],"rotation":{"angle":0,"axis":"y","origin":[12.04288,-0.9149,11.73559]},"to":[7.14288,10.3851,12.45]},{"faces":{"down":{"texture":"#4","uv":[6,0,6.994,0.999]},"east":{"texture":"#4","uv":[6,0,6.994,0.999]},"north":{"texture":"#4","uv":[6,0,6.994,0.999]},"south":{"texture":"#4","uv":[6,0,6.994,0.999]},"up":{"texture":"#4","uv":[6,0,6.994,0.999]},"west":{"texture":"#4","uv":[6,0,6.994,0.999]}},"from":[8.77719,9.93657,4.24988],"rotation":{"angle":0,"axis":"y","origin":[4.08879,15.10818,11.73559]},"to":[9.88879,10.10818,12.44988]},{"faces":{"down":{"texture":"#4","uv":[6,0,6.994,0.999]},"east":{"texture":"#4","uv":[6,0,6.994,0.999]},"north":{"texture":"#4","uv":[6,0,6.994,0.999]},"south":{"texture":"#4","uv":[6,0,6.994,0.999]},"up":{"texture":"#4","uv":[6,0,6.994,0.999]},"west":{"texture":"#4","uv":[6,0,6.994,0.999]}},"from":[7.37719,9.43657,4.24988],"rotation":{"angle":0,"axis":"y","origin":[4.08879,15.10818,11.73559]},"to":[8.58879,9.60818,12.44988]},{"faces":{"down":{"texture":"#4","uv":[6,0,6.994,0.999]},"east":{"texture":"#4","uv":[6,0,6.994,0.999]},"north":{"texture":"#4","uv":[6,0,6.994,0.999]},"south":{"texture":"#4","uv":[6,0,6.994,0.999]},"up":{"texture":"#4","uv":[6,0,6.994,0.999]},"west":{"texture":"#4","uv":[6,0,6.994,0.999]}},"from":[7.67719,9.23657,4.24988],"rotation":{"angle":0,"axis":"y","origin":[4.08879,15.10818,11.73559]},"to":[8.28879,10.20818,12.44988]},{"faces":{"down":{"texture":"#4","uv":[6,0,6.994,0.999]},"east":{"texture":"#4","uv":[6,0,6.994,0.999]},"north":{"texture":"#4","uv":[6,0,6.994,0.999]},"south":{"texture":"#4","uv":[6,0,6.994,0.999]},"up":{"texture":"#4","uv":[6,0,6.994,0.999]},"west":{"texture":"#4","uv":[6,0,6.994,0.999]}},"from":[9.69101,8.89316,4.24988],"rotation":{"angle":45,"axis":"z","origin":[8.3826,7.66475,9.34988]},"to":[9.90261,9.66477,12.44988]},{"faces":{"down":{"texture":"#4","uv":[6.994,0,6,0.999]},"east":{"texture":"#4","uv":[6.994,0,6,0.999]},"north":{"texture":"#4","uv":[6.994,0,6,0.999]},"south":{"texture":"#4","uv":[6.994,0,6,0.999]},"up":{"texture":"#4","uv":[6.994,0,6,0.999]},"west":{"texture":"#4","uv":[6.994,0,6,0.999]}},"from":[6.2048,8.89316,4.24988],"rotation":{"angle":-45,"axis":"z","origin":[7.6541,7.83546,9.34988]},"to":[6.4164,9.66477,12.44988]},{"faces":{"down":{"texture":"#4","uv":[6.994,0,6,0.999]},"east":{"texture":"#4","uv":[6.994,0,6,0.999]},"north":{"texture":"#4","uv":[6.994,0,6,0.999]},"south":{"texture":"#4","uv":[6.994,0,6,0.999]},"up":{"texture":"#4","uv":[6.994,0,6,0.999]},"west":{"texture":"#4","uv":[6.994,0,6,0.999]}},"from":[6.19696,9.93657,4.24988],"rotation":{"angle":0,"axis":"y","origin":[11.99696,15.10818,11.73559]},"to":[7.30857,10.10818,12.44988]},{"faces":{"down":{"texture":"#4","uv":[6,0,6.994,0.999]},"east":{"texture":"#4","uv":[6,0,6.994,0.999]},"north":{"texture":"#4","uv":[6,0,6.994,0.999]},"south":{"texture":"#4","uv":[6,0,6.994,0.999]},"up":{"texture":"#4","uv":[6,0,6.994,0.999]},"west":{"texture":"#4","uv":[6,0,6.994,0.999]}},"from":[8.42527,10.1881,4.24988],"rotation":{"angle":-22.5,"axis":"z","origin":[10.25133,8.02483,9.39988]},"to":[9.40672,10.38041,12.44988]},{"faces":{"down":{"texture":"#4","uv":[6.994,0,6,0.999]},"east":{"texture":"#4","uv":[6.994,0,6,0.999]},"north":{"texture":"#4","uv":[6.994,0,6,0.999]},"south":{"texture":"#4","uv":[6.994,0,6,0.999]},"up":{"texture":"#4","uv":[6.994,0,6,0.999]},"west":{"texture":"#4","uv":[6.994,0,6,0.999]}},"from":[6.67903,10.1881,4.24988],"rotation":{"angle":22.5,"axis":"z","origin":[5.83443,8.02483,9.39988]},"to":[7.56049,10.38041,12.44988]},{"faces":{"down":{"texture":"#4","uv":[6,0,6.994,0.999]},"east":{"texture":"#4","uv":[6,0,6.994,0.999]},"north":{"texture":"#4","uv":[6,0,6.994,0.999]},"south":{"texture":"#4","uv":[6,0,6.994,0.999]},"up":{"texture":"#4","uv":[6,0,6.994,0.999]},"west":{"texture":"#4","uv":[6,0,6.994,0.999]}},"from":[10.08135,9.84073,4.24988],"rotation":{"angle":45,"axis":"z","origin":[9.31359,8.31439,9.39988]},"to":[11.28135,10.04073,12.44988]},{"faces":{"down":{"texture":"#4","uv":[6.994,0,6,0.999]},"east":{"texture":"#4","uv":[6.994,0,6,0.999]},"north":{"texture":"#4","uv":[6.994,0,6,0.999]},"south":{"texture":"#4","uv":[6.994,0,6,0.999]},"up":{"texture":"#4","uv":[6.994,0,6,0.999]},"west":{"texture":"#4","uv":[6.994,0,6,0.999]}},"from":[4.80441,9.84073,4.24988],"rotation":{"angle":-45,"axis":"z","origin":[6.77217,8.31439,9.39988]},"to":[6.00441,10.04073,12.44988]},{"faces":{"down":{"texture":"#4","uv":[6,0,6.994,0.999]},"east":{"texture":"#4","uv":[6,0,6.994,0.999]},"north":{"texture":"#4","uv":[6,0,6.994,0.999]},"south":{"texture":"#4","uv":[6,0,6.994,0.999]},"up":{"texture":"#4","uv":[6,0,6.994,0.999]},"west":{"texture":"#4","uv":[6,0,6.994,0.999]}},"from":[11.008,8.77176,4.24988],"rotation":{"angle":45,"axis":"z","origin":[9.04235,8.00316,9.39988]},"to":[11.58793,8.95168,12.44988]},{"faces":{"down":{"texture":"#4","uv":[6.994,0,6,0.999]},"east":{"texture":"#4","uv":[6.994,0,6,0.999]},"north":{"texture":"#4","uv":[6.994,0,6,0.999]},"south":{"texture":"#4","uv":[6.994,0,6,0.999]},"up":{"texture":"#4","uv":[6.994,0,6,0.999]},"west":{"texture":"#4","uv":[6.994,0,6,0.999]}},"from":[4.49783,8.77176,4.24988],"rotation":{"angle":-45,"axis":"z","origin":[7.04341,8.00316,9.39988]},"to":[5.07776,8.95168,12.44988]},{"faces":{"down":{"texture":"#4","uv":[9,5,9.994,5.999]},"east":{"texture":"#4","uv":[9,5,9.994,5.999]},"north":{"texture":"#4","uv":[9,5,9.994,5.999]},"south":{"texture":"#4","uv":[9,5,9.994,5.999]},"up":{"texture":"#4","uv":[9,5,9.994,5.999]},"west":{"texture":"#4","uv":[9,5,9.994,5.999]}},"from":[7.34288,8.3851,3.94988],"rotation":{"angle":0,"axis":"y","origin":[4.04288,15.0851,11.73559]},"to":[8.74288,8.5851,12.44988]},{"faces":{"down":{"texture":"#7","uv":[9,5,9.994,5.999]},"east":{"texture":"#7","uv":[9,5,9.994,5.999]},"north":{"texture":"#7","uv":[9,5,9.994,5.999]},"south":{"texture":"#7","uv":[9,5,9.994,5.999]},"up":{"texture":"#7","uv":[9,5,9.994,5.999]},"west":{"texture":"#7","uv":[9,5,9.994,5.999]}},"from":[7.54288,7.5851,4.34988],"rotation":{"angle":0,"axis":"y","origin":[4.04288,15.0851,11.73559]},"to":[8.54288,8.3851,12.44988]},{"faces":{"down":{"texture":"#4","uv":[9,5,9.994,5.999]},"east":{"texture":"#4","uv":[9,5,9.994,5.999]},"north":{"texture":"#4","uv":[9,5,9.994,5.999]},"south":{"texture":"#4","uv":[9,5,9.994,5.999]},"up":{"texture":"#4","uv":[9,5,9.994,5.999]},"west":{"texture":"#4","uv":[9,5,9.994,5.999]}},"from":[7.34288,10.21212,5.29432],"rotation":{"angle":-22.5,"axis":"x","origin":[8.04288,6.11912,9.21463]},"to":[8.74288,10.41212,13.79432]},{"faces":{"down":{"rotation":270,"texture":"#4","uv":[9,5,9.994,5.999]},"east":{"rotation":270,"texture":"#4","uv":[9,5,9.994,5.999]},"north":{"rotation":90,"texture":"#4","uv":[9,5,9.994,5.999]},"south":{"rotation":270,"texture":"#4","uv":[9,5,9.994,5.999]},"up":{"rotation":270,"texture":"#4","uv":[9,5,9.994,5.999]},"west":{"rotation":270,"texture":"#4","uv":[9,5,9.994,5.999]}},"from":[5.48862,7.3851,4.5574],"rotation":{"angle":-22.5,"axis":"y","origin":[7.94288,6.0851,8.91463]},"to":[5.68862,8.5851,10.0574]},{"faces":{"down":{"texture":"#4","uv":[9,5.999,9.994,5]},"east":{"texture":"#4","uv":[9,5.999,9.994,5]},"north":{"texture":"#4","uv":[9,5.999,9.994,5]},"south":{"texture":"#4","uv":[9,5.999,9.994,5]},"up":{"texture":"#4","uv":[9,5.999,9.994,5]},"west":{"texture":"#4","uv":[9,5.999,9.994,5]}},"from":[7.34288,5.42106,4.60549],"rotation":{"angle":22.5,"axis":"x","origin":[8.04288,8.05108,9.21463]},"to":[8.74288,5.62106,13.10549]},{"faces":{"down":{"rotation":270,"texture":"#4","uv":[9,5.999,9.994,5]},"east":{"rotation":270,"texture":"#4","uv":[9,5.999,9.994,5]},"north":{"rotation":90,"texture":"#4","uv":[9,5.999,9.994,5]},"south":{"rotation":270,"texture":"#4","uv":[9,5.999,9.994,5]},"up":{"rotation":270,"texture":"#4","uv":[9,5.999,9.994,5]},"west":{"rotation":270,"texture":"#4","uv":[9,5.999,9.994,5]}},"from":[10.39714,7.3851,4.5574],"rotation":{"angle":22.5,"axis":"y","origin":[8.14288,6.0851,8.91463]},"to":[10.59714,8.5851,8.0574]},{"faces":{"down":{"texture":"#4","uv":[9,5,9.994,5.999]},"east":{"texture":"#4","uv":[9,5,9.994,5.999]},"north":{"texture":"#4","uv":[9,5,9.994,5.999]},"south":{"texture":"#4","uv":[9,5,9.994,5.999]},"up":{"texture":"#4","uv":[9,5,9.994,5.999]},"west":{"texture":"#4","uv":[9,5,9.994,5.999]}},"from":[8.54288,7.5851,3.94988],"rotation":{"angle":0,"axis":"y","origin":[4.04288,15.0851,11.73559]},"to":[8.74288,8.3851,12.44988]},{"faces":{"down":{"texture":"#4","uv":[9,5,9.994,5.999]},"east":{"texture":"#4","uv":[9,5,9.994,5.999]},"north":{"texture":"#4","uv":[9,5,9.994,5.999]},"south":{"texture":"#4","uv":[9,5,9.994,5.999]},"up":{"texture":"#4","uv":[9,5,9.994,5.999]},"west":{"texture":"#4","uv":[9,5,9.994,5.999]}},"from":[7.34288,7.5851,3.94988],"rotation":{"angle":0,"axis":"y","origin":[4.04288,15.0851,11.73559]},"to":[7.54288,8.3851,12.44988]},{"faces":{"down":{"rotation":270,"texture":"#5","uv":[0,0,8.4,1]},"east":{"rotation":270,"texture":"#5","uv":[0,0,1.6,8.4]},"north":{"rotation":270,"texture":"#5","uv":[1,2,2.599,3]},"south":{"rotation":270,"texture":"#5","uv":[0,0,1.6,1]},"up":{"rotation":270,"texture":"#5","uv":[0,0,8.4,1]},"west":{"rotation":270,"texture":"#5","uv":[0,0,1.6,8.4]}},"from":[3.79522,8.86586,4.14988],"rotation":{"angle":-45,"axis":"z","origin":[8.04288,8.5851,8.94988]},"to":[4.79522,10.46586,13.54988]},{"faces":{"down":{"texture":"#5","uv":[0,0,0.9,8.5]},"east":{"texture":"#5","uv":[0,0,8.5,1]},"north":{"texture":"#5","uv":[2,2,2.9,3]},"south":{"texture":"#5","uv":[0,0,0.9,1]},"up":{"texture":"#5","uv":[0,0,0.9,8.5]},"west":{"texture":"#5","uv":[0,0,8.5,1]}},"from":[5.23785,10.78718,4.04988],"rotation":{"angle":0,"axis":"z","origin":[8.43785,9.58718,9.44988]},"to":[6.13785,11.78718,13.54988]},{"faces":{"down":{"texture":"#13","uv":[0,0,1,1]},"east":{"texture":"#13","uv":[0,0,1,1]},"north":{"texture":"#13","uv":[0,0,1,1]},"south":{"texture":"#13","uv":[0,0,1,1]},"up":{"texture":"#13","uv":[0,0,1,1]},"west":{"texture":"#13","uv":[0,0,1,1]}},"from":[13,-10,5],"to":[15,0.5,13]},{"faces":{"down":{"texture":"#13","uv":[0,0,1,1]},"east":{"texture":"#13","uv":[0,0,1,1]},"north":{"texture":"#13","uv":[0,0,1,1]},"south":{"texture":"#13","uv":[0,0,1,1]},"up":{"texture":"#13","uv":[0,0,1,1]},"west":{"texture":"#13","uv":[0,0,1,1]}},"from":[9,-10,5],"to":[11,0.5,13]},{"faces":{"down":{"rotation":270,"texture":"#13","uv":[0,0,1,1]},"east":{"rotation":270,"texture":"#13","uv":[0,0,1,1]},"north":{"rotation":90,"texture":"#13","uv":[0,0,1,1]},"south":{"rotation":270,"texture":"#13","uv":[0,0,1,1]},"up":{"rotation":270,"texture":"#13","uv":[0,0,1,1]},"west":{"rotation":270,"texture":"#13","uv":[0,0,1,1]}},"from":[0,-12,5],"rotation":{"angle":0,"axis":"z","origin":[10,-5,9]},"to":[16,-10,13]},{"faces":{"down":{"rotation":90,"texture":"#2","uv":[0,0,1,1]},"east":{"rotation":90,"texture":"#2","uv":[0,0,1,1]},"north":{"rotation":90,"texture":"#2","uv":[0,0,1,1]},"south":{"rotation":90,"texture":"#2","uv":[0,0,1,1]},"up":{"rotation":90,"texture":"#2","uv":[0,0,1,1]},"west":{"rotation":90,"texture":"#2","uv":[0,0,1,1]}},"from":[16,-12,5],"rotation":{"angle":0,"axis":"z","origin":[10,-5,9]},"to":[17,18,13]},{"faces":{"down":{"rotation":90,"texture":"#2","uv":[0,0,1,1]},"east":{"rotation":90,"texture":"#2","uv":[0,0,1,1]},"north":{"rotation":90,"texture":"#2","uv":[0,0,1,1]},"south":{"rotation":90,"texture":"#2","uv":[0,0,1,1]},"up":{"rotation":90,"texture":"#2","uv":[0,0,1,1]},"west":{"rotation":90,"texture":"#2","uv":[0,0,1,1]}},"from":[-1,-12,5],"rotation":{"angle":0,"axis":"z","origin":[10,-5,9]},"to":[0,18,13]},{"faces":{"down":{"rotation":90,"texture":"#2","uv":[0,0,1,1]},"east":{"rotation":90,"texture":"#2","uv":[0,0,1,1]},"north":{"rotation":90,"texture":"#2","uv":[0,0,1,1]},"south":{"rotation":90,"texture":"#2","uv":[0,0,1,1]},"up":{"rotation":90,"texture":"#2","uv":[0,0,1,1]},"west":{"rotation":90,"texture":"#2","uv":[0,0,1,1]}},"from":[0,17,5],"rotation":{"angle":0,"axis":"z","origin":[10,-5,9]},"to":[16,18,13]},{"faces":{"down":{"texture":"#7","uv":[0,0,1,1]},"east":{"texture":"#7","uv":[0,0,1,1]},"north":{"texture":"#7","uv":[0,0,1,1]},"south":{"texture":"#7","uv":[0,0,1,1]},"up":{"texture":"#7","uv":[0,0,1,1]},"west":{"texture":"#7","uv":[0,0,1,1]}},"from":[0,-10,5.5],"to":[16,0.2,13]},{"faces":{"down":{"texture":"#13","uv":[0,0,1,1]},"east":{"texture":"#13","uv":[0,0,1,1]},"north":{"texture":"#13","uv":[0,0,1,1]},"south":{"texture":"#13","uv":[0,0,1,1]},"up":{"texture":"#13","uv":[0,0,1,1]},"west":{"texture":"#13","uv":[0,0,1,1]}},"from":[5,-10,5],"to":[7,0.5,13]},{"faces":{"down":{"texture":"#13","uv":[0,0,1,1]},"east":{"texture":"#13","uv":[0,0,1,1]},"north":{"texture":"#13","uv":[0,0,1,1]},"south":{"texture":"#13","uv":[0,0,1,1]},"up":{"texture":"#13","uv":[0,0,1,1]},"west":{"texture":"#13","uv":[0,0,1,1]}},"from":[1,-10,5],"to":[3,0.5,13]},{"faces":{"down":{"texture":"#14","uv":[0,0,1,1]},"east":{"texture":"#14","uv":[0,0,1,1]},"north":{"texture":"#14","uv":[0,0,1,1]},"south":{"texture":"#14","uv":[0,0,1,1]},"up":{"texture":"#14","uv":[0,0,1,1]},"west":{"texture":"#14","uv":[0,0,1,1]}},"from":[4.69143,2.09518,4.5],"rotation":{"angle":22.5,"axis":"z","origin":[7.5,5.4,0.5]},"to":[5.69143,6.09518,5.5]},{"faces":{"down":{"texture":"#14","uv":[0,0,1,1]},"east":{"texture":"#14","uv":[0,0,1,1]},"north":{"texture":"#14","uv":[0,0,1,1]},"south":{"texture":"#14","uv":[0,0,1,1]},"up":{"texture":"#14","uv":[0,0,1,1]},"west":{"texture":"#14","uv":[0,0,1,1]}},"from":[4.19143,6.09518,4],"rotation":{"angle":22.5,"axis":"z","origin":[7.5,5.4,0.5]},"to":[6.19143,10.09518,6]},{"faces":{"down":{"texture":"#14","uv":[0,0,1,1]},"east":{"texture":"#14","uv":[0,0,1,1]},"north":{"texture":"#14","uv":[0,0,1,1]},"south":{"texture":"#14","uv":[0,0,1,1]},"up":{"texture":"#14","uv":[0,0,1,1]},"west":{"texture":"#14","uv":[0,0,1,1]}},"from":[3.69143,10.09518,3.5],"rotation":{"angle":22.5,"axis":"z","origin":[7.5,5.4,0.5]},"to":[6.69143,14.09518,6.5]},{"faces":{"down":{"texture":"#15","uv":[0,0,16,16]},"east":{"texture":"#15","uv":[0,0,16,16]},"north":{"texture":"#15","uv":[0,0,16,16]},"south":{"texture":"#15","uv":[0,0,16,16]},"up":{"texture":"#15","uv":[0,0,16,16]},"west":{"texture":"#15","uv":[0,0,16,16]}},"from":[4.19143,12.69518,4],"rotation":{"angle":22.5,"axis":"z","origin":[7.5,5.4,0.5]},"to":[6.19143,14.69518,6]}],"textures":{"10":"block/snow","11":"block/red_glazed_terracotta","12":"block/light_blue_concrete","13":"block/green_concrete","14":"block/brown_concrete","15":"block/glass","2":"block/beacon","4":"block/orange_glazed_terracotta","5":"block/sand","7":"block/black_concrete","8":"block/cyan_concrete","particle":"block/beacon"}}