{"parent": "block/fence_side", "ambientocclusion": false, "textures": {"1": "block/white_wool", "2": "block/spruce_planks", "3": "block/birch_door_bottom", "4": "block/black_concrete", "5": "block/staffleden/steven", "particle": "block/white_wool"}, "elements": [{"from": [11.2651, 6.47093, 2.22739], "to": [14.5151, 9.97094, 12.2274], "rotation": {"angle": -22.5, "axis": "x", "origin": [8.01594, 8.23317, 11.1855]}, "faces": {"north": {"uv": [12, 4, 12.749, 4.999], "rotation": 180, "texture": "#5"}, "east": {"uv": [11, 5, 12, 8], "rotation": 270, "texture": "#5"}, "south": {"uv": [11, 4, 11.749, 4.999], "texture": "#5"}, "west": {"uv": [12.75, 5, 13.499, 8], "rotation": 90, "texture": "#5"}, "up": {"uv": [11.75, 5, 12.499, 8], "rotation": 180, "texture": "#5"}, "down": {"uv": [10, 5, 11, 8], "texture": "#5"}}}, {"from": [12.4651, 8.67093, 2.22739], "to": [13.4651, 16.67093, 3.22739], "rotation": {"angle": 0, "axis": "y", "origin": [8.01594, 15.33317, 10.8855]}, "faces": {"north": {"uv": [1.25, 5.25, 3.75, 14.875], "rotation": 180, "texture": "#3"}, "east": {"uv": [1.25, 5.25, 3.75, 14.875], "rotation": 180, "texture": "#3"}, "south": {"uv": [1.25, 5.25, 3.75, 14.875], "rotation": 180, "texture": "#3"}, "west": {"uv": [1.25, 5.25, 3.75, 14.875], "rotation": 180, "texture": "#3"}, "up": {"uv": [1.25, 5.25, 3.75, 14.875], "rotation": 180, "texture": "#3"}, "down": {"uv": [1.25, 5.25, 3.75, 14.875], "rotation": 180, "texture": "#3"}}}, {"from": [11.1651, 8.77093, 0.92739], "to": [14.7651, 9.67093, 4.52739], "rotation": {"angle": 0, "axis": "y", "origin": [8.01594, 5.83317, 10.8855]}, "faces": {"north": {"uv": [11.125, 4.125, 11.75, 4.75], "rotation": 180, "texture": "#2"}, "east": {"uv": [11.125, 4.125, 11.75, 4.75], "rotation": 180, "texture": "#2"}, "south": {"uv": [11.125, 4.125, 11.75, 4.75], "rotation": 180, "texture": "#2"}, "west": {"uv": [11.125, 4.125, 11.75, 4.75], "rotation": 180, "texture": "#2"}, "up": {"uv": [11.125, 4.125, 11.75, 4.75], "rotation": 180, "texture": "#2"}, "down": {"uv": [11.125, 4.125, 11.75, 4.75], "rotation": 180, "texture": "#2"}}}, {"from": [12.47366, 6.54405, 1.6305], "to": [13.47366, 9.81905, 2.6055], "rotation": {"angle": -22.5, "axis": "x", "origin": [12.97366, 7.92914, 2.72739]}, "faces": {"north": {"uv": [11.75, 4.125, 11.125, 4.75], "rotation": 180, "texture": "#2"}, "east": {"uv": [11.75, 4.125, 11.125, 4.75], "rotation": 180, "texture": "#2"}, "south": {"uv": [11.75, 4.125, 11.125, 4.75], "rotation": 180, "texture": "#2"}, "west": {"uv": [11.75, 4.125, 11.125, 4.75], "rotation": 180, "texture": "#2"}, "up": {"uv": [11.75, 4.125, 11.125, 4.75], "rotation": 270, "texture": "#2"}, "down": {"uv": [11.75, 4.125, 11.125, 4.75], "rotation": 90, "texture": "#2"}}}, {"from": [12.48222, 8.39593, 2.22739], "to": [13.45722, 11.67093, 3.22739], "rotation": {"angle": 22.5, "axis": "z", "origin": [17.93138, 7.33317, 10.8855]}, "faces": {"north": {"uv": [11.75, 4.125, 11.125, 4.75], "rotation": 180, "texture": "#2"}, "east": {"uv": [11.75, 4.125, 11.125, 4.75], "rotation": 180, "texture": "#2"}, "south": {"uv": [11.75, 4.125, 11.125, 4.75], "rotation": 180, "texture": "#2"}, "west": {"uv": [11.75, 4.125, 11.125, 4.75], "rotation": 180, "texture": "#2"}, "up": {"uv": [11.75, 4.125, 11.125, 4.75], "rotation": 180, "texture": "#2"}, "down": {"uv": [11.75, 4.125, 11.125, 4.75], "rotation": 180, "texture": "#2"}}}, {"from": [12.4651, -1.32907, 2.22739], "to": [13.4651, 9.67093, 3.22739], "rotation": {"angle": 0, "axis": "y", "origin": [8.01594, 5.33317, 10.8855]}, "faces": {"north": {"uv": [11.125, 4.125, 11.75, 4.75], "rotation": 180, "texture": "#2"}, "east": {"uv": [11.125, 4.125, 11.75, 4.75], "rotation": 180, "texture": "#2"}, "south": {"uv": [11.125, 4.125, 11.75, 4.75], "rotation": 180, "texture": "#2"}, "west": {"uv": [11.125, 4.125, 11.75, 4.75], "rotation": 180, "texture": "#2"}, "up": {"uv": [11.125, 4.125, 11.75, 4.75], "rotation": 180, "texture": "#2"}, "down": {"uv": [11.125, 4.125, 11.75, 4.75], "rotation": 180, "texture": "#2"}}}, {"from": [12.7651, 16.67093, 2.52739], "to": [13.1651, 17.37093, 2.92739], "rotation": {"angle": 0, "axis": "y", "origin": [8.01594, 23.33317, 10.8855]}, "faces": {"north": {"uv": [1.25, 5.25, 2, 6], "rotation": 180, "texture": "#4"}, "east": {"uv": [1.25, 5.25, 2, 6], "rotation": 180, "texture": "#4"}, "south": {"uv": [1.25, 5.25, 2, 6], "rotation": 180, "texture": "#4"}, "west": {"uv": [1.25, 5.25, 2, 6], "rotation": 180, "texture": "#4"}, "up": {"uv": [1.25, 5.25, 2, 6], "rotation": 180, "texture": "#4"}, "down": {"uv": [1.25, 5.25, 2, 6], "rotation": 180, "texture": "#4"}}}, {"from": [12.4901, 8.39593, 2.22739], "to": [13.4651, 11.67093, 3.22739], "rotation": {"angle": -22.5, "axis": "z", "origin": [8.01594, 7.33317, 10.8855]}, "faces": {"north": {"uv": [11.125, 4.125, 11.75, 4.75], "rotation": 180, "texture": "#2"}, "east": {"uv": [11.125, 4.125, 11.75, 4.75], "rotation": 180, "texture": "#2"}, "south": {"uv": [11.125, 4.125, 11.75, 4.75], "rotation": 180, "texture": "#2"}, "west": {"uv": [11.125, 4.125, 11.75, 4.75], "rotation": 180, "texture": "#2"}, "up": {"uv": [11.125, 4.125, 11.75, 4.75], "rotation": 180, "texture": "#2"}, "down": {"uv": [11.125, 4.125, 11.75, 4.75], "rotation": 180, "texture": "#2"}}}, {"from": [12.47366, 6.54405, 2.84928], "to": [13.47366, 9.81905, 3.82428], "rotation": {"angle": 22.5, "axis": "x", "origin": [12.97366, 7.92914, 2.72739]}, "faces": {"north": {"uv": [11.125, 4.125, 11.75, 4.75], "rotation": 180, "texture": "#2"}, "east": {"uv": [11.125, 4.125, 11.75, 4.75], "rotation": 180, "texture": "#2"}, "south": {"uv": [11.125, 4.125, 11.75, 4.75], "rotation": 180, "texture": "#2"}, "west": {"uv": [11.125, 4.125, 11.75, 4.75], "rotation": 180, "texture": "#2"}, "up": {"uv": [11.125, 4.125, 11.75, 4.75], "rotation": 270, "texture": "#2"}, "down": {"uv": [11.125, 4.125, 11.75, 4.75], "rotation": 90, "texture": "#2"}}}, {"from": [2.4651, 9.67093, 2.22739], "to": [3.4651, 17.67093, 3.22739], "rotation": {"angle": 0, "axis": "y", "origin": [-1.98406, 16.33317, 10.8855]}, "faces": {"north": {"uv": [1.25, 5.25, 3.75, 14.875], "rotation": 180, "texture": "#3"}, "east": {"uv": [1.25, 5.25, 3.75, 14.875], "rotation": 180, "texture": "#3"}, "south": {"uv": [1.25, 5.25, 3.75, 14.875], "rotation": 180, "texture": "#3"}, "west": {"uv": [1.25, 5.25, 3.75, 14.875], "rotation": 180, "texture": "#3"}, "up": {"uv": [1.25, 5.25, 3.75, 14.875], "rotation": 180, "texture": "#3"}, "down": {"uv": [1.25, 5.25, 3.75, 14.875], "rotation": 180, "texture": "#3"}}}, {"from": [1.1651, 9.77093, 0.92739], "to": [4.7651, 10.67093, 4.52739], "rotation": {"angle": 0, "axis": "y", "origin": [-1.98406, 6.83317, 10.8855]}, "faces": {"north": {"uv": [11.125, 4.125, 11.75, 4.75], "rotation": 180, "texture": "#2"}, "east": {"uv": [11.125, 4.125, 11.75, 4.75], "rotation": 180, "texture": "#2"}, "south": {"uv": [11.125, 4.125, 11.75, 4.75], "rotation": 180, "texture": "#2"}, "west": {"uv": [11.125, 4.125, 11.75, 4.75], "rotation": 180, "texture": "#2"}, "up": {"uv": [11.125, 4.125, 11.75, 4.75], "rotation": 180, "texture": "#2"}, "down": {"uv": [11.125, 4.125, 11.75, 4.75], "rotation": 180, "texture": "#2"}}}, {"from": [2.47366, 7.54405, 1.6305], "to": [3.47366, 10.81905, 2.6055], "rotation": {"angle": -22.5, "axis": "x", "origin": [2.97366, 8.92914, 2.72739]}, "faces": {"north": {"uv": [11.75, 4.125, 11.125, 4.75], "rotation": 180, "texture": "#2"}, "east": {"uv": [11.75, 4.125, 11.125, 4.75], "rotation": 180, "texture": "#2"}, "south": {"uv": [11.75, 4.125, 11.125, 4.75], "rotation": 180, "texture": "#2"}, "west": {"uv": [11.75, 4.125, 11.125, 4.75], "rotation": 180, "texture": "#2"}, "up": {"uv": [11.75, 4.125, 11.125, 4.75], "rotation": 270, "texture": "#2"}, "down": {"uv": [11.75, 4.125, 11.125, 4.75], "rotation": 90, "texture": "#2"}}}, {"from": [2.48222, 9.39593, 2.22739], "to": [3.45722, 12.67093, 3.22739], "rotation": {"angle": 22.5, "axis": "z", "origin": [7.93138, 8.33317, 10.8855]}, "faces": {"north": {"uv": [11.75, 4.125, 11.125, 4.75], "rotation": 180, "texture": "#2"}, "east": {"uv": [11.75, 4.125, 11.125, 4.75], "rotation": 180, "texture": "#2"}, "south": {"uv": [11.75, 4.125, 11.125, 4.75], "rotation": 180, "texture": "#2"}, "west": {"uv": [11.75, 4.125, 11.125, 4.75], "rotation": 180, "texture": "#2"}, "up": {"uv": [11.75, 4.125, 11.125, 4.75], "rotation": 180, "texture": "#2"}, "down": {"uv": [11.75, 4.125, 11.125, 4.75], "rotation": 180, "texture": "#2"}}}, {"from": [2.4651, -0.32907, 2.22739], "to": [3.4651, 10.67093, 3.22739], "rotation": {"angle": 0, "axis": "y", "origin": [-1.98406, 6.33317, 10.8855]}, "faces": {"north": {"uv": [11.125, 4.125, 11.75, 4.75], "rotation": 180, "texture": "#2"}, "east": {"uv": [11.125, 4.125, 11.75, 4.75], "rotation": 180, "texture": "#2"}, "south": {"uv": [11.125, 4.125, 11.75, 4.75], "rotation": 180, "texture": "#2"}, "west": {"uv": [11.125, 4.125, 11.75, 4.75], "rotation": 180, "texture": "#2"}, "up": {"uv": [11.125, 4.125, 11.75, 4.75], "rotation": 180, "texture": "#2"}, "down": {"uv": [11.125, 4.125, 11.75, 4.75], "rotation": 180, "texture": "#2"}}}, {"from": [2.7651, 17.67093, 2.52739], "to": [3.1651, 18.37093, 2.92739], "rotation": {"angle": 0, "axis": "y", "origin": [-1.98406, 24.33317, 10.8855]}, "faces": {"north": {"uv": [1.25, 5.25, 2, 6], "rotation": 180, "texture": "#4"}, "east": {"uv": [1.25, 5.25, 2, 6], "rotation": 180, "texture": "#4"}, "south": {"uv": [1.25, 5.25, 2, 6], "rotation": 180, "texture": "#4"}, "west": {"uv": [1.25, 5.25, 2, 6], "rotation": 180, "texture": "#4"}, "up": {"uv": [1.25, 5.25, 2, 6], "rotation": 180, "texture": "#4"}, "down": {"uv": [1.25, 5.25, 2, 6], "rotation": 180, "texture": "#4"}}}, {"from": [2.4901, 9.39593, 2.22739], "to": [3.4651, 12.67093, 3.22739], "rotation": {"angle": -22.5, "axis": "z", "origin": [-1.98406, 8.33317, 10.8855]}, "faces": {"north": {"uv": [11.125, 4.125, 11.75, 4.75], "rotation": 180, "texture": "#2"}, "east": {"uv": [11.125, 4.125, 11.75, 4.75], "rotation": 180, "texture": "#2"}, "south": {"uv": [11.125, 4.125, 11.75, 4.75], "rotation": 180, "texture": "#2"}, "west": {"uv": [11.125, 4.125, 11.75, 4.75], "rotation": 180, "texture": "#2"}, "up": {"uv": [11.125, 4.125, 11.75, 4.75], "rotation": 180, "texture": "#2"}, "down": {"uv": [11.125, 4.125, 11.75, 4.75], "rotation": 180, "texture": "#2"}}}, {"from": [2.47366, 7.54405, 2.84928], "to": [3.47366, 10.81905, 3.82428], "rotation": {"angle": 22.5, "axis": "x", "origin": [2.97366, 8.92914, 2.72739]}, "faces": {"north": {"uv": [11.125, 4.125, 11.75, 4.75], "rotation": 180, "texture": "#2"}, "east": {"uv": [11.125, 4.125, 11.75, 4.75], "rotation": 180, "texture": "#2"}, "south": {"uv": [11.125, 4.125, 11.75, 4.75], "rotation": 180, "texture": "#2"}, "west": {"uv": [11.125, 4.125, 11.75, 4.75], "rotation": 180, "texture": "#2"}, "up": {"uv": [11.125, 4.125, 11.75, 4.75], "rotation": 270, "texture": "#2"}, "down": {"uv": [11.125, 4.125, 11.75, 4.75], "rotation": 90, "texture": "#2"}}}, {"from": [8.0129, -13.15473, 9.30317], "to": [11.5879, -3.25473, 13.15317], "rotation": {"angle": 0, "axis": "y", "origin": [8.84131, -5.13284, 24.69611]}, "faces": {"north": {"uv": [3.25, 13.25, 3.625, 13.75], "texture": "#1"}, "east": {"uv": [3.25, 13.25, 3.625, 13.75], "texture": "#1"}, "south": {"uv": [3.25, 13.25, 3.625, 13.75], "texture": "#1"}, "west": {"uv": [3.25, 13.25, 3.625, 13.75], "texture": "#1"}, "up": {"uv": [3.25, 13.25, 3.625, 13.75], "texture": "#1"}, "down": {"uv": [3.25, 13.25, 3.625, 13.75], "texture": "#1"}}}, {"from": [1.56513, 6.49306, 2.23654], "to": [4.81513, 9.99306, 12.23655], "rotation": {"angle": -22.5, "axis": "x", "origin": [8.01594, 8.23317, 11.1855]}, "faces": {"north": {"uv": [10, 12, 10.749, 13], "rotation": 180, "texture": "#5"}, "east": {"uv": [10.625, 13, 11.499, 16], "rotation": 270, "texture": "#5"}, "south": {"uv": [9, 12, 9.749, 13], "texture": "#5"}, "west": {"uv": [9, 13, 10, 16], "rotation": 90, "texture": "#5"}, "up": {"uv": [8, 13, 9, 16], "rotation": 180, "texture": "#5"}, "down": {"uv": [10, 13, 11, 16], "texture": "#5"}}}, {"from": [4.43793, -13.16095, 9.29693], "to": [8.01293, -3.26094, 13.14693], "rotation": {"angle": 0, "axis": "y", "origin": [3.84131, -5.13284, 24.69611]}, "faces": {"north": {"uv": [3.25, 13.25, 3.625, 13.75], "texture": "#1"}, "east": {"uv": [3.25, 13.25, 3.625, 13.75], "texture": "#1"}, "south": {"uv": [3.25, 13.25, 3.625, 13.75], "texture": "#1"}, "west": {"uv": [3.25, 13.25, 3.625, 13.75], "texture": "#1"}, "up": {"uv": [3.25, 13.25, 3.625, 13.75], "texture": "#1"}, "down": {"uv": [3.25, 13.25, 3.625, 13.75], "texture": "#1"}}}, {"from": [4.7639, -10.67276, 9.47086], "to": [8.0139, -1.67276, 12.97086], "rotation": {"angle": 0, "axis": "y", "origin": [8.76698, 7.08006, 23.47011]}, "faces": {"north": {"uv": [5, 13, 6, 16], "texture": "#5"}, "east": {"uv": [4, 13, 5, 16], "texture": "#5"}, "south": {"uv": [7, 13, 8, 16], "texture": "#5"}, "west": {"uv": [6, 13, 7, 16], "texture": "#5"}, "up": {"uv": [7, 13, 8, 16], "texture": "#5"}, "down": {"uv": [6.125, 12, 6.999, 13], "texture": "#5"}}}, {"from": [4.76698, 9.61003, 8.70684], "to": [11.26698, 16.11003, 15.20684], "rotation": {"angle": -45, "axis": "x", "origin": [8.01631, 8.65466, 13.12111]}, "faces": {"north": {"uv": [2, 2, 4, 4], "texture": "#5"}, "east": {"uv": [0, 2, 2, 4], "texture": "#5"}, "south": {"uv": [6, 2, 8, 4], "texture": "#5"}, "west": {"uv": [4, 2, 6, 4], "texture": "#5"}, "up": {"uv": [2, 0, 4, 2], "texture": "#5"}, "down": {"uv": [4, 0, 6, 2], "texture": "#5"}}}, {"from": [4.44131, 9.09712, 8.38283], "to": [11.59131, 16.24712, 15.53283], "rotation": {"angle": -45, "axis": "x", "origin": [8.01631, 8.65466, 13.12111]}, "faces": {"north": {"uv": [10, 2, 11.998, 3.874], "texture": "#5"}}}, {"from": [4.76698, -1.66994, 9.47011], "to": [11.26698, 9.08007, 12.97011], "rotation": {"angle": 0, "axis": "y", "origin": [8.76698, 7.08006, 23.47011]}, "faces": {"north": {"uv": [5, 5, 7, 8], "texture": "#5"}, "east": {"uv": [7, 5, 8, 8], "texture": "#5"}, "south": {"uv": [8, 5, 10, 8], "texture": "#5"}, "west": {"uv": [4, 5, 5, 8], "texture": "#5"}, "up": {"uv": [7, 4.125, 8.999, 4.999], "texture": "#5"}, "down": {"uv": [5, 4.125, 7, 4.998], "texture": "#5"}}}, {"from": [4.44131, -3.25784, 9.29611], "to": [11.59131, 8.56716, 13.1461], "rotation": {"angle": 0, "axis": "y", "origin": [8.84131, 6.36716, 24.69611]}, "faces": {"north": {"uv": [5, 9, 7, 12], "texture": "#5"}, "east": {"uv": [4.125, 9, 5.124, 12], "texture": "#5"}, "south": {"uv": [8, 9, 10, 12], "texture": "#5"}, "west": {"uv": [7, 9, 7.999, 12], "texture": "#5"}}}, {"from": [8.01388, -10.66711, 9.47653], "to": [11.26388, -1.66711, 12.97653], "rotation": {"angle": 0, "axis": "y", "origin": [8.76698, 7.08006, 23.47011]}, "faces": {"north": {"uv": [1, 5, 2, 8], "texture": "#5"}, "east": {"uv": [0, 5, 1, 8], "texture": "#5"}, "south": {"uv": [3, 5, 4, 8], "texture": "#5"}, "west": {"uv": [2, 5, 3, 8], "texture": "#5"}, "up": {"uv": [0, 5, 1, 8], "texture": "#5"}, "down": {"uv": [2.125, 4.125, 2.999, 4.999], "texture": "#5"}}}, {"from": [4.14131, 8.74501, 9.50471], "to": [11.89131, 16.12294, 15.3816], "rotation": {"angle": -45, "axis": "x", "origin": [8.01631, 8.65466, 13.12111]}, "faces": {"north": {"uv": [2.25, 7.25, 2.75, 7.75], "rotation": 180, "texture": "#1"}, "east": {"uv": [2.25, 7.25, 2.75, 7.75], "rotation": 270, "texture": "#1"}, "south": {"uv": [2.25, 7.25, 2.75, 7.75], "texture": "#1"}, "west": {"uv": [2.25, 7.25, 2.75, 7.75], "rotation": 90, "texture": "#1"}, "up": {"uv": [2.25, 7.25, 2.75, 7.75], "rotation": 180, "texture": "#1"}, "down": {"uv": [2.25, 7.25, 2.75, 7.75], "texture": "#1"}}}, {"from": [10.84131, 9.17295, 7.50471], "to": [11.89131, 16.12294, 9.52971], "rotation": {"angle": -45, "axis": "x", "origin": [8.01631, 8.65466, 13.12111]}, "faces": {"north": {"uv": [2.25, 7.25, 2.75, 7.75], "rotation": 180, "texture": "#1"}, "east": {"uv": [2.25, 7.25, 2.75, 7.75], "rotation": 270, "texture": "#1"}, "south": {"uv": [2.25, 7.25, 2.75, 7.75], "texture": "#1"}, "west": {"uv": [2.25, 7.25, 2.75, 7.75], "rotation": 90, "texture": "#1"}, "up": {"uv": [2.25, 7.25, 2.75, 7.75], "rotation": 180, "texture": "#1"}, "down": {"uv": [2.25, 7.25, 2.75, 7.75], "texture": "#1"}}}, {"from": [5.14131, 15.47295, 7.50471], "to": [10.89131, 16.12294, 9.52971], "rotation": {"angle": -45, "axis": "x", "origin": [8.01631, 8.65466, 13.12111]}, "faces": {"north": {"uv": [2.25, 7.25, 2.75, 7.75], "rotation": 180, "texture": "#1"}, "east": {"uv": [2.25, 7.25, 2.75, 7.75], "rotation": 270, "texture": "#1"}, "south": {"uv": [2.25, 7.25, 2.75, 7.75], "texture": "#1"}, "west": {"uv": [2.25, 7.25, 2.75, 7.75], "rotation": 90, "texture": "#1"}, "up": {"uv": [2.25, 7.25, 2.75, 7.75], "rotation": 180, "texture": "#1"}, "down": {"uv": [2.25, 7.25, 2.75, 7.75], "texture": "#1"}}}, {"from": [4.14131, 9.17295, 7.50471], "to": [5.19131, 16.12294, 9.52971], "rotation": {"angle": -45, "axis": "x", "origin": [8.01631, 8.65466, 13.12111]}, "faces": {"north": {"uv": [2.25, 7.25, 2.75, 7.75], "rotation": 180, "texture": "#1"}, "east": {"uv": [2.25, 7.25, 2.75, 7.75], "rotation": 270, "texture": "#1"}, "south": {"uv": [2.25, 7.25, 2.75, 7.75], "texture": "#1"}, "west": {"uv": [2.25, 7.25, 2.75, 7.75], "rotation": 90, "texture": "#1"}, "up": {"uv": [2.25, 7.25, 2.75, 7.75], "rotation": 180, "texture": "#1"}, "down": {"uv": [2.25, 7.25, 2.75, 7.75], "texture": "#1"}}}, {"from": [4.14131, 4.06697, 13.73064], "to": [11.89131, 10.31696, 14.65564], "rotation": {"angle": 0, "axis": "y", "origin": [8.01631, 8.09196, 14.64314]}, "faces": {"north": {"uv": [2.25, 7.25, 2.75, 7.75], "rotation": 180, "texture": "#1"}, "east": {"uv": [2.25, 7.25, 2.75, 7.75], "rotation": 270, "texture": "#1"}, "south": {"uv": [2.25, 7.25, 2.75, 7.75], "texture": "#1"}, "west": {"uv": [2.25, 7.25, 2.75, 7.75], "rotation": 90, "texture": "#1"}, "up": {"uv": [2.25, 7.25, 2.75, 7.75], "rotation": 180, "texture": "#1"}, "down": {"uv": [2.25, 7.25, 2.75, 7.75], "texture": "#1"}}}, {"from": [6.14131, -0.93303, 13.73064], "to": [9.89131, 5.31696, 14.65564], "rotation": {"angle": 0, "axis": "y", "origin": [8.01631, 3.09196, 14.64314]}, "faces": {"north": {"uv": [2.25, 7.25, 2.75, 7.75], "rotation": 180, "texture": "#1"}, "east": {"uv": [2.25, 7.25, 2.75, 7.75], "rotation": 270, "texture": "#1"}, "south": {"uv": [2.25, 7.25, 2.75, 7.75], "texture": "#1"}, "west": {"uv": [2.25, 7.25, 2.75, 7.75], "rotation": 90, "texture": "#1"}, "up": {"uv": [2.25, 7.25, 2.75, 7.75], "rotation": 180, "texture": "#1"}, "down": {"uv": [2.25, 7.25, 2.75, 7.75], "texture": "#1"}}}, {"from": [5.14131, -0.93303, 13.33064], "to": [10.89131, 5.31696, 14.25564], "rotation": {"angle": 0, "axis": "y", "origin": [8.01631, 3.09196, 14.24314]}, "faces": {"north": {"uv": [2.25, 7.25, 2.75, 7.75], "rotation": 180, "texture": "#1"}, "east": {"uv": [2.25, 7.25, 2.75, 7.75], "rotation": 270, "texture": "#1"}, "south": {"uv": [2.25, 7.25, 2.75, 7.75], "texture": "#1"}, "west": {"uv": [2.25, 7.25, 2.75, 7.75], "rotation": 90, "texture": "#1"}, "up": {"uv": [2.25, 7.25, 2.75, 7.75], "rotation": 180, "texture": "#1"}, "down": {"uv": [2.25, 7.25, 2.75, 7.75], "texture": "#1"}}}, {"from": [4.14131, 1.26829, 12.99493], "to": [11.89131, 4.21828, 13.91993], "rotation": {"angle": 22.5, "axis": "x", "origin": [8.01631, 2.29329, 13.90743]}, "faces": {"north": {"uv": [2.25, 7.25, 2.75, 7.75], "rotation": 180, "texture": "#1"}, "east": {"uv": [2.25, 7.25, 2.75, 7.75], "rotation": 270, "texture": "#1"}, "south": {"uv": [2.25, 7.25, 2.75, 7.75], "texture": "#1"}, "west": {"uv": [2.25, 7.25, 2.75, 7.75], "rotation": 90, "texture": "#1"}, "up": {"uv": [2.25, 7.25, 2.75, 7.75], "rotation": 180, "texture": "#1"}, "down": {"uv": [2.25, 7.25, 2.75, 7.75], "texture": "#1"}}}, {"from": [6.14131, -3.73171, 12.99493], "to": [9.89131, -0.78172, 13.91993], "rotation": {"angle": 22.5, "axis": "x", "origin": [8.01631, -2.70671, 13.90743]}, "faces": {"north": {"uv": [2.25, 7.25, 2.75, 7.75], "rotation": 180, "texture": "#1"}, "east": {"uv": [2.25, 7.25, 2.75, 7.75], "rotation": 270, "texture": "#1"}, "south": {"uv": [2.25, 7.25, 2.75, 7.75], "texture": "#1"}, "west": {"uv": [2.25, 7.25, 2.75, 7.75], "rotation": 90, "texture": "#1"}, "up": {"uv": [2.25, 7.25, 2.75, 7.75], "rotation": 180, "texture": "#1"}, "down": {"uv": [2.25, 7.25, 2.75, 7.75], "texture": "#1"}}}, {"from": [5.14131, -3.73171, 12.59493], "to": [10.89131, -0.78172, 13.51993], "rotation": {"angle": 22.5, "axis": "x", "origin": [8.01631, -2.70671, 13.50743]}, "faces": {"north": {"uv": [2.25, 7.25, 2.75, 7.75], "rotation": 180, "texture": "#1"}, "east": {"uv": [2.25, 7.25, 2.75, 7.75], "rotation": 270, "texture": "#1"}, "south": {"uv": [2.25, 7.25, 2.75, 7.75], "texture": "#1"}, "west": {"uv": [2.25, 7.25, 2.75, 7.75], "rotation": 90, "texture": "#1"}, "up": {"uv": [2.25, 7.25, 2.75, 7.75], "rotation": 180, "texture": "#1"}, "down": {"uv": [2.25, 7.25, 2.75, 7.75], "texture": "#1"}}}, {"from": [4.14131, -8.95448, 9.27214], "to": [11.89131, 9.99551, 13.79714], "rotation": {"angle": 0, "axis": "y", "origin": [8.01631, -0.22948, 13.58464]}, "faces": {"north": {"uv": [2.25, 7.25, 2.75, 7.75], "rotation": 180, "texture": "#1"}, "east": {"uv": [2.25, 7.25, 2.75, 7.75], "rotation": 270, "texture": "#1"}, "south": {"uv": [2.25, 7.25, 2.75, 7.75], "texture": "#1"}, "west": {"uv": [2.25, 7.25, 2.75, 7.75], "rotation": 90, "texture": "#1"}, "up": {"uv": [2.25, 7.25, 2.75, 7.75], "rotation": 180, "texture": "#1"}, "down": {"uv": [2.25, 7.25, 2.75, 7.75], "texture": "#1"}}}, {"from": [1.11927, 6.22152, 7.04406], "to": [4.99427, 10.27152, 12.74406], "rotation": {"angle": -22.5, "axis": "x", "origin": [8.01594, 8.23317, 11.1855]}, "faces": {"north": {"uv": [12.25, 12.25, 12.625, 12.75], "rotation": 90, "texture": "#1"}, "east": {"uv": [12.25, 12.25, 12.625, 12.75], "rotation": 90, "texture": "#1"}, "south": {"uv": [12.25, 12.25, 12.625, 12.75], "rotation": 90, "texture": "#1"}, "west": {"uv": [12.25, 12.25, 12.625, 12.75], "rotation": 90, "texture": "#1"}, "up": {"uv": [12.25, 12.25, 12.625, 12.75], "rotation": 90, "texture": "#1"}, "down": {"uv": [12.25, 12.25, 12.625, 12.75], "rotation": 90, "texture": "#1"}}}, {"from": [11.05305, 6.22152, 7.04406], "to": [14.92805, 10.27152, 12.74406], "rotation": {"angle": -22.5, "axis": "x", "origin": [8.03138, 8.23317, 11.1855]}, "faces": {"north": {"uv": [12.25, 12.75, 12.625, 12.25], "rotation": 90, "texture": "#1"}, "east": {"uv": [12.25, 12.75, 12.625, 12.25], "rotation": 90, "texture": "#1"}, "south": {"uv": [12.25, 12.75, 12.625, 12.25], "rotation": 90, "texture": "#1"}, "west": {"uv": [12.25, 12.75, 12.625, 12.25], "rotation": 90, "texture": "#1"}, "up": {"uv": [12.25, 12.75, 12.625, 12.25], "rotation": 90, "texture": "#1"}, "down": {"uv": [12.25, 12.75, 12.625, 12.25], "rotation": 90, "texture": "#1"}}}, {"from": [4.21927, 6.32152, 4.14406], "to": [4.49427, 6.77152, 5.94406], "rotation": {"angle": -22.5, "axis": "x", "origin": [8.01594, 8.23317, 11.1855]}, "faces": {"north": {"uv": [12.25, 12.25, 12.625, 12.75], "rotation": 90, "texture": "#1"}, "east": {"uv": [12.25, 12.25, 12.625, 12.75], "rotation": 90, "texture": "#1"}, "south": {"uv": [12.25, 12.25, 12.625, 12.75], "rotation": 90, "texture": "#1"}, "west": {"uv": [12.25, 12.25, 12.625, 12.75], "rotation": 90, "texture": "#1"}, "up": {"uv": [12.25, 12.25, 12.625, 12.75], "rotation": 90, "texture": "#1"}, "down": {"uv": [12.25, 12.25, 12.625, 12.75], "rotation": 90, "texture": "#1"}}}, {"from": [3.71927, 9.22152, 4.44406], "to": [4.99427, 10.27152, 5.94406], "rotation": {"angle": -22.5, "axis": "x", "origin": [8.01594, 8.23317, 11.1855]}, "faces": {"north": {"uv": [12.25, 12.25, 12.625, 12.75], "rotation": 90, "texture": "#1"}, "east": {"uv": [12.25, 12.25, 12.625, 12.75], "rotation": 90, "texture": "#1"}, "south": {"uv": [12.25, 12.25, 12.625, 12.75], "rotation": 90, "texture": "#1"}, "west": {"uv": [12.25, 12.25, 12.625, 12.75], "rotation": 90, "texture": "#1"}, "up": {"uv": [12.25, 12.25, 12.625, 12.75], "rotation": 90, "texture": "#1"}, "down": {"uv": [12.25, 12.25, 12.625, 12.75], "rotation": 90, "texture": "#1"}}}, {"from": [1.71927, 9.22152, 3.34406], "to": [2.59427, 10.27152, 5.94406], "rotation": {"angle": -22.5, "axis": "x", "origin": [8.01594, 8.23317, 11.1855]}, "faces": {"north": {"uv": [12.25, 12.25, 12.625, 12.75], "rotation": 90, "texture": "#1"}, "east": {"uv": [12.25, 12.25, 12.625, 12.75], "rotation": 90, "texture": "#1"}, "south": {"uv": [12.25, 12.25, 12.625, 12.75], "rotation": 90, "texture": "#1"}, "west": {"uv": [12.25, 12.25, 12.625, 12.75], "rotation": 90, "texture": "#1"}, "up": {"uv": [12.25, 12.25, 12.625, 12.75], "rotation": 90, "texture": "#1"}, "down": {"uv": [12.25, 12.25, 12.625, 12.75], "rotation": 90, "texture": "#1"}}}, {"from": [1.11927, 8.82152, 3.34406], "to": [1.99427, 9.27152, 5.94406], "rotation": {"angle": -22.5, "axis": "x", "origin": [8.01594, 8.23317, 11.1855]}, "faces": {"north": {"uv": [12.25, 12.25, 12.625, 12.75], "rotation": 90, "texture": "#1"}, "east": {"uv": [12.25, 12.25, 12.625, 12.75], "rotation": 90, "texture": "#1"}, "south": {"uv": [12.25, 12.25, 12.625, 12.75], "rotation": 90, "texture": "#1"}, "west": {"uv": [12.25, 12.25, 12.625, 12.75], "rotation": 90, "texture": "#1"}, "up": {"uv": [12.25, 12.25, 12.625, 12.75], "rotation": 90, "texture": "#1"}, "down": {"uv": [12.25, 12.25, 12.625, 12.75], "rotation": 90, "texture": "#1"}}}, {"from": [1.11927, 7.62152, 4.14406], "to": [1.99427, 8.07152, 5.94406], "rotation": {"angle": -22.5, "axis": "x", "origin": [8.01594, 8.23317, 11.1855]}, "faces": {"north": {"uv": [12.25, 12.25, 12.625, 12.75], "rotation": 90, "texture": "#1"}, "east": {"uv": [12.25, 12.25, 12.625, 12.75], "rotation": 90, "texture": "#1"}, "south": {"uv": [12.25, 12.25, 12.625, 12.75], "rotation": 90, "texture": "#1"}, "west": {"uv": [12.25, 12.25, 12.625, 12.75], "rotation": 90, "texture": "#1"}, "up": {"uv": [12.25, 12.25, 12.625, 12.75], "rotation": 90, "texture": "#1"}, "down": {"uv": [12.25, 12.25, 12.625, 12.75], "rotation": 90, "texture": "#1"}}}, {"from": [1.71927, 6.32152, 4.14406], "to": [2.59427, 6.77152, 5.94406], "rotation": {"angle": -22.5, "axis": "x", "origin": [8.01594, 8.23317, 11.1855]}, "faces": {"north": {"uv": [12.25, 12.25, 12.625, 12.75], "rotation": 90, "texture": "#1"}, "east": {"uv": [12.25, 12.25, 12.625, 12.75], "rotation": 90, "texture": "#1"}, "south": {"uv": [12.25, 12.25, 12.625, 12.75], "rotation": 90, "texture": "#1"}, "west": {"uv": [12.25, 12.25, 12.625, 12.75], "rotation": 90, "texture": "#1"}, "up": {"uv": [12.25, 12.25, 12.625, 12.75], "rotation": 90, "texture": "#1"}, "down": {"uv": [12.25, 12.25, 12.625, 12.75], "rotation": 90, "texture": "#1"}}}, {"from": [3.71927, 6.32152, 4.14406], "to": [3.99427, 6.77152, 5.94406], "rotation": {"angle": -22.5, "axis": "x", "origin": [8.01594, 8.23317, 11.1855]}, "faces": {"north": {"uv": [12.25, 12.25, 12.625, 12.75], "rotation": 90, "texture": "#1"}, "east": {"uv": [12.25, 12.25, 12.625, 12.75], "rotation": 90, "texture": "#1"}, "south": {"uv": [12.25, 12.25, 12.625, 12.75], "rotation": 90, "texture": "#1"}, "west": {"uv": [12.25, 12.25, 12.625, 12.75], "rotation": 90, "texture": "#1"}, "up": {"uv": [12.25, 12.25, 12.625, 12.75], "rotation": 90, "texture": "#1"}, "down": {"uv": [12.25, 12.25, 12.625, 12.75], "rotation": 90, "texture": "#1"}}}, {"from": [3.71927, 7.42152, 4.44406], "to": [4.99427, 8.07152, 5.94406], "rotation": {"angle": -22.5, "axis": "x", "origin": [8.01594, 8.23317, 11.1855]}, "faces": {"north": {"uv": [12.25, 12.25, 12.625, 12.75], "rotation": 90, "texture": "#1"}, "east": {"uv": [12.25, 12.25, 12.625, 12.75], "rotation": 90, "texture": "#1"}, "south": {"uv": [12.25, 12.25, 12.625, 12.75], "rotation": 90, "texture": "#1"}, "west": {"uv": [12.25, 12.25, 12.625, 12.75], "rotation": 90, "texture": "#1"}, "up": {"uv": [12.25, 12.25, 12.625, 12.75], "rotation": 90, "texture": "#1"}, "down": {"uv": [12.25, 12.25, 12.625, 12.75], "rotation": 90, "texture": "#1"}}}, {"from": [3.71927, 6.62152, 4.44406], "to": [4.99427, 7.07152, 5.94406], "rotation": {"angle": -22.5, "axis": "x", "origin": [8.01594, 8.23317, 11.1855]}, "faces": {"north": {"uv": [12.25, 12.25, 12.625, 12.75], "rotation": 90, "texture": "#1"}, "east": {"uv": [12.25, 12.25, 12.625, 12.75], "rotation": 90, "texture": "#1"}, "south": {"uv": [12.25, 12.25, 12.625, 12.75], "rotation": 90, "texture": "#1"}, "west": {"uv": [12.25, 12.25, 12.625, 12.75], "rotation": 90, "texture": "#1"}, "up": {"uv": [12.25, 12.25, 12.625, 12.75], "rotation": 90, "texture": "#1"}, "down": {"uv": [12.25, 12.25, 12.625, 12.75], "rotation": 90, "texture": "#1"}}}, {"from": [2.91927, 9.82152, 5.94406], "to": [4.99427, 10.27152, 7.04406], "rotation": {"angle": -22.5, "axis": "x", "origin": [8.01594, 8.23317, 11.1855]}, "faces": {"north": {"uv": [12.25, 12.25, 12.625, 12.75], "rotation": 90, "texture": "#1"}, "east": {"uv": [12.25, 12.25, 12.625, 12.75], "rotation": 90, "texture": "#1"}, "south": {"uv": [12.25, 12.25, 12.625, 12.75], "rotation": 90, "texture": "#1"}, "west": {"uv": [12.25, 12.25, 12.625, 12.75], "rotation": 90, "texture": "#1"}, "up": {"uv": [12.25, 12.25, 12.625, 12.75], "rotation": 90, "texture": "#1"}, "down": {"uv": [12.25, 12.25, 12.625, 12.75], "rotation": 90, "texture": "#1"}}}, {"from": [1.11927, 9.02152, 5.94406], "to": [2.59427, 10.27152, 7.04406], "rotation": {"angle": -22.5, "axis": "x", "origin": [8.01594, 8.23317, 11.1855]}, "faces": {"north": {"uv": [12.25, 12.25, 12.625, 12.75], "rotation": 90, "texture": "#1"}, "east": {"uv": [12.25, 12.25, 12.625, 12.75], "rotation": 90, "texture": "#1"}, "south": {"uv": [12.25, 12.25, 12.625, 12.75], "rotation": 90, "texture": "#1"}, "west": {"uv": [12.25, 12.25, 12.625, 12.75], "rotation": 90, "texture": "#1"}, "up": {"uv": [12.25, 12.25, 12.625, 12.75], "rotation": 90, "texture": "#1"}, "down": {"uv": [12.25, 12.25, 12.625, 12.75], "rotation": 90, "texture": "#1"}}}, {"from": [1.11927, 8.22152, 4.14406], "to": [1.99427, 8.47152, 7.04406], "rotation": {"angle": -22.5, "axis": "x", "origin": [8.01594, 8.23317, 11.1855]}, "faces": {"north": {"uv": [12.25, 12.25, 12.625, 12.75], "rotation": 90, "texture": "#1"}, "east": {"uv": [12.25, 12.25, 12.625, 12.75], "rotation": 90, "texture": "#1"}, "south": {"uv": [12.25, 12.25, 12.625, 12.75], "rotation": 90, "texture": "#1"}, "west": {"uv": [12.25, 12.25, 12.625, 12.75], "rotation": 90, "texture": "#1"}, "up": {"uv": [12.25, 12.25, 12.625, 12.75], "rotation": 90, "texture": "#1"}, "down": {"uv": [12.25, 12.25, 12.625, 12.75], "rotation": 90, "texture": "#1"}}}, {"from": [2.91927, 6.82152, 5.94406], "to": [4.99427, 8.07152, 7.04406], "rotation": {"angle": -22.5, "axis": "x", "origin": [8.01594, 8.23317, 11.1855]}, "faces": {"north": {"uv": [12.25, 12.25, 12.625, 12.75], "rotation": 90, "texture": "#1"}, "east": {"uv": [12.25, 12.25, 12.625, 12.75], "rotation": 90, "texture": "#1"}, "south": {"uv": [12.25, 12.25, 12.625, 12.75], "rotation": 90, "texture": "#1"}, "west": {"uv": [12.25, 12.25, 12.625, 12.75], "rotation": 90, "texture": "#1"}, "up": {"uv": [12.25, 12.25, 12.625, 12.75], "rotation": 90, "texture": "#1"}, "down": {"uv": [12.25, 12.25, 12.625, 12.75], "rotation": 90, "texture": "#1"}}}, {"from": [2.91927, 8.52152, 5.94406], "to": [4.99427, 9.37152, 7.04406], "rotation": {"angle": -22.5, "axis": "x", "origin": [8.01594, 8.23317, 11.1855]}, "faces": {"north": {"uv": [12.25, 12.25, 12.625, 12.75], "rotation": 90, "texture": "#1"}, "east": {"uv": [12.25, 12.25, 12.625, 12.75], "rotation": 90, "texture": "#1"}, "south": {"uv": [12.25, 12.25, 12.625, 12.75], "rotation": 90, "texture": "#1"}, "west": {"uv": [12.25, 12.25, 12.625, 12.75], "rotation": 90, "texture": "#1"}, "up": {"uv": [12.25, 12.25, 12.625, 12.75], "rotation": 90, "texture": "#1"}, "down": {"uv": [12.25, 12.25, 12.625, 12.75], "rotation": 90, "texture": "#1"}}}, {"from": [4.01927, 6.22152, 5.94406], "to": [4.59427, 8.07152, 7.04406], "rotation": {"angle": -22.5, "axis": "x", "origin": [8.01594, 8.23317, 11.1855]}, "faces": {"north": {"uv": [12.25, 12.25, 12.625, 12.75], "rotation": 90, "texture": "#1"}, "east": {"uv": [12.25, 12.25, 12.625, 12.75], "rotation": 90, "texture": "#1"}, "south": {"uv": [12.25, 12.25, 12.625, 12.75], "rotation": 90, "texture": "#1"}, "west": {"uv": [12.25, 12.25, 12.625, 12.75], "rotation": 90, "texture": "#1"}, "up": {"uv": [12.25, 12.25, 12.625, 12.75], "rotation": 90, "texture": "#1"}, "down": {"uv": [12.25, 12.25, 12.625, 12.75], "rotation": 90, "texture": "#1"}}}, {"from": [1.91927, 6.22152, 5.94406], "to": [3.89427, 8.07152, 7.04406], "rotation": {"angle": -22.5, "axis": "x", "origin": [8.01594, 8.23317, 11.1855]}, "faces": {"north": {"uv": [12.25, 12.25, 12.625, 12.75], "rotation": 90, "texture": "#1"}, "east": {"uv": [12.25, 12.25, 12.625, 12.75], "rotation": 90, "texture": "#1"}, "south": {"uv": [12.25, 12.25, 12.625, 12.75], "rotation": 90, "texture": "#1"}, "west": {"uv": [12.25, 12.25, 12.625, 12.75], "rotation": 90, "texture": "#1"}, "up": {"uv": [12.25, 12.25, 12.625, 12.75], "rotation": 90, "texture": "#1"}, "down": {"uv": [12.25, 12.25, 12.625, 12.75], "rotation": 90, "texture": "#1"}}}, {"from": [1.11927, 6.72152, 5.94406], "to": [2.59427, 7.97152, 7.04406], "rotation": {"angle": -22.5, "axis": "x", "origin": [8.01594, 8.23317, 11.1855]}, "faces": {"north": {"uv": [12.25, 12.25, 12.625, 12.75], "rotation": 90, "texture": "#1"}, "east": {"uv": [12.25, 12.25, 12.625, 12.75], "rotation": 90, "texture": "#1"}, "south": {"uv": [12.25, 12.25, 12.625, 12.75], "rotation": 90, "texture": "#1"}, "west": {"uv": [12.25, 12.25, 12.625, 12.75], "rotation": 90, "texture": "#1"}, "up": {"uv": [12.25, 12.25, 12.625, 12.75], "rotation": 90, "texture": "#1"}, "down": {"uv": [12.25, 12.25, 12.625, 12.75], "rotation": 90, "texture": "#1"}}}, {"from": [11.05305, 9.22152, 4.44406], "to": [12.32805, 10.27152, 5.94406], "rotation": {"angle": -22.5, "axis": "x", "origin": [8.03138, 8.23317, 11.1855]}, "faces": {"north": {"uv": [12.25, 12.75, 12.625, 12.25], "rotation": 90, "texture": "#1"}, "east": {"uv": [12.25, 12.75, 12.625, 12.25], "rotation": 90, "texture": "#1"}, "south": {"uv": [12.25, 12.75, 12.625, 12.25], "rotation": 90, "texture": "#1"}, "west": {"uv": [12.25, 12.75, 12.625, 12.25], "rotation": 90, "texture": "#1"}, "up": {"uv": [12.125, 12.75, 12.5, 12.25], "rotation": 90, "texture": "#1"}, "down": {"uv": [12.25, 12.75, 12.625, 12.25], "rotation": 90, "texture": "#1"}}}, {"from": [13.45305, 9.22152, 3.34406], "to": [14.32805, 10.27152, 5.94406], "rotation": {"angle": -22.5, "axis": "x", "origin": [8.03138, 8.23317, 11.1855]}, "faces": {"north": {"uv": [12.25, 12.75, 12.625, 12.25], "rotation": 90, "texture": "#1"}, "east": {"uv": [12.25, 12.75, 12.625, 12.25], "rotation": 90, "texture": "#1"}, "south": {"uv": [12.25, 12.75, 12.625, 12.25], "rotation": 90, "texture": "#1"}, "west": {"uv": [12.25, 12.75, 12.625, 12.25], "rotation": 90, "texture": "#1"}, "up": {"uv": [12.125, 12.75, 12.5, 12.25], "rotation": 90, "texture": "#1"}, "down": {"uv": [12.25, 12.75, 12.625, 12.25], "rotation": 90, "texture": "#1"}}}, {"from": [14.05305, 8.82152, 3.34406], "to": [14.92805, 9.27152, 5.94406], "rotation": {"angle": -22.5, "axis": "x", "origin": [8.03138, 8.23317, 11.1855]}, "faces": {"north": {"uv": [12.25, 12.75, 12.625, 12.25], "rotation": 90, "texture": "#1"}, "east": {"uv": [12.25, 12.75, 12.625, 12.25], "rotation": 90, "texture": "#1"}, "south": {"uv": [12.25, 12.75, 12.625, 12.25], "rotation": 90, "texture": "#1"}, "west": {"uv": [12.25, 12.75, 12.625, 12.25], "rotation": 90, "texture": "#1"}, "up": {"uv": [12.125, 12.75, 12.5, 12.25], "rotation": 90, "texture": "#1"}, "down": {"uv": [12.25, 12.75, 12.625, 12.25], "rotation": 90, "texture": "#1"}}}, {"from": [14.05305, 7.62152, 4.14406], "to": [14.92805, 8.07152, 5.94406], "rotation": {"angle": -22.5, "axis": "x", "origin": [8.03138, 8.23317, 11.1855]}, "faces": {"north": {"uv": [12.25, 12.75, 12.625, 12.25], "rotation": 90, "texture": "#1"}, "east": {"uv": [12.25, 12.75, 12.625, 12.25], "rotation": 90, "texture": "#1"}, "south": {"uv": [12.25, 12.75, 12.625, 12.25], "rotation": 90, "texture": "#1"}, "west": {"uv": [12.25, 12.75, 12.625, 12.25], "rotation": 90, "texture": "#1"}, "up": {"uv": [12.125, 12.75, 12.5, 12.25], "rotation": 90, "texture": "#1"}, "down": {"uv": [12.25, 12.75, 12.625, 12.25], "rotation": 90, "texture": "#1"}}}, {"from": [13.45305, 6.32152, 4.14406], "to": [14.32805, 6.77152, 5.94406], "rotation": {"angle": -22.5, "axis": "x", "origin": [8.03138, 8.23317, 11.1855]}, "faces": {"north": {"uv": [12.25, 12.75, 12.625, 12.25], "rotation": 90, "texture": "#1"}, "east": {"uv": [12.25, 12.75, 12.625, 12.25], "rotation": 90, "texture": "#1"}, "south": {"uv": [12.25, 12.75, 12.625, 12.25], "rotation": 90, "texture": "#1"}, "west": {"uv": [12.25, 12.75, 12.625, 12.25], "rotation": 90, "texture": "#1"}, "up": {"uv": [12.125, 12.75, 12.5, 12.25], "rotation": 90, "texture": "#1"}, "down": {"uv": [12.25, 12.75, 12.625, 12.25], "rotation": 90, "texture": "#1"}}}, {"from": [12.05305, 6.32152, 4.14406], "to": [12.32805, 6.77152, 5.94406], "rotation": {"angle": -22.5, "axis": "x", "origin": [8.03138, 8.23317, 11.1855]}, "faces": {"north": {"uv": [12.25, 12.75, 12.625, 12.25], "rotation": 90, "texture": "#1"}, "east": {"uv": [12.25, 12.75, 12.625, 12.25], "rotation": 90, "texture": "#1"}, "south": {"uv": [12.25, 12.75, 12.625, 12.25], "rotation": 90, "texture": "#1"}, "west": {"uv": [12.25, 12.75, 12.625, 12.25], "rotation": 90, "texture": "#1"}, "up": {"uv": [12.125, 12.75, 12.5, 12.25], "rotation": 90, "texture": "#1"}, "down": {"uv": [12.25, 12.75, 12.625, 12.25], "rotation": 90, "texture": "#1"}}}, {"from": [11.05305, 7.42152, 4.44406], "to": [12.32805, 8.07152, 5.94406], "rotation": {"angle": -22.5, "axis": "x", "origin": [8.03138, 8.23317, 11.1855]}, "faces": {"north": {"uv": [12.25, 12.75, 12.625, 12.25], "rotation": 90, "texture": "#1"}, "east": {"uv": [12.25, 12.75, 12.625, 12.25], "rotation": 90, "texture": "#1"}, "south": {"uv": [12.25, 12.75, 12.625, 12.25], "rotation": 90, "texture": "#1"}, "west": {"uv": [12.25, 12.75, 12.625, 12.25], "rotation": 90, "texture": "#1"}, "up": {"uv": [12.125, 12.75, 12.5, 12.25], "rotation": 90, "texture": "#1"}, "down": {"uv": [12.25, 12.75, 12.625, 12.25], "rotation": 90, "texture": "#1"}}}, {"from": [11.05305, 6.62152, 4.44406], "to": [12.32805, 7.07152, 5.94406], "rotation": {"angle": -22.5, "axis": "x", "origin": [8.03138, 8.23317, 11.1855]}, "faces": {"north": {"uv": [12.25, 12.75, 12.625, 12.25], "rotation": 90, "texture": "#1"}, "east": {"uv": [12.25, 12.75, 12.625, 12.25], "rotation": 90, "texture": "#1"}, "south": {"uv": [12.25, 12.75, 12.625, 12.25], "rotation": 90, "texture": "#1"}, "west": {"uv": [12.25, 12.75, 12.625, 12.25], "rotation": 90, "texture": "#1"}, "up": {"uv": [12.125, 12.75, 12.5, 12.25], "rotation": 90, "texture": "#1"}, "down": {"uv": [12.25, 12.75, 12.625, 12.25], "rotation": 90, "texture": "#1"}}}, {"from": [11.05305, 9.82152, 5.94406], "to": [13.12805, 10.27152, 7.04406], "rotation": {"angle": -22.5, "axis": "x", "origin": [8.03138, 8.23317, 11.1855]}, "faces": {"north": {"uv": [12.25, 12.75, 12.625, 12.25], "rotation": 90, "texture": "#1"}, "east": {"uv": [12.25, 12.75, 12.625, 12.25], "rotation": 90, "texture": "#1"}, "south": {"uv": [12.25, 12.75, 12.625, 12.25], "rotation": 90, "texture": "#1"}, "west": {"uv": [12.25, 12.75, 12.625, 12.25], "rotation": 90, "texture": "#1"}, "up": {"uv": [12.125, 12.75, 12.5, 12.25], "rotation": 90, "texture": "#1"}, "down": {"uv": [12.25, 12.75, 12.625, 12.25], "rotation": 90, "texture": "#1"}}}, {"from": [13.45305, 9.02152, 5.94406], "to": [14.92805, 10.27152, 7.04406], "rotation": {"angle": -22.5, "axis": "x", "origin": [8.03138, 8.23317, 11.1855]}, "faces": {"north": {"uv": [12.25, 12.75, 12.625, 12.25], "rotation": 90, "texture": "#1"}, "east": {"uv": [12.25, 12.75, 12.625, 12.25], "rotation": 90, "texture": "#1"}, "south": {"uv": [12.25, 12.75, 12.625, 12.25], "rotation": 90, "texture": "#1"}, "west": {"uv": [12.25, 12.75, 12.625, 12.25], "rotation": 90, "texture": "#1"}, "up": {"uv": [12.125, 12.75, 12.5, 12.25], "rotation": 90, "texture": "#1"}, "down": {"uv": [12.25, 12.75, 12.625, 12.25], "rotation": 90, "texture": "#1"}}}, {"from": [14.05305, 8.22152, 4.14406], "to": [14.92805, 8.47152, 7.04406], "rotation": {"angle": -22.5, "axis": "x", "origin": [8.03138, 8.23317, 11.1855]}, "faces": {"north": {"uv": [12.25, 12.75, 12.625, 12.25], "rotation": 90, "texture": "#1"}, "east": {"uv": [12.25, 12.75, 12.625, 12.25], "rotation": 90, "texture": "#1"}, "south": {"uv": [12.25, 12.75, 12.625, 12.25], "rotation": 90, "texture": "#1"}, "west": {"uv": [12.25, 12.75, 12.625, 12.25], "rotation": 90, "texture": "#1"}, "up": {"uv": [12.125, 12.75, 12.5, 12.25], "rotation": 90, "texture": "#1"}, "down": {"uv": [12.25, 12.75, 12.625, 12.25], "rotation": 90, "texture": "#1"}}}, {"from": [11.05305, 6.82152, 5.94406], "to": [13.12805, 8.07152, 7.04406], "rotation": {"angle": -22.5, "axis": "x", "origin": [8.03138, 8.23317, 11.1855]}, "faces": {"north": {"uv": [12.25, 12.75, 12.625, 12.25], "rotation": 90, "texture": "#1"}, "east": {"uv": [12.25, 12.75, 12.625, 12.25], "rotation": 90, "texture": "#1"}, "south": {"uv": [12.25, 12.75, 12.625, 12.25], "rotation": 90, "texture": "#1"}, "west": {"uv": [12.25, 12.75, 12.625, 12.25], "rotation": 90, "texture": "#1"}, "up": {"uv": [12.125, 12.75, 12.5, 12.25], "rotation": 90, "texture": "#1"}, "down": {"uv": [12.25, 12.75, 12.625, 12.25], "rotation": 90, "texture": "#1"}}}, {"from": [11.05305, 8.52152, 5.94406], "to": [13.12805, 9.37152, 7.04406], "rotation": {"angle": -22.5, "axis": "x", "origin": [8.03138, 8.23317, 11.1855]}, "faces": {"north": {"uv": [12.25, 12.75, 12.625, 12.25], "rotation": 90, "texture": "#1"}, "east": {"uv": [12.25, 12.75, 12.625, 12.25], "rotation": 90, "texture": "#1"}, "south": {"uv": [12.25, 12.75, 12.625, 12.25], "rotation": 90, "texture": "#1"}, "west": {"uv": [12.25, 12.75, 12.625, 12.25], "rotation": 90, "texture": "#1"}, "up": {"uv": [12.125, 12.75, 12.5, 12.25], "rotation": 90, "texture": "#1"}, "down": {"uv": [12.25, 12.75, 12.625, 12.25], "rotation": 90, "texture": "#1"}}}, {"from": [11.45305, 6.22152, 5.94406], "to": [12.02805, 8.07152, 7.04406], "rotation": {"angle": -22.5, "axis": "x", "origin": [8.03138, 8.23317, 11.1855]}, "faces": {"north": {"uv": [12.25, 12.75, 12.625, 12.25], "rotation": 90, "texture": "#1"}, "east": {"uv": [12.25, 12.75, 12.625, 12.25], "rotation": 90, "texture": "#1"}, "south": {"uv": [12.25, 12.75, 12.625, 12.25], "rotation": 90, "texture": "#1"}, "west": {"uv": [12.25, 12.75, 12.625, 12.25], "rotation": 90, "texture": "#1"}, "up": {"uv": [12.125, 12.75, 12.5, 12.25], "rotation": 90, "texture": "#1"}, "down": {"uv": [12.25, 12.75, 12.625, 12.25], "rotation": 90, "texture": "#1"}}}, {"from": [12.15305, 6.22152, 5.94406], "to": [14.12805, 8.07152, 7.04406], "rotation": {"angle": -22.5, "axis": "x", "origin": [8.03138, 8.23317, 11.1855]}, "faces": {"north": {"uv": [12.25, 12.75, 12.625, 12.25], "rotation": 90, "texture": "#1"}, "east": {"uv": [12.25, 12.75, 12.625, 12.25], "rotation": 90, "texture": "#1"}, "south": {"uv": [12.25, 12.75, 12.625, 12.25], "rotation": 90, "texture": "#1"}, "west": {"uv": [12.25, 12.75, 12.625, 12.25], "rotation": 90, "texture": "#1"}, "up": {"uv": [12.125, 12.75, 12.5, 12.25], "rotation": 90, "texture": "#1"}, "down": {"uv": [12.25, 12.75, 12.625, 12.25], "rotation": 90, "texture": "#1"}}}, {"from": [13.45305, 6.72152, 5.94406], "to": [14.92805, 7.97152, 7.04406], "rotation": {"angle": -22.5, "axis": "x", "origin": [8.03138, 8.23317, 11.1855]}, "faces": {"north": {"uv": [12.25, 12.75, 12.625, 12.25], "rotation": 90, "texture": "#1"}, "east": {"uv": [12.25, 12.75, 12.625, 12.25], "rotation": 90, "texture": "#1"}, "south": {"uv": [12.25, 12.75, 12.625, 12.25], "rotation": 90, "texture": "#1"}, "west": {"uv": [12.25, 12.75, 12.625, 12.25], "rotation": 90, "texture": "#1"}, "up": {"uv": [12.125, 12.75, 12.5, 12.25], "rotation": 90, "texture": "#1"}, "down": {"uv": [12.25, 12.75, 12.625, 12.25], "rotation": 90, "texture": "#1"}}}, {"from": [3.70506, 4.33395, 13.44531], "to": [12.62756, 9.91338, 14.23463], "rotation": {"angle": 0, "axis": "y", "origin": [9.33381, 7.7552, 14.22093]}, "faces": {"north": {"uv": [2.25, 7.25, 2.75, 7.75], "rotation": 180, "texture": "#1"}, "east": {"uv": [2.25, 7.25, 2.75, 7.75], "rotation": 270, "texture": "#1"}, "south": {"uv": [2.25, 7.25, 2.75, 7.75], "texture": "#1"}, "west": {"uv": [2.25, 7.25, 2.75, 7.75], "rotation": 90, "texture": "#1"}, "up": {"uv": [2.25, 7.25, 2.75, 7.75], "rotation": 180, "texture": "#1"}, "down": {"uv": [2.25, 7.25, 2.75, 7.75], "texture": "#1"}}}, {"from": [3.44343, 3.37491, 13.09907], "to": [12.98918, 6.91515, 13.64945], "rotation": {"angle": 0, "axis": "y", "origin": [8.98356, 5.76978, 13.64201]}, "faces": {"north": {"uv": [2.25, 7.25, 2.75, 7.75], "rotation": 180, "texture": "#1"}, "east": {"uv": [2.25, 7.25, 2.75, 7.75], "rotation": 270, "texture": "#1"}, "south": {"uv": [2.25, 7.25, 2.75, 7.75], "texture": "#1"}, "west": {"uv": [2.25, 7.25, 2.75, 7.75], "rotation": 90, "texture": "#1"}, "up": {"uv": [2.25, 7.25, 2.75, 7.75], "rotation": 180, "texture": "#1"}, "down": {"uv": [2.25, 7.25, 2.75, 7.75], "texture": "#1"}}}, {"from": [3.70506, -6.48927, 9.65558], "to": [12.62756, 9.37322, 13.50183], "rotation": {"angle": 0, "axis": "y", "origin": [9.33381, 0.68197, 13.32121]}, "faces": {"north": {"uv": [2.25, 7.25, 2.75, 7.75], "rotation": 180, "texture": "#1"}, "east": {"uv": [2.25, 7.25, 2.75, 7.75], "rotation": 270, "texture": "#1"}, "south": {"uv": [2.25, 7.25, 2.75, 7.75], "texture": "#1"}, "west": {"uv": [2.25, 7.25, 2.75, 7.75], "rotation": 90, "texture": "#1"}, "up": {"uv": [2.25, 7.25, 2.75, 7.75], "rotation": 180, "texture": "#1"}, "down": {"uv": [2.25, 7.25, 2.75, 7.75], "texture": "#1"}}}, {"from": [3.44343, -5.36135, 10.44626], "to": [12.98918, 6.9024, 13.13864], "rotation": {"angle": 0, "axis": "y", "origin": [8.98356, 0.81852, 13.0122]}, "faces": {"north": {"uv": [2.25, 7.25, 2.75, 7.75], "rotation": 180, "texture": "#1"}, "east": {"uv": [2.25, 7.25, 2.75, 7.75], "rotation": 270, "texture": "#1"}, "south": {"uv": [2.25, 7.25, 2.75, 7.75], "texture": "#1"}, "west": {"uv": [2.25, 7.25, 2.75, 7.75], "rotation": 90, "texture": "#1"}, "up": {"uv": [2.25, 7.25, 2.75, 7.75], "rotation": 180, "texture": "#1"}, "down": {"uv": [2.25, 7.25, 2.75, 7.75], "texture": "#1"}}}, {"from": [5.91474, -6.92952, 10.44626], "to": [8.76049, -2.66578, 13.13864], "rotation": {"angle": 22.5, "axis": "z", "origin": [11.45487, -10.22561, 13.0122]}, "faces": {"north": {"uv": [2.25, 7.25, 2.75, 7.75], "rotation": 180, "texture": "#1"}, "east": {"uv": [2.25, 7.25, 2.75, 7.75], "rotation": 270, "texture": "#1"}, "south": {"uv": [2.25, 7.25, 2.75, 7.75], "texture": "#1"}, "west": {"uv": [2.25, 7.25, 2.75, 7.75], "rotation": 90, "texture": "#1"}, "up": {"uv": [2.25, 7.25, 2.75, 7.75], "rotation": 180, "texture": "#1"}, "down": {"uv": [2.25, 7.25, 2.75, 7.75], "texture": "#1"}}}, {"from": [7.67213, -6.92952, 10.44626], "to": [10.51788, -2.66578, 13.13864], "rotation": {"angle": -22.5, "axis": "z", "origin": [4.97775, -10.22561, 13.0122]}, "faces": {"north": {"uv": [2.75, 7.25, 2.25, 7.75], "rotation": 180, "texture": "#1"}, "east": {"uv": [2.25, 7.75, 2.75, 7.25], "rotation": 90, "texture": "#1"}, "south": {"uv": [2.75, 7.25, 2.25, 7.75], "texture": "#1"}, "west": {"uv": [2.25, 7.75, 2.75, 7.25], "rotation": 270, "texture": "#1"}, "up": {"uv": [2.75, 7.25, 2.25, 7.75], "rotation": 180, "texture": "#1"}, "down": {"uv": [2.75, 7.25, 2.25, 7.75], "texture": "#1"}}}, {"from": [6.17637, -6.45745, 9.65558], "to": [9.02212, -3.7937, 13.50183], "rotation": {"angle": 22.5, "axis": "z", "origin": [11.71649, -11.35354, 13.3754]}, "faces": {"north": {"uv": [2.25, 7.25, 2.75, 7.75], "rotation": 180, "texture": "#1"}, "east": {"uv": [2.25, 7.25, 2.75, 7.75], "rotation": 270, "texture": "#1"}, "south": {"uv": [2.25, 7.25, 2.75, 7.75], "texture": "#1"}, "west": {"uv": [2.25, 7.25, 2.75, 7.75], "rotation": 90, "texture": "#1"}, "up": {"uv": [2.25, 7.25, 2.75, 7.75], "rotation": 180, "texture": "#1"}, "down": {"uv": [2.25, 7.25, 2.75, 7.75], "texture": "#1"}}}, {"from": [7.3105, -6.45745, 9.65558], "to": [10.15625, -3.7937, 13.50183], "rotation": {"angle": -22.5, "axis": "z", "origin": [4.61613, -11.35354, 13.3754]}, "faces": {"north": {"uv": [2.75, 7.25, 2.25, 7.75], "rotation": 180, "texture": "#1"}, "east": {"uv": [2.25, 7.75, 2.75, 7.25], "rotation": 90, "texture": "#1"}, "south": {"uv": [2.75, 7.25, 2.25, 7.75], "texture": "#1"}, "west": {"uv": [2.25, 7.75, 2.75, 7.25], "rotation": 270, "texture": "#1"}, "up": {"uv": [2.75, 7.25, 2.25, 7.75], "rotation": 180, "texture": "#1"}, "down": {"uv": [2.75, 7.25, 2.25, 7.75], "texture": "#1"}}}, {"from": [3.70506, 1.95508, 12.81995], "to": [12.62756, 4.46257, 13.6062], "rotation": {"angle": 22.5, "axis": "x", "origin": [9.33381, 2.82632, 13.59558]}, "faces": {"north": {"uv": [2.25, 7.25, 2.75, 7.75], "rotation": 180, "texture": "#1"}, "east": {"uv": [2.25, 7.25, 2.75, 7.75], "rotation": 270, "texture": "#1"}, "south": {"uv": [2.25, 7.25, 2.75, 7.75], "texture": "#1"}, "west": {"uv": [2.25, 7.25, 2.75, 7.75], "rotation": 90, "texture": "#1"}, "up": {"uv": [2.25, 7.25, 2.75, 7.75], "rotation": 180, "texture": "#1"}, "down": {"uv": [2.25, 7.25, 2.75, 7.75], "texture": "#1"}}}, {"from": [3.44343, 1.7097, 12.66132], "to": [12.98918, 3.46494, 13.2117], "rotation": {"angle": 22.5, "axis": "x", "origin": [8.98356, 2.31957, 13.20426]}, "faces": {"north": {"uv": [2.25, 7.25, 2.75, 7.75], "rotation": 180, "texture": "#1"}, "east": {"uv": [2.25, 7.25, 2.75, 7.75], "rotation": 270, "texture": "#1"}, "south": {"uv": [2.25, 7.25, 2.75, 7.75], "texture": "#1"}, "west": {"uv": [2.25, 7.25, 2.75, 7.75], "rotation": 90, "texture": "#1"}, "up": {"uv": [2.25, 7.25, 2.75, 7.75], "rotation": 180, "texture": "#1"}, "down": {"uv": [2.25, 7.25, 2.75, 7.75], "texture": "#1"}}}, {"from": [3.70506, 8.75733, 8.86229], "to": [12.62756, 14.66483, 14.79854], "rotation": {"angle": -45, "axis": "x", "origin": [8.01631, 8.65466, 13.12111]}, "faces": {"north": {"uv": [2.25, 7.25, 2.75, 7.75], "rotation": 180, "texture": "#1"}, "east": {"uv": [2.25, 7.25, 2.75, 7.75], "rotation": 270, "texture": "#1"}, "south": {"uv": [2.25, 7.25, 2.75, 7.75], "texture": "#1"}, "west": {"uv": [2.25, 7.25, 2.75, 7.75], "rotation": 90, "texture": "#1"}, "up": {"uv": [2.25, 7.25, 2.75, 7.75], "rotation": 180, "texture": "#1"}, "down": {"uv": [2.25, 7.25, 2.75, 7.75], "texture": "#1"}}}, {"from": [3.44343, 6.68472, 8.35046], "to": [12.98918, 11.11996, 12.50584], "rotation": {"angle": -22.5, "axis": "x", "origin": [8.98356, 9.67459, 12.4984]}, "faces": {"north": {"uv": [2.25, 7.25, 2.75, 7.75], "rotation": 180, "texture": "#1"}, "east": {"uv": [2.25, 7.25, 2.75, 7.75], "rotation": 270, "texture": "#1"}, "south": {"uv": [2.25, 7.25, 2.75, 7.75], "texture": "#1"}, "west": {"uv": [2.25, 7.25, 2.75, 7.75], "rotation": 90, "texture": "#1"}, "up": {"uv": [2.25, 7.25, 2.75, 7.75], "rotation": 180, "texture": "#1"}, "down": {"uv": [2.25, 7.25, 2.75, 7.75], "texture": "#1"}}}, {"from": [6.25204, 11.87359, 6.53808], "to": [9.87704, 16.42359, 8.13808], "rotation": {"angle": -22.5, "axis": "x", "origin": [8.01631, 8.65466, 13.12111]}, "faces": {"north": {"uv": [2.75, 7.25, 2.25, 7.75], "rotation": 180, "texture": "#1"}, "east": {"uv": [2.75, 7.25, 2.25, 7.75], "rotation": 180, "texture": "#1"}, "south": {"uv": [2.75, 7.25, 2.25, 7.75], "rotation": 180, "texture": "#1"}, "west": {"uv": [2.75, 7.25, 2.25, 7.75], "rotation": 180, "texture": "#1"}, "up": {"uv": [2.75, 7.25, 2.25, 7.75], "rotation": 180, "texture": "#1"}, "down": {"uv": [2.75, 7.25, 2.25, 7.75], "rotation": 180, "texture": "#1"}}}, {"from": [6.23455, 13.8437, 10.00676], "to": [9.86985, 19.0437, 13.64206], "rotation": {"angle": -45, "axis": "x", "origin": [8.01631, 8.65466, 13.12111]}, "faces": {"north": {"uv": [2.25, 7.25, 2.75, 7.75], "rotation": 180, "texture": "#1"}, "east": {"uv": [2.25, 7.25, 2.75, 7.75], "rotation": 270, "texture": "#1"}, "south": {"uv": [2.25, 7.25, 2.75, 7.75], "texture": "#1"}, "west": {"uv": [2.25, 7.25, 2.75, 7.75], "rotation": 90, "texture": "#1"}, "up": {"uv": [2.25, 7.25, 2.75, 7.75], "rotation": 180, "texture": "#1"}, "down": {"uv": [2.25, 7.25, 2.75, 7.75], "texture": "#1"}}}, {"from": [5.83455, 13.8437, 10.40676], "to": [10.26985, 18.5437, 13.24206], "rotation": {"angle": -45, "axis": "x", "origin": [8.01631, 8.65466, 13.12111]}, "faces": {"north": {"uv": [2.25, 7.25, 2.75, 7.75], "rotation": 180, "texture": "#1"}, "east": {"uv": [2.25, 7.25, 2.75, 7.75], "rotation": 270, "texture": "#1"}, "south": {"uv": [2.25, 7.25, 2.75, 7.75], "texture": "#1"}, "west": {"uv": [2.25, 7.25, 2.75, 7.75], "rotation": 90, "texture": "#1"}, "up": {"uv": [2.25, 7.25, 2.75, 7.75], "rotation": 180, "texture": "#1"}, "down": {"uv": [2.25, 7.25, 2.75, 7.75], "texture": "#1"}}}, {"from": [5.53455, 14.07331, 10.85244], "to": [10.56985, 17.77331, 12.68774], "rotation": {"angle": -45, "axis": "x", "origin": [8.01631, 8.65466, 13.12111]}, "faces": {"north": {"uv": [2.25, 7.25, 2.75, 7.75], "rotation": 180, "texture": "#1"}, "east": {"uv": [2.25, 7.25, 2.75, 7.75], "rotation": 270, "texture": "#1"}, "south": {"uv": [2.25, 7.25, 2.75, 7.75], "texture": "#1"}, "west": {"uv": [2.25, 7.25, 2.75, 7.75], "rotation": 90, "texture": "#1"}, "up": {"uv": [2.25, 7.25, 2.75, 7.75], "rotation": 180, "texture": "#1"}, "down": {"uv": [2.25, 7.25, 2.75, 7.75], "texture": "#1"}}}, {"from": [5.13455, 14.07331, 11.35244], "to": [10.96985, 17.47331, 12.18774], "rotation": {"angle": -45, "axis": "x", "origin": [8.01631, 8.65466, 13.12111]}, "faces": {"north": {"uv": [2.25, 7.25, 2.75, 7.75], "rotation": 180, "texture": "#1"}, "east": {"uv": [2.25, 7.25, 2.75, 7.75], "rotation": 270, "texture": "#1"}, "south": {"uv": [2.25, 7.25, 2.75, 7.75], "texture": "#1"}, "west": {"uv": [2.25, 7.25, 2.75, 7.75], "rotation": 90, "texture": "#1"}, "up": {"uv": [2.25, 7.25, 2.75, 7.75], "rotation": 180, "texture": "#1"}, "down": {"uv": [2.25, 7.25, 2.75, 7.75], "texture": "#1"}}}, {"from": [4.43455, 13.47331, 11.35244], "to": [11.56985, 16.57331, 12.18774], "rotation": {"angle": -45, "axis": "x", "origin": [8.01631, 8.65466, 13.12111]}, "faces": {"north": {"uv": [2.25, 7.25, 2.75, 7.75], "rotation": 180, "texture": "#1"}, "east": {"uv": [2.25, 7.25, 2.75, 7.75], "rotation": 270, "texture": "#1"}, "south": {"uv": [2.25, 7.25, 2.75, 7.75], "texture": "#1"}, "west": {"uv": [2.25, 7.25, 2.75, 7.75], "rotation": 90, "texture": "#1"}, "up": {"uv": [2.25, 7.25, 2.75, 7.75], "rotation": 180, "texture": "#1"}, "down": {"uv": [2.25, 7.25, 2.75, 7.75], "texture": "#1"}}}, {"from": [4.83455, 14.07331, 10.55244], "to": [11.26985, 17.17331, 12.98774], "rotation": {"angle": -45, "axis": "x", "origin": [8.01631, 8.65466, 13.12111]}, "faces": {"north": {"uv": [2.25, 7.25, 2.75, 7.75], "rotation": 180, "texture": "#1"}, "east": {"uv": [2.25, 7.25, 2.75, 7.75], "rotation": 270, "texture": "#1"}, "south": {"uv": [2.25, 7.25, 2.75, 7.75], "texture": "#1"}, "west": {"uv": [2.25, 7.25, 2.75, 7.75], "rotation": 90, "texture": "#1"}, "up": {"uv": [2.25, 7.25, 2.75, 7.75], "rotation": 180, "texture": "#1"}, "down": {"uv": [2.25, 7.25, 2.75, 7.75], "texture": "#1"}}}, {"from": [6.25204, 11.24346, 4.17104], "to": [9.87704, 12.84346, 7.32104], "rotation": {"angle": 22.5, "axis": "x", "origin": [8.01631, 8.65466, 13.12111]}, "faces": {"north": {"uv": [2.75, 7.75, 2.25, 7.25], "texture": "#1"}, "east": {"uv": [2.25, 7.25, 2.75, 7.75], "rotation": 270, "texture": "#1"}, "south": {"uv": [2.75, 7.75, 2.25, 7.25], "rotation": 180, "texture": "#1"}, "west": {"uv": [2.25, 7.25, 2.75, 7.75], "rotation": 90, "texture": "#1"}, "up": {"uv": [2.25, 7.25, 2.75, 7.75], "rotation": 180, "texture": "#1"}, "down": {"uv": [2.25, 7.25, 2.75, 7.75], "texture": "#1"}}}, {"from": [6.48455, 19.0437, 10.25676], "to": [9.61985, 19.5437, 13.39206], "rotation": {"angle": -45, "axis": "x", "origin": [8.01631, 8.65466, 13.12111]}, "faces": {"north": {"uv": [2.25, 7.25, 2.75, 7.75], "rotation": 180, "texture": "#1"}, "east": {"uv": [2.25, 7.25, 2.75, 7.75], "rotation": 270, "texture": "#1"}, "south": {"uv": [2.25, 7.25, 2.75, 7.75], "texture": "#1"}, "west": {"uv": [2.25, 7.25, 2.75, 7.75], "rotation": 90, "texture": "#1"}, "up": {"uv": [2.25, 7.25, 2.75, 7.75], "rotation": 180, "texture": "#1"}, "down": {"uv": [2.25, 7.25, 2.75, 7.75], "texture": "#1"}}}, {"from": [6.67805, 19.4258, 10.45027], "to": [9.42634, 19.857, 13.19856], "rotation": {"angle": -45, "axis": "x", "origin": [8.01631, 8.65466, 13.12111]}, "faces": {"north": {"uv": [2.25, 7.25, 2.75, 7.75], "rotation": 180, "texture": "#1"}, "east": {"uv": [2.25, 7.25, 2.75, 7.75], "rotation": 270, "texture": "#1"}, "south": {"uv": [2.25, 7.25, 2.75, 7.75], "texture": "#1"}, "west": {"uv": [2.25, 7.25, 2.75, 7.75], "rotation": 90, "texture": "#1"}, "up": {"uv": [2.25, 7.25, 2.75, 7.75], "rotation": 180, "texture": "#1"}, "down": {"uv": [2.25, 7.25, 2.75, 7.75], "texture": "#1"}}}, {"from": [6.86705, 19.857, 10.63927], "to": [9.23734, 20.235, 13.00956], "rotation": {"angle": -45, "axis": "x", "origin": [8.01631, 8.65466, 13.12111]}, "faces": {"north": {"uv": [2.25, 7.25, 2.75, 7.75], "rotation": 180, "texture": "#1"}, "east": {"uv": [2.25, 7.25, 2.75, 7.75], "rotation": 270, "texture": "#1"}, "south": {"uv": [2.25, 7.25, 2.75, 7.75], "texture": "#1"}, "west": {"uv": [2.25, 7.25, 2.75, 7.75], "rotation": 90, "texture": "#1"}, "up": {"uv": [2.25, 7.25, 2.75, 7.75], "rotation": 180, "texture": "#1"}, "down": {"uv": [2.25, 7.25, 2.75, 7.75], "texture": "#1"}}}, {"from": [7.26705, 20.157, 10.73927], "to": [8.83734, 20.535, 12.70956], "rotation": {"angle": -45, "axis": "x", "origin": [8.01631, 8.55466, 13.22111]}, "faces": {"north": {"uv": [2.25, 7.25, 2.75, 7.75], "rotation": 180, "texture": "#1"}, "east": {"uv": [2.25, 7.25, 2.75, 7.75], "rotation": 270, "texture": "#1"}, "south": {"uv": [2.25, 7.25, 2.75, 7.75], "texture": "#1"}, "west": {"uv": [2.25, 7.25, 2.75, 7.75], "rotation": 90, "texture": "#1"}, "up": {"uv": [2.25, 7.25, 2.75, 7.75], "rotation": 180, "texture": "#1"}, "down": {"uv": [2.25, 7.25, 2.75, 7.75], "texture": "#1"}}}, {"from": [7.46705, 20.457, 10.33927], "to": [8.63734, 20.835, 12.20956], "rotation": {"angle": -45, "axis": "x", "origin": [8.01631, 8.55466, 13.22111]}, "faces": {"north": {"uv": [2.25, 7.25, 2.75, 7.75], "rotation": 180, "texture": "#1"}, "east": {"uv": [2.25, 7.25, 2.75, 7.75], "rotation": 270, "texture": "#1"}, "south": {"uv": [2.25, 7.25, 2.75, 7.75], "texture": "#1"}, "west": {"uv": [2.25, 7.25, 2.75, 7.75], "rotation": 90, "texture": "#1"}, "up": {"uv": [2.25, 7.25, 2.75, 7.75], "rotation": 180, "texture": "#1"}, "down": {"uv": [2.25, 7.25, 2.75, 7.75], "texture": "#1"}}}, {"from": [1.41927, 1.69317, 8.09876], "to": [4.69427, 3.99317, 8.74876], "rotation": {"angle": -22.5, "axis": "x", "origin": [3.05677, 1.14317, 10.12376]}, "faces": {"north": {"uv": [12.25, 12.25, 12.625, 12.75], "rotation": 270, "texture": "#1"}, "east": {"uv": [12.25, 12.25, 12.625, 12.75], "texture": "#1"}, "south": {"uv": [12.25, 12.25, 12.625, 12.75], "rotation": 90, "texture": "#1"}, "west": {"uv": [12.25, 12.25, 12.625, 12.75], "rotation": 180, "texture": "#1"}, "up": {"uv": [12.25, 12.25, 12.625, 12.75], "rotation": 270, "texture": "#1"}, "down": {"uv": [12.25, 12.25, 12.625, 12.75], "rotation": 90, "texture": "#1"}}}, {"from": [1.21927, 3.00129, 7.16226], "to": [4.89427, 6.30129, 7.81226], "rotation": {"angle": 0, "axis": "x", "origin": [3.05677, 3.45129, 9.18726]}, "faces": {"north": {"uv": [12.25, 12.25, 12.625, 12.75], "rotation": 270, "texture": "#1"}, "east": {"uv": [12.25, 12.25, 12.625, 12.75], "texture": "#1"}, "south": {"uv": [12.25, 12.25, 12.625, 12.75], "rotation": 90, "texture": "#1"}, "west": {"uv": [12.25, 12.25, 12.625, 12.75], "rotation": 180, "texture": "#1"}, "up": {"uv": [12.25, 12.25, 12.625, 12.75], "rotation": 270, "texture": "#1"}, "down": {"uv": [12.25, 12.25, 12.625, 12.75], "rotation": 90, "texture": "#1"}}}, {"from": [1.52227, 2.69514, 7.10971], "to": [4.59127, 5.30874, 7.62451], "rotation": {"angle": 0, "axis": "x", "origin": [3.05677, 3.05154, 8.71351]}, "faces": {"north": {"uv": [12.25, 12.25, 12.625, 12.75], "rotation": 270, "texture": "#1"}, "east": {"uv": [12.25, 12.25, 12.625, 12.75], "texture": "#1"}, "south": {"uv": [12.25, 12.25, 12.625, 12.75], "rotation": 90, "texture": "#1"}, "west": {"uv": [12.25, 12.25, 12.625, 12.75], "rotation": 180, "texture": "#1"}, "up": {"uv": [12.25, 12.25, 12.625, 12.75], "rotation": 270, "texture": "#1"}, "down": {"uv": [12.25, 12.25, 12.625, 12.75], "rotation": 90, "texture": "#1"}}}, {"from": [1.75987, 1.65911, 7.85142], "to": [4.35367, 3.48071, 8.36622], "rotation": {"angle": -22.5, "axis": "x", "origin": [3.05677, 1.22351, 9.45522]}, "faces": {"north": {"uv": [12.25, 12.25, 12.625, 12.75], "rotation": 270, "texture": "#1"}, "east": {"uv": [12.25, 12.25, 12.625, 12.75], "texture": "#1"}, "south": {"uv": [12.25, 12.25, 12.625, 12.75], "rotation": 90, "texture": "#1"}, "west": {"uv": [12.25, 12.25, 12.625, 12.75], "rotation": 180, "texture": "#1"}, "up": {"uv": [12.25, 12.25, 12.625, 12.75], "rotation": 270, "texture": "#1"}, "down": {"uv": [12.25, 12.25, 12.625, 12.75], "rotation": 90, "texture": "#1"}}}, {"from": [2.31927, 2.53843, 8.39825], "to": [3.79427, 5.03843, 9.24825], "rotation": {"angle": -22.5, "axis": "x", "origin": [3.05677, 1.98843, 10.62325]}, "faces": {"north": {"uv": [12.25, 12.25, 12.625, 12.75], "rotation": 270, "texture": "#1"}, "east": {"uv": [12.25, 12.25, 12.625, 12.75], "texture": "#1"}, "south": {"uv": [12.25, 12.25, 12.625, 12.75], "rotation": 90, "texture": "#1"}, "west": {"uv": [12.25, 12.25, 12.625, 12.75], "rotation": 180, "texture": "#1"}, "up": {"uv": [12.25, 12.25, 12.625, 12.75], "rotation": 270, "texture": "#1"}, "down": {"uv": [12.25, 12.25, 12.625, 12.75], "rotation": 90, "texture": "#1"}}}, {"from": [2.31927, 3.88007, 7.33573], "to": [3.79427, 5.58007, 8.18573], "rotation": {"angle": 0, "axis": "x", "origin": [3.05677, 1.73007, 9.56073]}, "faces": {"north": {"uv": [12.25, 12.25, 12.625, 12.75], "rotation": 270, "texture": "#1"}, "east": {"uv": [12.25, 12.25, 12.625, 12.75], "texture": "#1"}, "south": {"uv": [12.25, 12.25, 12.625, 12.75], "rotation": 90, "texture": "#1"}, "west": {"uv": [12.25, 12.25, 12.625, 12.75], "rotation": 180, "texture": "#1"}, "up": {"uv": [12.25, 12.25, 12.625, 12.75], "rotation": 270, "texture": "#1"}, "down": {"uv": [12.25, 12.25, 12.625, 12.75], "rotation": 90, "texture": "#1"}}}, {"from": [2.61927, 1.77043, 7.77907], "to": [3.49427, 6.07043, 10.82907], "rotation": {"angle": 0, "axis": "x", "origin": [3.05677, 1.22043, 12.20407]}, "faces": {"north": {"uv": [12.25, 12.25, 12.625, 12.75], "rotation": 270, "texture": "#1"}, "east": {"uv": [12.25, 12.25, 12.625, 12.75], "texture": "#1"}, "south": {"uv": [12.25, 12.25, 12.625, 12.75], "rotation": 90, "texture": "#1"}, "west": {"uv": [12.25, 12.25, 12.625, 12.75], "rotation": 180, "texture": "#1"}, "up": {"uv": [12.25, 12.25, 12.625, 12.75], "rotation": 270, "texture": "#1"}, "down": {"uv": [12.25, 12.25, 12.625, 12.75], "rotation": 90, "texture": "#1"}}}, {"from": [2.31927, 0.71917, 8.22959], "to": [3.79427, 2.01917, 10.77959], "rotation": {"angle": 0, "axis": "x", "origin": [3.05677, -1.83083, 12.15459]}, "faces": {"north": {"uv": [12.25, 12.25, 12.625, 12.75], "rotation": 270, "texture": "#1"}, "east": {"uv": [12.25, 12.25, 12.625, 12.75], "texture": "#1"}, "south": {"uv": [12.25, 12.25, 12.625, 12.75], "rotation": 90, "texture": "#1"}, "west": {"uv": [12.25, 12.25, 12.625, 12.75], "rotation": 180, "texture": "#1"}, "up": {"uv": [12.25, 12.25, 12.625, 12.75], "rotation": 270, "texture": "#1"}, "down": {"uv": [12.25, 12.25, 12.625, 12.75], "rotation": 90, "texture": "#1"}}}, {"from": [2.31927, -0.46157, 11.29825], "to": [3.79427, 2.83843, 12.14825], "rotation": {"angle": -22.5, "axis": "x", "origin": [3.05677, -1.01157, 13.52325]}, "faces": {"north": {"uv": [12.25, 12.25, 12.625, 12.75], "rotation": 270, "texture": "#1"}, "east": {"uv": [12.25, 12.25, 12.625, 12.75], "texture": "#1"}, "south": {"uv": [12.25, 12.25, 12.625, 12.75], "rotation": 90, "texture": "#1"}, "west": {"uv": [12.25, 12.25, 12.625, 12.75], "rotation": 180, "texture": "#1"}, "up": {"uv": [12.25, 12.25, 12.625, 12.75], "rotation": 270, "texture": "#1"}, "down": {"uv": [12.25, 12.25, 12.625, 12.75], "rotation": 90, "texture": "#1"}}}, {"from": [2.31927, -1.18083, 7.62959], "to": [3.79427, 0.01917, 9.87959], "rotation": {"angle": 22.5, "axis": "x", "origin": [3.05677, -3.63083, 11.45459]}, "faces": {"north": {"uv": [12.25, 12.25, 12.625, 12.75], "rotation": 270, "texture": "#1"}, "east": {"uv": [12.25, 12.25, 12.625, 12.75], "texture": "#1"}, "south": {"uv": [12.25, 12.25, 12.625, 12.75], "rotation": 90, "texture": "#1"}, "west": {"uv": [12.25, 12.25, 12.625, 12.75], "rotation": 180, "texture": "#1"}, "up": {"uv": [12.25, 12.25, 12.625, 12.75], "rotation": 270, "texture": "#1"}, "down": {"uv": [12.25, 12.25, 12.625, 12.75], "rotation": 90, "texture": "#1"}}}, {"from": [2.01927, -1.99477, 10.22677], "to": [4.09427, -1.34477, 12.52677], "rotation": {"angle": 22.5, "axis": "x", "origin": [3.05677, 0.03023, 13.07677]}, "faces": {"north": {"uv": [12.25, 12.25, 12.625, 12.75], "rotation": 90, "texture": "#1"}, "east": {"uv": [12.25, 12.25, 12.625, 12.75], "rotation": 90, "texture": "#1"}, "south": {"uv": [12.25, 12.25, 12.625, 12.75], "rotation": 90, "texture": "#1"}, "west": {"uv": [12.25, 12.25, 12.625, 12.75], "rotation": 90, "texture": "#1"}, "up": {"uv": [12.25, 12.25, 12.625, 12.75], "rotation": 90, "texture": "#1"}, "down": {"uv": [12.25, 12.25, 12.625, 12.75], "rotation": 90, "texture": "#1"}}}, {"from": [1.71927, 0.843, 9.46458], "to": [4.39427, 3.143, 10.11458], "rotation": {"angle": -45, "axis": "x", "origin": [3.05677, 0.293, 11.48958]}, "faces": {"north": {"uv": [12.25, 12.25, 12.625, 12.75], "rotation": 270, "texture": "#1"}, "east": {"uv": [12.25, 12.25, 12.625, 12.75], "texture": "#1"}, "south": {"uv": [12.25, 12.25, 12.625, 12.75], "rotation": 90, "texture": "#1"}, "west": {"uv": [12.25, 12.25, 12.625, 12.75], "rotation": 180, "texture": "#1"}, "up": {"uv": [12.25, 12.25, 12.625, 12.75], "rotation": 270, "texture": "#1"}, "down": {"uv": [12.25, 12.25, 12.625, 12.75], "rotation": 90, "texture": "#1"}}}, {"from": [1.99747, 0.98578, 8.93315], "to": [4.11607, 2.80738, 9.44795], "rotation": {"angle": -45, "axis": "x", "origin": [3.05677, 0.55018, 10.53695]}, "faces": {"north": {"uv": [12.25, 12.25, 12.625, 12.75], "rotation": 270, "texture": "#1"}, "east": {"uv": [12.25, 12.25, 12.625, 12.75], "texture": "#1"}, "south": {"uv": [12.25, 12.25, 12.625, 12.75], "rotation": 90, "texture": "#1"}, "west": {"uv": [12.25, 12.25, 12.625, 12.75], "rotation": 180, "texture": "#1"}, "up": {"uv": [12.25, 12.25, 12.625, 12.75], "rotation": 270, "texture": "#1"}, "down": {"uv": [12.25, 12.25, 12.625, 12.75], "rotation": 90, "texture": "#1"}}}, {"from": [2.23507, -1.26174, 9.5368], "to": [3.87847, -0.74694, 10.0584], "rotation": {"angle": 22.5, "axis": "x", "origin": [3.05677, 0.34206, 11.794]}, "faces": {"north": {"uv": [12.25, 12.25, 12.625, 12.75], "rotation": 90, "texture": "#1"}, "east": {"uv": [12.25, 12.25, 12.625, 12.75], "rotation": 90, "texture": "#1"}, "south": {"uv": [12.25, 12.25, 12.625, 12.75], "rotation": 90, "texture": "#1"}, "west": {"uv": [12.25, 12.25, 12.625, 12.75], "rotation": 90, "texture": "#1"}, "up": {"uv": [12.25, 12.25, 12.625, 12.75], "rotation": 90, "texture": "#1"}, "down": {"uv": [12.25, 12.25, 12.625, 12.75], "rotation": 90, "texture": "#1"}}}, {"from": [11.30573, 1.69317, 8.09876], "to": [14.58073, 3.99317, 8.74876], "rotation": {"angle": -22.5, "axis": "x", "origin": [12.94323, 1.14317, 10.12376]}, "faces": {"north": {"uv": [12.25, 12.75, 12.625, 12.25], "rotation": 270, "texture": "#1"}, "east": {"uv": [12.625, 12.25, 12.25, 12.75], "rotation": 180, "texture": "#1"}, "south": {"uv": [12.25, 12.75, 12.625, 12.25], "rotation": 90, "texture": "#1"}, "west": {"uv": [12.625, 12.25, 12.25, 12.75], "texture": "#1"}, "up": {"uv": [12.25, 12.75, 12.625, 12.25], "rotation": 270, "texture": "#1"}, "down": {"uv": [12.25, 12.75, 12.625, 12.25], "rotation": 90, "texture": "#1"}}}, {"from": [11.10573, 3.00129, 7.16226], "to": [14.78073, 6.30129, 7.81226], "rotation": {"angle": 0, "axis": "x", "origin": [12.94323, 3.45129, 9.18726]}, "faces": {"north": {"uv": [12.25, 12.75, 12.625, 12.25], "rotation": 270, "texture": "#1"}, "east": {"uv": [12.625, 12.25, 12.25, 12.75], "rotation": 180, "texture": "#1"}, "south": {"uv": [12.25, 12.75, 12.625, 12.25], "rotation": 90, "texture": "#1"}, "west": {"uv": [12.625, 12.25, 12.25, 12.75], "texture": "#1"}, "up": {"uv": [12.25, 12.75, 12.625, 12.25], "rotation": 270, "texture": "#1"}, "down": {"uv": [12.25, 12.75, 12.625, 12.25], "rotation": 90, "texture": "#1"}}}, {"from": [11.40873, 2.69514, 7.10971], "to": [14.47773, 5.30874, 7.62451], "rotation": {"angle": 0, "axis": "x", "origin": [12.94323, 3.05154, 8.71351]}, "faces": {"north": {"uv": [12.25, 12.75, 12.625, 12.25], "rotation": 270, "texture": "#1"}, "east": {"uv": [12.625, 12.25, 12.25, 12.75], "rotation": 180, "texture": "#1"}, "south": {"uv": [12.25, 12.75, 12.625, 12.25], "rotation": 90, "texture": "#1"}, "west": {"uv": [12.625, 12.25, 12.25, 12.75], "texture": "#1"}, "up": {"uv": [12.25, 12.75, 12.625, 12.25], "rotation": 270, "texture": "#1"}, "down": {"uv": [12.25, 12.75, 12.625, 12.25], "rotation": 90, "texture": "#1"}}}, {"from": [11.64633, 1.65911, 7.85142], "to": [14.24013, 3.48071, 8.36622], "rotation": {"angle": -22.5, "axis": "x", "origin": [12.94323, 1.22351, 9.45522]}, "faces": {"north": {"uv": [12.25, 12.75, 12.625, 12.25], "rotation": 270, "texture": "#1"}, "east": {"uv": [12.625, 12.25, 12.25, 12.75], "rotation": 180, "texture": "#1"}, "south": {"uv": [12.25, 12.75, 12.625, 12.25], "rotation": 90, "texture": "#1"}, "west": {"uv": [12.625, 12.25, 12.25, 12.75], "texture": "#1"}, "up": {"uv": [12.25, 12.75, 12.625, 12.25], "rotation": 270, "texture": "#1"}, "down": {"uv": [12.25, 12.75, 12.625, 12.25], "rotation": 90, "texture": "#1"}}}, {"from": [12.20573, 2.53843, 8.39825], "to": [13.68073, 5.03843, 9.24825], "rotation": {"angle": -22.5, "axis": "x", "origin": [12.94323, 1.98843, 10.62325]}, "faces": {"north": {"uv": [12.25, 12.75, 12.625, 12.25], "rotation": 270, "texture": "#1"}, "east": {"uv": [12.625, 12.25, 12.25, 12.75], "rotation": 180, "texture": "#1"}, "south": {"uv": [12.25, 12.75, 12.625, 12.25], "rotation": 90, "texture": "#1"}, "west": {"uv": [12.625, 12.25, 12.25, 12.75], "texture": "#1"}, "up": {"uv": [12.25, 12.75, 12.625, 12.25], "rotation": 270, "texture": "#1"}, "down": {"uv": [12.25, 12.75, 12.625, 12.25], "rotation": 90, "texture": "#1"}}}, {"from": [12.20573, 3.88007, 7.33573], "to": [13.68073, 5.58007, 8.18573], "rotation": {"angle": 0, "axis": "x", "origin": [12.94323, 1.73007, 9.56073]}, "faces": {"north": {"uv": [12.25, 12.75, 12.625, 12.25], "rotation": 270, "texture": "#1"}, "east": {"uv": [12.625, 12.25, 12.25, 12.75], "rotation": 180, "texture": "#1"}, "south": {"uv": [12.25, 12.75, 12.625, 12.25], "rotation": 90, "texture": "#1"}, "west": {"uv": [12.625, 12.25, 12.25, 12.75], "texture": "#1"}, "up": {"uv": [12.25, 12.75, 12.625, 12.25], "rotation": 270, "texture": "#1"}, "down": {"uv": [12.25, 12.75, 12.625, 12.25], "rotation": 90, "texture": "#1"}}}, {"from": [12.50573, 1.77043, 7.77907], "to": [13.38073, 6.07043, 10.82907], "rotation": {"angle": 0, "axis": "x", "origin": [12.94323, 1.22043, 12.20407]}, "faces": {"north": {"uv": [12.25, 12.75, 12.625, 12.25], "rotation": 270, "texture": "#1"}, "east": {"uv": [12.625, 12.25, 12.25, 12.75], "rotation": 180, "texture": "#1"}, "south": {"uv": [12.25, 12.75, 12.625, 12.25], "rotation": 90, "texture": "#1"}, "west": {"uv": [12.625, 12.25, 12.25, 12.75], "texture": "#1"}, "up": {"uv": [12.25, 12.75, 12.625, 12.25], "rotation": 270, "texture": "#1"}, "down": {"uv": [12.25, 12.75, 12.625, 12.25], "rotation": 90, "texture": "#1"}}}, {"from": [12.20573, 0.71917, 8.22959], "to": [13.68073, 2.01917, 10.77959], "rotation": {"angle": 0, "axis": "x", "origin": [12.94323, -1.83083, 12.15459]}, "faces": {"north": {"uv": [12.25, 12.75, 12.625, 12.25], "rotation": 270, "texture": "#1"}, "east": {"uv": [12.625, 12.25, 12.25, 12.75], "rotation": 180, "texture": "#1"}, "south": {"uv": [12.25, 12.75, 12.625, 12.25], "rotation": 90, "texture": "#1"}, "west": {"uv": [12.625, 12.25, 12.25, 12.75], "texture": "#1"}, "up": {"uv": [12.25, 12.75, 12.625, 12.25], "rotation": 270, "texture": "#1"}, "down": {"uv": [12.25, 12.75, 12.625, 12.25], "rotation": 90, "texture": "#1"}}}, {"from": [12.20573, -0.46157, 11.29825], "to": [13.68073, 2.83843, 12.14825], "rotation": {"angle": -22.5, "axis": "x", "origin": [12.94323, -1.01157, 13.52325]}, "faces": {"north": {"uv": [12.25, 12.75, 12.625, 12.25], "rotation": 270, "texture": "#1"}, "east": {"uv": [12.625, 12.25, 12.25, 12.75], "rotation": 180, "texture": "#1"}, "south": {"uv": [12.25, 12.75, 12.625, 12.25], "rotation": 90, "texture": "#1"}, "west": {"uv": [12.625, 12.25, 12.25, 12.75], "texture": "#1"}, "up": {"uv": [12.25, 12.75, 12.625, 12.25], "rotation": 270, "texture": "#1"}, "down": {"uv": [12.25, 12.75, 12.625, 12.25], "rotation": 90, "texture": "#1"}}}, {"from": [12.20573, -1.18083, 7.62959], "to": [13.68073, 0.01917, 9.87959], "rotation": {"angle": 22.5, "axis": "x", "origin": [12.94323, -3.63083, 11.45459]}, "faces": {"north": {"uv": [12.25, 12.75, 12.625, 12.25], "rotation": 270, "texture": "#1"}, "east": {"uv": [12.625, 12.25, 12.25, 12.75], "rotation": 180, "texture": "#1"}, "south": {"uv": [12.25, 12.75, 12.625, 12.25], "rotation": 90, "texture": "#1"}, "west": {"uv": [12.625, 12.25, 12.25, 12.75], "texture": "#1"}, "up": {"uv": [12.25, 12.75, 12.625, 12.25], "rotation": 270, "texture": "#1"}, "down": {"uv": [12.25, 12.75, 12.625, 12.25], "rotation": 90, "texture": "#1"}}}, {"from": [11.90573, -1.99477, 10.22677], "to": [13.98073, -1.34477, 12.52677], "rotation": {"angle": 22.5, "axis": "x", "origin": [12.94323, 0.03023, 13.07677]}, "faces": {"north": {"uv": [12.25, 12.75, 12.625, 12.25], "rotation": 90, "texture": "#1"}, "east": {"uv": [12.25, 12.75, 12.625, 12.25], "rotation": 90, "texture": "#1"}, "south": {"uv": [12.25, 12.75, 12.625, 12.25], "rotation": 90, "texture": "#1"}, "west": {"uv": [12.25, 12.75, 12.625, 12.25], "rotation": 90, "texture": "#1"}, "up": {"uv": [12.25, 12.75, 12.625, 12.25], "rotation": 90, "texture": "#1"}, "down": {"uv": [12.25, 12.75, 12.625, 12.25], "rotation": 90, "texture": "#1"}}}, {"from": [11.60573, 0.843, 9.46458], "to": [14.28073, 3.143, 10.11458], "rotation": {"angle": -45, "axis": "x", "origin": [12.94323, 0.293, 11.48958]}, "faces": {"north": {"uv": [12.25, 12.75, 12.625, 12.25], "rotation": 270, "texture": "#1"}, "east": {"uv": [12.625, 12.25, 12.25, 12.75], "rotation": 180, "texture": "#1"}, "south": {"uv": [12.25, 12.75, 12.625, 12.25], "rotation": 90, "texture": "#1"}, "west": {"uv": [12.625, 12.25, 12.25, 12.75], "texture": "#1"}, "up": {"uv": [12.25, 12.75, 12.625, 12.25], "rotation": 270, "texture": "#1"}, "down": {"uv": [12.25, 12.75, 12.625, 12.25], "rotation": 90, "texture": "#1"}}}, {"from": [11.88393, 0.98578, 8.93315], "to": [14.00253, 2.80738, 9.44795], "rotation": {"angle": -45, "axis": "x", "origin": [12.94323, 0.55018, 10.53695]}, "faces": {"north": {"uv": [12.25, 12.75, 12.625, 12.25], "rotation": 270, "texture": "#1"}, "east": {"uv": [12.625, 12.25, 12.25, 12.75], "rotation": 180, "texture": "#1"}, "south": {"uv": [12.25, 12.75, 12.625, 12.25], "rotation": 90, "texture": "#1"}, "west": {"uv": [12.625, 12.25, 12.25, 12.75], "texture": "#1"}, "up": {"uv": [12.25, 12.75, 12.625, 12.25], "rotation": 270, "texture": "#1"}, "down": {"uv": [12.25, 12.75, 12.625, 12.25], "rotation": 90, "texture": "#1"}}}, {"from": [12.12153, -1.26174, 9.5368], "to": [13.76493, -0.74694, 10.0584], "rotation": {"angle": 22.5, "axis": "x", "origin": [12.94323, 0.34206, 11.794]}, "faces": {"north": {"uv": [12.25, 12.75, 12.625, 12.25], "rotation": 90, "texture": "#1"}, "east": {"uv": [12.25, 12.75, 12.625, 12.25], "rotation": 90, "texture": "#1"}, "south": {"uv": [12.25, 12.75, 12.625, 12.25], "rotation": 90, "texture": "#1"}, "west": {"uv": [12.25, 12.75, 12.625, 12.25], "rotation": 90, "texture": "#1"}, "up": {"uv": [12.25, 12.75, 12.625, 12.25], "rotation": 90, "texture": "#1"}, "down": {"uv": [12.25, 12.75, 12.625, 12.25], "rotation": 90, "texture": "#1"}}}], "display": {"thirdperson_righthand": {"scale": [0.2, 0.2, 0.2]}, "thirdperson_lefthand": {"scale": [0.2, 0.2, 0.2]}, "firstperson_righthand": {"scale": [0.2, 0.2, 0.2]}, "firstperson_lefthand": {"scale": [0.2, 0.2, 0.2]}, "ground": {"translation": [0, 8.75, 0]}, "gui": {"rotation": [-16, -153, -25], "translation": [0, -0.5, 0], "scale": [0.5, 0.5, 0.5]}, "head": {"translation": [0, -3, 0], "scale": [1.9, 1.9, 1.9]}, "fixed": {"translation": [0, -0.75, -1.25], "scale": [0.6, 0.6, 0.6]}}, "groups": [{"name": "Tim", "origin": [8, 8, 8], "children": [{"name": "MuziekPlaat", "origin": [8, 8, 8], "children": [{"name": "Stipjes", "origin": [8, 8, 8], "children": []}, {"name": "Stipjes2", "origin": [8, 8, 8], "children": []}]}, {"name": "Test Pop", "origin": [8, 8, 8], "children": [{"name": "group", "origin": [8, 8, 8], "children": []}]}, {"name": "Test Pop", "origin": [8, 8, 8], "children": [0, {"name": "group", "origin": [12.95, 8.39504, -0.18277], "children": [1, 2, 3, 4, 5, 6, 7, 8]}, {"name": "group", "origin": [12.95, 8.39504, -0.18277], "children": [9, 10, 11, 12, 13, 14, 15, 16]}, 17, 18, 19, 20, 21, 22, 23, 24, 25]}]}, 26, 27, 28, 29, 30, 31, 32, 33, 34, 35, 36, 37, 38, 39, {"name": "group", "origin": [7.99228, 5.79908, 7.97534], "children": [40, 41, 42, 43, 44, 45, 46, 47, 48, 49, 50, 51, 52, 53, 54, 55]}, {"name": "group", "origin": [7.99228, 5.79908, 7.97534], "children": [56, 57, 58, 59, 60, 61, 62, 63, 64, 65, 66, 67, 68, 69, 70, 71]}, {"name": "group", "origin": [8.79265, 12.22057, 9.51094], "children": [72, 73, 74, 75, 76, 77, 78, 79, 80, 81, 82, 83]}, {"name": "group", "origin": [9.77289, 21.77789, 5.36643], "children": [84, 85, 86, 87, 88, 89, 90, 91, 92, 93, 94, 95, 96]}, {"name": "group", "origin": [3.05677, 0.34206, 11.794], "children": [97, 98, 99, 100, 101, 102, 103, 104, 105, 106, 107, 108, 109, 110]}, {"name": "group", "origin": [3.05677, 0.34206, 11.794], "children": [111, 112, 113, 114, 115, 116, 117, 118, 119, 120, 121, 122, 123, 124]}]}