{"display":{"head":{"scale":[3.2,3.2,3.2]},"thirdperson_righthand":{"rotation":[0,-1,0]}},"elements":[{"faces":{"down":{"texture":"#13","uv":[0,0,0.999,0.999]},"east":{"texture":"#13","uv":[0,0,0.999,0.999]},"north":{"texture":"#17","uv":[0,0,16,16]},"south":{"texture":"#13","uv":[0,0,0.999,0.999]},"up":{"texture":"#13","uv":[0,0,0.999,0.999]},"west":{"texture":"#13","uv":[0,0,0.999,0.999]}},"from":[0.04288,1.0851,7.94988],"rotation":{"angle":0,"axis":"y","origin":[4.04288,15.0851,11.73559]},"to":[16.04288,17.0851,13.64988]},{"faces":{"down":{"texture":"#13","uv":[0,0,0.999,0.999]},"east":{"texture":"#13","uv":[0,0,0.999,0.999]},"north":{"texture":"#13","uv":[0,0,0.999,0.999]},"south":{"texture":"#13","uv":[0,0,0.999,0.999]},"up":{"texture":"#13","uv":[0,0,0.999,0.999]},"west":{"texture":"#13","uv":[0,0,0.999,0.999]}},"from":[0.04288,-11.9149,7.94988],"rotation":{"angle":0,"axis":"y","origin":[4.04288,15.0851,11.73559]},"to":[16.04288,1.0851,13.64988]},{"faces":{"down":{"texture":"#16","uv":[8.375,1.25,8.872,1.748]},"east":{"texture":"#16","uv":[8.375,1.25,8.872,1.748]},"north":{"texture":"#16","uv":[8.375,1.25,8.872,1.748]},"south":{"texture":"#16","uv":[8.375,1.25,8.872,1.748]},"up":{"texture":"#16","uv":[8.375,1.25,8.872,1.748]},"west":{"texture":"#16","uv":[8.375,1.25,8.872,1.748]}},"from":[11.04288,5.0851,6.44988],"rotation":{"angle":0,"axis":"y","origin":[4.04288,15.0851,11.73559]},"to":[14.04288,8.0851,13.44988]},{"faces":{"down":{"texture":"#16","uv":[8.375,1.25,8.872,1.748]},"east":{"texture":"#16","uv":[8.375,1.25,8.872,1.748]},"north":{"texture":"#16","uv":[8.375,1.25,8.872,1.748]},"south":{"texture":"#16","uv":[8.375,1.25,8.872,1.748]},"up":{"texture":"#16","uv":[8.375,1.25,8.872,1.748]},"west":{"texture":"#16","uv":[8.375,1.25,8.872,1.748]}},"from":[2.04288,5.0851,6.44988],"rotation":{"angle":0,"axis":"y","origin":[4.04288,15.0851,11.73559]},"to":[5.04288,8.0851,13.44988]},{"faces":{"down":{"texture":"#16","uv":[8.375,1.25,8.872,1.748]},"east":{"texture":"#16","uv":[8.375,1.25,8.872,1.748]},"north":{"texture":"#16","uv":[8.375,1.25,8.872,1.748]},"south":{"texture":"#16","uv":[8.375,1.25,8.872,1.748]},"up":{"texture":"#16","uv":[8.375,1.25,8.872,1.748]},"west":{"texture":"#16","uv":[8.375,1.25,8.872,1.748]}},"from":[-0.45712,2.0851,6.84988],"rotation":{"angle":0,"axis":"y","origin":[4.04288,15.0851,11.73559]},"to":[3.04288,6.0851,12.64988]},{"faces":{"down":{"texture":"#16","uv":[8.375,1.25,8.872,1.748]},"east":{"texture":"#16","uv":[8.375,1.25,8.872,1.748]},"north":{"texture":"#16","uv":[8.375,1.25,8.872,1.748]},"south":{"texture":"#16","uv":[8.375,1.25,8.872,1.748]},"up":{"texture":"#16","uv":[8.375,1.25,8.872,1.748]},"west":{"texture":"#16","uv":[8.375,1.25,8.872,1.748]}},"from":[14.14288,2.0851,6.84988],"rotation":{"angle":0,"axis":"y","origin":[4.04288,15.0851,11.73559]},"to":[16.34288,5.4851,12.64988]},{"faces":{"down":{"texture":"#16","uv":[8.375,1.25,8.872,1.748]},"east":{"texture":"#16","uv":[8.375,1.25,8.872,1.748]},"north":{"texture":"#16","uv":[8.375,1.25,8.872,1.748]},"south":{"texture":"#16","uv":[8.375,1.25,8.872,1.748]},"up":{"texture":"#16","uv":[8.375,1.25,8.872,1.748]},"west":{"texture":"#16","uv":[8.375,1.25,8.872,1.748]}},"from":[12.46966,4.287,6.84988],"rotation":{"angle":-45,"axis":"z","origin":[14.21966,5.787,9.94988]},"to":[16.46966,7.287,12.64988]},{"faces":{"down":{"texture":"#16","uv":[8.375,1.25,8.872,1.748]},"east":{"texture":"#16","uv":[8.375,1.25,8.872,1.748]},"north":{"texture":"#16","uv":[8.375,1.25,8.872,1.748]},"south":{"texture":"#16","uv":[8.375,1.25,8.872,1.748]},"up":{"texture":"#16","uv":[8.375,1.25,8.872,1.748]},"west":{"texture":"#16","uv":[8.375,1.25,8.872,1.748]}},"from":[-0.3839,4.287,6.84988],"rotation":{"angle":45,"axis":"z","origin":[1.8661,5.787,9.94988]},"to":[3.6161,7.287,12.64988]},{"faces":{"down":{"texture":"#16","uv":[8.25,0.25,8.748,0.748]},"east":{"texture":"#16","uv":[8.25,0.25,8.748,0.748]},"north":{"texture":"#16","uv":[8.25,0.25,8.748,0.748]},"south":{"texture":"#16","uv":[8.25,0.25,8.748,0.748]},"up":{"texture":"#16","uv":[8.25,0.25,8.748,0.748]},"west":{"texture":"#16","uv":[8.25,0.25,8.748,0.748]}},"from":[10.99643,1.48891,4.74988],"rotation":{"angle":0,"axis":"z","origin":[14.32217,5.39307,9.94988]},"to":[15.49643,3.48891,12.44988]},{"faces":{"down":{"texture":"#16","uv":[8.25,0.25,8.748,0.748]},"east":{"texture":"#16","uv":[8.25,0.25,8.748,0.748]},"north":{"texture":"#16","uv":[8.25,0.25,8.748,0.748]},"south":{"texture":"#16","uv":[8.25,0.25,8.748,0.748]},"up":{"texture":"#16","uv":[8.25,0.25,8.748,0.748]},"west":{"texture":"#16","uv":[8.25,0.25,8.748,0.748]}},"from":[6.74829,2.00663,5.86586],"rotation":{"angle":0,"axis":"z","origin":[8.65816,2.48996,5.46655]},"to":[7.04829,2.70663,6.56586]},{"faces":{"down":{"texture":"#16","uv":[8.25,0.25,8.748,0.748]},"east":{"texture":"#16","uv":[8.25,0.25,8.748,0.748]},"north":{"texture":"#16","uv":[8.25,0.25,8.748,0.748]},"south":{"texture":"#16","uv":[8.25,0.25,8.748,0.748]},"up":{"texture":"#16","uv":[8.25,0.25,8.748,0.748]},"west":{"texture":"#16","uv":[8.25,0.25,8.748,0.748]}},"from":[6.74829,1.90663,5.36586],"rotation":{"angle":0,"axis":"z","origin":[8.65816,2.48996,5.46655]},"to":[7.04829,2.60663,6.06586]},{"faces":{"down":{"texture":"#16","uv":[8.25,0.25,8.748,0.748]},"east":{"texture":"#16","uv":[8.25,0.25,8.748,0.748]},"north":{"texture":"#16","uv":[8.25,0.25,8.748,0.748]},"south":{"texture":"#16","uv":[8.25,0.25,8.748,0.748]},"up":{"texture":"#16","uv":[8.25,0.25,8.748,0.748]},"west":{"texture":"#16","uv":[8.25,0.25,8.748,0.748]}},"from":[6.74829,1.60663,4.76586],"rotation":{"angle":0,"axis":"z","origin":[8.65816,2.48996,5.46655]},"to":[7.04829,2.30663,5.46586]},{"faces":{"down":{"texture":"#16","uv":[8.25,0.25,8.748,0.748]},"east":{"texture":"#16","uv":[8.25,0.25,8.748,0.748]},"north":{"texture":"#16","uv":[8.25,0.25,8.748,0.748]},"south":{"texture":"#16","uv":[8.25,0.25,8.748,0.748]},"up":{"texture":"#16","uv":[8.25,0.25,8.748,0.748]},"west":{"texture":"#16","uv":[8.25,0.25,8.748,0.748]}},"from":[6.91436,2.00663,6.51305],"rotation":{"angle":-22.5,"axis":"y","origin":[8.65816,2.48996,5.46655]},"to":[7.31436,2.70663,7.21305]},{"faces":{"down":{"texture":"#16","uv":[8.25,0.25,8.748,0.748]},"east":{"texture":"#16","uv":[8.25,0.25,8.748,0.748]},"north":{"texture":"#16","uv":[8.25,0.25,8.748,0.748]},"south":{"texture":"#16","uv":[8.25,0.25,8.748,0.748]},"up":{"texture":"#16","uv":[8.25,0.25,8.748,0.748]},"west":{"texture":"#16","uv":[8.25,0.25,8.748,0.748]}},"from":[6.72302,1.90663,6.05111],"rotation":{"angle":-22.5,"axis":"y","origin":[8.65816,2.48996,5.46655]},"to":[7.12302,2.60663,6.75111]},{"faces":{"down":{"texture":"#16","uv":[8.25,0.25,8.748,0.748]},"east":{"texture":"#16","uv":[8.25,0.25,8.748,0.748]},"north":{"texture":"#16","uv":[8.25,0.25,8.748,0.748]},"south":{"texture":"#16","uv":[8.25,0.25,8.748,0.748]},"up":{"texture":"#16","uv":[8.25,0.25,8.748,0.748]},"west":{"texture":"#16","uv":[8.25,0.25,8.748,0.748]}},"from":[6.49341,1.60663,5.49679],"rotation":{"angle":-22.5,"axis":"y","origin":[8.65816,2.48996,5.46655]},"to":[6.89341,2.30663,6.19679]},{"faces":{"down":{"texture":"#16","uv":[8.25,0.25,8.748,0.748]},"east":{"texture":"#16","uv":[8.25,0.25,8.748,0.748]},"north":{"texture":"#16","uv":[8.25,0.25,8.748,0.748]},"south":{"texture":"#16","uv":[8.25,0.25,8.748,0.748]},"up":{"texture":"#16","uv":[8.25,0.25,8.748,0.748]},"west":{"texture":"#16","uv":[8.25,0.25,8.748,0.748]}},"from":[7.01546,2.00663,7.04743],"rotation":{"angle":-45,"axis":"y","origin":[8.65816,2.48996,5.46655]},"to":[7.71546,2.70663,7.74743]},{"faces":{"down":{"texture":"#16","uv":[8.25,0.25,8.748,0.748]},"east":{"texture":"#16","uv":[8.25,0.25,8.748,0.748]},"north":{"texture":"#16","uv":[8.25,0.25,8.748,0.748]},"south":{"texture":"#16","uv":[8.25,0.25,8.748,0.748]},"up":{"texture":"#16","uv":[8.25,0.25,8.748,0.748]},"west":{"texture":"#16","uv":[8.25,0.25,8.748,0.748]}},"from":[6.66191,1.90663,6.69388],"rotation":{"angle":-45,"axis":"y","origin":[8.65816,2.48996,5.46655]},"to":[7.36191,2.60663,7.39388]},{"faces":{"down":{"texture":"#16","uv":[8.25,0.25,8.748,0.748]},"east":{"texture":"#16","uv":[8.25,0.25,8.748,0.748]},"north":{"texture":"#16","uv":[8.25,0.25,8.748,0.748]},"south":{"texture":"#16","uv":[8.25,0.25,8.748,0.748]},"up":{"texture":"#16","uv":[8.25,0.25,8.748,0.748]},"west":{"texture":"#16","uv":[8.25,0.25,8.748,0.748]}},"from":[6.23764,1.60663,6.26962],"rotation":{"angle":-45,"axis":"y","origin":[8.65816,2.48996,5.46655]},"to":[6.93764,2.30663,6.96962]},{"faces":{"down":{"texture":"#16","uv":[8.25,0.25,8.748,0.748]},"east":{"texture":"#16","uv":[8.25,0.25,8.748,0.748]},"north":{"texture":"#16","uv":[8.25,0.25,8.748,0.748]},"south":{"texture":"#16","uv":[8.25,0.25,8.748,0.748]},"up":{"texture":"#16","uv":[8.25,0.25,8.748,0.748]},"west":{"texture":"#16","uv":[8.25,0.25,8.748,0.748]}},"from":[7.04829,1.48928,4.34988],"rotation":{"angle":0,"axis":"z","origin":[11.82218,6.6899,6.42488]},"to":[11.54829,3.48928,11.74988]},{"faces":{"down":{"rotation":270,"texture":"#16","uv":[8.25,0.25,8.748,0.748]},"east":{"rotation":270,"texture":"#16","uv":[8.25,0.25,8.748,0.748]},"north":{"rotation":270,"texture":"#16","uv":[8.25,0.25,8.748,0.748]},"south":{"rotation":270,"texture":"#16","uv":[8.25,0.25,8.748,0.748]},"up":{"rotation":270,"texture":"#16","uv":[8.25,0.25,8.748,0.748]},"west":{"rotation":270,"texture":"#16","uv":[8.25,0.25,8.748,0.748]}},"from":[14.32156,2.06378,5.34988],"rotation":{"angle":0,"axis":"z","origin":[11.92156,6.21378,8.94988]},"to":[16.32156,4.56378,12.44988]},{"faces":{"down":{"rotation":270,"texture":"#16","uv":[8.25,0.25,8.748,0.748]},"east":{"rotation":270,"texture":"#16","uv":[8.25,0.25,8.748,0.748]},"north":{"rotation":270,"texture":"#16","uv":[8.25,0.25,8.748,0.748]},"south":{"rotation":270,"texture":"#16","uv":[8.25,0.25,8.748,0.748]},"up":{"rotation":270,"texture":"#16","uv":[8.25,0.25,8.748,0.748]},"west":{"rotation":270,"texture":"#16","uv":[8.25,0.25,8.748,0.748]}},"from":[0.32156,0.06378,5.34988],"rotation":{"angle":0,"axis":"z","origin":[11.92156,6.21378,8.94988]},"to":[2.32156,4.56378,12.44988]},{"faces":{"down":{"texture":"#16","uv":[8.25,0.125,8.747,0.623]},"east":{"texture":"#16","uv":[8.25,0.125,8.747,0.623]},"north":{"texture":"#16","uv":[8.25,0.125,8.747,0.623]},"south":{"texture":"#16","uv":[8.25,0.125,8.747,0.623]},"up":{"texture":"#16","uv":[8.25,0.125,8.747,0.623]},"west":{"texture":"#16","uv":[8.25,0.125,8.747,0.623]}},"from":[0.04288,-0.9149,7.44988],"rotation":{"angle":0,"axis":"y","origin":[4.04288,15.0851,11.73559]},"to":[16.04288,6.0851,12.84988]},{"faces":{"down":{"texture":"#16","uv":[8.375,1.25,8.872,1.748]},"east":{"texture":"#16","uv":[8.375,1.25,8.872,1.748]},"north":{"texture":"#16","uv":[8.375,1.25,8.872,1.748]},"south":{"texture":"#16","uv":[8.375,1.25,8.872,1.748]},"up":{"texture":"#16","uv":[8.375,1.25,8.872,1.748]},"west":{"texture":"#16","uv":[8.375,1.25,8.872,1.748]}},"from":[7.04288,5.0851,4.44988],"rotation":{"angle":0,"axis":"y","origin":[4.04288,15.0851,11.73559]},"to":[9.04288,7.0851,13.44988]},{"faces":{"down":{"texture":"#16","uv":[8.375,1.25,8.872,1.748]},"east":{"texture":"#16","uv":[8.375,1.25,8.872,1.748]},"north":{"texture":"#16","uv":[8.375,1.25,8.872,1.748]},"south":{"texture":"#16","uv":[8.375,1.25,8.872,1.748]},"up":{"texture":"#16","uv":[8.375,1.25,8.872,1.748]},"west":{"texture":"#16","uv":[8.375,1.25,8.872,1.748]}},"from":[8.43527,4.54683,4.34988],"rotation":{"angle":22.5,"axis":"z","origin":[8.79288,5.0351,8.94988]},"to":[9.33527,5.44683,13.44988]},{"faces":{"down":{"texture":"#16","uv":[8.375,1.25,8.872,1.748]},"east":{"texture":"#16","uv":[8.375,1.25,8.872,1.748]},"north":{"texture":"#16","uv":[8.375,1.25,8.872,1.748]},"south":{"texture":"#16","uv":[8.375,1.25,8.872,1.748]},"up":{"texture":"#16","uv":[8.375,1.25,8.872,1.748]},"west":{"texture":"#16","uv":[8.375,1.25,8.872,1.748]}},"from":[6.66473,4.54683,4.34988],"rotation":{"angle":-22.5,"axis":"z","origin":[7.20712,5.0351,8.94988]},"to":[7.56473,5.44683,13.44988]},{"faces":{"down":{"texture":"#16","uv":[8.375,1.25,8.872,1.748]},"east":{"texture":"#16","uv":[8.375,1.25,8.872,1.748]},"north":{"texture":"#16","uv":[8.375,1.25,8.872,1.748]},"south":{"texture":"#16","uv":[8.375,1.25,8.872,1.748]},"up":{"texture":"#16","uv":[8.375,1.25,8.872,1.748]},"west":{"texture":"#16","uv":[8.375,1.25,8.872,1.748]}},"from":[10.33443,4.95081,4.34988],"rotation":{"angle":22.5,"axis":"z","origin":[8.79288,5.0351,8.94988]},"to":[11.23443,6.05081,13.44988]},{"faces":{"down":{"texture":"#16","uv":[8.375,1.25,8.872,1.748]},"east":{"texture":"#16","uv":[8.375,1.25,8.872,1.748]},"north":{"texture":"#16","uv":[8.375,1.25,8.872,1.748]},"south":{"texture":"#16","uv":[8.375,1.25,8.872,1.748]},"up":{"texture":"#16","uv":[8.375,1.25,8.872,1.748]},"west":{"texture":"#16","uv":[8.375,1.25,8.872,1.748]}},"from":[4.76557,4.95081,4.34988],"rotation":{"angle":-22.5,"axis":"z","origin":[7.20712,5.0351,8.94988]},"to":[5.66557,6.05081,13.44988]},{"faces":{"down":{"texture":"#16","uv":[8.25,1.25,8.745,1.748]},"east":{"texture":"#16","uv":[8.25,1.25,8.745,1.748]},"north":{"texture":"#16","uv":[8.25,1.25,8.745,1.748]},"south":{"texture":"#16","uv":[8.25,1.25,8.745,1.748]},"up":{"texture":"#16","uv":[8.25,1.25,8.745,1.748]},"west":{"texture":"#16","uv":[8.25,1.25,8.745,1.748]}},"from":[9.05915,4.16415,5.14988],"rotation":{"angle":22.5,"axis":"z","origin":[8.79288,5.0351,8.94988]},"to":[10.25915,5.26415,13.44988]},{"faces":{"down":{"texture":"#4","uv":[5.996,0,5,0.998]},"east":{"texture":"#4","uv":[5.996,0,5,0.998]},"north":{"texture":"#4","uv":[5.996,0,5,0.998]},"south":{"texture":"#4","uv":[5.996,0,5,0.998]},"up":{"texture":"#4","uv":[5.996,0,5,0.998]},"west":{"texture":"#4","uv":[5.996,0,5,0.998]}},"from":[5.74085,4.16415,5.14988],"rotation":{"angle":-22.5,"axis":"z","origin":[7.20712,5.0351,8.94988]},"to":[6.94085,5.26415,13.44988]},{"faces":{"down":{"rotation":90,"texture":"#4","uv":[5,0,5.996,0.998]},"east":{"rotation":90,"texture":"#4","uv":[5,0,5.996,0.998]},"north":{"rotation":90,"texture":"#4","uv":[5,0,5.996,0.998]},"south":{"rotation":90,"texture":"#4","uv":[5,0,5.996,0.998]},"up":{"rotation":90,"texture":"#4","uv":[5,0,5.996,0.998]},"west":{"rotation":90,"texture":"#4","uv":[5,0,5.996,0.998]}},"from":[9.45975,3.95866,5.14988],"rotation":{"angle":22.5,"axis":"z","origin":[6.86037,6.52082,8.94988]},"to":[10.55975,4.65866,13.44988]},{"faces":{"down":{"rotation":90,"texture":"#4","uv":[5,0.998,5.996,0]},"east":{"rotation":90,"texture":"#4","uv":[5,0.998,5.996,0]},"north":{"rotation":90,"texture":"#4","uv":[5,0.998,5.996,0]},"south":{"rotation":90,"texture":"#4","uv":[5,0.998,5.996,0]},"up":{"rotation":90,"texture":"#4","uv":[5,0.998,5.996,0]},"west":{"rotation":90,"texture":"#4","uv":[5,0.998,5.996,0]}},"from":[5.44025,3.95866,5.14988],"rotation":{"angle":-22.5,"axis":"z","origin":[9.13963,6.52082,8.94988]},"to":[6.54025,4.65866,13.44988]},{"faces":{"down":{"rotation":90,"texture":"#16","uv":[8.375,1.25,8.872,1.748]},"east":{"rotation":90,"texture":"#16","uv":[8.375,1.25,8.872,1.748]},"north":{"rotation":90,"texture":"#16","uv":[8.375,1.25,8.872,1.748]},"south":{"rotation":90,"texture":"#16","uv":[8.375,1.25,8.872,1.748]},"up":{"rotation":90,"texture":"#16","uv":[8.375,1.25,8.872,1.748]},"west":{"rotation":90,"texture":"#16","uv":[8.375,1.25,8.872,1.748]}},"from":[10.82512,4.90641,4.34988],"rotation":{"angle":22.5,"axis":"z","origin":[7.46037,5.62082,8.14988]},"to":[11.92512,7.60641,12.64988]},{"faces":{"down":{"rotation":90,"texture":"#16","uv":[8.375,1.25,8.872,1.748]},"east":{"rotation":90,"texture":"#16","uv":[8.375,1.25,8.872,1.748]},"north":{"rotation":90,"texture":"#16","uv":[8.375,1.25,8.872,1.748]},"south":{"rotation":90,"texture":"#16","uv":[8.375,1.25,8.872,1.748]},"up":{"rotation":90,"texture":"#16","uv":[8.375,1.25,8.872,1.748]},"west":{"rotation":90,"texture":"#16","uv":[8.375,1.25,8.872,1.748]}},"from":[4.07488,4.90641,4.34988],"rotation":{"angle":-22.5,"axis":"z","origin":[8.53963,5.62082,8.14988]},"to":[5.17488,7.60641,12.64988]},{"faces":{"down":{"texture":"#16","uv":[8.375,1.25,8.872,1.748]},"east":{"texture":"#16","uv":[8.375,1.25,8.872,1.748]},"north":{"texture":"#16","uv":[8.375,1.25,8.872,1.748]},"south":{"texture":"#16","uv":[8.375,1.25,8.872,1.748]},"up":{"texture":"#16","uv":[8.375,1.25,8.872,1.748]},"west":{"texture":"#16","uv":[8.375,1.25,8.872,1.748]}},"from":[11.50203,4.77101,4.34988],"rotation":{"angle":45,"axis":"z","origin":[9.9388,4.82286,8.94988]},"to":[12.60203,5.97101,13.44988]},{"faces":{"down":{"texture":"#16","uv":[8.375,1.25,8.872,1.748]},"east":{"texture":"#16","uv":[8.375,1.25,8.872,1.748]},"north":{"texture":"#16","uv":[8.375,1.25,8.872,1.748]},"south":{"texture":"#16","uv":[8.375,1.25,8.872,1.748]},"up":{"texture":"#16","uv":[8.375,1.25,8.872,1.748]},"west":{"texture":"#16","uv":[8.375,1.25,8.872,1.748]}},"from":[3.39797,4.77101,4.34988],"rotation":{"angle":-45,"axis":"z","origin":[6.0612,4.82286,8.94988]},"to":[4.49797,5.97101,13.44988]},{"faces":{"down":{"texture":"#4","uv":[5,0,5.996,0.998]},"east":{"texture":"#4","uv":[5,0,5.996,0.998]},"north":{"texture":"#4","uv":[5,0,5.996,0.998]},"south":{"texture":"#4","uv":[5,0,5.996,0.998]},"up":{"texture":"#4","uv":[5,0,5.996,0.998]},"west":{"texture":"#4","uv":[5,0,5.996,0.998]}},"from":[10.29994,4.41745,5.14988],"rotation":{"angle":45,"axis":"z","origin":[9.9388,4.82286,8.94988]},"to":[11.39994,5.61745,13.44988]},{"faces":{"down":{"texture":"#4","uv":[5.996,0,5,0.998]},"east":{"texture":"#4","uv":[5.996,0,5,0.998]},"north":{"texture":"#4","uv":[5.996,0,5,0.998]},"south":{"texture":"#4","uv":[5.996,0,5,0.998]},"up":{"texture":"#4","uv":[5.996,0,5,0.998]},"west":{"texture":"#4","uv":[5.996,0,5,0.998]}},"from":[4.60006,4.41745,5.14988],"rotation":{"angle":-45,"axis":"z","origin":[6.0612,4.82286,8.94988]},"to":[5.70006,5.61745,13.44988]},{"faces":{"down":{"texture":"#16","uv":[8.25,1.25,8.745,1.748]},"east":{"texture":"#16","uv":[8.25,1.25,8.745,1.748]},"north":{"texture":"#16","uv":[8.25,1.25,8.745,1.748]},"south":{"texture":"#16","uv":[8.25,1.25,8.745,1.748]},"up":{"texture":"#16","uv":[8.25,1.25,8.745,1.748]},"west":{"texture":"#16","uv":[8.25,1.25,8.745,1.748]}},"from":[8.52605,4.28714,4.84988],"rotation":{"angle":45,"axis":"z","origin":[9.03673,5.14496,8.94988]},"to":[11.02605,5.58714,13.44988]},{"faces":{"down":{"texture":"#16","uv":[8.25,1.25,8.747,1.748]},"east":{"texture":"#16","uv":[8.25,1.25,8.747,1.748]},"north":{"texture":"#16","uv":[8.25,1.25,8.747,1.748]},"south":{"texture":"#16","uv":[8.25,1.25,8.747,1.748]},"up":{"texture":"#16","uv":[8.25,1.25,8.747,1.748]},"west":{"texture":"#16","uv":[8.25,1.25,8.747,1.748]}},"from":[4.97395,4.28714,4.84988],"rotation":{"angle":-45,"axis":"z","origin":[6.96327,5.14496,8.94988]},"to":[7.47395,5.58714,13.44988]},{"faces":{"down":{"texture":"#16","uv":[8.25,1.25,8.747,1.748]},"east":{"texture":"#16","uv":[8.25,1.25,8.747,1.748]},"north":{"texture":"#16","uv":[8.25,1.25,8.747,1.748]},"south":{"texture":"#16","uv":[8.25,1.25,8.747,1.748]},"up":{"texture":"#16","uv":[8.25,1.25,8.747,1.748]},"west":{"texture":"#16","uv":[8.25,1.25,8.747,1.748]}},"from":[6.78219,4.17728,4.84988],"rotation":{"angle":0,"axis":"z","origin":[8.79288,5.0351,8.94988]},"to":[9.28219,5.07728,13.44988]},{"faces":{"down":{"texture":"#16","uv":[8.375,1.25,8.872,1.748]},"east":{"texture":"#16","uv":[8.375,1.25,8.872,1.748]},"north":{"texture":"#16","uv":[8.375,1.25,8.872,1.748]},"south":{"texture":"#16","uv":[8.375,1.25,8.872,1.748]},"up":{"texture":"#16","uv":[8.375,1.25,8.872,1.748]},"west":{"texture":"#16","uv":[8.375,1.25,8.872,1.748]}},"from":[7.45709,4.91352,4.44988],"rotation":{"angle":45,"axis":"z","origin":[7.04288,4.49931,9.44988]},"to":[9.45709,7.71352,13.44988]},{"faces":{"down":{"texture":"#16","uv":[8.375,1.25,8.872,1.748]},"east":{"texture":"#16","uv":[8.375,1.25,8.872,1.748]},"north":{"texture":"#16","uv":[8.375,1.25,8.872,1.748]},"south":{"texture":"#16","uv":[8.375,1.25,8.872,1.748]},"up":{"texture":"#16","uv":[8.375,1.25,8.872,1.748]},"west":{"texture":"#16","uv":[8.375,1.25,8.872,1.748]}},"from":[4.60857,9.26499,4.44988],"rotation":{"angle":-45,"axis":"z","origin":[7.02278,9.65078,9.44988]},"to":[6.60857,12.06499,13.44988]},{"faces":{"down":{"texture":"#16","uv":[8.25,1.25,8.747,1.748]},"east":{"texture":"#16","uv":[8.25,1.25,8.747,1.748]},"north":{"texture":"#16","uv":[8.25,1.25,8.747,1.748]},"south":{"texture":"#16","uv":[8.25,1.25,8.747,1.748]},"up":{"texture":"#16","uv":[8.25,1.25,8.747,1.748]},"west":{"texture":"#16","uv":[8.25,1.25,8.747,1.748]}},"from":[6.62867,4.91352,4.44988],"rotation":{"angle":-45,"axis":"z","origin":[9.04288,4.49931,9.44988]},"to":[8.62867,7.71352,13.44988]},{"faces":{"down":{"texture":"#16","uv":[8.25,1.25,8.747,1.748]},"east":{"texture":"#16","uv":[8.25,1.25,8.747,1.748]},"north":{"texture":"#16","uv":[8.25,1.25,8.747,1.748]},"south":{"texture":"#16","uv":[8.25,1.25,8.747,1.748]},"up":{"texture":"#16","uv":[8.25,1.25,8.747,1.748]},"west":{"texture":"#16","uv":[8.25,1.25,8.747,1.748]}},"from":[6.04288,3.49931,7.24988],"rotation":{"angle":-45,"axis":"z","origin":[9.04288,4.49931,9.44988]},"to":[10.54288,7.89931,13.44988]},{"faces":{"down":{"texture":"#16","uv":[8.25,0.125,8.747,0.623]},"east":{"texture":"#16","uv":[8.25,0.125,8.747,0.623]},"north":{"texture":"#16","uv":[8.25,0.125,8.747,0.623]},"south":{"texture":"#16","uv":[8.25,0.125,8.747,0.623]},"up":{"texture":"#16","uv":[8.25,0.125,8.747,0.623]},"west":{"texture":"#16","uv":[8.25,0.125,8.747,0.623]}},"from":[10.15709,3.49931,7.14988],"rotation":{"angle":-45,"axis":"z","origin":[9.04288,4.49931,9.44988]},"to":[11.95709,8.29931,13.44988]},{"faces":{"down":{"texture":"#16","uv":[8.25,0.125,8.747,0.623]},"east":{"texture":"#16","uv":[8.25,0.125,8.747,0.623]},"north":{"texture":"#16","uv":[8.25,0.125,8.747,0.623]},"south":{"texture":"#16","uv":[8.25,0.125,8.747,0.623]},"up":{"texture":"#16","uv":[8.25,0.125,8.747,0.623]},"west":{"texture":"#16","uv":[8.25,0.125,8.747,0.623]}},"from":[4.31569,3.36796,7.14988],"rotation":{"angle":45,"axis":"z","origin":[6.95712,4.49931,9.44988]},"to":[5.84291,8.29931,13.44988]},{"faces":{"down":{"texture":"#16","uv":[8.25,1.25,8.747,1.748]},"east":{"texture":"#16","uv":[8.25,1.25,8.747,1.748]},"north":{"texture":"#16","uv":[8.25,1.25,8.747,1.748]},"south":{"texture":"#16","uv":[8.25,1.25,8.747,1.748]},"up":{"texture":"#16","uv":[8.25,1.25,8.747,1.748]},"west":{"texture":"#16","uv":[8.25,1.25,8.747,1.748]}},"from":[5.54288,3.49931,7.24988],"rotation":{"angle":45,"axis":"z","origin":[7.04288,4.49931,9.44988]},"to":[7.94288,7.99931,13.44988]},{"faces":{"down":{"rotation":90,"texture":"#16","uv":[8.25,1.25,8.747,1.748]},"east":{"rotation":90,"texture":"#16","uv":[8.25,1.25,8.747,1.748]},"north":{"rotation":90,"texture":"#16","uv":[8.25,1.25,8.747,1.748]},"south":{"rotation":90,"texture":"#16","uv":[8.25,1.25,8.747,1.748]},"up":{"rotation":90,"texture":"#16","uv":[8.25,1.25,8.747,1.748]},"west":{"rotation":90,"texture":"#16","uv":[8.25,1.25,8.747,1.748]}},"from":[6.68933,2.73155,7.24988],"rotation":{"angle":0,"axis":"z","origin":[8.08933,3.48155,10.34988]},"to":[9.39643,4.23155,13.44988]},{"faces":{"down":{"rotation":90,"texture":"#16","uv":[8.25,0.125,8.747,0.623]},"east":{"rotation":90,"texture":"#16","uv":[8.25,0.125,8.747,0.623]},"north":{"rotation":90,"texture":"#16","uv":[8.25,0.125,8.747,0.623]},"south":{"rotation":90,"texture":"#16","uv":[8.25,0.125,8.747,0.623]},"up":{"rotation":90,"texture":"#16","uv":[8.25,0.125,8.747,0.623]},"west":{"rotation":90,"texture":"#16","uv":[8.25,0.125,8.747,0.623]}},"from":[5.88933,1.83155,7.14988],"rotation":{"angle":0,"axis":"z","origin":[8.08933,3.48155,10.34988]},"to":[9.39643,3.43155,13.44988]},{"faces":{"down":{"texture":"#16","uv":[8.375,1.25,8.872,1.748]},"east":{"texture":"#16","uv":[8.375,1.25,8.872,1.748]},"north":{"texture":"#16","uv":[8.375,1.25,8.872,1.748]},"south":{"texture":"#16","uv":[8.375,1.25,8.872,1.748]},"up":{"texture":"#16","uv":[8.375,1.25,8.872,1.748]},"west":{"texture":"#16","uv":[8.375,1.25,8.872,1.748]}},"from":[9.47719,9.26499,4.44988],"rotation":{"angle":45,"axis":"z","origin":[9.06298,9.65078,9.44988]},"to":[11.47719,12.06499,13.44988]},{"faces":{"down":{"texture":"#16","uv":[8.375,1.25,8.872,1.748]},"east":{"texture":"#16","uv":[8.375,1.25,8.872,1.748]},"north":{"texture":"#16","uv":[8.375,1.25,8.872,1.748]},"south":{"texture":"#16","uv":[8.375,1.25,8.872,1.748]},"up":{"texture":"#16","uv":[8.375,1.25,8.872,1.748]},"west":{"texture":"#16","uv":[8.375,1.25,8.872,1.748]}},"from":[5.04288,7.0851,4.44988],"rotation":{"angle":0,"axis":"y","origin":[4.04288,15.0851,11.73559]},"to":[11.04288,11.0851,13.44988]},{"faces":{"down":{"texture":"#16","uv":[5.74288,11.55012,6.74288,12.05012]},"east":{"texture":"#16","uv":[11.55012,7.0149,12.05012,8.0149]},"north":{"texture":"#16","uv":[9.25712,7.0149,10.25712,8.0149]},"south":{"texture":"#16","uv":[5.74288,7.0149,6.74288,8.0149]},"up":{"texture":"#16","uv":[5.74288,3.94988,6.74288,4.44988]},"west":{"texture":"#16","uv":[3.94988,7.0149,4.44988,8.0149]}},"from":[5.74288,7.9851,3.94988],"rotation":{"angle":0,"axis":"y","origin":[4.04288,15.0851,11.73559]},"to":[6.74288,8.9851,4.44988]},{"faces":{"down":{"texture":"#16","uv":[9.74288,11.55012,10.74288,12.05012]},"east":{"texture":"#16","uv":[11.55012,7.0149,12.05012,8.0149]},"north":{"texture":"#16","uv":[5.25712,7.0149,6.25712,8.0149]},"south":{"texture":"#16","uv":[9.74288,7.0149,10.74288,8.0149]},"up":{"texture":"#16","uv":[9.74288,3.94988,10.74288,4.44988]},"west":{"texture":"#16","uv":[3.94988,7.0149,4.44988,8.0149]}},"from":[9.74288,7.9851,3.94988],"rotation":{"angle":0,"axis":"y","origin":[4.04288,15.0851,11.73559]},"to":[10.74288,8.9851,4.44988]},{"faces":{"down":{"texture":"#16","uv":[6.04288,11.95012,6.54288,12.15012]},"east":{"texture":"#16","uv":[11.95012,7.2149,12.15012,7.7149]},"north":{"texture":"#16","uv":[9.45712,7.2149,9.95712,7.7149]},"south":{"texture":"#16","uv":[6.04288,7.2149,6.54288,7.7149]},"up":{"texture":"#16","uv":[6.04288,3.84988,6.54288,4.04988]},"west":{"texture":"#16","uv":[3.84988,7.2149,4.04988,7.7149]}},"from":[6.04288,8.2851,3.84988],"rotation":{"angle":0,"axis":"y","origin":[4.04288,15.0851,11.73559]},"to":[6.54288,8.7851,4.04988]},{"faces":{"down":{"texture":"#16","uv":[10.04288,11.95012,10.54288,12.15012]},"east":{"texture":"#16","uv":[11.95012,7.2149,12.15012,7.7149]},"north":{"texture":"#16","uv":[5.45712,7.2149,5.95712,7.7149]},"south":{"texture":"#16","uv":[10.04288,7.2149,10.54288,7.7149]},"up":{"texture":"#16","uv":[10.04288,3.84988,10.54288,4.04988]},"west":{"texture":"#16","uv":[3.84988,7.2149,4.04988,7.7149]}},"from":[10.04288,8.2851,3.84988],"rotation":{"angle":0,"axis":"y","origin":[4.04288,15.0851,11.73559]},"to":[10.54288,8.7851,4.04988]},{"faces":{"down":{"texture":"#16","uv":[8.375,1.25,8.872,1.748]},"east":{"texture":"#16","uv":[8.375,1.25,8.872,1.748]},"north":{"texture":"#16","uv":[8.375,1.25,8.872,1.748]},"south":{"texture":"#16","uv":[8.375,1.25,8.872,1.748]},"up":{"texture":"#16","uv":[8.375,1.25,8.872,1.748]},"west":{"texture":"#16","uv":[8.375,1.25,8.872,1.748]}},"from":[7.02278,11.0851,4.44988],"rotation":{"angle":0,"axis":"y","origin":[4.04288,15.0851,11.73559]},"to":[9.06298,13.06499,13.44988]},{"faces":{"down":{"texture":"#16","uv":[7.34288,3.55012,8.74288,12.05012]},"east":{"texture":"#16","uv":[3.55012,8.4149,12.05012,8.6149]},"north":{"texture":"#16","uv":[7.25712,8.4149,8.65712,8.6149]},"south":{"texture":"#16","uv":[7.34288,8.4149,8.74288,8.6149]},"up":{"texture":"#16","uv":[7.34288,3.94988,8.74288,12.44988]},"west":{"texture":"#16","uv":[3.94988,8.4149,12.44988,8.6149]}},"from":[7.34288,7.3851,3.94988],"rotation":{"angle":0,"axis":"y","origin":[4.04288,15.0851,11.73559]},"to":[8.74288,7.5851,12.44988]},{"faces":{"down":{"texture":"#7","uv":[6,0.999,6.994,0]},"east":{"texture":"#7","uv":[6,0.999,6.994,0]},"north":{"texture":"#7","uv":[6,0.999,6.994,0]},"south":{"texture":"#7","uv":[6,0.999,6.994,0]},"up":{"texture":"#7","uv":[6,0.999,6.994,0]},"west":{"texture":"#7","uv":[6,0.999,6.994,0]}},"from":[8.74288,9.9851,4.3],"rotation":{"angle":0,"axis":"y","origin":[4.04288,-0.9149,11.73559]},"to":[9.14288,10.4851,12.45]},{"faces":{"down":{"texture":"#7","uv":[6.994,0.999,6,0]},"east":{"texture":"#7","uv":[6.994,0.999,6,0]},"north":{"texture":"#7","uv":[6.994,0.999,6,0]},"south":{"texture":"#7","uv":[6.994,0.999,6,0]},"up":{"texture":"#7","uv":[6.994,0.999,6,0]},"west":{"texture":"#7","uv":[6.994,0.999,6,0]}},"from":[6.85712,9.9851,4.3],"rotation":{"angle":0,"axis":"y","origin":[11.95712,-0.9149,11.73559]},"to":[7.25712,10.4851,12.45]},{"faces":{"down":{"texture":"#18","uv":[1.744,7.623,1.25,7.125]},"east":{"texture":"#18","uv":[1.744,7.623,1.25,7.125]},"north":{"texture":"#18","uv":[1.744,7.623,1.25,7.125]},"south":{"texture":"#18","uv":[1.744,7.623,1.25,7.125]},"up":{"texture":"#18","uv":[1.744,7.623,1.25,7.125]},"west":{"texture":"#18","uv":[1.744,7.623,1.25,7.125]}},"from":[8.84288,9.9851,4.34988],"rotation":{"angle":0,"axis":"y","origin":[4.04288,-0.9149,11.73559]},"to":[9.84288,10.5851,12.44988]},{"faces":{"down":{"texture":"#18","uv":[1.25,7.623,1.744,7.125]},"east":{"texture":"#18","uv":[1.25,7.623,1.744,7.125]},"north":{"texture":"#18","uv":[1.25,7.623,1.744,7.125]},"south":{"texture":"#18","uv":[1.25,7.623,1.744,7.125]},"up":{"texture":"#18","uv":[1.25,7.623,1.744,7.125]},"west":{"texture":"#18","uv":[1.25,7.623,1.744,7.125]}},"from":[6.15712,9.9851,4.34988],"rotation":{"angle":0,"axis":"y","origin":[11.95712,-0.9149,11.73559]},"to":[7.15712,10.5851,12.44988]},{"faces":{"down":{"texture":"#18","uv":[1.744,7.623,1.25,7.125]},"east":{"texture":"#18","uv":[1.744,7.623,1.25,7.125]},"north":{"texture":"#18","uv":[1.744,7.623,1.25,7.125]},"south":{"texture":"#18","uv":[1.744,7.623,1.25,7.125]},"up":{"texture":"#18","uv":[1.744,7.623,1.25,7.125]},"west":{"texture":"#18","uv":[1.744,7.623,1.25,7.125]}},"from":[8.85712,10.5851,4.34988],"rotation":{"angle":0,"axis":"y","origin":[11.95712,-0.9149,11.73559]},"to":[9.75712,10.6851,12.44988]},{"faces":{"down":{"texture":"#18","uv":[1.25,7.623,1.744,7.125]},"east":{"texture":"#18","uv":[1.25,7.623,1.744,7.125]},"north":{"texture":"#18","uv":[1.25,7.623,1.744,7.125]},"south":{"texture":"#18","uv":[1.25,7.623,1.744,7.125]},"up":{"texture":"#18","uv":[1.25,7.623,1.744,7.125]},"west":{"texture":"#18","uv":[1.25,7.623,1.744,7.125]}},"from":[6.24288,10.5851,4.34988],"rotation":{"angle":0,"axis":"y","origin":[4.04288,-0.9149,11.73559]},"to":[7.14288,10.6851,12.44988]},{"faces":{"down":{"texture":"#18","uv":[1.744,7.623,1.25,7.125]},"east":{"texture":"#18","uv":[1.744,7.623,1.25,7.125]},"north":{"texture":"#18","uv":[1.744,7.623,1.25,7.125]},"south":{"texture":"#18","uv":[1.744,7.623,1.25,7.125]},"up":{"texture":"#18","uv":[1.744,7.623,1.25,7.125]},"west":{"texture":"#18","uv":[1.744,7.623,1.25,7.125]}},"from":[9.05712,10.6851,4.34988],"rotation":{"angle":0,"axis":"y","origin":[11.95712,-0.9149,11.73559]},"to":[9.55712,10.7851,12.44988]},{"faces":{"down":{"texture":"#18","uv":[1.25,7.623,1.744,7.125]},"east":{"texture":"#18","uv":[1.25,7.623,1.744,7.125]},"north":{"texture":"#18","uv":[1.25,7.623,1.744,7.125]},"south":{"texture":"#18","uv":[1.25,7.623,1.744,7.125]},"up":{"texture":"#18","uv":[1.25,7.623,1.744,7.125]},"west":{"texture":"#18","uv":[1.25,7.623,1.744,7.125]}},"from":[6.44288,10.6851,4.34988],"rotation":{"angle":0,"axis":"y","origin":[4.04288,-0.9149,11.73559]},"to":[6.94288,10.7851,12.44988]},{"faces":{"down":{"texture":"#18","uv":[1.744,7.623,1.25,7.125]},"east":{"texture":"#18","uv":[1.744,7.623,1.25,7.125]},"north":{"texture":"#18","uv":[1.744,7.623,1.25,7.125]},"south":{"texture":"#18","uv":[1.744,7.623,1.25,7.125]},"up":{"texture":"#18","uv":[1.744,7.623,1.25,7.125]},"west":{"texture":"#18","uv":[1.744,7.623,1.25,7.125]}},"from":[9.84288,10.0851,4.34988],"rotation":{"angle":0,"axis":"y","origin":[4.04288,-0.9149,11.73559]},"to":[10.04288,10.5851,12.44988]},{"faces":{"down":{"texture":"#18","uv":[1.25,7.623,1.744,7.125]},"east":{"texture":"#18","uv":[1.25,7.623,1.744,7.125]},"north":{"texture":"#18","uv":[1.25,7.623,1.744,7.125]},"south":{"texture":"#18","uv":[1.25,7.623,1.744,7.125]},"up":{"texture":"#18","uv":[1.25,7.623,1.744,7.125]},"west":{"texture":"#18","uv":[1.25,7.623,1.744,7.125]}},"from":[5.95712,10.0851,4.34988],"rotation":{"angle":0,"axis":"y","origin":[11.95712,-0.9149,11.73559]},"to":[6.15712,10.5851,12.44988]},{"faces":{"down":{"texture":"#18","uv":[1.25,7.623,1.744,7.125]},"east":{"texture":"#18","uv":[1.25,7.623,1.744,7.125]},"north":{"texture":"#18","uv":[1.25,7.623,1.744,7.125]},"south":{"texture":"#18","uv":[1.25,7.623,1.744,7.125]},"up":{"texture":"#18","uv":[1.25,7.623,1.744,7.125]},"west":{"texture":"#18","uv":[1.25,7.623,1.744,7.125]}},"from":[8.65712,10.0851,4.34988],"rotation":{"angle":0,"axis":"y","origin":[11.95712,-0.9149,11.73559]},"to":[8.85712,10.5851,12.44988]},{"faces":{"down":{"texture":"#18","uv":[1.744,7.623,1.25,7.125]},"east":{"texture":"#18","uv":[1.744,7.623,1.25,7.125]},"north":{"texture":"#18","uv":[1.744,7.623,1.25,7.125]},"south":{"texture":"#18","uv":[1.744,7.623,1.25,7.125]},"up":{"texture":"#18","uv":[1.744,7.623,1.25,7.125]},"west":{"texture":"#18","uv":[1.744,7.623,1.25,7.125]}},"from":[7.14288,10.0851,4.34988],"rotation":{"angle":0,"axis":"y","origin":[4.04288,-0.9149,11.73559]},"to":[7.34288,10.5851,12.44988]},{"faces":{"down":{"texture":"#18","uv":[1.744,7.623,1.25,7.125]},"east":{"texture":"#18","uv":[1.744,7.623,1.25,7.125]},"north":{"texture":"#18","uv":[1.744,7.623,1.25,7.125]},"south":{"texture":"#18","uv":[1.744,7.623,1.25,7.125]},"up":{"texture":"#18","uv":[1.744,7.623,1.25,7.125]},"west":{"texture":"#18","uv":[1.744,7.623,1.25,7.125]}},"from":[10.04288,10.2851,4.34988],"rotation":{"angle":0,"axis":"y","origin":[4.04288,-0.9149,11.73559]},"to":[10.14288,10.4851,12.44988]},{"faces":{"down":{"texture":"#18","uv":[1.25,7.623,1.744,7.125]},"east":{"texture":"#18","uv":[1.25,7.623,1.744,7.125]},"north":{"texture":"#18","uv":[1.25,7.623,1.744,7.125]},"south":{"texture":"#18","uv":[1.25,7.623,1.744,7.125]},"up":{"texture":"#18","uv":[1.25,7.623,1.744,7.125]},"west":{"texture":"#18","uv":[1.25,7.623,1.744,7.125]}},"from":[5.85712,10.2851,4.34988],"rotation":{"angle":0,"axis":"y","origin":[11.95712,-0.9149,11.73559]},"to":[5.95712,10.4851,12.44988]},{"faces":{"down":{"texture":"#18","uv":[1.25,7.623,1.744,7.125]},"east":{"texture":"#18","uv":[1.25,7.623,1.744,7.125]},"north":{"texture":"#18","uv":[1.25,7.623,1.744,7.125]},"south":{"texture":"#18","uv":[1.25,7.623,1.744,7.125]},"up":{"texture":"#18","uv":[1.25,7.623,1.744,7.125]},"west":{"texture":"#18","uv":[1.25,7.623,1.744,7.125]}},"from":[8.55712,10.2851,4.34988],"rotation":{"angle":0,"axis":"y","origin":[11.95712,-0.9149,11.73559]},"to":[8.65712,10.4851,12.44988]},{"faces":{"down":{"texture":"#18","uv":[1.744,7.623,1.25,7.125]},"east":{"texture":"#18","uv":[1.744,7.623,1.25,7.125]},"north":{"texture":"#18","uv":[1.744,7.623,1.25,7.125]},"south":{"texture":"#18","uv":[1.744,7.623,1.25,7.125]},"up":{"texture":"#18","uv":[1.744,7.623,1.25,7.125]},"west":{"texture":"#18","uv":[1.744,7.623,1.25,7.125]}},"from":[7.34288,10.2851,4.34988],"rotation":{"angle":0,"axis":"y","origin":[4.04288,-0.9149,11.73559]},"to":[7.44288,10.4851,12.44988]},{"faces":{"down":{"texture":"#16","uv":[8.375,1.25,8.872,1.748]},"east":{"texture":"#16","uv":[8.375,1.25,8.872,1.748]},"north":{"texture":"#16","uv":[8.375,1.25,8.872,1.748]},"south":{"texture":"#16","uv":[8.375,1.25,8.872,1.748]},"up":{"texture":"#16","uv":[8.375,1.25,8.872,1.748]},"west":{"texture":"#16","uv":[8.375,1.25,8.872,1.748]}},"from":[8.77719,9.93657,4.24988],"rotation":{"angle":0,"axis":"y","origin":[4.08879,15.10818,11.73559]},"to":[9.88879,10.10818,12.44988]},{"faces":{"down":{"texture":"#16","uv":[8.872,1.25,8.375,1.748]},"east":{"texture":"#16","uv":[8.872,1.25,8.375,1.748]},"north":{"texture":"#16","uv":[8.872,1.25,8.375,1.748]},"south":{"texture":"#16","uv":[8.872,1.25,8.375,1.748]},"up":{"texture":"#16","uv":[8.872,1.25,8.375,1.748]},"west":{"texture":"#16","uv":[8.872,1.25,8.375,1.748]}},"from":[6.11121,9.93657,4.24988],"rotation":{"angle":0,"axis":"y","origin":[11.91121,15.10818,11.73559]},"to":[7.22281,10.10818,12.44988]},{"faces":{"down":{"texture":"#16","uv":[8.375,1.25,8.872,1.748]},"east":{"texture":"#16","uv":[8.375,1.25,8.872,1.748]},"north":{"texture":"#16","uv":[8.375,1.25,8.872,1.748]},"south":{"texture":"#16","uv":[8.375,1.25,8.872,1.748]},"up":{"texture":"#16","uv":[8.375,1.25,8.872,1.748]},"west":{"texture":"#16","uv":[8.375,1.25,8.872,1.748]}},"from":[9.20027,10.7283,4.24988],"rotation":{"angle":0,"axis":"y","origin":[3.66571,15.09991,11.73559]},"to":[9.46571,10.89991,12.44988]},{"faces":{"down":{"texture":"#16","uv":[8.872,1.25,8.375,1.748]},"east":{"texture":"#16","uv":[8.872,1.25,8.375,1.748]},"north":{"texture":"#16","uv":[8.872,1.25,8.375,1.748]},"south":{"texture":"#16","uv":[8.872,1.25,8.375,1.748]},"up":{"texture":"#16","uv":[8.872,1.25,8.375,1.748]},"west":{"texture":"#16","uv":[8.872,1.25,8.375,1.748]}},"from":[6.53429,10.7283,4.24988],"rotation":{"angle":0,"axis":"y","origin":[12.33429,15.09991,11.73559]},"to":[6.79973,10.89991,12.44988]},{"faces":{"down":{"texture":"#16","uv":[8.375,1.25,8.872,1.748]},"east":{"texture":"#16","uv":[8.375,1.25,8.872,1.748]},"north":{"texture":"#16","uv":[8.375,1.25,8.872,1.748]},"south":{"texture":"#16","uv":[8.375,1.25,8.872,1.748]},"up":{"texture":"#16","uv":[8.375,1.25,8.872,1.748]},"west":{"texture":"#16","uv":[8.375,1.25,8.872,1.748]}},"from":[7.37719,9.43657,4.24988],"rotation":{"angle":0,"axis":"y","origin":[4.08879,15.10818,11.73559]},"to":[8.58879,9.60818,12.44988]},{"faces":{"down":{"texture":"#16","uv":[8.375,1.25,8.872,1.748]},"east":{"texture":"#16","uv":[8.375,1.25,8.872,1.748]},"north":{"texture":"#16","uv":[8.375,1.25,8.872,1.748]},"south":{"texture":"#16","uv":[8.375,1.25,8.872,1.748]},"up":{"texture":"#16","uv":[8.375,1.25,8.872,1.748]},"west":{"texture":"#16","uv":[8.375,1.25,8.872,1.748]}},"from":[7.67719,9.23657,4.24988],"rotation":{"angle":0,"axis":"y","origin":[4.08879,15.10818,11.73559]},"to":[8.28879,10.20818,12.44988]},{"faces":{"down":{"texture":"#16","uv":[8.375,1.25,8.872,1.748]},"east":{"texture":"#16","uv":[8.375,1.25,8.872,1.748]},"north":{"texture":"#16","uv":[8.375,1.25,8.872,1.748]},"south":{"texture":"#16","uv":[8.375,1.25,8.872,1.748]},"up":{"texture":"#16","uv":[8.375,1.25,8.872,1.748]},"west":{"texture":"#16","uv":[8.375,1.25,8.872,1.748]}},"from":[9.69101,8.89316,4.24988],"rotation":{"angle":45,"axis":"z","origin":[8.3826,7.66475,9.34988]},"to":[9.90261,9.66477,12.44988]},{"faces":{"down":{"texture":"#16","uv":[8.375,1.25,8.872,1.748]},"east":{"texture":"#16","uv":[8.375,1.25,8.872,1.748]},"north":{"texture":"#16","uv":[8.375,1.25,8.872,1.748]},"south":{"texture":"#16","uv":[8.375,1.25,8.872,1.748]},"up":{"texture":"#16","uv":[8.375,1.25,8.872,1.748]},"west":{"texture":"#16","uv":[8.375,1.25,8.872,1.748]}},"from":[6.2048,8.89316,4.24988],"rotation":{"angle":-45,"axis":"z","origin":[7.6541,7.83546,9.34988]},"to":[6.4164,9.66477,12.44988]},{"faces":{"down":{"texture":"#16","uv":[8.375,1.25,8.872,1.748]},"east":{"texture":"#16","uv":[8.375,1.25,8.872,1.748]},"north":{"texture":"#16","uv":[8.375,1.25,8.872,1.748]},"south":{"texture":"#16","uv":[8.375,1.25,8.872,1.748]},"up":{"texture":"#16","uv":[8.375,1.25,8.872,1.748]},"west":{"texture":"#16","uv":[8.375,1.25,8.872,1.748]}},"from":[8.42527,10.1881,4.24988],"rotation":{"angle":-22.5,"axis":"z","origin":[10.25133,8.02483,9.39988]},"to":[9.40672,10.38041,12.44988]},{"faces":{"down":{"texture":"#16","uv":[8.872,1.25,8.375,1.748]},"east":{"texture":"#16","uv":[8.872,1.25,8.375,1.748]},"north":{"texture":"#16","uv":[8.872,1.25,8.375,1.748]},"south":{"texture":"#16","uv":[8.872,1.25,8.375,1.748]},"up":{"texture":"#16","uv":[8.872,1.25,8.375,1.748]},"west":{"texture":"#16","uv":[8.872,1.25,8.375,1.748]}},"from":[6.59328,10.1881,4.24988],"rotation":{"angle":22.5,"axis":"z","origin":[5.74867,8.02483,9.39988]},"to":[7.57473,10.38041,12.44988]},{"faces":{"down":{"texture":"#16","uv":[8.872,1.25,8.375,1.748]},"east":{"texture":"#16","uv":[8.872,1.25,8.375,1.748]},"north":{"texture":"#16","uv":[8.872,1.25,8.375,1.748]},"south":{"texture":"#16","uv":[8.872,1.25,8.375,1.748]},"up":{"texture":"#16","uv":[8.872,1.25,8.375,1.748]},"west":{"texture":"#16","uv":[8.872,1.25,8.375,1.748]}},"from":[9.05374,9.15486,4.24988],"rotation":{"angle":22.5,"axis":"z","origin":[5.71465,8.02483,9.39988]},"to":[10.03519,9.34717,12.44988]},{"faces":{"down":{"texture":"#16","uv":[8.375,1.25,8.872,1.748]},"east":{"texture":"#16","uv":[8.375,1.25,8.872,1.748]},"north":{"texture":"#16","uv":[8.375,1.25,8.872,1.748]},"south":{"texture":"#16","uv":[8.375,1.25,8.872,1.748]},"up":{"texture":"#16","uv":[8.375,1.25,8.872,1.748]},"west":{"texture":"#16","uv":[8.375,1.25,8.872,1.748]}},"from":[5.96481,9.15486,4.24988],"rotation":{"angle":-22.5,"axis":"z","origin":[10.28535,8.02483,9.39988]},"to":[6.94626,9.34717,12.44988]},{"faces":{"down":{"texture":"#16","uv":[8.375,1.25,8.872,1.748]},"east":{"texture":"#16","uv":[8.375,1.25,8.872,1.748]},"north":{"texture":"#16","uv":[8.375,1.25,8.872,1.748]},"south":{"texture":"#16","uv":[8.375,1.25,8.872,1.748]},"up":{"texture":"#16","uv":[8.375,1.25,8.872,1.748]},"west":{"texture":"#16","uv":[8.375,1.25,8.872,1.748]}},"from":[11.008,8.77176,4.24988],"rotation":{"angle":45,"axis":"z","origin":[9.04235,8.00316,9.39988]},"to":[11.58793,8.95168,12.44988]},{"faces":{"down":{"texture":"#16","uv":[8.872,1.25,8.375,1.748]},"east":{"texture":"#16","uv":[8.872,1.25,8.375,1.748]},"north":{"texture":"#16","uv":[8.872,1.25,8.375,1.748]},"south":{"texture":"#16","uv":[8.872,1.25,8.375,1.748]},"up":{"texture":"#16","uv":[8.872,1.25,8.375,1.748]},"west":{"texture":"#16","uv":[8.872,1.25,8.375,1.748]}},"from":[4.41207,8.77176,4.24988],"rotation":{"angle":-45,"axis":"z","origin":[6.95765,8.00316,9.39988]},"to":[4.992,8.95168,12.44988]},{"faces":{"down":{"texture":"#16","uv":[8.872,1.25,8.375,1.748]},"east":{"texture":"#16","uv":[8.872,1.25,8.375,1.748]},"north":{"texture":"#16","uv":[8.872,1.25,8.375,1.748]},"south":{"texture":"#16","uv":[8.872,1.25,8.375,1.748]},"up":{"texture":"#16","uv":[8.872,1.25,8.375,1.748]},"west":{"texture":"#16","uv":[8.872,1.25,8.375,1.748]}},"from":[6.28724,10.68095,4.24988],"rotation":{"angle":-45,"axis":"z","origin":[6.92363,8.00316,9.39988]},"to":[6.86717,10.86087,12.44988]},{"faces":{"down":{"texture":"#16","uv":[8.375,1.25,8.872,1.748]},"east":{"texture":"#16","uv":[8.375,1.25,8.872,1.748]},"north":{"texture":"#16","uv":[8.375,1.25,8.872,1.748]},"south":{"texture":"#16","uv":[8.375,1.25,8.872,1.748]},"up":{"texture":"#16","uv":[8.375,1.25,8.872,1.748]},"west":{"texture":"#16","uv":[8.375,1.25,8.872,1.748]}},"from":[9.13283,10.68095,4.24988],"rotation":{"angle":45,"axis":"z","origin":[9.07637,8.00316,9.39988]},"to":[9.71276,10.86087,12.44988]},{"faces":{"down":{"texture":"#16","uv":[7.34288,3.55012,8.74288,12.05012]},"east":{"texture":"#16","uv":[3.55012,7.4149,12.05012,7.6149]},"north":{"texture":"#16","uv":[7.25712,7.4149,8.65712,7.6149]},"south":{"texture":"#16","uv":[7.34288,7.4149,8.74288,7.6149]},"up":{"texture":"#16","uv":[7.34288,3.94988,8.74288,12.44988]},"west":{"texture":"#16","uv":[3.94988,7.4149,12.44988,7.6149]}},"from":[7.34288,8.3851,3.94988],"rotation":{"angle":0,"axis":"y","origin":[4.04288,15.0851,11.73559]},"to":[8.74288,8.5851,12.44988]},{"faces":{"down":{"texture":"#7","uv":[9,5,9.994,5.999]},"east":{"texture":"#7","uv":[9,5,9.994,5.999]},"north":{"texture":"#7","uv":[9,5,9.994,5.999]},"south":{"texture":"#7","uv":[9,5,9.994,5.999]},"up":{"texture":"#7","uv":[9,5,9.994,5.999]},"west":{"texture":"#7","uv":[9,5,9.994,5.999]}},"from":[7.54288,7.5851,4.34988],"rotation":{"angle":0,"axis":"y","origin":[4.04288,15.0851,11.73559]},"to":[8.54288,8.3851,12.44988]},{"faces":{"down":{"texture":"#16","uv":[7.34288,2.20568,8.74288,10.70568]},"east":{"texture":"#16","uv":[2.20568,5.58788,10.70568,5.78788]},"north":{"texture":"#16","uv":[7.25712,5.58788,8.65712,5.78788]},"south":{"texture":"#16","uv":[7.34288,5.58788,8.74288,5.78788]},"up":{"texture":"#16","uv":[7.34288,5.29432,8.74288,13.79432]},"west":{"texture":"#16","uv":[5.29432,5.58788,13.79432,5.78788]}},"from":[7.34288,10.21212,5.29432],"rotation":{"angle":-22.5,"axis":"x","origin":[8.04288,6.11912,9.21463]},"to":[8.74288,10.41212,13.79432]},{"faces":{"down":{"rotation":90,"texture":"#16","uv":[5.48862,5.9426,5.68862,11.4426]},"east":{"rotation":90,"texture":"#16","uv":[5.9426,7.4149,11.4426,8.6149]},"north":{"rotation":90,"texture":"#16","uv":[10.31138,7.4149,10.51138,8.6149]},"south":{"rotation":90,"texture":"#16","uv":[5.48862,7.4149,5.68862,8.6149]},"up":{"rotation":90,"texture":"#16","uv":[5.48862,4.5574,5.68862,10.0574]},"west":{"rotation":90,"texture":"#16","uv":[4.5574,7.4149,10.0574,8.6149]}},"from":[5.48862,7.3851,4.5574],"rotation":{"angle":-22.5,"axis":"y","origin":[7.94288,6.0851,8.91463]},"to":[5.68862,8.5851,10.0574]},{"faces":{"down":{"texture":"#16","uv":[7.34288,2.89451,8.74288,11.39451]},"east":{"texture":"#16","uv":[2.89451,10.37894,11.39451,10.57894]},"north":{"texture":"#16","uv":[7.25712,10.37894,8.65712,10.57894]},"south":{"texture":"#16","uv":[7.34288,10.37894,8.74288,10.57894]},"up":{"texture":"#16","uv":[7.34288,4.60549,8.74288,13.10549]},"west":{"texture":"#16","uv":[4.60549,10.37894,13.10549,10.57894]}},"from":[7.34288,5.42106,4.60549],"rotation":{"angle":22.5,"axis":"x","origin":[8.04288,8.05108,9.21463]},"to":[8.74288,5.62106,13.10549]},{"faces":{"down":{"rotation":90,"texture":"#16","uv":[10.39714,7.9426,10.59714,11.4426]},"east":{"rotation":90,"texture":"#16","uv":[7.9426,7.4149,11.4426,8.6149]},"north":{"rotation":90,"texture":"#16","uv":[5.40286,7.4149,5.60286,8.6149]},"south":{"rotation":90,"texture":"#16","uv":[10.39714,7.4149,10.59714,8.6149]},"up":{"rotation":90,"texture":"#16","uv":[10.39714,4.5574,10.59714,8.0574]},"west":{"rotation":90,"texture":"#16","uv":[4.5574,7.4149,8.0574,8.6149]}},"from":[10.39714,7.3851,4.5574],"rotation":{"angle":22.5,"axis":"y","origin":[8.14288,6.0851,8.91463]},"to":[10.59714,8.5851,8.0574]},{"faces":{"down":{"texture":"#16","uv":[8.54288,3.55012,8.74288,12.05012]},"east":{"texture":"#16","uv":[3.55012,7.6149,12.05012,8.4149]},"north":{"texture":"#16","uv":[7.25712,7.6149,7.45712,8.4149]},"south":{"texture":"#16","uv":[8.54288,7.6149,8.74288,8.4149]},"up":{"texture":"#16","uv":[8.54288,3.94988,8.74288,12.44988]},"west":{"texture":"#16","uv":[3.94988,7.6149,12.44988,8.4149]}},"from":[8.54288,7.5851,3.94988],"rotation":{"angle":0,"axis":"y","origin":[4.04288,15.0851,11.73559]},"to":[8.74288,8.3851,12.44988]},{"faces":{"down":{"texture":"#16","uv":[7.34288,3.55012,7.54288,12.05012]},"east":{"texture":"#16","uv":[3.55012,7.6149,12.05012,8.4149]},"north":{"texture":"#16","uv":[8.45712,7.6149,8.65712,8.4149]},"south":{"texture":"#16","uv":[7.34288,7.6149,7.54288,8.4149]},"up":{"texture":"#16","uv":[7.34288,3.94988,7.54288,12.44988]},"west":{"texture":"#16","uv":[3.94988,7.6149,12.44988,8.4149]}},"from":[7.34288,7.5851,3.94988],"rotation":{"angle":0,"axis":"y","origin":[4.04288,15.0851,11.73559]},"to":[7.54288,8.3851,12.44988]},{"faces":{"down":{"rotation":180,"texture":"#16","uv":[5.43613,4.85412,7.12413,11.24612]},"east":{"rotation":180,"texture":"#16","uv":[4.85412,4.06703,11.24612,4.74703]},"north":{"rotation":180,"texture":"#16","uv":[8.87587,4.06703,10.56387,4.74703]},"south":{"rotation":180,"texture":"#16","uv":[5.43613,4.06703,7.12413,4.74703]},"up":{"rotation":180,"texture":"#16","uv":[5.43613,4.75388,7.12413,11.14588]},"west":{"rotation":180,"texture":"#16","uv":[4.75388,4.06703,11.14588,4.74703]}},"from":[5.43613,11.25297,4.75388],"rotation":{"angle":22.5,"axis":"z","origin":[4.97373,11.5021,8.84988]},"to":[7.12413,11.93297,11.14588]},{"faces":{"down":{"rotation":180,"texture":"#16","uv":[8.87587,4.85412,10.56387,11.24612]},"east":{"rotation":180,"texture":"#16","uv":[4.85412,4.06703,11.24612,4.74703]},"north":{"rotation":180,"texture":"#16","uv":[5.43613,4.06703,7.12413,4.74703]},"south":{"rotation":180,"texture":"#16","uv":[8.87587,4.06703,10.56387,4.74703]},"up":{"rotation":180,"texture":"#16","uv":[8.87587,4.75388,10.56387,11.14588]},"west":{"rotation":180,"texture":"#16","uv":[4.75388,4.06703,11.14588,4.74703]}},"from":[8.87587,11.25297,4.75388],"rotation":{"angle":-22.5,"axis":"z","origin":[11.02627,11.5021,8.84988]},"to":[10.56387,11.93297,11.14588]},{"faces":{"down":{"rotation":90,"texture":"#16","uv":[4.68446,5.05412,5.36446,11.44612]},"east":{"rotation":90,"texture":"#16","uv":[5.05412,9.58166,11.44612,11.26966]},"north":{"rotation":90,"texture":"#16","uv":[10.63554,9.58166,11.31554,11.26966]},"south":{"rotation":90,"texture":"#16","uv":[4.68446,9.58166,5.36446,11.26966]},"up":{"rotation":90,"texture":"#16","uv":[4.68446,4.55388,5.36446,10.94588]},"west":{"rotation":90,"texture":"#16","uv":[4.55388,9.58166,10.94588,11.26966]}},"from":[4.68446,4.73034,4.55388],"rotation":{"angle":0,"axis":"z","origin":[10.72988,11.40437,7.74988]},"to":[5.36446,6.41834,10.94588]},{"faces":{"down":{"rotation":90,"texture":"#16","uv":[10.63554,5.05412,11.31554,11.44612]},"east":{"rotation":90,"texture":"#16","uv":[5.05412,9.58166,11.44612,11.26966]},"north":{"rotation":90,"texture":"#16","uv":[4.68446,9.58166,5.36446,11.26966]},"south":{"rotation":90,"texture":"#16","uv":[10.63554,9.58166,11.31554,11.26966]},"up":{"rotation":90,"texture":"#16","uv":[10.63554,4.55388,11.31554,10.94588]},"west":{"rotation":90,"texture":"#16","uv":[4.55388,9.58166,10.94588,11.26966]}},"from":[10.63554,4.73034,4.55388],"rotation":{"angle":0,"axis":"z","origin":[5.27012,11.40437,7.74988]},"to":[11.31554,6.41834,10.94588]},{"faces":{"down":{"rotation":90,"texture":"#16","uv":[5.28446,4.85412,5.96446,11.24612]},"east":{"rotation":90,"texture":"#16","uv":[4.85412,9.98166,11.24612,11.66966]},"north":{"rotation":90,"texture":"#16","uv":[10.03554,9.98166,10.71554,11.66966]},"south":{"rotation":90,"texture":"#16","uv":[5.28446,9.98166,5.96446,11.66966]},"up":{"rotation":90,"texture":"#16","uv":[5.28446,4.75388,5.96446,11.14588]},"west":{"rotation":90,"texture":"#16","uv":[4.75388,9.98166,11.14588,11.66966]}},"from":[5.28446,4.33034,4.75388],"rotation":{"angle":0,"axis":"z","origin":[10.72988,11.40437,7.74988]},"to":[5.96446,6.01834,11.14588]},{"faces":{"down":{"rotation":90,"texture":"#16","uv":[10.03554,4.85412,10.71554,11.24612]},"east":{"rotation":90,"texture":"#16","uv":[4.85412,9.98166,11.24612,11.66966]},"north":{"rotation":90,"texture":"#16","uv":[5.28446,9.98166,5.96446,11.66966]},"south":{"rotation":90,"texture":"#16","uv":[10.03554,9.98166,10.71554,11.66966]},"up":{"rotation":90,"texture":"#16","uv":[10.03554,4.75388,10.71554,11.14588]},"west":{"rotation":90,"texture":"#16","uv":[4.75388,9.98166,11.14588,11.66966]}},"from":[10.03554,4.33034,4.75388],"rotation":{"angle":0,"axis":"z","origin":[5.27012,11.40437,7.74988]},"to":[10.71554,6.01834,11.14588]},{"faces":{"down":{"rotation":90,"texture":"#16","uv":[5.98446,4.95412,6.66446,11.34612]},"east":{"rotation":90,"texture":"#16","uv":[4.95412,9.98166,11.34612,11.66966]},"north":{"rotation":90,"texture":"#16","uv":[9.33554,9.98166,10.01554,11.66966]},"south":{"rotation":90,"texture":"#16","uv":[5.98446,9.98166,6.66446,11.66966]},"up":{"rotation":90,"texture":"#16","uv":[5.98446,4.65388,6.66446,11.04588]},"west":{"rotation":90,"texture":"#16","uv":[4.65388,9.98166,11.04588,11.66966]}},"from":[5.98446,4.33034,4.65388],"rotation":{"angle":0,"axis":"z","origin":[10.72988,11.40437,7.74988]},"to":[6.66446,6.01834,11.04588]},{"faces":{"down":{"rotation":90,"texture":"#16","uv":[9.33554,4.95412,10.01554,11.34612]},"east":{"rotation":90,"texture":"#16","uv":[4.95412,9.98166,11.34612,11.66966]},"north":{"rotation":90,"texture":"#16","uv":[5.98446,9.98166,6.66446,11.66966]},"south":{"rotation":90,"texture":"#16","uv":[9.33554,9.98166,10.01554,11.66966]},"up":{"rotation":90,"texture":"#16","uv":[9.33554,4.65388,10.01554,11.04588]},"west":{"rotation":90,"texture":"#16","uv":[4.65388,9.98166,11.04588,11.66966]}},"from":[9.33554,4.33034,4.65388],"rotation":{"angle":0,"axis":"z","origin":[5.27012,11.40437,7.74988]},"to":[10.01554,6.01834,11.04588]},{"faces":{"down":{"rotation":90,"texture":"#16","uv":[6.58446,4.85412,7.26446,11.24612]},"east":{"rotation":90,"texture":"#16","uv":[4.85412,9.98166,11.24612,11.66966]},"north":{"rotation":90,"texture":"#16","uv":[8.73554,9.98166,9.41554,11.66966]},"south":{"rotation":90,"texture":"#16","uv":[6.58446,9.98166,7.26446,11.66966]},"up":{"rotation":90,"texture":"#16","uv":[6.58446,4.75388,7.26446,11.14588]},"west":{"rotation":90,"texture":"#16","uv":[4.75388,9.98166,11.14588,11.66966]}},"from":[6.58446,4.33034,4.75388],"rotation":{"angle":0,"axis":"z","origin":[10.72988,11.40437,7.74988]},"to":[7.26446,6.01834,11.14588]},{"faces":{"down":{"rotation":90,"texture":"#16","uv":[8.73554,4.85412,9.41554,11.24612]},"east":{"rotation":90,"texture":"#16","uv":[4.85412,9.98166,11.24612,11.66966]},"north":{"rotation":90,"texture":"#16","uv":[6.58446,9.98166,7.26446,11.66966]},"south":{"rotation":90,"texture":"#16","uv":[8.73554,9.98166,9.41554,11.66966]},"up":{"rotation":90,"texture":"#16","uv":[8.73554,4.75388,9.41554,11.14588]},"west":{"rotation":90,"texture":"#16","uv":[4.75388,9.98166,11.14588,11.66966]}},"from":[8.73554,4.33034,4.75388],"rotation":{"angle":0,"axis":"z","origin":[5.27012,11.40437,7.74988]},"to":[9.41554,6.01834,11.14588]},{"faces":{"down":{"rotation":90,"texture":"#16","uv":[7.28446,5.15412,7.96446,11.54612]},"east":{"rotation":90,"texture":"#16","uv":[5.15412,9.98166,11.54612,11.96966]},"north":{"rotation":90,"texture":"#16","uv":[8.03554,9.98166,8.71554,11.96966]},"south":{"rotation":90,"texture":"#16","uv":[7.28446,9.98166,7.96446,11.96966]},"up":{"rotation":90,"texture":"#16","uv":[7.28446,4.45388,7.96446,10.84588]},"west":{"rotation":90,"texture":"#16","uv":[4.45388,9.98166,10.84588,11.96966]}},"from":[7.28446,4.03034,4.45388],"rotation":{"angle":0,"axis":"z","origin":[10.72988,11.40437,7.74988]},"to":[7.96446,6.01834,10.84588]},{"faces":{"down":{"rotation":90,"texture":"#16","uv":[7.88446,5.15412,8.76446,11.74612]},"east":{"rotation":90,"texture":"#16","uv":[5.15412,10.78166,11.74612,12.36966]},"north":{"rotation":90,"texture":"#16","uv":[7.23554,10.78166,8.11554,12.36966]},"south":{"rotation":90,"texture":"#16","uv":[7.88446,10.78166,8.76446,12.36966]},"up":{"rotation":90,"texture":"#16","uv":[7.88446,4.25388,8.76446,10.84588]},"west":{"rotation":90,"texture":"#16","uv":[4.25388,10.78166,10.84588,12.36966]}},"from":[7.88446,3.63034,4.25388],"rotation":{"angle":0,"axis":"z","origin":[10.72988,11.40437,7.74988]},"to":[8.76446,5.21834,10.84588]},{"faces":{"down":{"rotation":180,"texture":"#16","uv":[3.68653,5.05412,5.37453,11.44612]},"east":{"rotation":180,"texture":"#16","uv":[5.05412,4.61028,11.44612,5.29028]},"north":{"rotation":180,"texture":"#16","uv":[10.62547,4.61028,12.31347,5.29028]},"south":{"rotation":180,"texture":"#16","uv":[3.68653,4.61028,5.37453,5.29028]},"up":{"rotation":180,"texture":"#16","uv":[3.68653,4.55388,5.37453,10.94588]},"west":{"rotation":180,"texture":"#16","uv":[4.55388,4.61028,10.94588,5.29028]}},"from":[3.68653,10.70972,4.55388],"rotation":{"angle":45,"axis":"z","origin":[5.0869,12.38149,7.74988]},"to":[5.37453,11.38972,10.94588]},{"faces":{"down":{"rotation":180,"texture":"#16","uv":[10.62547,5.05412,12.31347,11.44612]},"east":{"rotation":180,"texture":"#16","uv":[5.05412,4.61028,11.44612,5.29028]},"north":{"rotation":180,"texture":"#16","uv":[3.68653,4.61028,5.37453,5.29028]},"south":{"rotation":180,"texture":"#16","uv":[10.62547,4.61028,12.31347,5.29028]},"up":{"rotation":180,"texture":"#16","uv":[10.62547,4.55388,12.31347,10.94588]},"west":{"rotation":180,"texture":"#16","uv":[4.55388,4.61028,10.94588,5.29028]}},"from":[10.62547,10.70972,4.55388],"rotation":{"angle":-45,"axis":"z","origin":[10.9131,12.38149,7.74988]},"to":[12.31347,11.38972,10.94588]},{"faces":{"down":{"rotation":180,"texture":"#16","uv":[4.47781,4.85412,5.56581,11.24612]},"east":{"rotation":180,"texture":"#16","uv":[4.85412,4.27678,11.24612,4.95678]},"north":{"rotation":180,"texture":"#16","uv":[10.43419,4.27678,11.52219,4.95678]},"south":{"rotation":180,"texture":"#16","uv":[4.47781,4.27678,5.56581,4.95678]},"up":{"rotation":180,"texture":"#16","uv":[4.47781,4.75388,5.56581,11.14588]},"west":{"rotation":180,"texture":"#16","uv":[4.75388,4.27678,11.14588,4.95678]}},"from":[4.47781,11.04322,4.75388],"rotation":{"angle":45,"axis":"z","origin":[4.97373,11.5021,8.84988]},"to":[5.56581,11.72322,11.14588]},{"faces":{"down":{"rotation":180,"texture":"#16","uv":[10.43419,4.85412,11.52219,11.24612]},"east":{"rotation":180,"texture":"#16","uv":[4.85412,4.27678,11.24612,4.95678]},"north":{"rotation":180,"texture":"#16","uv":[4.47781,4.27678,5.56581,4.95678]},"south":{"rotation":180,"texture":"#16","uv":[10.43419,4.27678,11.52219,4.95678]},"up":{"rotation":180,"texture":"#16","uv":[10.43419,4.75388,11.52219,11.14588]},"west":{"rotation":180,"texture":"#16","uv":[4.75388,4.27678,11.14588,4.95678]}},"from":[10.43419,11.04322,4.75388],"rotation":{"angle":-45,"axis":"z","origin":[11.02627,11.5021,8.84988]},"to":[11.52219,11.72322,11.14588]},{"faces":{"down":{"rotation":90,"texture":"#16","uv":[7.64692,5.05412,8.32692,11.44612]},"east":{"rotation":90,"texture":"#16","uv":[5.05412,12.81489,11.44612,13.90289]},"north":{"rotation":90,"texture":"#16","uv":[7.67308,12.81489,8.35308,13.90289]},"south":{"rotation":90,"texture":"#16","uv":[7.64692,12.81489,8.32692,13.90289]},"up":{"rotation":90,"texture":"#16","uv":[7.64692,4.55388,8.32692,10.94588]},"west":{"rotation":90,"texture":"#16","uv":[4.55388,12.81489,10.94588,13.90289]}},"from":[7.64692,2.09711,4.55388],"rotation":{"angle":-22.5,"axis":"z","origin":[10.72988,11.40437,7.74988]},"to":[8.32692,3.18511,10.94588]},{"faces":{"down":{"rotation":90,"texture":"#16","uv":[7.67308,5.05412,8.35308,11.44612]},"east":{"rotation":90,"texture":"#16","uv":[5.05412,12.81489,11.44612,13.90289]},"north":{"rotation":90,"texture":"#16","uv":[7.64692,12.81489,8.32692,13.90289]},"south":{"rotation":90,"texture":"#16","uv":[7.67308,12.81489,8.35308,13.90289]},"up":{"rotation":90,"texture":"#16","uv":[7.67308,4.55388,8.35308,10.94588]},"west":{"rotation":90,"texture":"#16","uv":[4.55388,12.81489,10.94588,13.90289]}},"from":[7.67308,2.09711,4.55388],"rotation":{"angle":22.5,"axis":"z","origin":[5.27012,11.40437,7.74988]},"to":[8.35308,3.18511,10.94588]},{"faces":{"down":{"rotation":90,"texture":"#16","uv":[8.35432,4.85412,9.03432,11.24612]},"east":{"rotation":90,"texture":"#16","uv":[4.85412,12.95483,11.24612,14.04283]},"north":{"rotation":90,"texture":"#16","uv":[6.96568,12.95483,7.64568,14.04283]},"south":{"rotation":90,"texture":"#16","uv":[8.35432,12.95483,9.03432,14.04283]},"up":{"rotation":90,"texture":"#16","uv":[8.35432,4.75388,9.03432,11.14588]},"west":{"rotation":90,"texture":"#16","uv":[4.75388,12.95483,11.14588,14.04283]}},"from":[8.35432,1.95717,4.75388],"rotation":{"angle":-22.5,"axis":"z","origin":[10.72988,11.40437,7.74988]},"to":[9.03432,3.04517,11.14588]},{"faces":{"down":{"rotation":90,"texture":"#16","uv":[6.96568,4.85412,7.64568,11.24612]},"east":{"rotation":90,"texture":"#16","uv":[4.85412,12.95483,11.24612,14.04283]},"north":{"rotation":90,"texture":"#16","uv":[8.35432,12.95483,9.03432,14.04283]},"south":{"rotation":90,"texture":"#16","uv":[6.96568,12.95483,7.64568,14.04283]},"up":{"rotation":90,"texture":"#16","uv":[6.96568,4.75388,7.64568,11.14588]},"west":{"rotation":90,"texture":"#16","uv":[4.75388,12.95483,11.14588,14.04283]}},"from":[6.96568,1.95717,4.75388],"rotation":{"angle":22.5,"axis":"z","origin":[5.27012,11.40437,7.74988]},"to":[7.64568,3.04517,11.14588]},{"faces":{"down":{"rotation":90,"texture":"#16","uv":[9.00104,4.95412,9.68104,11.34612]},"east":{"rotation":90,"texture":"#16","uv":[4.95412,12.68695,11.34612,13.77495]},"north":{"rotation":90,"texture":"#16","uv":[6.31896,12.68695,6.99896,13.77495]},"south":{"rotation":90,"texture":"#16","uv":[9.00104,12.68695,9.68104,13.77495]},"up":{"rotation":90,"texture":"#16","uv":[9.00104,4.65388,9.68104,11.04588]},"west":{"rotation":90,"texture":"#16","uv":[4.65388,12.68695,11.04588,13.77495]}},"from":[9.00104,2.22505,4.65388],"rotation":{"angle":-22.5,"axis":"z","origin":[10.72988,11.40437,7.74988]},"to":[9.68104,3.31305,11.04588]},{"faces":{"down":{"rotation":90,"texture":"#16","uv":[6.31896,4.95412,6.99896,11.34612]},"east":{"rotation":90,"texture":"#16","uv":[4.95412,12.68695,11.34612,13.77495]},"north":{"rotation":90,"texture":"#16","uv":[9.00104,12.68695,9.68104,13.77495]},"south":{"rotation":90,"texture":"#16","uv":[6.31896,12.68695,6.99896,13.77495]},"up":{"rotation":90,"texture":"#16","uv":[6.31896,4.65388,6.99896,11.04588]},"west":{"rotation":90,"texture":"#16","uv":[4.65388,12.68695,11.04588,13.77495]}},"from":[6.31896,2.22505,4.65388],"rotation":{"angle":22.5,"axis":"z","origin":[5.27012,11.40437,7.74988]},"to":[6.99896,3.31305,11.04588]},{"faces":{"down":{"rotation":90,"texture":"#16","uv":[9.55537,4.85412,10.23537,11.24612]},"east":{"rotation":90,"texture":"#16","uv":[4.85412,12.45734,11.24612,13.54534]},"north":{"rotation":90,"texture":"#16","uv":[5.76463,12.45734,6.44463,13.54534]},"south":{"rotation":90,"texture":"#16","uv":[9.55537,12.45734,10.23537,13.54534]},"up":{"rotation":90,"texture":"#16","uv":[9.55537,4.75388,10.23537,11.14588]},"west":{"rotation":90,"texture":"#16","uv":[4.75388,12.45734,11.14588,13.54534]}},"from":[9.55537,2.45466,4.75388],"rotation":{"angle":-22.5,"axis":"z","origin":[10.72988,11.40437,7.74988]},"to":[10.23537,3.54266,11.14588]},{"faces":{"down":{"rotation":90,"texture":"#16","uv":[5.76463,4.85412,6.44463,11.24612]},"east":{"rotation":90,"texture":"#16","uv":[4.85412,12.45734,11.24612,13.54534]},"north":{"rotation":90,"texture":"#16","uv":[9.55537,12.45734,10.23537,13.54534]},"south":{"rotation":90,"texture":"#16","uv":[5.76463,12.45734,6.44463,13.54534]},"up":{"rotation":90,"texture":"#16","uv":[5.76463,4.75388,6.44463,11.14588]},"west":{"rotation":90,"texture":"#16","uv":[4.75388,12.45734,11.14588,13.54534]}},"from":[5.76463,2.45466,4.75388],"rotation":{"angle":22.5,"axis":"z","origin":[5.27012,11.40437,7.74988]},"to":[6.44463,3.54266,11.14588]},{"faces":{"down":{"rotation":270,"texture":"#16","uv":[5.46727,5.05412,6.14727,11.44612]},"east":{"rotation":270,"texture":"#16","uv":[5.05412,5.29182,11.44612,6.37982]},"north":{"rotation":270,"texture":"#16","uv":[9.85273,5.29182,10.53273,6.37982]},"south":{"rotation":270,"texture":"#16","uv":[5.46727,5.29182,6.14727,6.37982]},"up":{"rotation":270,"texture":"#16","uv":[5.46727,4.55388,6.14727,10.94588]},"west":{"rotation":270,"texture":"#16","uv":[4.55388,5.29182,10.94588,6.37982]}},"from":[5.46727,9.62018,4.55388],"rotation":{"angle":-22.5,"axis":"z","origin":[5.0869,12.38149,7.74988]},"to":[6.14727,10.70818,10.94588]},{"faces":{"down":{"rotation":270,"texture":"#16","uv":[9.85273,5.05412,10.53273,11.44612]},"east":{"rotation":270,"texture":"#16","uv":[5.05412,5.29182,11.44612,6.37982]},"north":{"rotation":270,"texture":"#16","uv":[5.46727,5.29182,6.14727,6.37982]},"south":{"rotation":270,"texture":"#16","uv":[9.85273,5.29182,10.53273,6.37982]},"up":{"rotation":270,"texture":"#16","uv":[9.85273,4.55388,10.53273,10.94588]},"west":{"rotation":270,"texture":"#16","uv":[4.55388,5.29182,10.94588,6.37982]}},"from":[9.85273,9.62018,4.55388],"rotation":{"angle":22.5,"axis":"z","origin":[10.9131,12.38149,7.74988]},"to":[10.53273,10.70818,10.94588]},{"faces":{"down":{"rotation":270,"texture":"#16","uv":[4.57967,4.85412,5.25967,11.24612]},"east":{"rotation":270,"texture":"#16","uv":[4.85412,4.87145,11.24612,5.95945]},"north":{"rotation":270,"texture":"#16","uv":[10.74033,4.87145,11.42033,5.95945]},"south":{"rotation":270,"texture":"#16","uv":[4.57967,4.87145,5.25967,5.95945]},"up":{"rotation":270,"texture":"#16","uv":[4.57967,4.75388,5.25967,11.14588]},"west":{"rotation":270,"texture":"#16","uv":[4.75388,4.87145,11.14588,5.95945]}},"from":[4.57967,10.04055,4.75388],"rotation":{"angle":-22.5,"axis":"z","origin":[4.97373,11.5021,8.84988]},"to":[5.25967,11.12855,11.14588]},{"faces":{"down":{"rotation":270,"texture":"#16","uv":[10.74033,4.85412,11.42033,11.24612]},"east":{"rotation":270,"texture":"#16","uv":[4.85412,4.87145,11.24612,5.95945]},"north":{"rotation":270,"texture":"#16","uv":[4.57967,4.87145,5.25967,5.95945]},"south":{"rotation":270,"texture":"#16","uv":[10.74033,4.87145,11.42033,5.95945]},"up":{"rotation":270,"texture":"#16","uv":[10.74033,4.75388,11.42033,11.14588]},"west":{"rotation":270,"texture":"#16","uv":[4.75388,4.87145,11.14588,5.95945]}},"from":[10.74033,10.04055,4.75388],"rotation":{"angle":22.5,"axis":"z","origin":[11.02627,11.5021,8.84988]},"to":[11.42033,11.12855,11.14588]},{"faces":{"down":{"rotation":270,"texture":"#16","uv":[11.39157,5.05412,12.07157,11.44612]},"east":{"rotation":270,"texture":"#16","uv":[5.05412,14.11399,11.44612,15.20199]},"north":{"rotation":270,"texture":"#16","uv":[3.92843,14.11399,4.60843,15.20199]},"south":{"rotation":270,"texture":"#16","uv":[11.39157,14.11399,12.07157,15.20199]},"up":{"rotation":270,"texture":"#16","uv":[11.39157,4.55388,12.07157,10.94588]},"west":{"rotation":270,"texture":"#16","uv":[4.55388,14.11399,10.94588,15.20199]}},"from":[11.39157,0.79801,4.55388],"rotation":{"angle":-45,"axis":"z","origin":[10.72988,11.40437,7.74988]},"to":[12.07157,1.88601,10.94588]},{"faces":{"down":{"rotation":270,"texture":"#16","uv":[3.92843,5.05412,4.60843,11.44612]},"east":{"rotation":270,"texture":"#16","uv":[5.05412,14.11399,11.44612,15.20199]},"north":{"rotation":270,"texture":"#16","uv":[11.39157,14.11399,12.07157,15.20199]},"south":{"rotation":270,"texture":"#16","uv":[3.92843,14.11399,4.60843,15.20199]},"up":{"rotation":270,"texture":"#16","uv":[3.92843,4.55388,4.60843,10.94588]},"west":{"rotation":270,"texture":"#16","uv":[4.55388,14.11399,10.94588,15.20199]}},"from":[3.92843,0.79801,4.55388],"rotation":{"angle":45,"axis":"z","origin":[5.27012,11.40437,7.74988]},"to":[4.60843,1.88601,10.94588]},{"faces":{"down":{"rotation":270,"texture":"#16","uv":[12.09868,4.85412,12.77868,11.24612]},"east":{"rotation":270,"texture":"#16","uv":[4.85412,13.97257,11.24612,15.06057]},"north":{"rotation":270,"texture":"#16","uv":[3.22132,13.97257,3.90132,15.06057]},"south":{"rotation":270,"texture":"#16","uv":[12.09868,13.97257,12.77868,15.06057]},"up":{"rotation":270,"texture":"#16","uv":[12.09868,4.75388,12.77868,11.14588]},"west":{"rotation":270,"texture":"#16","uv":[4.75388,13.97257,11.14588,15.06057]}},"from":[12.09868,0.93943,4.75388],"rotation":{"angle":-45,"axis":"z","origin":[10.72988,11.40437,7.74988]},"to":[12.77868,2.02743,11.14588]},{"faces":{"down":{"rotation":270,"texture":"#16","uv":[3.22132,4.85412,3.90132,11.24612]},"east":{"rotation":270,"texture":"#16","uv":[4.85412,13.97257,11.24612,15.06057]},"north":{"rotation":270,"texture":"#16","uv":[12.09868,13.97257,12.77868,15.06057]},"south":{"rotation":270,"texture":"#16","uv":[3.22132,13.97257,3.90132,15.06057]},"up":{"rotation":270,"texture":"#16","uv":[3.22132,4.75388,3.90132,11.14588]},"west":{"rotation":270,"texture":"#16","uv":[4.75388,13.97257,11.14588,15.06057]}},"from":[3.22132,0.93943,4.75388],"rotation":{"angle":45,"axis":"z","origin":[5.27012,11.40437,7.74988]},"to":[3.90132,2.02743,11.14588]},{"faces":{"down":{"rotation":270,"texture":"#16","uv":[4.38161,5.05412,5.06161,11.44612]},"east":{"rotation":270,"texture":"#16","uv":[5.05412,6.31519,11.44612,7.40319]},"north":{"rotation":270,"texture":"#16","uv":[10.93839,6.31519,11.61839,7.40319]},"south":{"rotation":270,"texture":"#16","uv":[4.38161,6.31519,5.06161,7.40319]},"up":{"rotation":270,"texture":"#16","uv":[4.38161,4.55388,5.06161,10.94588]},"west":{"rotation":270,"texture":"#16","uv":[4.55388,6.31519,10.94588,7.40319]}},"from":[4.38161,8.59681,4.55388],"rotation":{"angle":0,"axis":"z","origin":[5.0869,12.38149,7.74988]},"to":[5.06161,9.68481,10.94588]},{"faces":{"down":{"rotation":270,"texture":"#16","uv":[10.93839,5.05412,11.61839,11.44612]},"east":{"rotation":270,"texture":"#16","uv":[5.05412,6.31519,11.44612,7.40319]},"north":{"rotation":270,"texture":"#16","uv":[4.38161,6.31519,5.06161,7.40319]},"south":{"rotation":270,"texture":"#16","uv":[10.93839,6.31519,11.61839,7.40319]},"up":{"rotation":270,"texture":"#16","uv":[10.93839,4.55388,11.61839,10.94588]},"west":{"rotation":270,"texture":"#16","uv":[4.55388,6.31519,10.94588,7.40319]}},"from":[10.93839,8.59681,4.55388],"rotation":{"angle":0,"axis":"z","origin":[10.9131,12.38149,7.74988]},"to":[11.61839,9.68481,10.94588]},{"faces":{"down":{"rotation":90,"texture":"#16","uv":[8.25,0.25,8.748,0.748]},"east":{"rotation":90,"texture":"#16","uv":[8.25,0.25,8.748,0.748]},"north":{"rotation":90,"texture":"#16","uv":[8.25,0.25,8.748,0.748]},"south":{"rotation":90,"texture":"#16","uv":[8.25,0.25,8.748,0.748]},"up":{"rotation":90,"texture":"#16","uv":[8.25,0.25,8.748,0.748]},"west":{"rotation":90,"texture":"#16","uv":[8.25,0.25,8.748,0.748]}},"from":[0,-12,5],"rotation":{"angle":0,"axis":"z","origin":[10,-5,9]},"to":[16,-10,13]},{"faces":{"down":{"rotation":90,"texture":"#16","uv":[8.25,0.25,8.748,0.748]},"east":{"rotation":90,"texture":"#16","uv":[8.25,0.25,8.748,0.748]},"north":{"rotation":90,"texture":"#16","uv":[8.25,0.25,8.748,0.748]},"south":{"rotation":90,"texture":"#16","uv":[8.25,0.25,8.748,0.748]},"up":{"rotation":90,"texture":"#16","uv":[8.25,0.25,8.748,0.748]},"west":{"rotation":90,"texture":"#16","uv":[8.25,0.25,8.748,0.748]}},"from":[0,-0.3,5],"rotation":{"angle":0,"axis":"z","origin":[10,-5,9]},"to":[16,0.8,13]},{"faces":{"down":{"rotation":180,"texture":"#16","uv":[8.25,0.25,8.748,0.748]},"east":{"rotation":180,"texture":"#16","uv":[8.25,0.25,8.748,0.748]},"north":{"rotation":180,"texture":"#16","uv":[8.25,0.25,8.748,0.748]},"south":{"rotation":180,"texture":"#16","uv":[8.25,0.25,8.748,0.748]},"up":{"rotation":180,"texture":"#16","uv":[8.25,0.25,8.748,0.748]},"west":{"rotation":180,"texture":"#16","uv":[8.25,0.25,8.748,0.748]}},"from":[7,-10,5],"rotation":{"angle":-45,"axis":"z","origin":[8,-9,9]},"to":[9,-8,13]},{"faces":{"down":{"rotation":180,"texture":"#16","uv":[8.25,0.25,8.748,0.748]},"east":{"rotation":180,"texture":"#16","uv":[8.25,0.25,8.748,0.748]},"north":{"rotation":180,"texture":"#16","uv":[8.25,0.25,8.748,0.748]},"south":{"rotation":180,"texture":"#16","uv":[8.25,0.25,8.748,0.748]},"up":{"rotation":180,"texture":"#16","uv":[8.25,0.25,8.748,0.748]},"west":{"rotation":180,"texture":"#16","uv":[8.25,0.25,8.748,0.748]}},"from":[8.76777,-8.73223,5],"rotation":{"angle":-45,"axis":"z","origin":[9.76777,-7.23223,9]},"to":[10.76777,-5.73223,13]},{"faces":{"down":{"rotation":180,"texture":"#16","uv":[8.25,0.25,8.748,0.748]},"east":{"rotation":180,"texture":"#16","uv":[8.25,0.25,8.748,0.748]},"north":{"rotation":180,"texture":"#16","uv":[8.25,0.25,8.748,0.748]},"south":{"rotation":180,"texture":"#16","uv":[8.25,0.25,8.748,0.748]},"up":{"rotation":180,"texture":"#16","uv":[8.25,0.25,8.748,0.748]},"west":{"rotation":180,"texture":"#16","uv":[8.25,0.25,8.748,0.748]}},"from":[5.23223,-8.73223,5],"rotation":{"angle":45,"axis":"z","origin":[6.23223,-7.23223,9]},"to":[7.23223,-5.73223,13]},{"faces":{"down":{"rotation":180,"texture":"#16","uv":[8.25,0.25,8.748,0.748]},"east":{"rotation":180,"texture":"#16","uv":[8.25,0.25,8.748,0.748]},"north":{"rotation":180,"texture":"#16","uv":[8.25,0.25,8.748,0.748]},"south":{"rotation":180,"texture":"#16","uv":[8.25,0.25,8.748,0.748]},"up":{"rotation":180,"texture":"#16","uv":[8.25,0.25,8.748,0.748]},"west":{"rotation":180,"texture":"#16","uv":[8.25,0.25,8.748,0.748]}},"from":[10.37744,-4.84614,5],"rotation":{"angle":0,"axis":"z","origin":[11.37744,-3.34614,9]},"to":[12.37744,-1.64614,13]},{"faces":{"down":{"rotation":180,"texture":"#16","uv":[8.25,0.25,8.748,0.748]},"east":{"rotation":180,"texture":"#16","uv":[8.25,0.25,8.748,0.748]},"north":{"rotation":180,"texture":"#16","uv":[8.25,0.25,8.748,0.748]},"south":{"rotation":180,"texture":"#16","uv":[8.25,0.25,8.748,0.748]},"up":{"rotation":180,"texture":"#16","uv":[8.25,0.25,8.748,0.748]},"west":{"rotation":180,"texture":"#16","uv":[8.25,0.25,8.748,0.748]}},"from":[3.62256,-1.64614,5],"rotation":{"angle":0,"axis":"z","origin":[11.37744,-3.34614,9]},"to":[12.37744,-0.54614,13]},{"faces":{"down":{"rotation":180,"texture":"#16","uv":[8.25,0.25,8.748,0.748]},"east":{"rotation":180,"texture":"#16","uv":[8.25,0.25,8.748,0.748]},"north":{"rotation":180,"texture":"#16","uv":[8.25,0.25,8.748,0.748]},"south":{"rotation":180,"texture":"#16","uv":[8.25,0.25,8.748,0.748]},"up":{"rotation":180,"texture":"#16","uv":[8.25,0.25,8.748,0.748]},"west":{"rotation":180,"texture":"#16","uv":[8.25,0.25,8.748,0.748]}},"from":[7.62256,-6.64614,5],"rotation":{"angle":0,"axis":"z","origin":[11.37744,-3.34614,9]},"to":[8.37744,-3.54614,13]},{"faces":{"down":{"rotation":180,"texture":"#16","uv":[8.25,0.25,8.748,0.748]},"east":{"rotation":180,"texture":"#16","uv":[8.25,0.25,8.748,0.748]},"north":{"rotation":180,"texture":"#16","uv":[8.25,0.25,8.748,0.748]},"south":{"rotation":180,"texture":"#16","uv":[8.25,0.25,8.748,0.748]},"up":{"rotation":180,"texture":"#16","uv":[8.25,0.25,8.748,0.748]},"west":{"rotation":180,"texture":"#16","uv":[8.25,0.25,8.748,0.748]}},"from":[8.22256,-3.54614,5],"rotation":{"angle":0,"axis":"z","origin":[11.37744,-3.34614,9]},"to":[8.37744,-2.54614,13]},{"faces":{"down":{"rotation":180,"texture":"#16","uv":[8.25,0.25,8.748,0.748]},"east":{"rotation":180,"texture":"#16","uv":[8.25,0.25,8.748,0.748]},"north":{"rotation":180,"texture":"#16","uv":[8.25,0.25,8.748,0.748]},"south":{"rotation":180,"texture":"#16","uv":[8.25,0.25,8.748,0.748]},"up":{"rotation":180,"texture":"#16","uv":[8.25,0.25,8.748,0.748]},"west":{"rotation":180,"texture":"#16","uv":[8.25,0.25,8.748,0.748]}},"from":[7.62256,-3.54614,5],"rotation":{"angle":0,"axis":"z","origin":[11.37744,-3.34614,9]},"to":[7.77744,-2.54614,13]},{"faces":{"down":{"rotation":180,"texture":"#16","uv":[8.25,0.25,8.748,0.748]},"east":{"rotation":180,"texture":"#16","uv":[8.25,0.25,8.748,0.748]},"north":{"rotation":180,"texture":"#16","uv":[8.25,0.25,8.748,0.748]},"south":{"rotation":180,"texture":"#16","uv":[8.25,0.25,8.748,0.748]},"up":{"rotation":180,"texture":"#16","uv":[8.25,0.25,8.748,0.748]},"west":{"rotation":180,"texture":"#16","uv":[8.25,0.25,8.748,0.748]}},"from":[7.92256,-3.54614,5],"rotation":{"angle":0,"axis":"z","origin":[11.37744,-3.34614,9]},"to":[8.07744,-2.54614,13]},{"faces":{"down":{"rotation":180,"texture":"#16","uv":[8.25,0.25,8.748,0.748]},"east":{"rotation":180,"texture":"#16","uv":[8.25,0.25,8.748,0.748]},"north":{"rotation":180,"texture":"#16","uv":[8.25,0.25,8.748,0.748]},"south":{"rotation":180,"texture":"#16","uv":[8.25,0.25,8.748,0.748]},"up":{"rotation":180,"texture":"#16","uv":[8.25,0.25,8.748,0.748]},"west":{"rotation":180,"texture":"#16","uv":[8.25,0.25,8.748,0.748]}},"from":[3.62256,-4.84614,5],"rotation":{"angle":0,"axis":"z","origin":[4.62256,-3.34614,9]},"to":[5.62256,-1.64614,13]},{"faces":{"down":{"rotation":180,"texture":"#16","uv":[8.25,0.25,8.748,0.748]},"east":{"rotation":180,"texture":"#16","uv":[8.25,0.25,8.748,0.748]},"north":{"rotation":180,"texture":"#16","uv":[8.25,0.25,8.748,0.748]},"south":{"rotation":180,"texture":"#16","uv":[8.25,0.25,8.748,0.748]},"up":{"rotation":180,"texture":"#16","uv":[8.25,0.25,8.748,0.748]},"west":{"rotation":180,"texture":"#16","uv":[8.25,0.25,8.748,0.748]}},"from":[10.18568,-6.61018,5],"rotation":{"angle":-22.5,"axis":"z","origin":[11.18568,-5.11018,9]},"to":[12.18568,-4.41018,13]},{"faces":{"down":{"rotation":180,"texture":"#16","uv":[8.25,0.25,8.748,0.748]},"east":{"rotation":180,"texture":"#16","uv":[8.25,0.25,8.748,0.748]},"north":{"rotation":180,"texture":"#16","uv":[8.25,0.25,8.748,0.748]},"south":{"rotation":180,"texture":"#16","uv":[8.25,0.25,8.748,0.748]},"up":{"rotation":180,"texture":"#16","uv":[8.25,0.25,8.748,0.748]},"west":{"rotation":180,"texture":"#16","uv":[8.25,0.25,8.748,0.748]}},"from":[3.81432,-6.61018,5],"rotation":{"angle":22.5,"axis":"z","origin":[4.81432,-5.11018,9]},"to":[5.81432,-4.41018,13]},{"faces":{"down":{"rotation":90,"texture":"#16","uv":[9.25,0.25,9.749,0.749]},"east":{"rotation":90,"texture":"#16","uv":[9.25,0.25,9.749,0.749]},"north":{"rotation":90,"texture":"#16","uv":[9.25,0.25,9.749,0.749]},"south":{"rotation":90,"texture":"#16","uv":[9.25,0.25,9.749,0.749]},"up":{"rotation":90,"texture":"#16","uv":[9.25,0.25,9.749,0.749]},"west":{"rotation":90,"texture":"#16","uv":[9.25,0.25,9.749,0.749]}},"from":[16,-12,5],"rotation":{"angle":0,"axis":"z","origin":[10,-5,9]},"to":[17,18,13]},{"faces":{"down":{"rotation":90,"texture":"#16","uv":[9.25,0.25,9.749,0.749]},"east":{"rotation":90,"texture":"#16","uv":[9.25,0.25,9.749,0.749]},"north":{"rotation":90,"texture":"#16","uv":[9.25,0.25,9.749,0.749]},"south":{"rotation":90,"texture":"#16","uv":[9.25,0.25,9.749,0.749]},"up":{"rotation":90,"texture":"#16","uv":[9.25,0.25,9.749,0.749]},"west":{"rotation":90,"texture":"#16","uv":[9.25,0.25,9.749,0.749]}},"from":[-1,-12,5],"rotation":{"angle":0,"axis":"z","origin":[10,-5,9]},"to":[0,18,13]},{"faces":{"down":{"rotation":90,"texture":"#16","uv":[9.25,0.25,9.749,0.749]},"east":{"rotation":90,"texture":"#16","uv":[9.25,0.25,9.749,0.749]},"north":{"rotation":90,"texture":"#16","uv":[9.25,0.25,9.749,0.749]},"south":{"rotation":90,"texture":"#16","uv":[9.25,0.25,9.749,0.749]},"up":{"rotation":90,"texture":"#16","uv":[9.25,0.25,9.749,0.749]},"west":{"rotation":90,"texture":"#16","uv":[9.25,0.25,9.749,0.749]}},"from":[0,17,5],"rotation":{"angle":0,"axis":"z","origin":[10,-5,9]},"to":[16,18,13]},{"faces":{"down":{"texture":"#7","uv":[0,0,1,1]},"east":{"texture":"#7","uv":[0,0,1,1]},"north":{"texture":"#18","uv":[0,0,16,11.874]},"south":{"texture":"#7","uv":[0,0,1,1]},"up":{"texture":"#7","uv":[0,0,1,1]},"west":{"texture":"#7","uv":[0,0,1,1]}},"from":[0,-10,5.5],"to":[16,0.2,13]}],"textures":{"13":"block/green_concrete","16":"block/stone","17":"block/andesite","18":"block/cracked_stone_bricks","4":"block/orange_glazed_terracotta","7":"block/black_concrete","particle":"block/beacon"}}