{"display":{"ground":{"translation":[0,14.75,0]},"gui":{"rotation":[41,135,0],"scale":[0.4,0.4,0.4]},"head":{"scale":[4,4,4],"translation":[0,-52.25,4.5]},"thirdperson_lefthand":{"translation":[0,9.25,0]},"thirdperson_righthand":{"translation":[0,9.25,0]}},"elements":[{"faces":{"down":{"texture":"#0","uv":[6,0,4,2]},"east":{"texture":"#0","uv":[0,2,2,4]},"north":{"texture":"#0","uv":[2,2,4,4]},"south":{"texture":"#0","uv":[6,2,8,4]},"up":{"texture":"#0","uv":[4,2,2,0]},"west":{"texture":"#0","uv":[4,2,6,4]}},"from":[7.077,5.6559,8.27316],"name":"Head","rotation":{"angle":-45,"axis":"y","origin":[8.445,5.56854,9.27753]},"to":[9.813,8.3919,11.00916]},{"faces":{"down":{"texture":"#1","uv":[0,0,8.6496,8.6496]},"east":{"texture":"#1","uv":[0,0,8.6496,3.75112]},"north":{"texture":"#1","uv":[0,0,8.6496,3.75112]},"south":{"texture":"#1","uv":[0,0,8.6496,3.75112]},"up":{"texture":"#1","uv":[0,0,8.6496,8.6496]},"west":{"texture":"#1","uv":[0,0,8.6496,3.75112]}},"from":[6.96592,8.33186,8.16208],"name":"Hoed","rotation":{"angle":-45,"axis":"y","origin":[8.445,5.56854,9.27753]},"to":[9.92408,9.61474,11.12024]},{"faces":{"down":{"texture":"#1","uv":[0,0,7.00618,7.00618]},"east":{"texture":"#1","uv":[0,0,7.00618,2.13841]},"north":{"texture":"#1","uv":[0,0,7.00618,2.13841]},"south":{"texture":"#1","uv":[0,0,7.00618,2.13841]},"up":{"texture":"#1","uv":[0,0,7.00618,7.00618]},"west":{"texture":"#1","uv":[0,0,7.00618,2.13841]}},"from":[7.24694,9.46263,8.44311],"name":"Hoed","rotation":{"angle":-45,"axis":"y","origin":[8.445,5.56854,9.27753]},"to":[9.64306,10.19397,10.83922]},{"faces":{"down":{"texture":"#0","uv":[14,0,12,2]},"east":{"texture":"#0","uv":[8,2,10,4]},"north":{"texture":"#0","uv":[10,2,12,4]},"south":{"texture":"#0","uv":[14,2,16,4]},"up":{"texture":"#0","uv":[12,2,10,0]},"west":{"texture":"#0","uv":[12,2,14,4]}},"from":[6.906,5.4849,8.10216],"name":"Hat Layer","rotation":{"angle":-45,"axis":"y","origin":[8.445,5.56854,9.27753]},"to":[9.984,8.5629,11.18016]},{"faces":{"down":{"texture":"#0","uv":[7,12,6,13]},"east":{"texture":"#0","uv":[4,13,5,16]},"north":{"texture":"#0","uv":[5,13,6,16]},"south":{"texture":"#0","uv":[7,13,8,16]},"up":{"texture":"#0","uv":[6,13,5,12]},"west":{"texture":"#0","uv":[6,13,7,16]}},"from":[6.7862,-2.5521,8.75716],"name":"Left Leg","rotation":{"angle":-22.5,"axis":"x","origin":[8.12,1.4479,9.44116]},"to":[8.1542,1.5519,10.12516]},{"faces":{"down":{"texture":"#0","uv":[3,12,2,13]},"east":{"texture":"#0","uv":[0,13,1,16]},"north":{"texture":"#0","uv":[1,13,2,16]},"south":{"texture":"#0","uv":[3,13,4,16]},"up":{"texture":"#0","uv":[2,13,1,12]},"west":{"texture":"#0","uv":[2,13,3,16]}},"from":[6.7007,-2.8086,8.67166],"name":"Left Leg Layer","rotation":{"angle":-22.5,"axis":"x","origin":[8.12,1.4479,9.44116]},"to":[8.2397,1.4664,10.21066]},{"faces":{"down":{"texture":"#0","uv":[3,4,2,5]},"east":{"texture":"#0","uv":[0,5,1,8]},"north":{"texture":"#0","uv":[1,5,2,8]},"south":{"texture":"#0","uv":[3,5,4,8]},"up":{"texture":"#0","uv":[2,5,1,4]},"west":{"texture":"#0","uv":[2,5,3,8]}},"from":[8.0858,-2.5521,9.15716],"name":"Right Leg","rotation":{"angle":45,"axis":"x","origin":[8.12,1.4479,9.84116]},"to":[9.4538,1.5519,10.52516]},{"faces":{"down":{"texture":"#0","uv":[3,8,2,9]},"east":{"texture":"#0","uv":[0,9,1,12]},"north":{"texture":"#0","uv":[1,9,2,12]},"south":{"texture":"#0","uv":[3,9,4,12]},"up":{"texture":"#0","uv":[2,9,1,8]},"west":{"texture":"#0","uv":[2,9,3,12]}},"from":[8.0003,-2.8086,9.07166],"name":"Right Leg Layer","rotation":{"angle":45,"axis":"x","origin":[8.12,1.4479,9.84116]},"to":[9.5393,1.4664,10.61066]},{"faces":{"down":{"texture":"#0","uv":[9,4,7,5]},"east":{"texture":"#0","uv":[4,5,5,8]},"north":{"texture":"#0","uv":[5,5,7,8]},"south":{"texture":"#0","uv":[8,5,10,8]},"up":{"texture":"#0","uv":[7,5,5,4]},"west":{"texture":"#0","uv":[7,5,8,8]}},"from":[6.752,1.5519,8.95716],"name":"Body","rotation":{"angle":-22.5,"axis":"y","origin":[8.12,3.6039,9.64116]},"to":[9.488,5.6559,10.32516]},{"faces":{"down":{"texture":"#0","uv":[9,8,7,9]},"east":{"texture":"#0","uv":[4,9,5,12]},"north":{"texture":"#0","uv":[5,9,7,12]},"south":{"texture":"#0","uv":[8,9,10,12]},"up":{"texture":"#0","uv":[7,9,5,8]},"west":{"texture":"#0","uv":[7,9,8,12]}},"from":[6.6665,1.4664,8.87166],"name":"Body Layer","rotation":{"angle":-22.5,"axis":"y","origin":[8.12,3.6039,9.64116]},"to":[9.5735,5.7414,10.41066]},{"faces":{"down":{"texture":"#0","uv":[12,5,11,4]},"east":{"rotation":180,"texture":"#0","uv":[10,5,11,8]},"north":{"rotation":180,"texture":"#0","uv":[13,5,14,8]},"south":{"rotation":180,"texture":"#0","uv":[11,5,12,8]},"up":{"texture":"#0","uv":[13,4,12,5]},"west":{"rotation":180,"texture":"#0","uv":[12,5,13,8]}},"from":[9.288,4.5879,9.43216],"name":"Right Arm","rotation":{"angle":-45,"axis":"z","origin":[9.972,5.1399,10.11616]},"to":[10.656,8.6919,10.80016]},{"faces":{"down":{"texture":"#0","uv":[12,9,11,8]},"east":{"rotation":180,"texture":"#0","uv":[10,9,11,12]},"north":{"rotation":180,"texture":"#0","uv":[13,9,14,12]},"south":{"rotation":180,"texture":"#0","uv":[11,9,12,12]},"up":{"texture":"#0","uv":[13,8,12,9]},"west":{"rotation":180,"texture":"#0","uv":[12,9,13,12]}},"from":[9.2025,4.5024,9.34666],"name":"Right Arm Layer","rotation":{"angle":-45,"axis":"z","origin":[9.972,5.1399,10.11616]},"to":[10.7415,8.7774,10.88566]},{"faces":{"down":{"texture":"#0","uv":[11,13,12,16]},"east":{"rotation":270,"texture":"#0","uv":[8,13,9,16]},"north":{"rotation":180,"texture":"#0","uv":[11,12,10,13]},"south":{"texture":"#0","uv":[10,13,9,12]},"up":{"rotation":180,"texture":"#0","uv":[9,13,10,16]},"west":{"rotation":90,"texture":"#0","uv":[10,13,11,16]}},"from":[5.484,4.2879,5.82116],"name":"Left Arm","rotation":{"angle":45,"axis":"x","origin":[8.22,4.9719,9.24116]},"to":[6.852,5.6559,9.92516]},{"faces":{"down":{"texture":"#0","uv":[15,13,16,16]},"east":{"rotation":270,"texture":"#0","uv":[12,13,13,16]},"north":{"rotation":180,"texture":"#0","uv":[15,12,14,13]},"south":{"texture":"#0","uv":[14,13,13,12]},"up":{"rotation":180,"texture":"#0","uv":[13,13,14,16]},"west":{"rotation":90,"texture":"#0","uv":[14,13,15,16]}},"from":[5.3985,4.2024,5.73566],"name":"Left Arm Layer","rotation":{"angle":45,"axis":"x","origin":[8.22,4.9719,9.24116]},"to":[6.9375,5.7414,10.01066]},{"faces":{"north":{"texture":"#3","uv":[0,1,16,3]},"south":{"texture":"#3","uv":[0,1,16,3]}},"from":[4.72,5.86745,6.80889],"rotation":{"angle":0,"axis":"y","origin":[4.72,-5.33255,2.55889]},"to":[11.12,6.66745,6.90889]},{"faces":{"north":{"texture":"#3","uv":[0,5,16,7]},"south":{"texture":"#3","uv":[0,5,16,7]}},"from":[4.72,1.86745,6.80889],"rotation":{"angle":0,"axis":"y","origin":[4.72,-9.33255,2.55889]},"to":[11.12,2.66745,6.90889]},{"faces":{"north":{"texture":"#3","uv":[0,1,16,3]},"south":{"texture":"#3","uv":[0,1,16,3]}},"from":[4.72,13.86745,6.80889],"rotation":{"angle":0,"axis":"y","origin":[4.72,2.66745,2.55889]},"to":[11.12,14.66745,6.90889]},{"faces":{"north":{"texture":"#3","uv":[0,5,16,7]},"south":{"texture":"#3","uv":[0,5,16,7]}},"from":[4.72,9.86745,6.80889],"rotation":{"angle":0,"axis":"y","origin":[4.72,-1.33255,2.55889]},"to":[11.12,10.66745,6.90889]},{"faces":{"north":{"texture":"#3","uv":[0,5,16,7]},"south":{"texture":"#3","uv":[0,5,16,7]}},"from":[4.72,29.86745,6.80889],"rotation":{"angle":0,"axis":"y","origin":[4.72,18.66745,2.55889]},"to":[11.12,30.66745,6.90889]},{"faces":{"north":{"texture":"#3","uv":[0,1,16,3]},"south":{"texture":"#3","uv":[0,1,16,3]}},"from":[4.72,25.86745,6.80889],"rotation":{"angle":0,"axis":"y","origin":[4.72,14.66745,2.55889]},"to":[11.12,26.66745,6.90889]},{"faces":{"north":{"texture":"#3","uv":[0,5,16,7]},"south":{"texture":"#3","uv":[0,5,16,7]}},"from":[4.72,21.86745,6.80889],"rotation":{"angle":0,"axis":"y","origin":[4.72,10.66745,2.55889]},"to":[11.12,22.66745,6.90889]},{"faces":{"north":{"texture":"#3","uv":[0,1,16,3]},"south":{"texture":"#3","uv":[0,1,16,3]}},"from":[4.72,17.86745,6.80889],"rotation":{"angle":0,"axis":"y","origin":[4.72,6.66745,2.55889]},"to":[11.12,18.66745,6.90889]},{"faces":{"north":{"texture":"#3","uv":[0,1,16,3]},"south":{"texture":"#3","uv":[0,1,16,3]}},"from":[4.72,-2.13255,6.80889],"rotation":{"angle":0,"axis":"y","origin":[4.72,-13.33255,2.55889]},"to":[11.12,-1.33255,6.90889]},{"faces":{"north":{"texture":"#3","uv":[0,1,16,3]},"south":{"texture":"#3","uv":[0,1,16,3]}},"from":[4.72,-6.13255,6.80889],"rotation":{"angle":0,"axis":"y","origin":[4.72,-17.33255,2.55889]},"to":[11.12,-5.33255,6.90889]},{"faces":{"north":{"texture":"#3","uv":[12,0,14,16]},"south":{"texture":"#3","uv":[12,0,14,16]}},"from":[9.52,5.06745,6.85889],"rotation":{"angle":0,"axis":"y","origin":[4.72,-1.63255,2.55889]},"to":[10.32,11.46745,6.95889]},{"faces":{"north":{"texture":"#3","uv":[12,0,14,16]},"south":{"texture":"#3","uv":[12,0,14,16]}},"from":[5.52,5.06745,6.85889],"rotation":{"angle":0,"axis":"y","origin":[4.72,-1.63255,2.55889]},"to":[6.32,11.46745,6.95889]},{"faces":{"north":{"texture":"#3","uv":[12,0,14,16]},"south":{"texture":"#3","uv":[12,0,14,16]}},"from":[5.52,-1.33255,6.85889],"rotation":{"angle":0,"axis":"y","origin":[4.72,-1.63255,2.55889]},"to":[6.32,5.06745,6.95889]},{"faces":{"north":{"texture":"#3","uv":[12,0,14,16]},"south":{"texture":"#3","uv":[12,0,14,16]}},"from":[9.52,-1.33255,6.85889],"rotation":{"angle":0,"axis":"y","origin":[4.72,-1.63255,2.55889]},"to":[10.32,5.06745,6.95889]},{"faces":{"north":{"texture":"#3","uv":[12,0,14,16]},"south":{"texture":"#3","uv":[12,0,14,16]}},"from":[5.52,-7.73255,6.85889],"rotation":{"angle":0,"axis":"y","origin":[4.72,-1.63255,2.55889]},"to":[6.32,-1.33255,6.95889]},{"faces":{"north":{"texture":"#3","uv":[12,0,14,16]},"south":{"texture":"#3","uv":[12,0,14,16]}},"from":[9.52,-7.73255,6.85889],"rotation":{"angle":0,"axis":"y","origin":[4.72,-1.63255,2.55889]},"to":[10.32,-1.33255,6.95889]},{"faces":{"north":{"texture":"#3","uv":[12,0,14,8]},"south":{"texture":"#3","uv":[12,0,14,8]}},"from":[9.52,-11.13255,6.85889],"rotation":{"angle":0,"axis":"y","origin":[4.72,-8.03255,2.55889]},"to":[10.32,-7.73255,6.95889]},{"faces":{"north":{"texture":"#3","uv":[12,0,14,8]},"south":{"texture":"#3","uv":[12,0,14,8]}},"from":[5.52,-11.13255,6.85889],"rotation":{"angle":0,"axis":"y","origin":[4.72,-8.03255,2.55889]},"to":[6.32,-7.73255,6.95889]},{"faces":{"north":{"texture":"#3","uv":[12,0,14,16]},"south":{"texture":"#3","uv":[12,0,14,16]}},"from":[5.52,11.46745,6.85889],"rotation":{"angle":0,"axis":"y","origin":[4.72,-1.63255,2.55889]},"to":[6.32,17.86745,6.95889]},{"faces":{"north":{"texture":"#3","uv":[12,0,14,16]},"south":{"texture":"#3","uv":[12,0,14,16]}},"from":[9.52,11.46745,6.85889],"rotation":{"angle":0,"axis":"y","origin":[4.72,-1.63255,2.55889]},"to":[10.32,17.86745,6.95889]},{"faces":{"north":{"texture":"#3","uv":[12,0,14,16]},"south":{"texture":"#3","uv":[12,0,14,16]}},"from":[9.52,17.86745,6.85889],"rotation":{"angle":0,"axis":"y","origin":[4.72,4.76745,2.55889]},"to":[10.32,24.26745,6.95889]},{"faces":{"north":{"texture":"#3","uv":[12,0,14,16]},"south":{"texture":"#3","uv":[12,0,14,16]}},"from":[5.52,17.86745,6.85889],"rotation":{"angle":0,"axis":"y","origin":[4.72,4.76745,2.55889]},"to":[6.32,24.26745,6.95889]},{"faces":{"north":{"texture":"#3","uv":[12,0,14,16]},"south":{"texture":"#3","uv":[12,0,14,16]}},"from":[5.52,24.26745,6.85889],"rotation":{"angle":0,"axis":"y","origin":[4.72,11.16745,2.55889]},"to":[6.32,30.66745,6.95889]},{"faces":{"north":{"texture":"#3","uv":[12,0,14,16]},"south":{"texture":"#3","uv":[12,0,14,16]}},"from":[9.52,24.26745,6.85889],"rotation":{"angle":0,"axis":"y","origin":[4.72,11.16745,2.55889]},"to":[10.32,30.66745,6.95889]}],"groups":[{"children":[{"children":[0,1,2,3],"color":0,"name":"Head","origin":[0,24,0]},{"children":[4,5],"color":0,"name":"LeftLeg","origin":[-1.9,12,0]},{"children":[6,7],"color":0,"name":"RightLeg","origin":[1.9,12,0]},{"children":[8,9],"color":0,"name":"Body","origin":[0,24,0]},{"children":[10,11],"color":0,"name":"RightArm","origin":[5,22,0]},{"children":[12,13],"color":0,"name":"LeftArm","origin":[-5,22,0]}],"color":0,"name":"Sinbad","origin":[8,8,8]},14,15,16,17,18,19,20,21,22,23,24,25,26,27,28,29,30,31,32,33,34,35,36,37],"textures":{"0":"block/sirocco/koopman","1":"block/white_wool","3":"block/ladder","particle":"block/white_wool"}}