{"display":{"gui":{"rotation":[41,135,0],"scale":[0.4,0.4,0.4]},"head":{"scale":[4,4,4],"translation":[0,-39.75,0]}},"elements":[{"faces":{"down":{"rotation":270,"texture":"#0","uv":[2,3,3,4]},"east":{"rotation":270,"texture":"#0","uv":[2,3,3,4]},"north":{"rotation":270,"texture":"#0","uv":[2,3,3,4]},"south":{"rotation":270,"texture":"#0","uv":[2,3,3,4]},"up":{"rotation":270,"texture":"#0","uv":[2,3,3,4]},"west":{"rotation":270,"texture":"#0","uv":[2,3,3,4]}},"from":[-9.60155,7.56028,5.0044],"rotation":{"angle":22.5,"axis":"y","origin":[9.27579,7.97731,8.75429]},"to":[-7.37749,8.39434,12.511]},{"faces":{"down":{"rotation":270,"texture":"#0","uv":[2,3,3,4]},"east":{"rotation":270,"texture":"#0","uv":[2,3,3,4]},"north":{"rotation":270,"texture":"#0","uv":[2,3,3,4]},"south":{"rotation":270,"texture":"#0","uv":[2,3,3,4]},"up":{"rotation":270,"texture":"#0","uv":[2,3,3,4]},"west":{"rotation":270,"texture":"#0","uv":[2,3,3,4]}},"from":[-9.59962,7.56028,5.00729],"rotation":{"angle":0,"axis":"y","origin":[9.27579,7.97731,8.75429]},"to":[-7.37556,8.39434,12.51389]},{"faces":{"down":{"rotation":270,"texture":"#0","uv":[2,3,3,4]},"east":{"rotation":270,"texture":"#0","uv":[2,3,3,4]},"north":{"rotation":270,"texture":"#0","uv":[2,3,3,4]},"south":{"rotation":270,"texture":"#0","uv":[2,3,3,4]},"up":{"rotation":270,"texture":"#0","uv":[2,3,3,4]},"west":{"rotation":270,"texture":"#0","uv":[2,3,3,4]}},"from":[-9.59673,7.56028,5.00923],"rotation":{"angle":-22.5,"axis":"y","origin":[9.27579,7.97731,8.75429]},"to":[-7.37266,8.39434,12.51583]},{"faces":{"down":{"rotation":270,"texture":"#0","uv":[2,3,3,4]},"east":{"rotation":270,"texture":"#0","uv":[2,3,3,4]},"north":{"rotation":270,"texture":"#0","uv":[2,3,3,4]},"south":{"rotation":270,"texture":"#0","uv":[2,3,3,4]},"up":{"rotation":270,"texture":"#0","uv":[2,3,3,4]},"west":{"rotation":270,"texture":"#0","uv":[2,3,3,4]}},"from":[-9.59332,7.56028,5.0099],"rotation":{"angle":-45,"axis":"y","origin":[9.27579,7.97731,8.75429]},"to":[-7.36925,8.39434,12.5165]},{"faces":{"down":{"texture":"#0","uv":[2,3,3,4]},"east":{"texture":"#0","uv":[2,3,3,4]},"north":{"texture":"#0","uv":[2,3,3,4]},"south":{"texture":"#0","uv":[2,3,3,4]},"up":{"texture":"#0","uv":[2,3,3,4]},"west":{"texture":"#0","uv":[2,3,3,4]}},"from":[5.51619,7.56028,-10.10852],"rotation":{"angle":0,"axis":"y","origin":[9.27579,7.97731,8.75429]},"to":[13.02279,8.39434,-7.88445]},{"faces":{"down":{"texture":"#0","uv":[2,3,3,4]},"east":{"texture":"#0","uv":[2,3,3,4]},"north":{"texture":"#0","uv":[2,3,3,4]},"south":{"texture":"#0","uv":[2,3,3,4]},"up":{"texture":"#0","uv":[2,3,3,4]},"west":{"texture":"#0","uv":[2,3,3,4]}},"from":[5.51908,7.56028,-10.10659],"rotation":{"angle":-22.5,"axis":"y","origin":[9.27579,7.97731,8.75429]},"to":[13.02568,8.39434,-7.88252]},{"faces":{"down":{"texture":"#0","uv":[2,3,3,4]},"east":{"texture":"#0","uv":[2,3,3,4]},"north":{"texture":"#0","uv":[2,3,3,4]},"south":{"texture":"#0","uv":[2,3,3,4]},"up":{"texture":"#0","uv":[2,3,3,4]},"west":{"texture":"#0","uv":[2,3,3,4]}},"from":[5.52249,7.56028,-10.10591],"rotation":{"angle":-45,"axis":"y","origin":[9.27579,7.97731,8.75429]},"to":[13.02909,8.39434,-7.88184]},{"faces":{"down":{"rotation":90,"texture":"#0","uv":[2,3,3,4]},"east":{"rotation":90,"texture":"#0","uv":[2,3,3,4]},"north":{"rotation":90,"texture":"#0","uv":[2,3,3,4]},"south":{"rotation":90,"texture":"#0","uv":[2,3,3,4]},"up":{"rotation":90,"texture":"#0","uv":[2,3,3,4]},"west":{"rotation":90,"texture":"#0","uv":[2,3,3,4]}},"from":[25.91261,7.56028,5.0044],"rotation":{"angle":22.5,"axis":"y","origin":[9.27579,7.97731,8.75429]},"to":[28.13667,8.39434,12.511]},{"faces":{"down":{"rotation":90,"texture":"#0","uv":[2,3,3,4]},"east":{"rotation":90,"texture":"#0","uv":[2,3,3,4]},"north":{"rotation":90,"texture":"#0","uv":[2,3,3,4]},"south":{"rotation":90,"texture":"#0","uv":[2,3,3,4]},"up":{"rotation":90,"texture":"#0","uv":[2,3,3,4]},"west":{"rotation":90,"texture":"#0","uv":[2,3,3,4]}},"from":[25.91743,7.56028,5.00923],"rotation":{"angle":-22.5,"axis":"y","origin":[9.27579,7.97731,8.75429]},"to":[28.1415,8.39434,12.51583]},{"faces":{"down":{"rotation":90,"texture":"#0","uv":[2,3,3,4]},"east":{"rotation":90,"texture":"#0","uv":[2,3,3,4]},"north":{"rotation":90,"texture":"#0","uv":[2,3,3,4]},"south":{"rotation":90,"texture":"#0","uv":[2,3,3,4]},"up":{"rotation":90,"texture":"#0","uv":[2,3,3,4]},"west":{"rotation":90,"texture":"#0","uv":[2,3,3,4]}},"from":[25.91454,7.56028,5.00729],"rotation":{"angle":0,"axis":"y","origin":[9.27579,7.97731,8.75429]},"to":[28.13861,8.39434,12.51389]},{"faces":{"down":{"rotation":90,"texture":"#0","uv":[2,3,3,4]},"east":{"rotation":90,"texture":"#0","uv":[2,3,3,4]},"north":{"rotation":90,"texture":"#0","uv":[2,3,3,4]},"south":{"rotation":90,"texture":"#0","uv":[2,3,3,4]},"up":{"rotation":90,"texture":"#0","uv":[2,3,3,4]},"west":{"rotation":90,"texture":"#0","uv":[2,3,3,4]}},"from":[25.92084,7.56028,4.86729],"rotation":{"angle":-45,"axis":"y","origin":[9.27579,7.97731,8.75429]},"to":[28.14491,8.39434,12.54503]},{"faces":{"down":{"rotation":180,"texture":"#0","uv":[2,3,3,4]},"east":{"rotation":180,"texture":"#0","uv":[2,3,3,4]},"north":{"rotation":180,"texture":"#0","uv":[2,3,3,4]},"south":{"rotation":180,"texture":"#0","uv":[2,3,3,4]},"up":{"rotation":180,"texture":"#0","uv":[2,3,3,4]},"west":{"rotation":180,"texture":"#0","uv":[2,3,3,4]}},"from":[5.51426,7.56028,25.40275],"rotation":{"angle":22.5,"axis":"y","origin":[9.27579,7.97731,8.75429]},"to":[13.02086,8.39434,27.62682]},{"faces":{"down":{"texture":"#0","uv":[2,3,3,4]},"east":{"texture":"#0","uv":[2,3,3,4]},"north":{"texture":"#0","uv":[2,3,3,4]},"south":{"texture":"#0","uv":[2,3,3,4]},"up":{"texture":"#0","uv":[2,3,3,4]},"west":{"texture":"#0","uv":[2,3,3,4]}},"from":[5.51619,7.56028,25.40564],"rotation":{"angle":0,"axis":"y","origin":[9.27579,7.97731,8.75429]},"to":[13.02279,8.39434,27.62971]},{"faces":{"down":{"rotation":180,"texture":"#0","uv":[2,3,3,4]},"east":{"rotation":180,"texture":"#0","uv":[2,3,3,4]},"north":{"rotation":180,"texture":"#0","uv":[2,3,3,4]},"south":{"rotation":180,"texture":"#0","uv":[2,3,3,4]},"up":{"rotation":180,"texture":"#0","uv":[2,3,3,4]},"west":{"rotation":180,"texture":"#0","uv":[2,3,3,4]}},"from":[5.51908,7.56028,25.40757],"rotation":{"angle":-22.5,"axis":"y","origin":[9.27579,7.97731,8.75429]},"to":[13.02568,8.39434,27.63164]},{"faces":{"down":{"rotation":180,"texture":"#0","uv":[2,3,3,4]},"east":{"rotation":180,"texture":"#0","uv":[2,3,3,4]},"north":{"rotation":180,"texture":"#0","uv":[2,3,3,4]},"south":{"rotation":180,"texture":"#0","uv":[2,3,3,4]},"up":{"rotation":180,"texture":"#0","uv":[2,3,3,4]},"west":{"rotation":180,"texture":"#0","uv":[2,3,3,4]}},"from":[5.52249,7.56028,25.40825],"rotation":{"angle":-45,"axis":"y","origin":[9.27579,7.97731,8.75429]},"to":[13.02909,8.39434,27.63232]},{"faces":{"down":{"texture":"#0","uv":[2,3,3,4]},"east":{"texture":"#0","uv":[2,3,3,4]},"north":{"texture":"#0","uv":[2,3,3,4]},"south":{"texture":"#0","uv":[2,3,3,4]},"up":{"texture":"#0","uv":[2,3,3,4]},"west":{"texture":"#0","uv":[2,3,3,4]}},"from":[5.51426,7.56028,-10.11141],"rotation":{"angle":22.5,"axis":"y","origin":[9.27579,7.97731,8.75429]},"to":[13.02086,8.39434,-7.88735]},{"faces":{"down":{"rotation":270,"texture":"#2","uv":[3,6,4,7]},"east":{"rotation":270,"texture":"#2","uv":[3,6,4,7]},"north":{"rotation":270,"texture":"#2","uv":[3,6,4,7]},"south":{"rotation":270,"texture":"#2","uv":[3,6,4,7]},"up":{"rotation":270,"texture":"#2","uv":[3,6,4,7]},"west":{"rotation":270,"texture":"#2","uv":[3,6,4,7]}},"from":[-13.37702,7.47687,4.25442],"rotation":{"angle":22.5,"axis":"y","origin":[9.27579,7.97731,8.75429]},"to":[-12.09814,8.47775,13.26234]},{"faces":{"down":{"rotation":270,"texture":"#2","uv":[3,6,4,7]},"east":{"rotation":270,"texture":"#2","uv":[3,6,4,7]},"north":{"rotation":270,"texture":"#2","uv":[3,6,4,7]},"south":{"rotation":270,"texture":"#2","uv":[3,6,4,7]},"up":{"rotation":270,"texture":"#2","uv":[3,6,4,7]},"west":{"rotation":270,"texture":"#2","uv":[3,6,4,7]}},"from":[-13.37471,7.47687,4.25789],"rotation":{"angle":0,"axis":"y","origin":[9.27579,7.97731,8.75429]},"to":[-12.09583,8.47775,13.26581]},{"faces":{"down":{"rotation":270,"texture":"#2","uv":[3,6,4,7]},"east":{"rotation":270,"texture":"#2","uv":[3,6,4,7]},"north":{"rotation":270,"texture":"#2","uv":[3,6,4,7]},"south":{"rotation":270,"texture":"#2","uv":[3,6,4,7]},"up":{"rotation":270,"texture":"#2","uv":[3,6,4,7]},"west":{"rotation":270,"texture":"#2","uv":[3,6,4,7]}},"from":[-13.37124,7.47687,4.26021],"rotation":{"angle":-22.5,"axis":"y","origin":[9.27579,7.97731,8.75429]},"to":[-12.09236,8.47775,13.26813]},{"faces":{"down":{"rotation":270,"texture":"#2","uv":[3,6,4,7]},"east":{"rotation":270,"texture":"#2","uv":[3,6,4,7]},"north":{"rotation":270,"texture":"#2","uv":[3,6,4,7]},"south":{"rotation":270,"texture":"#2","uv":[3,6,4,7]},"up":{"rotation":270,"texture":"#2","uv":[3,6,4,7]},"west":{"rotation":270,"texture":"#2","uv":[3,6,4,7]}},"from":[-13.36714,7.47687,4.26103],"rotation":{"angle":-45,"axis":"y","origin":[9.27579,7.97731,8.75429]},"to":[-12.08826,8.47775,13.26895]},{"faces":{"down":{"texture":"#2","uv":[3,6,4,7]},"east":{"texture":"#2","uv":[3,6,4,7]},"north":{"texture":"#2","uv":[3,6,4,7]},"south":{"texture":"#2","uv":[3,6,4,7]},"up":{"texture":"#2","uv":[3,6,4,7]},"west":{"texture":"#2","uv":[3,6,4,7]}},"from":[4.76427,7.47687,-13.88108],"rotation":{"angle":0,"axis":"y","origin":[9.27579,7.97731,8.75429]},"to":[13.77219,8.47775,-12.6022]},{"faces":{"down":{"texture":"#2","uv":[3,6,4,7]},"east":{"texture":"#2","uv":[3,6,4,7]},"north":{"texture":"#2","uv":[3,6,4,7]},"south":{"texture":"#2","uv":[3,6,4,7]},"up":{"texture":"#2","uv":[3,6,4,7]},"west":{"texture":"#2","uv":[3,6,4,7]}},"from":[4.76774,7.47687,-13.87877],"rotation":{"angle":-22.5,"axis":"y","origin":[9.27579,7.97731,8.75429]},"to":[13.77566,8.47775,-12.59989]},{"faces":{"down":{"texture":"#2","uv":[3,6,4,7]},"east":{"texture":"#2","uv":[3,6,4,7]},"north":{"texture":"#2","uv":[3,6,4,7]},"south":{"texture":"#2","uv":[3,6,4,7]},"up":{"texture":"#2","uv":[3,6,4,7]},"west":{"texture":"#2","uv":[3,6,4,7]}},"from":[4.77183,7.47687,-13.87795],"rotation":{"angle":-45,"axis":"y","origin":[9.27579,7.97731,8.75429]},"to":[13.77975,8.47775,-12.59907]},{"faces":{"down":{"rotation":90,"texture":"#2","uv":[3,6,4,7]},"east":{"rotation":90,"texture":"#2","uv":[3,6,4,7]},"north":{"rotation":90,"texture":"#2","uv":[3,6,4,7]},"south":{"rotation":90,"texture":"#2","uv":[3,6,4,7]},"up":{"rotation":90,"texture":"#2","uv":[3,6,4,7]},"west":{"rotation":90,"texture":"#2","uv":[3,6,4,7]}},"from":[30.62997,7.47687,4.25442],"rotation":{"angle":22.5,"axis":"y","origin":[9.27579,7.97731,8.75429]},"to":[31.90885,8.47775,13.26234]},{"faces":{"down":{"rotation":90,"texture":"#2","uv":[3,6,4,7]},"east":{"rotation":90,"texture":"#2","uv":[3,6,4,7]},"north":{"rotation":90,"texture":"#2","uv":[3,6,4,7]},"south":{"rotation":90,"texture":"#2","uv":[3,6,4,7]},"up":{"rotation":90,"texture":"#2","uv":[3,6,4,7]},"west":{"rotation":90,"texture":"#2","uv":[3,6,4,7]}},"from":[30.63576,7.47687,4.26021],"rotation":{"angle":-22.5,"axis":"y","origin":[9.27579,7.97731,8.75429]},"to":[31.91464,8.47775,13.26813]},{"faces":{"down":{"rotation":90,"texture":"#2","uv":[3,6,4,7]},"east":{"rotation":90,"texture":"#2","uv":[3,6,4,7]},"north":{"rotation":90,"texture":"#2","uv":[3,6,4,7]},"south":{"rotation":90,"texture":"#2","uv":[3,6,4,7]},"up":{"rotation":90,"texture":"#2","uv":[3,6,4,7]},"west":{"rotation":90,"texture":"#2","uv":[3,6,4,7]}},"from":[30.63229,7.47687,4.25789],"rotation":{"angle":0,"axis":"y","origin":[9.27579,7.97731,8.75429]},"to":[31.91117,8.47775,13.26581]},{"faces":{"down":{"rotation":90,"texture":"#2","uv":[3,6,4,7]},"east":{"rotation":90,"texture":"#2","uv":[3,6,4,7]},"north":{"rotation":90,"texture":"#2","uv":[3,6,4,7]},"south":{"rotation":90,"texture":"#2","uv":[3,6,4,7]},"up":{"rotation":90,"texture":"#2","uv":[3,6,4,7]},"west":{"rotation":90,"texture":"#2","uv":[3,6,4,7]}},"from":[30.63985,7.47687,4.08989],"rotation":{"angle":-45,"axis":"y","origin":[9.27579,7.97731,8.75429]},"to":[31.91873,8.47775,13.26895]},{"faces":{"down":{"rotation":180,"texture":"#2","uv":[3,6,4,7]},"east":{"rotation":180,"texture":"#2","uv":[3,6,4,7]},"north":{"rotation":180,"texture":"#2","uv":[3,6,4,7]},"south":{"rotation":180,"texture":"#2","uv":[3,6,4,7]},"up":{"rotation":180,"texture":"#2","uv":[3,6,4,7]},"west":{"rotation":180,"texture":"#2","uv":[3,6,4,7]}},"from":[4.76195,7.47687,30.12244],"rotation":{"angle":22.5,"axis":"y","origin":[9.27579,7.97731,8.75429]},"to":[13.76987,8.47775,31.40132]},{"faces":{"down":{"texture":"#2","uv":[3,6,4,7]},"east":{"texture":"#2","uv":[3,6,4,7]},"north":{"texture":"#2","uv":[3,6,4,7]},"south":{"texture":"#2","uv":[3,6,4,7]},"up":{"texture":"#2","uv":[3,6,4,7]},"west":{"texture":"#2","uv":[3,6,4,7]}},"from":[4.76427,7.47687,30.12591],"rotation":{"angle":0,"axis":"y","origin":[9.27579,7.97731,8.75429]},"to":[13.77219,8.47775,31.40479]},{"faces":{"down":{"rotation":180,"texture":"#2","uv":[3,6,4,7]},"east":{"rotation":180,"texture":"#2","uv":[3,6,4,7]},"north":{"rotation":180,"texture":"#2","uv":[3,6,4,7]},"south":{"rotation":180,"texture":"#2","uv":[3,6,4,7]},"up":{"rotation":180,"texture":"#2","uv":[3,6,4,7]},"west":{"rotation":180,"texture":"#2","uv":[3,6,4,7]}},"from":[4.76774,7.47687,30.12823],"rotation":{"angle":-22.5,"axis":"y","origin":[9.27579,7.97731,8.75429]},"to":[13.77566,8.47775,31.40711]},{"faces":{"down":{"rotation":180,"texture":"#2","uv":[3,6,4,7]},"east":{"rotation":180,"texture":"#2","uv":[3,6,4,7]},"north":{"rotation":180,"texture":"#2","uv":[3,6,4,7]},"south":{"rotation":180,"texture":"#2","uv":[3,6,4,7]},"up":{"rotation":180,"texture":"#2","uv":[3,6,4,7]},"west":{"rotation":180,"texture":"#2","uv":[3,6,4,7]}},"from":[4.77183,7.47687,30.12904],"rotation":{"angle":-45,"axis":"y","origin":[9.27579,7.97731,8.75429]},"to":[13.77975,8.47775,31.40792]},{"faces":{"down":{"texture":"#2","uv":[3,6,4,7]},"east":{"texture":"#2","uv":[3,6,4,7]},"north":{"texture":"#2","uv":[3,6,4,7]},"south":{"texture":"#2","uv":[3,6,4,7]},"up":{"texture":"#2","uv":[3,6,4,7]},"west":{"texture":"#2","uv":[3,6,4,7]}},"from":[4.76195,7.47687,-13.88455],"rotation":{"angle":22.5,"axis":"y","origin":[9.27579,7.97731,8.75429]},"to":[13.76987,8.47775,-12.60567]},{"faces":{"down":{"rotation":270,"texture":"#2","uv":[3.625,6.75,3.25,6.25]},"east":{"rotation":270,"texture":"#2","uv":[3.625,6.75,3.25,6.25]},"north":{"rotation":270,"texture":"#2","uv":[3.625,6.75,3.25,6.25]},"south":{"rotation":270,"texture":"#2","uv":[3.625,6.75,3.25,6.25]},"up":{"rotation":270,"texture":"#2","uv":[3.625,6.75,3.25,6.25]},"west":{"rotation":270,"texture":"#2","uv":[3.625,6.75,3.25,6.25]}},"from":[-5.82608,7.64368,5.75438],"rotation":{"angle":22.5,"axis":"y","origin":[9.27579,7.97731,8.75429]},"to":[-4.04683,8.31094,11.75966]},{"faces":{"down":{"rotation":270,"texture":"#2","uv":[3.625,6.75,3.25,6.25]},"east":{"rotation":270,"texture":"#2","uv":[3.625,6.75,3.25,6.25]},"north":{"rotation":270,"texture":"#2","uv":[3.625,6.75,3.25,6.25]},"south":{"rotation":270,"texture":"#2","uv":[3.625,6.75,3.25,6.25]},"up":{"rotation":270,"texture":"#2","uv":[3.625,6.75,3.25,6.25]},"west":{"rotation":270,"texture":"#2","uv":[3.625,6.75,3.25,6.25]}},"from":[-5.82454,7.64368,5.75669],"rotation":{"angle":0,"axis":"y","origin":[9.27579,7.97731,8.75429]},"to":[-4.04529,8.31094,11.76197]},{"faces":{"down":{"rotation":270,"texture":"#2","uv":[3.625,6.75,3.25,6.25]},"east":{"rotation":270,"texture":"#2","uv":[3.625,6.75,3.25,6.25]},"north":{"rotation":270,"texture":"#2","uv":[3.625,6.75,3.25,6.25]},"south":{"rotation":270,"texture":"#2","uv":[3.625,6.75,3.25,6.25]},"up":{"rotation":270,"texture":"#2","uv":[3.625,6.75,3.25,6.25]},"west":{"rotation":270,"texture":"#2","uv":[3.625,6.75,3.25,6.25]}},"from":[-5.82223,7.64368,5.75824],"rotation":{"angle":-22.5,"axis":"y","origin":[9.27579,7.97731,8.75429]},"to":[-4.04297,8.31094,11.76352]},{"faces":{"down":{"rotation":270,"texture":"#2","uv":[3.625,6.75,3.25,6.25]},"east":{"rotation":270,"texture":"#2","uv":[3.625,6.75,3.25,6.25]},"north":{"rotation":270,"texture":"#2","uv":[3.625,6.75,3.25,6.25]},"south":{"rotation":270,"texture":"#2","uv":[3.625,6.75,3.25,6.25]},"up":{"rotation":270,"texture":"#2","uv":[3.625,6.75,3.25,6.25]},"west":{"rotation":270,"texture":"#2","uv":[3.625,6.75,3.25,6.25]}},"from":[-5.8195,7.64368,5.75878],"rotation":{"angle":-45,"axis":"y","origin":[9.27579,7.97731,8.75429]},"to":[-4.04024,8.31094,11.76406]},{"faces":{"down":{"texture":"#2","uv":[3.625,6.75,3.25,6.25]},"east":{"texture":"#2","uv":[3.625,6.75,3.25,6.25]},"north":{"texture":"#2","uv":[3.625,6.75,3.25,6.25]},"south":{"texture":"#2","uv":[3.625,6.75,3.25,6.25]},"up":{"texture":"#2","uv":[3.625,6.75,3.25,6.25]},"west":{"texture":"#2","uv":[3.625,6.75,3.25,6.25]}},"from":[6.26811,7.64368,-6.33596],"rotation":{"angle":0,"axis":"y","origin":[9.27579,7.97731,8.75429]},"to":[12.27339,8.31094,-4.55671]},{"faces":{"down":{"texture":"#2","uv":[3.625,6.75,3.25,6.25]},"east":{"texture":"#2","uv":[3.625,6.75,3.25,6.25]},"north":{"texture":"#2","uv":[3.625,6.75,3.25,6.25]},"south":{"texture":"#2","uv":[3.625,6.75,3.25,6.25]},"up":{"texture":"#2","uv":[3.625,6.75,3.25,6.25]},"west":{"texture":"#2","uv":[3.625,6.75,3.25,6.25]}},"from":[6.27043,7.64368,-6.33441],"rotation":{"angle":-22.5,"axis":"y","origin":[9.27579,7.97731,8.75429]},"to":[12.27571,8.31094,-4.55516]},{"faces":{"down":{"texture":"#2","uv":[3.625,6.75,3.25,6.25]},"east":{"texture":"#2","uv":[3.625,6.75,3.25,6.25]},"north":{"texture":"#2","uv":[3.625,6.75,3.25,6.25]},"south":{"texture":"#2","uv":[3.625,6.75,3.25,6.25]},"up":{"texture":"#2","uv":[3.625,6.75,3.25,6.25]},"west":{"texture":"#2","uv":[3.625,6.75,3.25,6.25]}},"from":[6.27315,7.64368,-6.33387],"rotation":{"angle":-45,"axis":"y","origin":[9.27579,7.97731,8.75429]},"to":[12.27843,8.31094,-4.55462]},{"faces":{"down":{"rotation":90,"texture":"#2","uv":[3.625,6.75,3.25,6.25]},"east":{"rotation":90,"texture":"#2","uv":[3.625,6.75,3.25,6.25]},"north":{"rotation":90,"texture":"#2","uv":[3.625,6.75,3.25,6.25]},"south":{"rotation":90,"texture":"#2","uv":[3.625,6.75,3.25,6.25]},"up":{"rotation":90,"texture":"#2","uv":[3.625,6.75,3.25,6.25]},"west":{"rotation":90,"texture":"#2","uv":[3.625,6.75,3.25,6.25]}},"from":[22.58524,7.64368,5.75438],"rotation":{"angle":22.5,"axis":"y","origin":[9.27579,7.97731,8.75429]},"to":[24.3645,8.31094,11.75966]},{"faces":{"down":{"rotation":90,"texture":"#2","uv":[3.625,6.75,3.25,6.25]},"east":{"rotation":90,"texture":"#2","uv":[3.625,6.75,3.25,6.25]},"north":{"rotation":90,"texture":"#2","uv":[3.625,6.75,3.25,6.25]},"south":{"rotation":90,"texture":"#2","uv":[3.625,6.75,3.25,6.25]},"up":{"rotation":90,"texture":"#2","uv":[3.625,6.75,3.25,6.25]},"west":{"rotation":90,"texture":"#2","uv":[3.625,6.75,3.25,6.25]}},"from":[22.5891,7.64368,5.75824],"rotation":{"angle":-22.5,"axis":"y","origin":[9.27579,7.97731,8.75429]},"to":[24.36836,8.31094,11.76352]},{"faces":{"down":{"rotation":90,"texture":"#2","uv":[3.625,6.75,3.25,6.25]},"east":{"rotation":90,"texture":"#2","uv":[3.625,6.75,3.25,6.25]},"north":{"rotation":90,"texture":"#2","uv":[3.625,6.75,3.25,6.25]},"south":{"rotation":90,"texture":"#2","uv":[3.625,6.75,3.25,6.25]},"up":{"rotation":90,"texture":"#2","uv":[3.625,6.75,3.25,6.25]},"west":{"rotation":90,"texture":"#2","uv":[3.625,6.75,3.25,6.25]}},"from":[22.58679,7.64368,5.75669],"rotation":{"angle":0,"axis":"y","origin":[9.27579,7.97731,8.75429]},"to":[24.36604,8.31094,11.76197]},{"faces":{"down":{"rotation":90,"texture":"#2","uv":[3.625,6.75,3.25,6.25]},"east":{"rotation":90,"texture":"#2","uv":[3.625,6.75,3.25,6.25]},"north":{"rotation":90,"texture":"#2","uv":[3.625,6.75,3.25,6.25]},"south":{"rotation":90,"texture":"#2","uv":[3.625,6.75,3.25,6.25]},"up":{"rotation":90,"texture":"#2","uv":[3.625,6.75,3.25,6.25]},"west":{"rotation":90,"texture":"#2","uv":[3.625,6.75,3.25,6.25]}},"from":[22.59183,7.64368,5.64469],"rotation":{"angle":-45,"axis":"y","origin":[9.27579,7.97731,8.75429]},"to":[24.37109,8.31094,11.82111]},{"faces":{"down":{"rotation":180,"texture":"#2","uv":[3.625,6.75,3.25,6.25]},"east":{"rotation":180,"texture":"#2","uv":[3.625,6.75,3.25,6.25]},"north":{"rotation":180,"texture":"#2","uv":[3.625,6.75,3.25,6.25]},"south":{"rotation":180,"texture":"#2","uv":[3.625,6.75,3.25,6.25]},"up":{"rotation":180,"texture":"#2","uv":[3.625,6.75,3.25,6.25]},"west":{"rotation":180,"texture":"#2","uv":[3.625,6.75,3.25,6.25]}},"from":[6.26657,7.64368,22.07306],"rotation":{"angle":22.5,"axis":"y","origin":[9.27579,7.97731,8.75429]},"to":[12.27185,8.31094,23.85231]},{"faces":{"down":{"texture":"#2","uv":[3.625,6.75,3.25,6.25]},"east":{"texture":"#2","uv":[3.625,6.75,3.25,6.25]},"north":{"texture":"#2","uv":[3.625,6.75,3.25,6.25]},"south":{"texture":"#2","uv":[3.625,6.75,3.25,6.25]},"up":{"texture":"#2","uv":[3.625,6.75,3.25,6.25]},"west":{"texture":"#2","uv":[3.625,6.75,3.25,6.25]}},"from":[6.26811,7.64368,22.07537],"rotation":{"angle":0,"axis":"y","origin":[9.27579,7.97731,8.75429]},"to":[12.27339,8.31094,23.85462]},{"faces":{"down":{"rotation":180,"texture":"#2","uv":[3.625,6.75,3.25,6.25]},"east":{"rotation":180,"texture":"#2","uv":[3.625,6.75,3.25,6.25]},"north":{"rotation":180,"texture":"#2","uv":[3.625,6.75,3.25,6.25]},"south":{"rotation":180,"texture":"#2","uv":[3.625,6.75,3.25,6.25]},"up":{"rotation":180,"texture":"#2","uv":[3.625,6.75,3.25,6.25]},"west":{"rotation":180,"texture":"#2","uv":[3.625,6.75,3.25,6.25]}},"from":[6.27043,7.64368,22.07692],"rotation":{"angle":-22.5,"axis":"y","origin":[9.27579,7.97731,8.75429]},"to":[12.27571,8.31094,23.85617]},{"faces":{"down":{"rotation":180,"texture":"#2","uv":[3.625,6.75,3.25,6.25]},"east":{"rotation":180,"texture":"#2","uv":[3.625,6.75,3.25,6.25]},"north":{"rotation":180,"texture":"#2","uv":[3.625,6.75,3.25,6.25]},"south":{"rotation":180,"texture":"#2","uv":[3.625,6.75,3.25,6.25]},"up":{"rotation":180,"texture":"#2","uv":[3.625,6.75,3.25,6.25]},"west":{"rotation":180,"texture":"#2","uv":[3.625,6.75,3.25,6.25]}},"from":[6.27315,7.64368,22.07746],"rotation":{"angle":-45,"axis":"y","origin":[9.27579,7.97731,8.75429]},"to":[12.27843,8.31094,23.85671]},{"faces":{"down":{"texture":"#2","uv":[3.625,6.75,3.25,6.25]},"east":{"texture":"#2","uv":[3.625,6.75,3.25,6.25]},"north":{"texture":"#2","uv":[3.625,6.75,3.25,6.25]},"south":{"texture":"#2","uv":[3.625,6.75,3.25,6.25]},"up":{"texture":"#2","uv":[3.625,6.75,3.25,6.25]},"west":{"texture":"#2","uv":[3.625,6.75,3.25,6.25]}},"from":[6.26657,7.64368,-6.33827],"rotation":{"angle":22.5,"axis":"y","origin":[9.27579,7.97731,8.75429]},"to":[12.27185,8.31094,-4.55902]},{"faces":{"down":{"texture":"#2","uv":[3.625,6.75,3.25,6.25]},"east":{"texture":"#2","uv":[3.625,6.75,3.25,6.25]},"north":{"texture":"#2","uv":[3.625,6.75,3.25,6.25]},"south":{"texture":"#2","uv":[3.625,6.75,3.25,6.25]},"up":{"texture":"#2","uv":[3.625,6.75,3.25,6.25]},"west":{"texture":"#2","uv":[3.625,6.75,3.25,6.25]}},"from":[4.46111,7.64368,21.51937],"rotation":{"angle":-22.5,"axis":"y","origin":[9.27075,7.97731,22.965]},"to":[10.46639,8.31094,23.29862]},{"faces":{"down":{"texture":"#2","uv":[3.625,6.75,3.25,6.25]},"east":{"texture":"#2","uv":[3.625,6.75,3.25,6.25]},"north":{"texture":"#2","uv":[3.625,6.75,3.25,6.25]},"south":{"texture":"#2","uv":[3.625,6.75,3.25,6.25]},"up":{"texture":"#2","uv":[3.625,6.75,3.25,6.25]},"west":{"texture":"#2","uv":[3.625,6.75,3.25,6.25]}},"from":[0.20278,7.64368,17.79078],"rotation":{"angle":-45,"axis":"y","origin":[3.20542,7.97731,18.68041]},"to":[6.20806,8.31094,19.57004]},{"faces":{"down":{"rotation":90,"texture":"#2","uv":[3.625,6.75,3.25,6.25]},"east":{"rotation":90,"texture":"#2","uv":[3.625,6.75,3.25,6.25]},"north":{"rotation":90,"texture":"#2","uv":[3.625,6.75,3.25,6.25]},"south":{"rotation":90,"texture":"#2","uv":[3.625,6.75,3.25,6.25]},"up":{"rotation":90,"texture":"#2","uv":[3.625,6.75,3.25,6.25]},"west":{"rotation":90,"texture":"#2","uv":[3.625,6.75,3.25,6.25]}},"from":[0.25567,7.64368,4.5199],"rotation":{"angle":-22.5,"axis":"y","origin":[1.55299,7.97731,4.77795]},"to":[2.03493,8.31094,9.13518]},{"faces":{"down":{"rotation":90,"texture":"#2","uv":[3.625,6.75,3.25,6.25]},"east":{"rotation":90,"texture":"#2","uv":[3.625,6.75,3.25,6.25]},"north":{"rotation":90,"texture":"#2","uv":[3.625,6.75,3.25,6.25]},"south":{"rotation":90,"texture":"#2","uv":[3.625,6.75,3.25,6.25]},"up":{"rotation":90,"texture":"#2","uv":[3.625,6.75,3.25,6.25]},"west":{"rotation":90,"texture":"#2","uv":[3.625,6.75,3.25,6.25]}},"from":[-1.31302,7.64368,12.40622],"rotation":{"angle":22.5,"axis":"y","origin":[-0.0157,7.97731,12.66427]},"to":[0.46624,8.31094,17.0215]},{"faces":{"down":{"rotation":90,"texture":"#2","uv":[3.625,6.75,3.25,6.25]},"east":{"rotation":90,"texture":"#2","uv":[3.625,6.75,3.25,6.25]},"north":{"rotation":90,"texture":"#2","uv":[3.625,6.75,3.25,6.25]},"south":{"rotation":90,"texture":"#2","uv":[3.625,6.75,3.25,6.25]},"up":{"rotation":90,"texture":"#2","uv":[3.625,6.75,3.25,6.25]},"west":{"rotation":90,"texture":"#2","uv":[3.625,6.75,3.25,6.25]}},"from":[0.25567,7.64368,1.81072],"rotation":{"angle":-45,"axis":"y","origin":[1.55299,7.97731,4.77795]},"to":[2.03493,8.31094,5.036]},{"faces":{"down":{"rotation":180,"texture":"#2","uv":[3.625,6.75,3.25,6.25]},"east":{"rotation":180,"texture":"#2","uv":[3.625,6.75,3.25,6.25]},"north":{"rotation":180,"texture":"#2","uv":[3.625,6.75,3.25,6.25]},"south":{"rotation":180,"texture":"#2","uv":[3.625,6.75,3.25,6.25]},"up":{"rotation":180,"texture":"#2","uv":[3.625,6.75,3.25,6.25]},"west":{"rotation":180,"texture":"#2","uv":[3.625,6.75,3.25,6.25]}},"from":[3.21061,7.64368,1.56496],"rotation":{"angle":22.5,"axis":"y","origin":[3.46866,7.97731,2.86227]},"to":[6.43589,8.31094,3.34421]},{"faces":{"down":{"rotation":180,"texture":"#2","uv":[3.625,6.75,3.25,6.25]},"east":{"rotation":180,"texture":"#2","uv":[3.625,6.75,3.25,6.25]},"north":{"rotation":180,"texture":"#2","uv":[3.625,6.75,3.25,6.25]},"south":{"rotation":180,"texture":"#2","uv":[3.625,6.75,3.25,6.25]},"up":{"rotation":180,"texture":"#2","uv":[3.625,6.75,3.25,6.25]},"west":{"rotation":180,"texture":"#2","uv":[3.625,6.75,3.25,6.25]}},"from":[5.71356,7.64368,0.5282],"rotation":{"angle":0,"axis":"y","origin":[5.97162,7.97731,1.82551]},"to":[7.54884,8.31094,2.30745]},{"faces":{"down":{"rotation":180,"texture":"#2","uv":[3.625,6.75,3.25,6.25]},"east":{"rotation":180,"texture":"#2","uv":[3.625,6.75,3.25,6.25]},"north":{"rotation":180,"texture":"#2","uv":[3.625,6.75,3.25,6.25]},"south":{"rotation":180,"texture":"#2","uv":[3.625,6.75,3.25,6.25]},"up":{"rotation":180,"texture":"#2","uv":[3.625,6.75,3.25,6.25]},"west":{"rotation":180,"texture":"#2","uv":[3.625,6.75,3.25,6.25]}},"from":[8.03769,7.64368,2.08113],"rotation":{"angle":-45,"axis":"y","origin":[9.66783,7.97731,3.11248]},"to":[9.87297,8.31094,3.86039]},{"faces":{"down":{"rotation":270,"texture":"#2","uv":[3.625,6.75,3.25,6.25]},"east":{"rotation":270,"texture":"#2","uv":[3.625,6.75,3.25,6.25]},"north":{"rotation":270,"texture":"#2","uv":[3.625,6.75,3.25,6.25]},"south":{"rotation":270,"texture":"#2","uv":[3.625,6.75,3.25,6.25]},"up":{"rotation":270,"texture":"#2","uv":[3.625,6.75,3.25,6.25]},"west":{"rotation":270,"texture":"#2","uv":[3.625,6.75,3.25,6.25]}},"from":[9.46524,7.64368,4.22385],"rotation":{"angle":0,"axis":"y","origin":[10.21314,7.97731,5.85398]},"to":[11.24449,8.31094,6.05913]},{"faces":{"down":{"rotation":180,"texture":"#2","uv":[3.625,6.75,3.25,6.25]},"east":{"rotation":180,"texture":"#2","uv":[3.625,6.75,3.25,6.25]},"north":{"rotation":180,"texture":"#2","uv":[3.625,6.75,3.25,6.25]},"south":{"rotation":180,"texture":"#2","uv":[3.625,6.75,3.25,6.25]},"up":{"rotation":180,"texture":"#2","uv":[3.625,6.75,3.25,6.25]},"west":{"rotation":180,"texture":"#2","uv":[3.625,6.75,3.25,6.25]}},"from":[7.03274,7.64368,0.5282],"rotation":{"angle":-22.5,"axis":"y","origin":[7.29079,7.97731,1.82551]},"to":[8.86802,8.31094,2.30745]},{"faces":{"down":{"rotation":270,"texture":"#2","uv":[3.625,6.75,3.25,6.25]},"east":{"rotation":270,"texture":"#2","uv":[3.625,6.75,3.25,6.25]},"north":{"rotation":270,"texture":"#2","uv":[3.625,6.75,3.25,6.25]},"south":{"rotation":270,"texture":"#2","uv":[3.625,6.75,3.25,6.25]},"up":{"rotation":270,"texture":"#2","uv":[3.625,6.75,3.25,6.25]},"west":{"rotation":270,"texture":"#2","uv":[3.625,6.75,3.25,6.25]}},"from":[8.91992,7.64368,2.90733],"rotation":{"angle":22.5,"axis":"y","origin":[9.66783,7.97731,3.11248]},"to":[10.69918,8.31094,4.74261]},{"faces":{"down":{"rotation":270,"texture":"#2","uv":[3.625,6.75,3.25,6.25]},"east":{"rotation":270,"texture":"#2","uv":[3.625,6.75,3.25,6.25]},"north":{"rotation":270,"texture":"#2","uv":[3.625,6.75,3.25,6.25]},"south":{"rotation":270,"texture":"#2","uv":[3.625,6.75,3.25,6.25]},"up":{"rotation":270,"texture":"#2","uv":[3.625,6.75,3.25,6.25]},"west":{"rotation":270,"texture":"#2","uv":[3.625,6.75,3.25,6.25]}},"from":[9.46524,7.64368,5.64883],"rotation":{"angle":-22.5,"axis":"y","origin":[10.21314,7.97731,5.85398]},"to":[11.24449,8.31094,7.48411]},{"faces":{"down":{"rotation":270,"texture":"#2","uv":[3.625,6.75,3.25,6.25]},"east":{"rotation":270,"texture":"#2","uv":[3.625,6.75,3.25,6.25]},"north":{"rotation":270,"texture":"#2","uv":[3.625,6.75,3.25,6.25]},"south":{"rotation":270,"texture":"#2","uv":[3.625,6.75,3.25,6.25]},"up":{"rotation":270,"texture":"#2","uv":[3.625,6.75,3.25,6.25]},"west":{"rotation":270,"texture":"#2","uv":[3.625,6.75,3.25,6.25]}},"from":[8.91992,7.64368,6.96534],"rotation":{"angle":-45,"axis":"y","origin":[9.66783,7.97731,7.17049]},"to":[10.69918,8.31094,8.10563]},{"faces":{"down":{"rotation":90,"texture":"#2","uv":[3.625,6.75,3.25,6.25]},"east":{"rotation":90,"texture":"#2","uv":[3.625,6.75,3.25,6.25]},"north":{"rotation":90,"texture":"#2","uv":[3.625,6.75,3.25,6.25]},"south":{"rotation":90,"texture":"#2","uv":[3.625,6.75,3.25,6.25]},"up":{"rotation":90,"texture":"#2","uv":[3.625,6.75,3.25,6.25]},"west":{"rotation":90,"texture":"#2","uv":[3.625,6.75,3.25,6.25]}},"from":[7.78264,7.64368,9.79698],"rotation":{"angle":-45,"axis":"y","origin":[8.91541,7.97731,9.64907]},"to":[9.5619,8.31094,10.93726]},{"faces":{"down":{"texture":"#2","uv":[3.625,6.75,3.25,6.25]},"east":{"texture":"#2","uv":[3.625,6.75,3.25,6.25]},"north":{"texture":"#2","uv":[3.625,6.75,3.25,6.25]},"south":{"texture":"#2","uv":[3.625,6.75,3.25,6.25]},"up":{"texture":"#2","uv":[3.625,6.75,3.25,6.25]},"west":{"texture":"#2","uv":[3.625,6.75,3.25,6.25]}},"from":[7.5421,7.64368,7.21812],"rotation":{"angle":0,"axis":"y","origin":[8.47723,7.97731,7.96602]},"to":[8.68238,8.31094,8.99737]},{"faces":{"down":{"rotation":180,"texture":"#2","uv":[3.625,6.75,3.25,6.25]},"east":{"rotation":180,"texture":"#2","uv":[3.625,6.75,3.25,6.25]},"north":{"rotation":180,"texture":"#2","uv":[3.625,6.75,3.25,6.25]},"south":{"rotation":180,"texture":"#2","uv":[3.625,6.75,3.25,6.25]},"up":{"rotation":180,"texture":"#2","uv":[3.625,6.75,3.25,6.25]},"west":{"rotation":180,"texture":"#2","uv":[3.625,6.75,3.25,6.25]}},"from":[9.06332,7.64368,8.51631],"rotation":{"angle":0,"axis":"y","origin":[8.91541,7.97731,9.64907]},"to":[10.2036,8.31094,10.29556]},{"faces":{"down":{"rotation":180,"texture":"#2","uv":[3.625,6.75,3.25,6.25]},"east":{"rotation":180,"texture":"#2","uv":[3.625,6.75,3.25,6.25]},"north":{"rotation":180,"texture":"#2","uv":[3.625,6.75,3.25,6.25]},"south":{"rotation":180,"texture":"#2","uv":[3.625,6.75,3.25,6.25]},"up":{"rotation":180,"texture":"#2","uv":[3.625,6.75,3.25,6.25]},"west":{"rotation":180,"texture":"#2","uv":[3.625,6.75,3.25,6.25]}},"from":[9.78978,7.64368,8.49738],"rotation":{"angle":45,"axis":"y","origin":[9.64187,7.97731,9.94301]},"to":[11.04791,8.31094,10.5895]},{"faces":{"down":{"rotation":180,"texture":"#2","uv":[3.625,6.75,3.25,6.25]},"east":{"rotation":180,"texture":"#2","uv":[3.625,6.75,3.25,6.25]},"north":{"rotation":180,"texture":"#2","uv":[3.625,6.75,3.25,6.25]},"south":{"rotation":180,"texture":"#2","uv":[3.625,6.75,3.25,6.25]},"up":{"rotation":180,"texture":"#2","uv":[3.625,6.75,3.25,6.25]},"west":{"rotation":180,"texture":"#2","uv":[3.625,6.75,3.25,6.25]}},"from":[7.71801,7.64368,7.78892],"rotation":{"angle":45,"axis":"y","origin":[7.5701,7.97731,9.23455]},"to":[8.97613,8.31094,9.88104]},{"faces":{"down":{"texture":"#2","uv":[3.625,6.75,3.25,6.25]},"east":{"texture":"#2","uv":[3.625,6.75,3.25,6.25]},"north":{"texture":"#2","uv":[3.625,6.75,3.25,6.25]},"south":{"texture":"#2","uv":[3.625,6.75,3.25,6.25]},"up":{"texture":"#2","uv":[3.625,6.75,3.25,6.25]},"west":{"texture":"#2","uv":[3.625,6.75,3.25,6.25]}},"from":[8.21652,7.64368,6.93877],"rotation":{"angle":22.5,"axis":"y","origin":[9.15165,7.97731,7.68667]},"to":[9.3568,8.31094,8.71802]},{"faces":{"down":{"rotation":180,"texture":"#2","uv":[3.625,6.75,3.25,6.25]},"east":{"rotation":180,"texture":"#2","uv":[3.625,6.75,3.25,6.25]},"north":{"rotation":180,"texture":"#2","uv":[3.625,6.75,3.25,6.25]},"south":{"rotation":180,"texture":"#2","uv":[3.625,6.75,3.25,6.25]},"up":{"rotation":180,"texture":"#2","uv":[3.625,6.75,3.25,6.25]},"west":{"rotation":180,"texture":"#2","uv":[3.625,6.75,3.25,6.25]}},"from":[8.34527,7.64368,8.65914],"rotation":{"angle":22.5,"axis":"y","origin":[8.91541,7.97731,9.64907]},"to":[9.48555,8.31094,10.43839]},{"faces":{"down":{"rotation":90,"texture":"#2","uv":[3.625,6.75,3.25,6.25]},"east":{"rotation":90,"texture":"#2","uv":[3.625,6.75,3.25,6.25]},"north":{"rotation":90,"texture":"#2","uv":[3.625,6.75,3.25,6.25]},"south":{"rotation":90,"texture":"#2","uv":[3.625,6.75,3.25,6.25]},"up":{"rotation":90,"texture":"#2","uv":[3.625,6.75,3.25,6.25]},"west":{"rotation":90,"texture":"#2","uv":[3.625,6.75,3.25,6.25]}},"from":[-1.31302,7.64368,8.30704],"rotation":{"angle":0,"axis":"y","origin":[-0.0157,7.97731,12.66427]},"to":[0.46624,8.31094,12.92232]},{"faces":{"down":{"texture":"#2","uv":[3.625,6.75,3.25,6.25]},"east":{"texture":"#2","uv":[3.625,6.75,3.25,6.25]},"north":{"texture":"#2","uv":[3.625,6.75,3.25,6.25]},"south":{"texture":"#2","uv":[3.625,6.75,3.25,6.25]},"up":{"texture":"#2","uv":[3.625,6.75,3.25,6.25]},"west":{"texture":"#2","uv":[3.625,6.75,3.25,6.25]}},"from":[1.63999,7.64368,-3.20134],"rotation":{"angle":-22.5,"axis":"y","origin":[12.14962,7.97731,10.01585]},"to":[7.64528,8.31094,-1.42209]},{"faces":{"down":{"texture":"#2","uv":[3.625,6.75,3.25,6.25]},"east":{"texture":"#2","uv":[3.625,6.75,3.25,6.25]},"north":{"texture":"#2","uv":[3.625,6.75,3.25,6.25]},"south":{"texture":"#2","uv":[3.625,6.75,3.25,6.25]},"up":{"texture":"#2","uv":[3.625,6.75,3.25,6.25]},"west":{"texture":"#2","uv":[3.625,6.75,3.25,6.25]}},"from":[2.93015,7.64368,-0.4715],"rotation":{"angle":-45,"axis":"y","origin":[12.14962,7.97731,10.01585]},"to":[8.93543,8.31094,1.30775]},{"faces":{"down":{"rotation":90,"texture":"#2","uv":[3.625,6.75,3.25,6.25]},"east":{"rotation":90,"texture":"#2","uv":[3.625,6.75,3.25,6.25]},"north":{"rotation":90,"texture":"#2","uv":[3.625,6.75,3.25,6.25]},"south":{"rotation":90,"texture":"#2","uv":[3.625,6.75,3.25,6.25]},"up":{"rotation":90,"texture":"#2","uv":[3.625,6.75,3.25,6.25]},"west":{"rotation":90,"texture":"#2","uv":[3.625,6.75,3.25,6.25]}},"from":[16.44386,7.64368,6.62424],"rotation":{"angle":-22.5,"axis":"y","origin":[12.14962,7.97731,10.01585]},"to":[18.22312,8.31094,11.23952]},{"faces":{"down":{"rotation":90,"texture":"#2","uv":[3.625,6.75,3.25,6.25]},"east":{"rotation":90,"texture":"#2","uv":[3.625,6.75,3.25,6.25]},"north":{"rotation":90,"texture":"#2","uv":[3.625,6.75,3.25,6.25]},"south":{"rotation":90,"texture":"#2","uv":[3.625,6.75,3.25,6.25]},"up":{"rotation":90,"texture":"#2","uv":[3.625,6.75,3.25,6.25]},"west":{"rotation":90,"texture":"#2","uv":[3.625,6.75,3.25,6.25]}},"from":[18.8294,7.64368,3.03299],"rotation":{"angle":22.5,"axis":"y","origin":[12.14962,7.97731,10.01585]},"to":[20.60865,8.31094,7.64827]},{"faces":{"down":{"rotation":90,"texture":"#2","uv":[3.625,6.75,3.25,6.25]},"east":{"rotation":90,"texture":"#2","uv":[3.625,6.75,3.25,6.25]},"north":{"rotation":90,"texture":"#2","uv":[3.625,6.75,3.25,6.25]},"south":{"rotation":90,"texture":"#2","uv":[3.625,6.75,3.25,6.25]},"up":{"rotation":90,"texture":"#2","uv":[3.625,6.75,3.25,6.25]},"west":{"rotation":90,"texture":"#2","uv":[3.625,6.75,3.25,6.25]}},"from":[16.44983,7.64368,8.82215],"rotation":{"angle":-45,"axis":"y","origin":[12.14962,7.97731,10.01585]},"to":[18.22908,8.31094,12.04743]},{"faces":{"down":{"rotation":180,"texture":"#2","uv":[3.625,6.75,3.25,6.25]},"east":{"rotation":180,"texture":"#2","uv":[3.625,6.75,3.25,6.25]},"north":{"rotation":180,"texture":"#2","uv":[3.625,6.75,3.25,6.25]},"south":{"rotation":180,"texture":"#2","uv":[3.625,6.75,3.25,6.25]},"up":{"rotation":180,"texture":"#2","uv":[3.625,6.75,3.25,6.25]},"west":{"rotation":180,"texture":"#2","uv":[3.625,6.75,3.25,6.25]}},"from":[9.37391,7.64368,14.63074],"rotation":{"angle":22.5,"axis":"y","origin":[12.14962,7.97731,10.01585]},"to":[12.59919,8.31094,16.40999]},{"faces":{"down":{"rotation":180,"texture":"#2","uv":[3.625,6.75,3.25,6.25]},"east":{"rotation":180,"texture":"#2","uv":[3.625,6.75,3.25,6.25]},"north":{"rotation":180,"texture":"#2","uv":[3.625,6.75,3.25,6.25]},"south":{"rotation":180,"texture":"#2","uv":[3.625,6.75,3.25,6.25]},"up":{"rotation":180,"texture":"#2","uv":[3.625,6.75,3.25,6.25]},"west":{"rotation":180,"texture":"#2","uv":[3.625,6.75,3.25,6.25]}},"from":[10.19685,7.64368,15.20623],"rotation":{"angle":0,"axis":"y","origin":[12.14962,7.97731,10.01585]},"to":[12.03213,8.31094,16.98548]},{"faces":{"down":{"rotation":180,"texture":"#2","uv":[3.625,6.75,3.25,6.25]},"east":{"rotation":180,"texture":"#2","uv":[3.625,6.75,3.25,6.25]},"north":{"rotation":180,"texture":"#2","uv":[3.625,6.75,3.25,6.25]},"south":{"rotation":180,"texture":"#2","uv":[3.625,6.75,3.25,6.25]},"up":{"rotation":180,"texture":"#2","uv":[3.625,6.75,3.25,6.25]},"west":{"rotation":180,"texture":"#2","uv":[3.625,6.75,3.25,6.25]}},"from":[12.16622,7.64368,15.24801],"rotation":{"angle":-45,"axis":"y","origin":[12.14962,7.97731,10.01585]},"to":[14.0015,8.31094,17.02727]},{"faces":{"down":{"rotation":270,"texture":"#2","uv":[3.625,6.75,3.25,6.25]},"east":{"rotation":270,"texture":"#2","uv":[3.625,6.75,3.25,6.25]},"north":{"rotation":270,"texture":"#2","uv":[3.625,6.75,3.25,6.25]},"south":{"rotation":270,"texture":"#2","uv":[3.625,6.75,3.25,6.25]},"up":{"rotation":270,"texture":"#2","uv":[3.625,6.75,3.25,6.25]},"west":{"rotation":270,"texture":"#2","uv":[3.625,6.75,3.25,6.25]}},"from":[6.5012,7.64368,11.45455],"rotation":{"angle":0,"axis":"y","origin":[7.53255,7.97731,11.6597]},"to":[8.28046,8.31094,13.28983]},{"faces":{"down":{"rotation":180,"texture":"#2","uv":[3.625,6.75,3.25,6.25]},"east":{"rotation":180,"texture":"#2","uv":[3.625,6.75,3.25,6.25]},"north":{"rotation":180,"texture":"#2","uv":[3.625,6.75,3.25,6.25]},"south":{"rotation":180,"texture":"#2","uv":[3.625,6.75,3.25,6.25]},"up":{"rotation":180,"texture":"#2","uv":[3.625,6.75,3.25,6.25]},"west":{"rotation":180,"texture":"#2","uv":[3.625,6.75,3.25,6.25]}},"from":[11.17738,7.64368,15.42299],"rotation":{"angle":-22.5,"axis":"y","origin":[12.14962,7.97731,10.01585]},"to":[13.01266,8.31094,17.20224]},{"faces":{"down":{"rotation":270,"texture":"#2","uv":[3.625,6.75,3.25,6.25]},"east":{"rotation":270,"texture":"#2","uv":[3.625,6.75,3.25,6.25]},"north":{"rotation":270,"texture":"#2","uv":[3.625,6.75,3.25,6.25]},"south":{"rotation":270,"texture":"#2","uv":[3.625,6.75,3.25,6.25]},"up":{"rotation":270,"texture":"#2","uv":[3.625,6.75,3.25,6.25]},"west":{"rotation":270,"texture":"#2","uv":[3.625,6.75,3.25,6.25]}},"from":[5.67826,7.64368,10.87906],"rotation":{"angle":22.5,"axis":"y","origin":[12.14962,7.97731,10.01585]},"to":[7.45752,8.31094,12.71434]},{"faces":{"down":{"rotation":270,"texture":"#2","uv":[3.625,6.75,3.25,6.25]},"east":{"rotation":270,"texture":"#2","uv":[3.625,6.75,3.25,6.25]},"north":{"rotation":270,"texture":"#2","uv":[3.625,6.75,3.25,6.25]},"south":{"rotation":270,"texture":"#2","uv":[3.625,6.75,3.25,6.25]},"up":{"rotation":270,"texture":"#2","uv":[3.625,6.75,3.25,6.25]},"west":{"rotation":270,"texture":"#2","uv":[3.625,6.75,3.25,6.25]}},"from":[6.5012,7.64368,10.02957],"rotation":{"angle":-22.5,"axis":"y","origin":[7.53255,7.97731,11.6597]},"to":[8.28046,8.31094,11.86485]},{"faces":{"down":{"rotation":90,"texture":"#2","uv":[3.625,6.75,3.25,6.25]},"east":{"rotation":90,"texture":"#2","uv":[3.625,6.75,3.25,6.25]},"north":{"rotation":90,"texture":"#2","uv":[3.625,6.75,3.25,6.25]},"south":{"rotation":90,"texture":"#2","uv":[3.625,6.75,3.25,6.25]},"up":{"rotation":90,"texture":"#2","uv":[3.625,6.75,3.25,6.25]},"west":{"rotation":90,"texture":"#2","uv":[3.625,6.75,3.25,6.25]}},"from":[17.27946,7.64368,4.59136],"rotation":{"angle":0,"axis":"y","origin":[12.14962,7.97731,10.01585]},"to":[19.05871,8.31094,9.20664]},{"faces":{"down":{"rotation":270,"texture":"#1","uv":[4,11,5,12]},"east":{"rotation":270,"texture":"#1","uv":[4,11,5,12]},"north":{"rotation":270,"texture":"#1","uv":[4,11,5,12]},"south":{"rotation":270,"texture":"#1","uv":[4,11,5,12]},"up":{"rotation":270,"texture":"#1","uv":[4,11,5,12]},"west":{"rotation":270,"texture":"#1","uv":[4,11,5,12]}},"from":[-12.46717,7.62963,4.43901],"rotation":{"angle":-22.5,"axis":"y","origin":[9.27201,7.97661,8.75807]},"to":[31.00727,8.29024,13.08662]},{"faces":{"down":{"rotation":270,"texture":"#1","uv":[4,11,5,12]},"east":{"rotation":270,"texture":"#1","uv":[4,11,5,12]},"north":{"rotation":270,"texture":"#1","uv":[4,11,5,12]},"south":{"rotation":270,"texture":"#1","uv":[4,11,5,12]},"up":{"rotation":270,"texture":"#1","uv":[4,11,5,12]},"west":{"rotation":270,"texture":"#1","uv":[4,11,5,12]}},"from":[-12.46521,7.62963,4.4394],"rotation":{"angle":-45,"axis":"y","origin":[9.27201,7.97661,8.75807]},"to":[31.00923,8.29024,13.08701]},{"faces":{"down":{"texture":"#1","uv":[4,11,5,12]},"east":{"texture":"#1","uv":[4,11,5,12]},"north":{"texture":"#1","uv":[4,11,5,12]},"south":{"texture":"#1","uv":[4,11,5,12]},"up":{"texture":"#1","uv":[4,11,5,12]},"west":{"texture":"#1","uv":[4,11,5,12]}},"from":[4.94458,7.62963,-12.97552],"rotation":{"angle":0,"axis":"y","origin":[9.27201,7.97661,8.75807]},"to":[13.59218,8.29024,30.49892]},{"faces":{"down":{"texture":"#1","uv":[4,11,5,12]},"east":{"texture":"#1","uv":[4,11,5,12]},"north":{"texture":"#1","uv":[4,11,5,12]},"south":{"texture":"#1","uv":[4,11,5,12]},"up":{"texture":"#1","uv":[4,11,5,12]},"west":{"texture":"#1","uv":[4,11,5,12]}},"from":[4.94625,7.62963,-12.9744],"rotation":{"angle":-22.5,"axis":"y","origin":[9.27201,7.97661,8.75807]},"to":[13.59385,8.29024,30.50004]},{"faces":{"down":{"texture":"#1","uv":[4,11,5,12]},"east":{"texture":"#1","uv":[4,11,5,12]},"north":{"texture":"#1","uv":[4,11,5,12]},"south":{"texture":"#1","uv":[4,11,5,12]},"up":{"texture":"#1","uv":[4,11,5,12]},"west":{"texture":"#1","uv":[4,11,5,12]}},"from":[4.94821,7.62963,-12.97401],"rotation":{"angle":-45,"axis":"y","origin":[9.27201,7.97661,8.75807]},"to":[13.59581,8.29024,30.50043]},{"faces":{"down":{"rotation":90,"texture":"#1","uv":[4,11,5,12]},"east":{"rotation":90,"texture":"#1","uv":[4,11,5,12]},"north":{"rotation":90,"texture":"#1","uv":[4,11,5,12]},"south":{"rotation":90,"texture":"#1","uv":[4,11,5,12]},"up":{"rotation":90,"texture":"#1","uv":[4,11,5,12]},"west":{"rotation":90,"texture":"#1","uv":[4,11,5,12]}},"from":[-12.46995,7.62963,4.43624],"rotation":{"angle":22.5,"axis":"y","origin":[9.27201,7.97661,8.75807]},"to":[31.00449,8.29024,13.08384]},{"faces":{"down":{"rotation":90,"texture":"#1","uv":[4,11,5,12]},"east":{"rotation":90,"texture":"#1","uv":[4,11,5,12]},"north":{"rotation":90,"texture":"#1","uv":[4,11,5,12]},"south":{"rotation":90,"texture":"#1","uv":[4,11,5,12]},"up":{"rotation":90,"texture":"#1","uv":[4,11,5,12]},"west":{"rotation":90,"texture":"#1","uv":[4,11,5,12]}},"from":[-12.46884,7.62963,4.4379],"rotation":{"angle":0,"axis":"y","origin":[9.27201,7.97661,8.75807]},"to":[31.0056,8.29024,13.0855]},{"faces":{"down":{"texture":"#1","uv":[4,11,5,12]},"east":{"texture":"#1","uv":[4,11,5,12]},"north":{"texture":"#1","uv":[4,11,5,12]},"south":{"texture":"#1","uv":[4,11,5,12]},"up":{"texture":"#1","uv":[4,11,5,12]},"west":{"texture":"#1","uv":[4,11,5,12]}},"from":[4.94347,7.62963,-12.97718],"rotation":{"angle":22.5,"axis":"y","origin":[9.27201,7.97661,8.75807]},"to":[13.59107,8.29024,30.49726]},{"faces":{"down":{"texture":"#0","uv":[7,7,8,8]},"east":{"texture":"#0","uv":[7,7,8,8]},"north":{"texture":"#0","uv":[7,7,8,8]},"south":{"texture":"#0","uv":[7,7,8,8]},"up":{"texture":"#0","uv":[7,7,8,8]},"west":{"texture":"#0","uv":[7,7,8,8]}},"from":[-3.56765,8.22056,-3.40566],"rotation":{"angle":22.5,"axis":"y","origin":[-0.78765,8.42906,-0.62566]},"to":[1.99235,8.63756,2.15434]},{"faces":{"down":{"texture":"#0","uv":[7,7,8,8]},"east":{"texture":"#0","uv":[7,7,8,8]},"north":{"texture":"#0","uv":[7,7,8,8]},"south":{"texture":"#0","uv":[7,7,8,8]},"up":{"texture":"#0","uv":[7,7,8,8]},"west":{"texture":"#0","uv":[7,7,8,8]}},"from":[1.71435,8.22056,14.10834],"rotation":{"angle":0,"axis":"y","origin":[-3.56765,-3.14269,-3.40566]},"to":[7.27435,8.63756,19.66834]},{"faces":{"down":{"texture":"#0","uv":[7,7,8,8]},"east":{"texture":"#0","uv":[7,7,8,8]},"north":{"texture":"#0","uv":[7,7,8,8]},"south":{"texture":"#0","uv":[7,7,8,8]},"up":{"texture":"#0","uv":[7,7,8,8]},"west":{"texture":"#0","uv":[7,7,8,8]}},"from":[-3.1854,8.22056,-6.88066],"rotation":{"angle":0,"axis":"y","origin":[-3.56765,-3.14269,-3.40566]},"to":[-0.4054,8.63756,-4.10066]},{"faces":{"down":{"texture":"#0","uv":[7,7,8,8]},"east":{"texture":"#0","uv":[7,7,8,8]},"north":{"texture":"#0","uv":[7,7,8,8]},"south":{"texture":"#0","uv":[7,7,8,8]},"up":{"texture":"#0","uv":[7,7,8,8]},"west":{"texture":"#0","uv":[7,7,8,8]}},"from":[-7.4944,8.22056,-1.18166],"rotation":{"angle":0,"axis":"y","origin":[-3.56765,-3.14269,-3.40566]},"to":[-4.7144,8.63756,1.59834]},{"faces":{"down":{"texture":"#0","uv":[7,7,8,8]},"east":{"texture":"#0","uv":[7,7,8,8]},"north":{"texture":"#0","uv":[7,7,8,8]},"south":{"texture":"#0","uv":[7,7,8,8]},"up":{"texture":"#0","uv":[7,7,8,8]},"west":{"texture":"#0","uv":[7,7,8,8]}},"from":[7.5176,8.22056,19.94634],"rotation":{"angle":0,"axis":"y","origin":[-3.56765,-3.14269,-3.40566]},"to":[10.2976,8.63756,22.72634]},{"faces":{"down":{"texture":"#0","uv":[7,7,8,8]},"east":{"texture":"#0","uv":[7,7,8,8]},"north":{"texture":"#0","uv":[7,7,8,8]},"south":{"texture":"#0","uv":[7,7,8,8]},"up":{"texture":"#0","uv":[7,7,8,8]},"west":{"texture":"#0","uv":[7,7,8,8]}},"from":[11.4096,8.22056,18.00034],"rotation":{"angle":22.5,"axis":"y","origin":[12.7996,8.42906,19.39034]},"to":[14.1896,8.63756,20.78034]},{"faces":{"down":{"texture":"#0","uv":[7,7,8,8]},"east":{"texture":"#0","uv":[7,7,8,8]},"north":{"texture":"#0","uv":[7,7,8,8]},"south":{"texture":"#0","uv":[7,7,8,8]},"up":{"texture":"#0","uv":[7,7,8,8]},"west":{"texture":"#0","uv":[7,7,8,8]}},"from":[16.2746,8.22056,15.08134],"rotation":{"angle":0,"axis":"y","origin":[-3.56765,-3.14269,-3.40566]},"to":[19.0546,8.63756,17.86134]},{"faces":{"down":{"texture":"#0","uv":[7,7,8,8]},"east":{"texture":"#0","uv":[7,7,8,8]},"north":{"texture":"#0","uv":[7,7,8,8]},"south":{"texture":"#0","uv":[7,7,8,8]},"up":{"texture":"#0","uv":[7,7,8,8]},"west":{"texture":"#0","uv":[7,7,8,8]}},"from":[-8.4674,8.22056,12.30134],"rotation":{"angle":-22.5,"axis":"y","origin":[-7.0774,8.42906,13.69134]},"to":[-5.6874,8.63756,15.08134]},{"faces":{"down":{"texture":"#0","uv":[7,7,8,8]},"east":{"texture":"#0","uv":[7,7,8,8]},"north":{"texture":"#0","uv":[7,7,8,8]},"south":{"texture":"#0","uv":[7,7,8,8]},"up":{"texture":"#0","uv":[7,7,8,8]},"west":{"texture":"#0","uv":[7,7,8,8]}},"from":[14.4676,8.22056,-7.01966],"rotation":{"angle":-22.5,"axis":"y","origin":[15.8576,8.42906,-5.62966]},"to":[17.2476,8.63756,-4.23966]},{"faces":{"down":{"texture":"#0","uv":[7,7,8,8]},"east":{"texture":"#0","uv":[7,7,8,8]},"north":{"texture":"#0","uv":[7,7,8,8]},"south":{"texture":"#0","uv":[7,7,8,8]},"up":{"texture":"#0","uv":[7,7,8,8]},"west":{"texture":"#0","uv":[7,7,8,8]}},"from":[13.9116,8.22056,6.32434],"rotation":{"angle":22.5,"axis":"y","origin":[15.3016,8.42906,7.71434]},"to":[16.6916,8.63756,9.10434]},{"faces":{"down":{"texture":"#0","uv":[7,7,8,8]},"east":{"texture":"#0","uv":[7,7,8,8]},"north":{"texture":"#0","uv":[7,7,8,8]},"south":{"texture":"#0","uv":[7,7,8,8]},"up":{"texture":"#0","uv":[7,7,8,8]},"west":{"texture":"#0","uv":[7,7,8,8]}},"from":[-6.13915,8.22056,-5.49066],"rotation":{"angle":0,"axis":"y","origin":[-3.56765,-3.14269,-3.40566]},"to":[-4.74915,8.63756,-4.10066]},{"faces":{"down":{"texture":"#0","uv":[7,7,8,8]},"east":{"texture":"#0","uv":[7,7,8,8]},"north":{"texture":"#0","uv":[7,7,8,8]},"south":{"texture":"#0","uv":[7,7,8,8]},"up":{"texture":"#0","uv":[7,7,8,8]},"west":{"texture":"#0","uv":[7,7,8,8]}},"from":[11.65285,8.22056,15.63734],"rotation":{"angle":-22.5,"axis":"y","origin":[12.34785,8.42906,16.33234]},"to":[13.04285,8.63756,17.02734]},{"faces":{"down":{"texture":"#0","uv":[7,7,8,8]},"east":{"texture":"#0","uv":[7,7,8,8]},"north":{"texture":"#0","uv":[7,7,8,8]},"south":{"texture":"#0","uv":[7,7,8,8]},"up":{"texture":"#0","uv":[7,7,8,8]},"west":{"texture":"#0","uv":[7,7,8,8]}},"from":[15.40585,8.22056,18.83434],"rotation":{"angle":0,"axis":"y","origin":[-3.56765,-3.14269,-3.40566]},"to":[16.79585,8.63756,20.22434]},{"faces":{"down":{"texture":"#0","uv":[7,7,8,8]},"east":{"texture":"#0","uv":[7,7,8,8]},"north":{"texture":"#0","uv":[7,7,8,8]},"south":{"texture":"#0","uv":[7,7,8,8]},"up":{"texture":"#0","uv":[7,7,8,8]},"west":{"texture":"#0","uv":[7,7,8,8]}},"from":[18.46385,8.22056,12.71834],"rotation":{"angle":0,"axis":"y","origin":[-3.56765,-3.14269,-3.40566]},"to":[19.85385,8.63756,14.10834]},{"faces":{"down":{"texture":"#0","uv":[7,7,8,8]},"east":{"texture":"#0","uv":[7,7,8,8]},"north":{"texture":"#0","uv":[7,7,8,8]},"south":{"texture":"#0","uv":[7,7,8,8]},"up":{"texture":"#0","uv":[7,7,8,8]},"west":{"texture":"#0","uv":[7,7,8,8]}},"from":[11.79185,8.22056,-7.85366],"rotation":{"angle":0,"axis":"y","origin":[-3.56765,-3.14269,-3.40566]},"to":[13.18185,8.63756,-6.46366]},{"faces":{"down":{"texture":"#0","uv":[7,7,8,8]},"east":{"texture":"#0","uv":[7,7,8,8]},"north":{"texture":"#0","uv":[7,7,8,8]},"south":{"texture":"#0","uv":[7,7,8,8]},"up":{"texture":"#0","uv":[7,7,8,8]},"west":{"texture":"#0","uv":[7,7,8,8]}},"from":[20.40985,8.22056,15.35934],"rotation":{"angle":-22.5,"axis":"y","origin":[21.10485,8.42906,16.05434]},"to":[21.79985,8.63756,16.74934]},{"faces":{"down":{"texture":"#0","uv":[7,7,8,8]},"east":{"texture":"#0","uv":[7,7,8,8]},"north":{"texture":"#0","uv":[7,7,8,8]},"south":{"texture":"#0","uv":[7,7,8,8]},"up":{"texture":"#0","uv":[7,7,8,8]},"west":{"texture":"#0","uv":[7,7,8,8]}},"from":[20.40985,8.22056,9.79934],"rotation":{"angle":22.5,"axis":"y","origin":[21.10485,8.42906,10.49434]},"to":[21.79985,8.63756,11.18934]},{"faces":{"down":{"texture":"#0","uv":[7,7,8,8]},"east":{"texture":"#0","uv":[7,7,8,8]},"north":{"texture":"#0","uv":[7,7,8,8]},"south":{"texture":"#0","uv":[7,7,8,8]},"up":{"texture":"#0","uv":[7,7,8,8]},"west":{"texture":"#0","uv":[7,7,8,8]}},"from":[14.01585,8.22056,15.22034],"rotation":{"angle":0,"axis":"y","origin":[-3.56765,-3.14269,-3.40566]},"to":[15.40585,8.63756,16.61034]},{"faces":{"down":{"texture":"#0","uv":[7,7,8,8]},"east":{"texture":"#0","uv":[7,7,8,8]},"north":{"texture":"#0","uv":[7,7,8,8]},"south":{"texture":"#0","uv":[7,7,8,8]},"up":{"texture":"#0","uv":[7,7,8,8]},"west":{"texture":"#0","uv":[7,7,8,8]}},"from":[12.76485,8.22056,4.51734],"rotation":{"angle":0,"axis":"y","origin":[-3.56765,-3.14269,-3.40566]},"to":[14.15485,8.63756,5.90734]},{"faces":{"down":{"texture":"#0","uv":[7,7,8,8]},"east":{"texture":"#0","uv":[7,7,8,8]},"north":{"texture":"#0","uv":[7,7,8,8]},"south":{"texture":"#0","uv":[7,7,8,8]},"up":{"texture":"#0","uv":[7,7,8,8]},"west":{"texture":"#0","uv":[7,7,8,8]}},"from":[0.39385,8.22056,2.71034],"rotation":{"angle":0,"axis":"y","origin":[-3.56765,-3.14269,-3.40566]},"to":[1.78385,8.63756,4.10034]}],"groups":[{"children":[0,1,2,3,4,5,6,7,8,9,10,11,12,13,14,15],"name":"group","origin":[9.23989,8,8.74817]},{"children":[16,17,18,19,20,21,22,23,24,25,26,27,28,29,30,31],"name":"group","origin":[9.23989,8,8.74817]},{"children":[32,33,34,35,36,37,38,39,40,41,42,43,44,45,46,47],"name":"group","origin":[9.23989,8,8.74817]},{"children":[48,49,50,51,52,53,54,55,56,57,58,59,60,61,62,63,64,65,66,67,68],"name":"group","origin":[9.23626,8,18.9717]},{"children":[69,70,71,72,73,74,75,76,77,78,79,80,81],"name":"group","origin":[9.23626,8,18.9717]},{"children":[82,83,84,85,86,87,88,89],"name":"group","origin":[9.23989,8,8.74817]},90,91,92,93,94,95,96,97,98,99,100,101,102,103,104,105,106,107,108,109],"textures":{"0":"block/chiseled_quartz_block_top","1":"block/cyan_concrete_powder","2":"block/blue_concrete_powder","particle":"block/chiseled_quartz_block_top"}}