{"display":{"firstperson_lefthand":{"rotation":[10,103,0],"scale":[0.7,0.7,0.7],"translation":[0,2.25,0]},"firstperson_righthand":{"rotation":[10,103,0],"scale":[0.7,0.7,0.7],"translation":[0,2.25,0]},"fixed":{"scale":[0.4,0.4,0.4],"translation":[0,0,-3.25]},"ground":{"translation":[0,9.5,0]},"gui":{"rotation":[27,36,0],"scale":[0.4,0.4,0.4],"translation":[-0.25,-2,0]},"head":{"rotation":[0,-90,0],"scale":[3.7,3.7,3.7],"translation":[0,38,0]},"thirdperson_lefthand":{"rotation":[10,103,0],"scale":[0.7,0.7,0.7],"translation":[0,2.25,0]},"thirdperson_righthand":{"rotation":[10,-67,0],"scale":[0.7,0.7,0.7],"translation":[0,2.25,0]}},"elements":[{"faces":{"east":{"texture":"#0","uv":[4.83333,5.5,5,6.16667]},"north":{"texture":"#0","uv":[0,12.33333,0.25,13]},"south":{"texture":"#0","uv":[12.33333,9.5,12.58333,10.16667]},"up":{"texture":"#0","uv":[13.25,14.33333,13,14.16667]},"west":{"texture":"#0","uv":[12.33333,12.83333,12.5,13.5]}},"from":[-6.14759,3.80923,7.32622],"rotation":{"angle":22.5,"axis":"z","origin":[-6.44759,-4.19077,6.32622]},"to":[-4.54759,7.80923,8.32622]},{"faces":{"east":{"texture":"#0","uv":[12.66667,13.16667,12.83333,13.83333]},"north":{"texture":"#0","uv":[12.5,13.16667,12.66667,13.83333]},"south":{"texture":"#0","uv":[0,13.33333,0.16667,14]},"up":{"texture":"#0","uv":[14.66667,11,14.5,10.83333]},"west":{"texture":"#0","uv":[0.16667,13.33333,0.33333,14]}},"from":[-6.14759,7.80923,7.32622],"rotation":{"angle":22.5,"axis":"z","origin":[-6.44759,-4.19077,6.32622]},"to":[-5.04759,11.80923,8.32622]},{"faces":{"down":{"texture":"#0","uv":[14.91667,12.66667,14.83333,12.75]},"east":{"texture":"#0","uv":[14.83333,12.33333,14.91667,12.41667]},"north":{"texture":"#0","uv":[12.16667,14.83333,12.25,14.91667]},"south":{"texture":"#0","uv":[12.5,14.83333,12.58333,14.91667]},"up":{"texture":"#0","uv":[12.75,14.91667,12.66667,14.83333]},"west":{"texture":"#0","uv":[14.83333,12.5,14.91667,12.58333]}},"from":[-12.13227,10.70611,6.95238],"rotation":{"angle":45,"axis":"y","origin":[-11.15801,12.30611,7.58375]},"to":[-11.42517,11.40611,7.65949]},{"faces":{"down":{"texture":"#0","uv":[6.5,6.16667,5.66667,7.83333]},"east":{"texture":"#0","uv":[8.16667,8.5,9.83333,9]},"north":{"texture":"#0","uv":[1.66667,10,2.5,10.5]},"south":{"texture":"#0","uv":[10,2,10.83333,2.5]},"up":{"texture":"#0","uv":[5.66667,7.83333,4.83333,6.16667]},"west":{"texture":"#0","uv":[8.83333,7.33333,10.5,7.83333]}},"from":[13.7509,-7.24143,2.82622],"rotation":{"angle":22.5,"axis":"z","origin":[5.7509,-6.24143,5.82622]},"to":[18.7509,-4.34143,12.82622]},{"faces":{"down":{"texture":"#0","uv":[5.83333,3.33333,5,5.33333]},"north":{"texture":"#0","uv":[7,3.16667,7.83333,3.33333]},"south":{"texture":"#0","uv":[12.66667,4.66667,13.5,4.83333]},"up":{"texture":"#0","uv":[3.83333,7,3,5]},"west":{"texture":"#0","uv":[10.66667,1.16667,12.66667,1.33333]}},"from":[17.05823,-0.5691,1.82622],"rotation":{"angle":45,"axis":"z","origin":[19.55823,-0.0691,6.32622]},"to":[22.05823,0.4309,13.82622]},{"faces":{"east":{"texture":"#0","uv":[5.83333,3.33333,7.83333,4.16667]},"north":{"texture":"#0","uv":[4.33333,12.66667,4.5,13.5]},"south":{"texture":"#0","uv":[5.16667,12.66667,5.33333,13.5]},"west":{"texture":"#0","uv":[5.83333,4.16667,7.83333,5]}},"from":[22.59296,5.96451,1.82622],"rotation":{"angle":0,"axis":"y","origin":[22.63364,6.15533,6.32622]},"to":[23.59296,10.96451,13.82622]},{"faces":{"east":{"texture":"#0","uv":[5,5.33333,7,6.16667]},"north":{"texture":"#0","uv":[3.33333,12.66667,3.5,13.5]},"south":{"texture":"#0","uv":[4.16667,12.66667,4.33333,13.5]},"west":{"texture":"#0","uv":[5.5,0,7.5,0.83333]}},"from":[22.59296,1.34615,1.82622],"rotation":{"angle":-22.5,"axis":"z","origin":[22.63364,6.15533,6.32622]},"to":[23.59296,6.34615,13.82622]},{"faces":{"east":{"texture":"#0","uv":[5.83333,5,7.16667,5.33333]},"north":{"texture":"#0","uv":[8.5,14,8.66667,14.33333]},"south":{"texture":"#0","uv":[9.66667,14,9.83333,14.33333]},"up":{"texture":"#0","uv":[8.5,12.5,8.33333,11.16667]},"west":{"texture":"#0","uv":[6.83333,9.16667,8.16667,9.5]}},"from":[22.49296,3.96451,3.82622],"rotation":{"angle":0,"axis":"y","origin":[22.53364,4.15533,6.32622]},"to":[23.49296,5.96451,11.82622]},{"faces":{"east":{"texture":"#0","uv":[3.16667,9.16667,4.5,9.66667]},"north":{"texture":"#0","uv":[11.16667,13.5,11.33333,14]},"south":{"texture":"#0","uv":[12.33333,13.5,12.5,14]}},"from":[22.49296,1.34615,3.82622],"rotation":{"angle":-22.5,"axis":"z","origin":[22.53364,4.15533,6.32622]},"to":[23.49296,4.34615,11.82622]},{"faces":{"down":{"texture":"#0","uv":[1,9.16667,0.5,10.5]},"north":{"texture":"#0","uv":[10.5,13.66667,11,13.83333]},"south":{"texture":"#0","uv":[11.66667,13.66667,12.16667,13.83333]}},"from":[19.72359,-0.72134,3.82622],"rotation":{"angle":45,"axis":"z","origin":[20.22359,-0.22134,6.32622]},"to":[22.72359,0.27866,11.82622]},{"faces":{"down":{"texture":"#0","uv":[5.16667,9.66667,4.83333,11]},"north":{"texture":"#0","uv":[0.33333,12.5,0.66667,13]},"south":{"texture":"#0","uv":[0.66667,12.5,1,13]},"west":{"texture":"#0","uv":[8.16667,9,9.5,9.5]}},"from":[18.83048,-5.97945,3.82622],"rotation":{"angle":22.5,"axis":"z","origin":[7.83048,-4.97945,6.82622]},"to":[20.83048,-3.07945,11.82622]},{"faces":{"east":{"texture":"#0","uv":[5.16667,10.33333,5.5,11.5]},"north":{"texture":"#0","uv":[4.16667,10.16667,4.5,11.33333]},"south":{"texture":"#0","uv":[5.5,10.33333,5.83333,11.5]},"up":{"texture":"#0","uv":[12.5,8.16667,12.16667,7.83333]},"west":{"texture":"#0","uv":[0,10.5,0.33333,11.66667]}},"from":[-7.88774,-2.71394,6.82622],"rotation":{"angle":45,"axis":"z","origin":[-7.38774,1.78606,7.32622]},"to":[-5.78774,4.28606,8.82622]},{"faces":{"down":{"texture":"#0","uv":[2.83333,10.5,1.66667,10.83333]},"north":{"texture":"#0","uv":[8.16667,2.83333,9.33333,3.16667]},"south":{"texture":"#0","uv":[10.16667,6.66667,11.33333,7]}},"from":[-4.55827,-2.74425,6.82622],"rotation":{"angle":-22.5,"axis":"z","origin":[-2.05827,-2.24425,7.32622]},"to":[2.44173,-0.64425,8.82622]},{"faces":{"down":{"texture":"#0","uv":[11.66667,7.33333,10.5,7.66667]},"north":{"texture":"#0","uv":[2.83333,10.5,4,10.83333]},"south":{"texture":"#0","uv":[5.83333,10.5,7,10.83333]}},"from":[1.90784,-4.42826,6.82622],"rotation":{"angle":0,"axis":"y","origin":[4.40784,-3.92826,7.32622]},"to":[8.90784,-2.32826,8.82622]},{"faces":{"down":{"texture":"#0","uv":[4.83333,14.16667,4.66667,14.5]},"north":{"texture":"#0","uv":[12.33333,14,12.5,14.33333]},"south":{"texture":"#0","uv":[3.16667,14.16667,3.33333,14.5]}},"from":[8.5262,-3.50961,6.82622],"rotation":{"angle":22.5,"axis":"z","origin":[11.0262,-3.00961,7.32622]},"to":[9.5262,-1.40961,8.82622]},{"faces":{"down":{"texture":"#0","uv":[8.16667,8.5,6.83333,9.16667]},"east":{"texture":"#0","uv":[10.33333,11,11,11.41667]},"north":{"texture":"#0","uv":[9.5,9,10.83333,9.41667]},"south":{"texture":"#0","uv":[3.16667,9.66667,4.5,10.08333]},"up":{"texture":"#0","uv":[5.5,9.16667,4.16667,8.5]},"west":{"texture":"#0","uv":[11,11,11.66667,11.41667]}},"from":[-5.26538,-2.95579,5.82622],"rotation":{"angle":-22.5,"axis":"z","origin":[-0.4562,-1.99646,6.32622]},"to":[2.73462,-0.45579,9.82622]},{"faces":{"down":{"texture":"#0","uv":[1.91667,5,0,6]},"north":{"texture":"#0","uv":[8.83333,7.83333,10.75,8.25]},"south":{"texture":"#0","uv":[9,0,10.91667,0.41667]},"up":{"texture":"#0","uv":[3.58333,5,1.66667,4]},"west":{"texture":"#0","uv":[10,1.5,11,1.91667]}},"from":[2.12462,-4.10384,4.82622],"rotation":{"angle":0,"axis":"y","origin":[0.71544,-3.14451,6.32622]},"to":[13.52462,-1.80384,10.82622]},{"faces":{"down":{"texture":"#0","uv":[7.33333,5,7.16667,5.33333]},"east":{"texture":"#0","uv":[7,5.33333,7.33333,6.16667]},"north":{"texture":"#0","uv":[7.33333,12.66667,7.5,13.5]},"south":{"texture":"#0","uv":[7.5,12.66667,7.66667,13.5]},"up":{"texture":"#0","uv":[6.66667,3.33333,6.5,3]},"west":{"texture":"#0","uv":[1,11.16667,1.33333,12]}},"from":[-10.28143,3.81429,6.82622],"rotation":{"angle":45,"axis":"z","origin":[-12.32211,7.62346,4.32622]},"to":[-9.28143,8.81429,8.82622]},{"faces":{"down":{"texture":"#0","uv":[13,5.66667,11.83333,5.83333]},"east":{"texture":"#0","uv":[2.83333,6.83333,3,7]},"north":{"texture":"#0","uv":[11.83333,5.16667,13,5.33333]},"south":{"texture":"#0","uv":[11.83333,5.33333,13,5.5]},"up":{"texture":"#0","uv":[13,5.66667,11.83333,5.5]},"west":{"texture":"#0","uv":[9.33333,3.83333,9.5,4]}},"from":[18.1237,10.88735,1.72622],"rotation":{"angle":22.5,"axis":"z","origin":[24.16437,7.07817,6.32622]},"to":[25.1237,11.88735,2.92622]},{"faces":{"down":{"texture":"#0","uv":[13.5,8.16667,12.66667,8.33333]},"north":{"texture":"#0","uv":[12.66667,4.83333,13.5,5]},"south":{"texture":"#0","uv":[5.33333,12.66667,6.16667,12.83333]},"up":{"texture":"#0","uv":[9,12.83333,8.16667,12.66667]},"west":{"texture":"#0","uv":[4,13.33333,4.16667,13.5]}},"from":[12.12581,8.28573,1.75122],"rotation":{"angle":0,"axis":"y","origin":[16.16648,4.47655,6.32622]},"to":[17.12581,9.28573,2.92622]},{"faces":{"down":{"texture":"#0","uv":[5,3.5,3.83333,5.5]},"north":{"texture":"#0","uv":[12,8.33333,13.16667,8.5]},"south":{"texture":"#0","uv":[12,8.5,13.16667,8.66667]},"up":{"texture":"#0","uv":[5,3.5,3.83333,1.5]},"west":{"texture":"#0","uv":[1.66667,10.83333,3.66667,11]}},"from":[18.1237,7.88735,1.90122],"rotation":{"angle":22.5,"axis":"z","origin":[24.16437,4.07817,6.32622]},"to":[25.0237,8.88735,13.75122]},{"faces":{"down":{"texture":"#0","uv":[6.83333,7.83333,6.33333,9.83333]},"north":{"texture":"#0","uv":[1,13.83333,1.5,14]},"south":{"texture":"#0","uv":[1.5,13.83333,2,14]},"up":{"texture":"#0","uv":[6.33333,9.83333,5.83333,7.83333]}},"from":[14.12581,5.28573,1.92622],"rotation":{"angle":0,"axis":"y","origin":[16.16648,1.47655,6.32622]},"to":[17.12581,6.28573,13.72622]},{"faces":{"down":{"texture":"#0","uv":[4.16667,7.16667,3.5,9.16667]},"north":{"texture":"#0","uv":[13.33333,3.16667,14,3.33333]},"south":{"texture":"#0","uv":[13.33333,3.33333,14,3.5]},"up":{"texture":"#0","uv":[3.5,9,2.83333,7]}},"from":[21.81276,4.69475,2.00122],"rotation":{"angle":45,"axis":"z","origin":[24.85344,0.88557,6.40122]},"to":[25.81276,5.69475,13.75122]},{"faces":{"down":{"texture":"#0","uv":[1.66667,9.16667,1.33333,11.16667]},"north":{"texture":"#0","uv":[5.83333,14.16667,6.16667,14.33333]},"south":{"texture":"#0","uv":[8,14.16667,8.33333,14.33333]},"up":{"texture":"#0","uv":[1.33333,11.16667,1,9.16667]},"west":{"texture":"#0","uv":[10.83333,3.16667,12.83333,3.33333]}},"from":[7.08361,2.88256,2.00122],"rotation":{"angle":-22.5,"axis":"z","origin":[6.24293,-0.92662,6.40122]},"to":[9.28361,3.88256,13.75122]},{"faces":{"down":{"texture":"#0","uv":[15.08333,1.5,14.83333,1.58333]},"east":{"texture":"#0","uv":[9,14.83333,9.08333,15]},"north":{"texture":"#0","uv":[14.5,0.83333,14.75,1]},"south":{"texture":"#0","uv":[1,14.5,1.25,14.66667]},"up":{"texture":"#0","uv":[1.58333,14.91667,1.33333,14.83333]}},"from":[5.17442,5.53665,13.50122],"rotation":{"angle":-45,"axis":"z","origin":[3.63375,1.72748,6.40122]},"to":[6.67442,6.53665,13.80122]},{"faces":{"down":{"texture":"#0","uv":[15.08333,2,14.83333,2.08333]},"east":{"texture":"#0","uv":[9.16667,14.83333,9.25,15]},"north":{"texture":"#0","uv":[14.5,1.16667,14.75,1.33333]},"south":{"texture":"#0","uv":[1.33333,14.5,1.58333,14.66667]},"up":{"texture":"#0","uv":[15.08333,1.75,14.83333,1.66667]}},"from":[5.17442,5.53665,1.99026],"rotation":{"angle":-45,"axis":"z","origin":[3.63375,1.72748,9.24026]},"to":[6.67442,6.53665,2.14026]},{"faces":{"down":{"texture":"#0","uv":[3.75,2,2.16667,4]},"east":{"texture":"#0","uv":[10.83333,2.33333,12.83333,2.5]},"north":{"texture":"#0","uv":[11.16667,10.66667,12.75,10.83333]},"south":{"texture":"#0","uv":[1.66667,11.33333,3.25,11.5]},"up":{"texture":"#0","uv":[3.75,2,2.16667,0]},"west":{"texture":"#0","uv":[10.83333,2.83333,12.83333,3]}},"from":[10.50986,1.42899,1.97622],"rotation":{"angle":0,"axis":"y","origin":[18.50986,1.92899,7.90122]},"to":[20.00986,2.42899,13.80122]},{"faces":{"north":{"texture":"#0","uv":[7.5,0,9,0.75]},"south":{"texture":"#0","uv":[0,7.66667,1.5,8.41667]},"up":{"texture":"#0","uv":[14.5,5.41667,13,5.33333]}},"from":[14.12581,4.88573,2.02622],"rotation":{"angle":0,"axis":"y","origin":[16.16648,4.47655,6.32622]},"to":[23.12581,9.18573,2.72622]},{"faces":{"north":{"texture":"#0","uv":[13.16667,2.16667,13.83333,2.33333]},"south":{"texture":"#0","uv":[13.16667,2.33333,13.83333,2.5]},"west":{"texture":"#0","uv":[14.83333,2.33333,14.91667,2.5]}},"from":[19.32581,9.18573,2.02622],"rotation":{"angle":0,"axis":"y","origin":[16.16648,4.47655,6.32622]},"to":[23.12581,10.18573,2.72622]},{"faces":{"north":{"texture":"#0","uv":[14.5,7.16667,14.83333,7.25]},"south":{"texture":"#0","uv":[7.33333,14.5,7.66667,14.58333]}},"from":[21.12581,10.18573,2.02622],"rotation":{"angle":0,"axis":"y","origin":[16.16648,4.47655,6.32622]},"to":[23.12581,10.68573,2.72622]},{"faces":{"down":{"texture":"#0","uv":[14.41667,10.83333,13,10.91667]},"north":{"texture":"#0","uv":[9.33333,2.83333,10.75,3.25]},"south":{"texture":"#0","uv":[9.33333,3.33333,10.75,3.75]},"west":{"texture":"#0","uv":[1.83333,14.5,1.91667,14.91667]}},"from":[13.52581,2.48573,2.02622],"rotation":{"angle":0,"axis":"y","origin":[16.16648,4.47655,6.32622]},"to":[22.12581,4.88573,2.72622]},{"faces":{"down":{"texture":"#0","uv":[14.66667,5.33333,14.5,5.5]},"east":{"texture":"#0","uv":[13.16667,2.83333,13.33333,3.5]},"north":{"texture":"#0","uv":[7,13,7.16667,13.66667]},"south":{"texture":"#0","uv":[7.66667,13.16667,7.83333,13.83333]},"west":{"texture":"#0","uv":[7.83333,13.16667,8,13.83333]}},"from":[13.12581,4.28573,1.82622],"rotation":{"angle":0,"axis":"y","origin":[16.16648,3.47655,6.32622]},"to":[14.12581,8.28573,2.82622]},{"faces":{"down":{"texture":"#0","uv":[12.83333,6.66667,11.33333,6.83333]},"east":{"texture":"#0","uv":[5.5,14.5,5.66667,14.66667]},"north":{"texture":"#0","uv":[11.33333,4.33333,12.83333,4.5]},"south":{"texture":"#0","uv":[11.33333,4.5,12.83333,4.66667]},"up":{"texture":"#0","uv":[7.33333,11.5,5.83333,11.33333]}},"from":[5.12581,3.28573,1.85122],"rotation":{"angle":0,"axis":"y","origin":[8.31663,1.24505,6.32622]},"to":[14.12581,4.28573,2.82622]},{"faces":{"down":{"texture":"#0","uv":[13,11.83333,12,12]},"east":{"texture":"#0","uv":[5.66667,14.5,5.83333,14.66667]},"north":{"texture":"#0","uv":[8.83333,8.33333,9.83333,8.5]},"south":{"texture":"#0","uv":[12,10.33333,13,10.5]},"up":{"texture":"#0","uv":[13,11.83333,12,11.66667]},"west":{"texture":"#0","uv":[5.83333,14.5,6,14.66667]}},"from":[-1.21293,5.66414,1.82622],"rotation":{"angle":-22.5,"axis":"z","origin":[-1.02211,3.62346,6.32622]},"to":[4.78707,6.66414,2.82622]},{"faces":{"down":{"texture":"#0","uv":[12.91667,7.33333,11.66667,7.5]},"east":{"texture":"#0","uv":[10,14.5,10.16667,14.66667]},"north":{"texture":"#0","uv":[11.66667,2.5,12.91667,2.66667]},"south":{"texture":"#0","uv":[11.66667,2.66667,12.91667,2.83333]},"up":{"texture":"#0","uv":[6.41667,11.83333,5.16667,11.66667]},"west":{"texture":"#0","uv":[10.16667,14.5,10.33333,14.66667]}},"from":[-3.67419,4.78573,2.82622],"rotation":{"angle":22.5,"axis":"y","origin":[0.21663,2.54505,7.32622]},"to":[3.62581,5.66073,3.82622]},{"faces":{"down":{"texture":"#0","uv":[14.25,6.33333,13.83333,6.5]},"east":{"texture":"#0","uv":[14.66667,3.5,14.83333,3.66667]},"north":{"texture":"#0","uv":[13.83333,5.83333,14.25,6]},"south":{"texture":"#0","uv":[13.83333,6,14.25,6.16667]},"up":{"texture":"#0","uv":[14.25,6.33333,13.83333,6.16667]},"west":{"texture":"#0","uv":[3.66667,14.66667,3.83333,14.83333]}},"from":[-3.37306,0.17845,5.73097],"rotation":{"angle":22.5,"axis":"y","origin":[-5.18224,-2.06222,10.23097]},"to":[-0.77306,1.05345,6.73097]},{"faces":{"down":{"texture":"#0","uv":[14.75,4,14.66667,4.33333]},"east":{"texture":"#0","uv":[3.5,14.16667,3.83333,14.33333]},"north":{"texture":"#0","uv":[8.66667,14.83333,8.75,15]},"south":{"texture":"#0","uv":[14.83333,8.66667,14.91667,8.83333]},"up":{"texture":"#0","uv":[14.75,4,14.66667,3.66667]},"west":{"texture":"#0","uv":[4.33333,14.16667,4.66667,14.33333]}},"from":[-5.15569,-0.19026,4.30163],"rotation":{"angle":22.5,"axis":"x","origin":[-0.45569,-2.43093,5.71081]},"to":[-4.55569,0.68474,6.20163]},{"faces":{"down":{"texture":"#0","uv":[14.91667,8.33333,14.83333,8.5]},"east":{"texture":"#0","uv":[8.83333,13.66667,9,14.08333]},"north":{"texture":"#0","uv":[3.16667,14.5,3.25,14.91667]},"west":{"texture":"#0","uv":[11,13.66667,11.16667,14.08333]}},"from":[-2.25136,2.11073,2.96602],"rotation":{"angle":22.5,"axis":"y","origin":[-0.06053,1.47005,7.44102]},"to":[-1.55136,4.78573,3.94102]},{"faces":{"down":{"texture":"#0","uv":[14.25,11.16667,13.83333,11.33333]},"east":{"texture":"#0","uv":[10.66667,13.83333,10.83333,14.25]},"south":{"texture":"#0","uv":[12.33333,8.66667,12.75,9.08333]},"west":{"texture":"#0","uv":[10.83333,13.83333,11,14.25]}},"from":[-1.55136,2.21073,11.75898],"rotation":{"angle":-22.5,"axis":"y","origin":[-0.06053,1.47005,8.25898]},"to":[0.84864,4.78573,12.53398]},{"faces":{"down":{"texture":"#0","uv":[14.25,11.33333,13.83333,11.16667]},"east":{"texture":"#0","uv":[10.83333,13.83333,10.66667,14.25]},"north":{"texture":"#0","uv":[12.75,8.66667,12.33333,9.08333]}},"from":[-1.55136,2.21073,3.16602],"rotation":{"angle":22.5,"axis":"y","origin":[-0.06053,1.47005,7.44102]},"to":[0.84864,4.78573,3.94102]},{"faces":{"down":{"texture":"#0","uv":[14.91667,8.5,14.83333,8.66667]},"east":{"texture":"#0","uv":[12.16667,13.66667,12.33333,14.08333]},"north":{"texture":"#0","uv":[3.83333,14.5,3.91667,14.91667]},"south":{"texture":"#0","uv":[4,14.5,4.08333,14.91667]},"up":{"texture":"#0","uv":[8.58333,15,8.5,14.83333]},"west":{"texture":"#0","uv":[4,13.83333,4.16667,14.25]}},"from":[-5.14229,-0.3972,4.46888],"rotation":{"angle":-22.5,"axis":"z","origin":[-2.65146,-1.83788,8.46888]},"to":[-4.44229,2.2778,5.36888]},{"faces":{"down":{"texture":"#0","uv":[14.91667,9.83333,14.83333,10]},"east":{"texture":"#0","uv":[10,13.83333,10.16667,14.25]},"north":{"texture":"#0","uv":[4.33333,14.5,4.41667,14.91667]},"south":{"texture":"#0","uv":[4.66667,14.5,4.75,14.91667]},"up":{"texture":"#0","uv":[9.91667,15,9.83333,14.83333]},"west":{"texture":"#0","uv":[10.16667,13.83333,10.33333,14.25]}},"from":[-2.25136,2.11073,11.70046],"rotation":{"angle":-22.5,"axis":"y","origin":[-0.06053,1.47005,8.20046]},"to":[-1.55136,4.78573,12.67546]},{"faces":{"down":{"texture":"#0","uv":[14.91667,9.66667,14.83333,9.83333]},"east":{"texture":"#0","uv":[4.16667,13.83333,4.33333,14.25]},"north":{"texture":"#0","uv":[4.16667,14.5,4.25,14.91667]},"south":{"texture":"#0","uv":[14.5,4.16667,14.58333,4.58333]},"up":{"texture":"#0","uv":[14.91667,9.66667,14.83333,9.5]},"west":{"texture":"#0","uv":[7.83333,13.83333,8,14.25]}},"from":[-5.14229,-0.3972,10.2726],"rotation":{"angle":-22.5,"axis":"z","origin":[-2.65146,-1.83788,7.1726]},"to":[-4.44229,2.2778,11.1726]},{"faces":{"down":{"texture":"#0","uv":[14.25,9.33333,13.83333,9.5]},"east":{"texture":"#0","uv":[8,14.66667,8.16667,14.83333]},"north":{"texture":"#0","uv":[13.83333,7.83333,14.25,8]},"south":{"texture":"#0","uv":[13.83333,8,14.25,8.16667]},"up":{"texture":"#0","uv":[8.58333,14,8.16667,13.83333]},"west":{"texture":"#0","uv":[8.16667,14.66667,8.33333,14.83333]}},"from":[-3.37306,0.17845,8.9105],"rotation":{"angle":-22.5,"axis":"y","origin":[-5.18224,-2.06222,5.4105]},"to":[-0.77306,1.05345,9.9105]},{"faces":{"down":{"texture":"#0","uv":[14.75,7.83333,14.66667,8.16667]},"east":{"texture":"#0","uv":[14.16667,10.16667,14.5,10.33333]},"north":{"texture":"#0","uv":[14.83333,9.33333,14.91667,9.5]},"south":{"texture":"#0","uv":[9.5,14.83333,9.58333,15]},"up":{"texture":"#0","uv":[7.91667,15,7.83333,14.66667]},"west":{"texture":"#0","uv":[11,14.16667,11.33333,14.33333]}},"from":[-5.15569,-0.19026,9.43985],"rotation":{"angle":-22.5,"axis":"x","origin":[-0.45569,-2.43093,9.93067]},"to":[-4.55569,0.68474,11.33985]},{"faces":{"down":{"texture":"#0","uv":[7.33333,8.33333,6.83333,8.5]},"east":{"texture":"#0","uv":[6,14.5,6.16667,14.66667]},"north":{"texture":"#0","uv":[1.66667,3.83333,2.16667,4]},"south":{"texture":"#0","uv":[5.5,1.33333,6,1.5]},"up":{"texture":"#0","uv":[1.5,7.66667,1,7.5]},"west":{"texture":"#0","uv":[14.5,6,14.66667,6.16667]}},"from":[-8.01293,7.06414,4.82622],"rotation":{"angle":-22.5,"axis":"z","origin":[-10.82211,5.02346,9.32622]},"to":[-5.01293,8.16414,5.82622]},{"faces":{"down":{"texture":"#0","uv":[13.83333,2,13.16667,2.16667]},"east":{"texture":"#0","uv":[14.5,6.16667,14.66667,6.33333]},"north":{"texture":"#0","uv":[2.5,10,3.16667,10.16667]},"south":{"texture":"#0","uv":[13.16667,1.5,13.83333,1.66667]},"up":{"texture":"#0","uv":[13.83333,1.83333,13.16667,1.66667]},"west":{"texture":"#0","uv":[7.16667,14.5,7.33333,14.66667]}},"from":[-11.26517,8.39877,5.62622],"rotation":{"angle":-45,"axis":"z","origin":[-11.07435,6.3581,10.32622]},"to":[-7.26517,9.54877,6.82622]},{"faces":{"down":{"texture":"#0","uv":[13,10.83333,11.83333,11]},"east":{"texture":"#0","uv":[11.16667,14.5,11.33333,14.66667]},"north":{"texture":"#0","uv":[11.83333,6.16667,13,6.33333]},"south":{"texture":"#0","uv":[11.83333,6.33333,13,6.5]},"up":{"texture":"#0","uv":[13,6.66667,11.83333,6.5]},"west":{"texture":"#0","uv":[11.33333,14.5,11.5,14.66667]}},"from":[18.1237,10.88735,12.72622],"rotation":{"angle":22.5,"axis":"z","origin":[24.16437,7.07817,9.32622]},"to":[25.1237,11.88735,13.92622]},{"faces":{"east":{"texture":"#0","uv":[12.66667,12.5,14.33333,12.58333]},"up":{"texture":"#0","uv":[1.5,12.83333,1.33333,11.16667]},"west":{"texture":"#0","uv":[12.83333,1.83333,14.5,1.91667]}},"from":[24.1237,10.88735,2.92622],"rotation":{"angle":22.5,"axis":"z","origin":[24.16437,7.07817,8.12622]},"to":[25.1237,11.58735,12.72622]},{"faces":{"down":{"texture":"#0","uv":[6.83333,13.33333,6.5,13.66667]},"east":{"texture":"#0","uv":[12.83333,2.83333,13.16667,3.25]},"north":{"texture":"#0","uv":[12.83333,2,13.16667,2.41667]},"south":{"texture":"#0","uv":[12.83333,6.66667,13.16667,7.08333]},"up":{"texture":"#0","uv":[4,13.66667,3.66667,13.33333]},"west":{"texture":"#0","uv":[12.83333,7.66667,13.16667,8.08333]}},"from":[22.26768,9.89981,6.92622],"rotation":{"angle":-22.5,"axis":"z","origin":[23.26768,11.74981,7.82622]},"to":[24.26768,12.59981,8.72622]},{"faces":{"down":{"texture":"#0","uv":[8.25,4.66667,7.83333,5]},"east":{"texture":"#0","uv":[8.83333,14.16667,9.16667,14.33333]},"north":{"texture":"#0","uv":[13.83333,6.5,14.25,6.66667]},"south":{"texture":"#0","uv":[13.83333,6.66667,14.25,6.83333]},"up":{"texture":"#0","uv":[6.41667,3.33333,6,3]}},"from":[23.41768,12.44981,6.92622],"rotation":{"angle":22.5,"axis":"z","origin":[25.26768,12.44981,7.82622]},"to":[26.11768,13.44981,8.72622]},{"faces":{"down":{"texture":"#0","uv":[14.25,7.66667,13.83333,7.83333]},"east":{"texture":"#0","uv":[7.16667,14.66667,7.33333,14.83333]},"north":{"texture":"#0","uv":[13.83333,6.83333,14.25,7]},"south":{"texture":"#0","uv":[13.83333,7,14.25,7.16667]},"up":{"texture":"#0","uv":[7.75,14,7.33333,13.83333]}},"from":[24.42134,11.68371,7.42622],"rotation":{"angle":-45,"axis":"z","origin":[26.27134,11.68371,7.32622]},"to":[27.12134,12.68371,8.22622]},{"faces":{"east":{"texture":"#0","uv":[12.5,14.16667,12.58333,14.75]},"north":{"texture":"#0","uv":[12.16667,14.16667,12.25,14.75]},"south":{"texture":"#0","uv":[12.66667,14.16667,12.75,14.75]},"west":{"texture":"#0","uv":[12.83333,14.16667,12.91667,14.75]}},"from":[27.12949,8.08978,7.70622],"rotation":{"angle":0,"axis":"y","origin":[27.12949,9.93978,7.67622]},"to":[27.42949,11.78978,7.94622]},{"faces":{"down":{"texture":"#0","uv":[7.83333,14.66667,7.66667,14.83333]},"east":{"texture":"#0","uv":[1.83333,7.5,2,8.41667]},"north":{"texture":"#0","uv":[3.66667,4,3.83333,4.91667]},"south":{"texture":"#0","uv":[4,12.33333,4.16667,13.25]},"up":{"texture":"#0","uv":[7.66667,14.83333,7.5,14.66667]},"west":{"texture":"#0","uv":[8,12.5,8.16667,13.41667]}},"from":[11.00887,15.27599,6.90074],"rotation":{"angle":0,"axis":"y","origin":[11.00887,19.12599,6.80074]},"to":[12.00887,20.97599,7.70074]},{"faces":{"down":{"texture":"#0","uv":[13.66667,13,13.33333,13.33333]},"east":{"texture":"#0","uv":[8.5,11.83333,8.83333,12.41667]},"north":{"texture":"#0","uv":[6.83333,11.83333,7.16667,12.41667]},"south":{"texture":"#0","uv":[9,11.83333,9.33333,12.41667]},"up":{"texture":"#0","uv":[13.16667,13.66667,12.83333,13.33333]},"west":{"texture":"#0","uv":[9.33333,11.83333,9.66667,12.41667]}},"from":[10.50887,16.27599,6.40074],"rotation":{"angle":0,"axis":"y","origin":[10.50887,17.12599,6.30074]},"to":[12.50887,19.97599,8.20074]},{"faces":{"down":{"texture":"#0","uv":[7.83333,14.66667,7.66667,14.83333]},"east":{"texture":"#0","uv":[1.83333,7.5,2,8.41667]},"north":{"texture":"#0","uv":[3.66667,4,3.83333,4.91667]},"south":{"texture":"#0","uv":[4,12.33333,4.16667,13.25]},"up":{"texture":"#0","uv":[7.66667,14.83333,7.5,14.66667]},"west":{"texture":"#0","uv":[8,12.5,8.16667,13.41667]}},"from":[24.55887,6.46599,7.12074],"rotation":{"angle":0,"axis":"y","origin":[24.55887,9.16099,7.05074]},"to":[25.25887,10.45599,7.68074]},{"faces":{"down":{"texture":"#0","uv":[13.66667,13,13.33333,13.33333]},"east":{"texture":"#0","uv":[8.5,11.83333,8.83333,12.41667]},"north":{"texture":"#0","uv":[6.83333,11.83333,7.16667,12.41667]},"south":{"texture":"#0","uv":[9,11.83333,9.33333,12.41667]},"up":{"texture":"#0","uv":[13.16667,13.66667,12.83333,13.33333]},"west":{"texture":"#0","uv":[9.33333,11.83333,9.66667,12.41667]}},"from":[24.20887,7.16599,6.77074],"rotation":{"angle":0,"axis":"y","origin":[24.20887,7.76099,6.70074]},"to":[25.60887,9.75599,8.03074]},{"faces":{"down":{"texture":"#0","uv":[0.75,15,0.66667,15.08333]},"east":{"texture":"#0","uv":[6.16667,12.16667,6.25,14.25]},"north":{"texture":"#0","uv":[2.66667,12.16667,2.75,14.25]},"south":{"texture":"#0","uv":[11.33333,12.16667,11.41667,14.25]},"up":{"texture":"#0","uv":[15.08333,0.41667,15,0.33333]},"west":{"texture":"#0","uv":[11.5,12.16667,11.58333,14.25]}},"from":[1.56632,4.04796,6.37074],"rotation":{"angle":22.5,"axis":"z","origin":[5.93666,11.79337,4.67074]},"to":[2.06632,16.34796,6.87074]},{"faces":{"down":{"texture":"#0","uv":[15.08333,0.16667,15,0.25]},"east":{"texture":"#0","uv":[9.66667,11.83333,9.75,13.91667]},"north":{"texture":"#0","uv":[7.16667,11.83333,7.25,13.91667]},"south":{"texture":"#0","uv":[3.16667,12,3.25,14.08333]},"up":{"texture":"#0","uv":[15.08333,0.08333,15,0]},"west":{"texture":"#0","uv":[6.33333,12,6.41667,14.08333]}},"from":[1.56632,4.04796,7.77074],"rotation":{"angle":22.5,"axis":"z","origin":[5.93666,11.79337,6.07074]},"to":[2.06632,16.34796,8.27074]},{"faces":{"east":{"texture":"#0","uv":[5,11,5.16667,12.75]},"north":{"texture":"#0","uv":[4.83333,11,5,12.75]},"south":{"texture":"#0","uv":[10,11,10.16667,12.75]},"up":{"texture":"#0","uv":[8.66667,14.83333,8.5,14.66667]},"west":{"texture":"#0","uv":[10.16667,11,10.33333,12.75]}},"from":[-1.43383,0.96748,6.72074],"rotation":{"angle":-22.5,"axis":"z","origin":[7.30685,8.4583,3.42074]},"to":[-0.43383,11.56748,7.92074]},{"faces":{"east":{"texture":"#0","uv":[7.5,11.16667,7.66667,12.58333]},"north":{"texture":"#0","uv":[3.33333,11.16667,3.5,12.58333]},"south":{"texture":"#0","uv":[7.66667,11.16667,7.83333,12.58333]},"up":{"texture":"#0","uv":[14.83333,8.83333,14.66667,8.66667]},"west":{"texture":"#0","uv":[7.83333,11.16667,8,12.58333]}},"from":[3.15807,6.30112,6.77074],"rotation":{"angle":-45,"axis":"z","origin":[11.89875,13.79194,3.42074]},"to":[4.15807,14.90112,7.89574]},{"faces":{"down":{"texture":"#0","uv":[13.58333,1.16667,12.66667,1.33333]},"east":{"texture":"#0","uv":[14.66667,8.83333,14.83333,9]},"north":{"texture":"#0","uv":[12.33333,9.16667,13.25,9.33333]},"south":{"texture":"#0","uv":[8.16667,12.5,9.08333,12.66667]},"up":{"texture":"#0","uv":[13.41667,12.16667,12.5,12]}},"from":[9.27717,23.2888,6.82074],"rotation":{"angle":22.5,"axis":"z","origin":[16.76799,15.54812,3.42074]},"to":[14.87717,24.2888,7.82074]},{"faces":{"east":{"texture":"#0","uv":[5,14.5,5.08333,14.91667]},"north":{"texture":"#0","uv":[4.83333,14.5,4.91667,14.91667]},"south":{"texture":"#0","uv":[5.16667,14.5,5.25,14.91667]},"west":{"texture":"#0","uv":[5.33333,14.5,5.41667,14.91667]}},"from":[11.35887,20.27599,7.18074],"rotation":{"angle":0,"axis":"y","origin":[11.35887,22.12599,7.15074]},"to":[11.65887,22.67599,7.42074]},{"faces":{"east":{"texture":"#0","uv":[5,14.5,5.08333,14.91667]},"north":{"texture":"#0","uv":[4.83333,14.5,4.91667,14.91667]},"south":{"texture":"#0","uv":[5.16667,14.5,5.25,14.91667]},"west":{"texture":"#0","uv":[5.33333,14.5,5.41667,14.91667]}},"from":[24.80387,9.96599,7.31674],"rotation":{"angle":0,"axis":"y","origin":[24.80387,11.26099,7.29574]},"to":[25.01387,12.64599,7.48474]},{"faces":{"down":{"texture":"#0","uv":[14.83333,9.16667,14.66667,9.33333]},"east":{"texture":"#0","uv":[9.33333,12.5,9.5,13.41667]},"north":{"texture":"#0","uv":[9.16667,12.5,9.33333,13.41667]},"south":{"texture":"#0","uv":[9.5,12.5,9.66667,13.41667]},"up":{"texture":"#0","uv":[9.33333,14.83333,9.16667,14.66667]},"west":{"texture":"#0","uv":[9.83333,12.5,10,13.41667]}},"from":[26.77949,3.08978,7.42622],"rotation":{"angle":0,"axis":"y","origin":[26.77949,6.93978,7.32622]},"to":[27.77949,8.78978,8.22622]},{"faces":{"down":{"texture":"#0","uv":[4.33333,13.5,4,13.83333]},"east":{"texture":"#0","uv":[2.83333,12,3.16667,12.58333]},"north":{"texture":"#0","uv":[1,12,1.33333,12.58333]},"south":{"texture":"#0","uv":[12,8.66667,12.33333,9.25]},"up":{"texture":"#0","uv":[13.5,13.66667,13.16667,13.33333]},"west":{"texture":"#0","uv":[12,9.5,12.33333,10.08333]}},"from":[26.27949,4.08978,6.92622],"rotation":{"angle":0,"axis":"y","origin":[26.27949,4.93978,6.82622]},"to":[28.27949,7.78978,8.72622]},{"faces":{"down":{"texture":"#0","uv":[11.16667,12.66667,10.33333,12.83333]},"north":{"texture":"#0","uv":[12.66667,9.66667,13.5,9.83333]},"south":{"texture":"#0","uv":[12.66667,9.83333,13.5,10]},"up":{"texture":"#0","uv":[13.5,10.16667,12.66667,10]},"west":{"texture":"#0","uv":[11.5,14.5,11.66667,14.66667]}},"from":[12.12581,8.28573,12.72622],"rotation":{"angle":0,"axis":"y","origin":[16.16648,4.47655,9.32622]},"to":[17.12581,9.28573,13.90122]},{"faces":{"north":{"texture":"#0","uv":[7.33333,7.66667,8.83333,8.41667]},"south":{"texture":"#0","uv":[7.83333,3.16667,9.33333,3.91667]},"up":{"texture":"#0","uv":[14.5,7.41667,13,7.33333]}},"from":[14.12581,4.88573,12.92622],"rotation":{"angle":0,"axis":"y","origin":[16.16648,4.47655,9.32622]},"to":[23.12581,9.18573,13.62622]},{"faces":{"north":{"texture":"#0","uv":[13.16667,3.5,13.83333,3.66667]},"south":{"texture":"#0","uv":[13.16667,5,13.83333,5.16667]},"west":{"texture":"#0","uv":[14.83333,5.16667,14.91667,5.33333]}},"from":[19.32581,9.18573,12.92622],"rotation":{"angle":0,"axis":"y","origin":[16.16648,4.47655,9.32622]},"to":[23.12581,10.18573,13.62622]},{"faces":{"north":{"texture":"#0","uv":[14.5,11.83333,14.83333,11.91667]},"south":{"texture":"#0","uv":[14.5,12.66667,14.83333,12.75]}},"from":[21.12581,10.18573,12.92622],"rotation":{"angle":0,"axis":"y","origin":[16.16648,4.47655,9.32622]},"to":[23.12581,10.68573,13.62622]},{"faces":{"north":{"texture":"#0","uv":[1.66667,9.5,3.08333,9.91667]},"south":{"texture":"#0","uv":[9.5,3.83333,10.91667,4.25]}},"from":[13.52581,2.48573,12.92622],"rotation":{"angle":0,"axis":"y","origin":[16.16648,4.47655,9.32622]},"to":[22.12581,4.88573,13.62622]},{"faces":{"north":{"texture":"#0","uv":[8.33333,5.33333,10.08333,5.91667]},"south":{"texture":"#0","uv":[8.33333,6,10.08333,6.58333]},"up":{"texture":"#0","uv":[14.41667,4.08333,12.66667,4]},"west":{"texture":"#0","uv":[9.83333,14.16667,9.91667,14.75]}},"from":[3.02581,0.48573,12.92622],"rotation":{"angle":0,"axis":"y","origin":[9.67581,2.68573,13.27622]},"to":[13.52581,3.98573,13.62622]},{"faces":{"down":{"texture":"#0","uv":[14.75,8.5,13.5,8.58333]},"north":{"texture":"#0","uv":[7.16667,10.83333,8.41667,11.08333]},"south":{"texture":"#0","uv":[10.83333,7.83333,12.08333,8.08333]}},"from":[13.52581,0.78573,12.92622],"rotation":{"angle":0,"axis":"y","origin":[9.67581,2.68573,13.27622]},"to":[21.07581,2.48573,13.62622]},{"faces":{"north":{"texture":"#0","uv":[2.5,11.66667,3.33333,11.91667]},"south":{"texture":"#0","uv":[10.33333,11.66667,11.16667,11.91667]},"west":{"texture":"#0","uv":[14.66667,13.16667,14.75,13.41667]}},"from":[13.52581,-0.71427,12.92622],"rotation":{"angle":0,"axis":"y","origin":[9.67581,0.98573,13.27622]},"to":[18.47581,0.78573,13.62622]},{"faces":{"east":{"texture":"#0","uv":[13.33333,14.66667,13.41667,14.91667]},"north":{"texture":"#0","uv":[4.5,14.33333,4.66667,14.58333]},"south":{"texture":"#0","uv":[14.33333,6,14.5,6.25]}},"from":[18.47581,-0.61427,12.92622],"rotation":{"angle":0,"axis":"y","origin":[11.07581,0.98573,13.27622]},"to":[19.67581,0.78573,13.62622]},{"faces":{"down":{"texture":"#0","uv":[14.83333,6.5,14.33333,6.58333]},"east":{"texture":"#0","uv":[2.83333,14.5,2.91667,14.91667]},"north":{"texture":"#0","uv":[6.83333,7.83333,7.33333,8.25]},"south":{"texture":"#0","uv":[11.66667,11,12.16667,11.41667]},"west":{"texture":"#0","uv":[3,14.5,3.08333,14.91667]}},"from":[13.52581,-2.13019,13.18164],"rotation":{"angle":22.5,"axis":"x","origin":[9.67581,0.36981,11.53164]},"to":[16.42581,0.16981,13.88164]},{"faces":{"down":{"texture":"#0","uv":[13.66667,14.5,13.33333,14.58333]},"east":{"texture":"#0","uv":[14.83333,5.5,14.91667,5.66667]},"north":{"texture":"#0","uv":[5.33333,14,5.66667,14.16667]},"south":{"texture":"#0","uv":[8.16667,14,8.5,14.16667]}},"from":[16.42581,-0.93019,13.18164],"rotation":{"angle":22.5,"axis":"x","origin":[11.57581,0.36981,11.53164]},"to":[18.32581,0.16981,13.88164]},{"faces":{"down":{"texture":"#0","uv":[14.58333,14.66667,14.33333,14.75]},"east":{"texture":"#0","uv":[14.83333,13,14.91667,13.08333]},"north":{"texture":"#0","uv":[14.66667,13.5,14.91667,13.58333]},"south":{"texture":"#0","uv":[13.66667,14.66667,13.91667,14.75]},"west":{"texture":"#0","uv":[14.83333,13.16667,14.91667,13.25]}},"from":[16.42581,-0.80242,13.33498],"rotation":{"angle":45,"axis":"x","origin":[11.57581,0.07258,11.68498]},"to":[18.07581,-0.12742,14.03498]},{"faces":{"down":{"texture":"#0","uv":[14.41667,10.5,12.83333,10.58333]},"north":{"texture":"#0","uv":[10.16667,5.33333,11.75,5.58333]},"south":{"texture":"#0","uv":[10.16667,5.66667,11.75,5.91667]},"up":{"texture":"#0","uv":[14.41667,9.08333,12.83333,9]}},"from":[-6.04719,2.48573,11.47953],"rotation":{"angle":-22.5,"axis":"y","origin":[-0.39719,2.68573,11.82953]},"to":[3.45281,3.88573,12.17953]},{"faces":{"down":{"texture":"#0","uv":[14.83333,6.83333,14.33333,6.91667]},"north":{"texture":"#0","uv":[6.5,13,7,13.25]},"south":{"texture":"#0","uv":[13,11.5,13.5,11.75]},"up":{"texture":"#0","uv":[14.83333,6.75,14.33333,6.66667]},"west":{"texture":"#0","uv":[14.83333,0.16667,14.91667,0.41667]}},"from":[-8.16171,2.48573,8.08509],"rotation":{"angle":-45,"axis":"y","origin":[-6.81171,2.68573,8.43509]},"to":[-4.96171,3.88573,8.78509]},{"faces":{"down":{"texture":"#0","uv":[14.91667,3.16667,14.5,3.25]},"north":{"texture":"#0","uv":[5.33333,13.83333,5.75,14]},"south":{"texture":"#0","uv":[13.83333,5.66667,14.25,5.83333]},"up":{"texture":"#0","uv":[14.91667,3.08333,14.5,3]},"west":{"texture":"#0","uv":[5.83333,14.83333,5.91667,15]}},"from":[-8.46171,3.78573,8.03509],"rotation":{"angle":-45,"axis":"y","origin":[-7.91171,3.78573,8.38509]},"to":[-6.06171,4.98573,8.73509]},{"faces":{"down":{"texture":"#0","uv":[7.66667,14.33333,7.16667,14.41667]},"east":{"texture":"#0","uv":[0.33333,14.83333,0.41667,15.08333]},"north":{"texture":"#0","uv":[12.83333,13,13.33333,13.25]},"south":{"texture":"#0","uv":[13.16667,0,13.66667,0.25]},"up":{"texture":"#0","uv":[14.83333,7.08333,14.33333,7]},"west":{"texture":"#0","uv":[0.5,14.83333,0.58333,15.08333]}},"from":[-9.46171,4.98573,8.03509],"rotation":{"angle":-45,"axis":"y","origin":[-8.41171,4.98573,8.38509]},"to":[-6.56171,6.33573,8.73509]},{"faces":{"down":{"texture":"#0","uv":[14.83333,7.66667,14.33333,7.75]},"east":{"texture":"#0","uv":[14.83333,5.83333,14.91667,6]},"north":{"texture":"#0","uv":[13.66667,1.16667,14.16667,1.33333]},"south":{"texture":"#0","uv":[1.5,13.66667,2,13.83333]},"up":{"texture":"#0","uv":[8.16667,14.41667,7.66667,14.33333]},"west":{"texture":"#0","uv":[6,14.83333,6.08333,15]}},"from":[-10.16171,6.28573,8.03509],"rotation":{"angle":-45,"axis":"y","origin":[-9.11171,6.18573,8.38509]},"to":[-7.36171,7.38573,8.73509]},{"faces":{"down":{"texture":"#0","uv":[14.33333,14.5,14,14.58333]},"east":{"texture":"#0","uv":[14.83333,13.33333,14.91667,13.41667]},"north":{"texture":"#0","uv":[13.66667,14.5,14,14.58333]},"south":{"texture":"#0","uv":[14.5,13.66667,14.83333,13.75]},"up":{"texture":"#0","uv":[14.83333,13.91667,14.5,13.83333]},"west":{"texture":"#0","uv":[13.66667,14.83333,13.75,14.91667]}},"from":[-10.56171,7.28573,8.03509],"rotation":{"angle":-45,"axis":"y","origin":[-9.51171,7.18573,8.38509]},"to":[-8.58671,7.96073,8.73509]},{"faces":{"down":{"texture":"#0","uv":[6.5,14.83333,6.33333,14.91667]},"east":{"texture":"#0","uv":[14.83333,13.66667,14.91667,13.75]},"north":{"texture":"#0","uv":[14.83333,6,15,6.08333]},"south":{"texture":"#0","uv":[6.16667,14.83333,6.33333,14.91667]},"up":{"texture":"#0","uv":[15,6.25,14.83333,6.16667]},"west":{"texture":"#0","uv":[13.83333,14.83333,13.91667,14.91667]}},"from":[-10.53671,7.93573,8.01009],"rotation":{"angle":-45,"axis":"y","origin":[-9.68671,7.78573,8.36009]},"to":[-9.41171,8.58573,8.71009]},{"faces":{"down":{"texture":"#0","uv":[14.66667,14.5,14.33333,14.58333]},"east":{"texture":"#0","uv":[14.83333,6.33333,14.91667,6.5]},"north":{"texture":"#0","uv":[13.83333,14,14.16667,14.16667]},"south":{"texture":"#0","uv":[14.16667,1.16667,14.5,1.33333]},"up":{"texture":"#0","uv":[14.83333,14.08333,14.5,14]}},"from":[-7.31987,4.98573,9.78399],"rotation":{"angle":-22.5,"axis":"y","origin":[-5.96987,4.98573,10.13399]},"to":[-5.11987,5.98573,10.48399]},{"faces":{"down":{"texture":"#0","uv":[14.41667,12.66667,12.83333,12.75]},"north":{"texture":"#0","uv":[5.83333,11.16667,7.41667,11.33333]},"south":{"texture":"#0","uv":[11.16667,10.5,12.75,10.66667]},"up":{"texture":"#0","uv":[14.41667,10.75,12.83333,10.66667]}},"from":[-7.14719,3.78573,11.42953],"rotation":{"angle":-22.5,"axis":"y","origin":[-1.49719,3.78573,11.77953]},"to":[2.55281,4.98573,12.12953]},{"faces":{"down":{"texture":"#0","uv":[0.91667,14.83333,0.66667,14.91667]},"north":{"texture":"#0","uv":[14.33333,7.83333,14.58333,8]},"south":{"texture":"#0","uv":[14.33333,8,14.58333,8.16667]}},"from":[2.11058,3.78573,12.95275],"rotation":{"angle":0,"axis":"y","origin":[7.76058,3.78573,13.30275]},"to":[3.61058,4.98573,13.65275]},{"faces":{"down":{"texture":"#0","uv":[14.41667,14.83333,14.33333,14.91667]},"north":{"texture":"#0","uv":[14.83333,13.83333,14.91667,13.91667]},"south":{"texture":"#0","uv":[14.83333,14,14.91667,14.08333]}},"from":[3.61058,3.78573,12.95275],"rotation":{"angle":0,"axis":"y","origin":[8.16058,3.78573,13.30275]},"to":[4.01058,4.08573,13.65275]},{"faces":{"down":{"texture":"#0","uv":[14.83333,9.33333,14.33333,9.41667]},"north":{"texture":"#0","uv":[13.16667,0.33333,13.66667,0.58333]},"south":{"texture":"#0","uv":[13.16667,0.66667,13.66667,0.91667]},"up":{"texture":"#0","uv":[9.33333,14.41667,8.83333,14.33333]},"west":{"texture":"#0","uv":[1,14.83333,1.08333,15.08333]}},"from":[-7.33671,1.08573,8.08509],"rotation":{"angle":-45,"axis":"y","origin":[-6.11171,1.28573,8.43509]},"to":[-4.26171,2.48573,8.78509]},{"faces":{"down":{"texture":"#0","uv":[14.58333,2.5,13,2.58333]},"north":{"texture":"#0","uv":[10.16667,6,11.75,6.25]},"south":{"texture":"#0","uv":[10.16667,6.33333,11.75,6.58333]},"up":{"texture":"#0","uv":[14.41667,12.91667,12.83333,12.83333]}},"from":[-5.34719,1.08573,11.47953],"rotation":{"angle":-22.5,"axis":"y","origin":[0.30281,1.28573,11.82953]},"to":[4.05281,2.48573,12.17953]},{"faces":{"down":{"texture":"#0","uv":[12.08333,0.83333,10.66667,1.08333]},"east":{"texture":"#0","uv":[14,0,14.25,0.25]},"north":{"texture":"#0","uv":[9.66667,10.5,11.08333,10.75]},"south":{"texture":"#0","uv":[10.5,9.83333,11.91667,10.08333]},"up":{"texture":"#0","uv":[11.91667,10.41667,10.5,10.16667]}},"from":[-4.34719,-0.31427,10.07953],"rotation":{"angle":-22.5,"axis":"y","origin":[0.30281,-0.11427,11.42953]},"to":[4.05281,1.08573,11.77953]},{"faces":{"down":{"texture":"#0","uv":[3.83333,13.66667,3.5,13.91667]},"north":{"texture":"#0","uv":[2,13.66667,2.33333,13.91667]},"south":{"texture":"#0","uv":[2.33333,13.66667,2.66667,13.91667]},"up":{"texture":"#0","uv":[14,3.08333,13.66667,2.83333]},"west":{"texture":"#0","uv":[0.5,14,0.75,14.25]}},"from":[-5.43783,-0.31427,7.06777],"rotation":{"angle":-45,"axis":"y","origin":[-5.18783,-0.11427,8.41777]},"to":[-3.33783,1.08573,8.76777]},{"faces":{"down":{"texture":"#0","uv":[8.33333,14.33333,8.16667,14.58333]},"north":{"texture":"#0","uv":[0.16667,14.66667,0.33333,14.83333]},"south":{"texture":"#0","uv":[0.33333,14.66667,0.5,14.83333]},"up":{"texture":"#0","uv":[6.33333,14.58333,6.16667,14.33333]},"west":{"texture":"#0","uv":[14.33333,9.66667,14.58333,9.83333]}},"from":[-2.65861,-1.41427,5.68931],"rotation":{"angle":-45,"axis":"y","origin":[-5.30861,-1.51427,7.03931]},"to":[-1.45861,-0.31427,7.38931]},{"faces":{"down":{"texture":"#0","uv":[12.16667,1.5,11,1.75]},"east":{"texture":"#0","uv":[10,14.33333,10.25,14.5]},"north":{"texture":"#0","uv":[1.66667,12,2.83333,12.16667]},"south":{"texture":"#0","uv":[5.16667,12,6.33333,12.16667]},"up":{"texture":"#0","uv":[12.16667,0.25,11,0]}},"from":[-2.94719,-1.41427,9.57953],"rotation":{"angle":-22.5,"axis":"y","origin":[0.30281,-1.51427,10.92953]},"to":[4.05281,-0.31427,11.27953]},{"faces":{"down":{"texture":"#0","uv":[9.5,14.33333,9.33333,14.58333]},"north":{"texture":"#0","uv":[14.66667,0.33333,14.83333,0.5]},"south":{"texture":"#0","uv":[0.5,14.66667,0.66667,14.83333]},"up":{"texture":"#0","uv":[8.66667,14.58333,8.5,14.33333]},"west":{"texture":"#0","uv":[11,14.33333,11.25,14.5]}},"from":[-1.20425,-2.51427,7.30716],"rotation":{"angle":-45,"axis":"y","origin":[-1.95425,-2.61427,8.65716]},"to":[-0.10425,-1.41427,9.00716]},{"faces":{"down":{"texture":"#0","uv":[12.66667,4.66667,11.83333,4.91667]},"east":{"texture":"#0","uv":[14.33333,11,14.58333,11.16667]},"north":{"texture":"#0","uv":[12.66667,11,13.5,11.16667]},"south":{"texture":"#0","uv":[12.66667,11.16667,13.5,11.33333]},"up":{"texture":"#0","uv":[12,11.91667,11.16667,11.66667]}},"from":[-0.84719,-2.51427,8.97953],"rotation":{"angle":-22.5,"axis":"y","origin":[0.30281,-2.61427,10.32953]},"to":[4.05281,-1.41427,10.67953]},{"faces":{"down":{"texture":"#0","uv":[12.5,14.33333,12.33333,14.58333]},"south":{"texture":"#0","uv":[0.66667,14.66667,0.83333,14.83333]},"up":{"texture":"#0","uv":[9.83333,14.58333,9.66667,14.33333]},"west":{"texture":"#0","uv":[14.33333,12.16667,14.58333,12.33333]}},"from":[1.19022,-3.51427,7.74041],"rotation":{"angle":-45,"axis":"y","origin":[0.54022,-3.71427,9.09041]},"to":[2.39022,-2.51427,9.44041]},{"faces":{"down":{"texture":"#0","uv":[1.08333,14,0.83333,14.25]},"east":{"texture":"#0","uv":[14.33333,12.5,14.58333,12.66667]},"south":{"texture":"#0","uv":[13,14.33333,13.25,14.5]},"up":{"texture":"#0","uv":[14.25,0.91667,14,0.66667]}},"from":[1.85281,-3.51427,8.37953],"rotation":{"angle":-22.5,"axis":"y","origin":[0.30281,-3.71427,9.72953]},"to":[3.55281,-2.51427,10.07953]},{"faces":{"east":{"texture":"#0","uv":[8,13.5,8.16667,14.08333]},"north":{"texture":"#0","uv":[8.33333,6.66667,10.08333,7.25]},"south":{"texture":"#0","uv":[0,8.5,1.75,9.08333]},"up":{"texture":"#0","uv":[12.75,0.5,11,0.33333]},"west":{"texture":"#0","uv":[9.83333,13.5,10,14.08333]}},"from":[3.02581,-2.68899,12.09364],"rotation":{"angle":22.5,"axis":"x","origin":[9.67581,-0.48899,12.84364]},"to":[13.52581,0.71101,13.19364]},{"faces":{"down":{"texture":"#0","uv":[12.75,3.83333,11,4]},"east":{"texture":"#0","uv":[4.83333,14,5,14.33333]},"north":{"texture":"#0","uv":[6.83333,9.5,8.58333,9.83333]},"south":{"texture":"#0","uv":[8.66667,9.5,10.41667,9.83333]},"west":{"texture":"#0","uv":[5.66667,14,5.83333,14.33333]}},"from":[3.02581,-4.0565,10.47908],"rotation":{"angle":45,"axis":"x","origin":[9.67581,-3.2565,11.22908]},"to":[13.52581,-2.0565,11.57908]},{"faces":{"down":{"texture":"#0","uv":[14.33333,14.58333,14,14.5]},"east":{"texture":"#0","uv":[14.91667,13.33333,14.83333,13.41667]},"north":{"texture":"#0","uv":[14.83333,13.66667,14.5,13.75]},"south":{"texture":"#0","uv":[14,14.5,13.66667,14.58333]},"up":{"texture":"#0","uv":[14.83333,13.83333,14.5,13.91667]},"west":{"texture":"#0","uv":[13.75,14.83333,13.66667,14.91667]}},"from":[-10.56171,7.28573,6.91491],"rotation":{"angle":45,"axis":"y","origin":[-9.51171,7.18573,7.26491]},"to":[-8.58671,7.96073,7.61491]},{"faces":{"down":{"texture":"#0","uv":[6.5,14.91667,6.33333,14.83333]},"east":{"texture":"#0","uv":[14.91667,13.66667,14.83333,13.75]},"north":{"texture":"#0","uv":[6.33333,14.83333,6.16667,14.91667]},"south":{"texture":"#0","uv":[15,6,14.83333,6.08333]},"up":{"texture":"#0","uv":[15,6.16667,14.83333,6.25]},"west":{"texture":"#0","uv":[13.91667,14.83333,13.83333,14.91667]}},"from":[-10.53671,7.93573,6.93991],"rotation":{"angle":45,"axis":"y","origin":[-9.68671,7.78573,7.28991]},"to":[-9.41171,8.58573,7.63991]},{"faces":{"down":{"texture":"#0","uv":[14.83333,7.75,14.33333,7.66667]},"east":{"texture":"#0","uv":[14.91667,5.83333,14.83333,6]},"north":{"texture":"#0","uv":[2,13.66667,1.5,13.83333]},"south":{"texture":"#0","uv":[14.16667,1.16667,13.66667,1.33333]},"up":{"texture":"#0","uv":[8.16667,14.33333,7.66667,14.41667]},"west":{"texture":"#0","uv":[6.08333,14.83333,6,15]}},"from":[-10.16171,6.28573,6.91491],"rotation":{"angle":45,"axis":"y","origin":[-9.11171,6.18573,7.26491]},"to":[-7.36171,7.38573,7.61491]},{"faces":{"down":{"texture":"#0","uv":[7.66667,14.41667,7.16667,14.33333]},"east":{"texture":"#0","uv":[0.41667,14.83333,0.33333,15.08333]},"north":{"texture":"#0","uv":[13.66667,0,13.16667,0.25]},"south":{"texture":"#0","uv":[13.33333,13,12.83333,13.25]},"up":{"texture":"#0","uv":[14.83333,7,14.33333,7.08333]},"west":{"texture":"#0","uv":[0.58333,14.83333,0.5,15.08333]}},"from":[-9.46171,4.98573,6.91491],"rotation":{"angle":45,"axis":"y","origin":[-8.41171,4.98573,7.26491]},"to":[-6.56171,6.33573,7.61491]},{"faces":{"down":{"texture":"#0","uv":[14.91667,3.25,14.5,3.16667]},"north":{"texture":"#0","uv":[14.25,5.66667,13.83333,5.83333]},"south":{"texture":"#0","uv":[5.75,13.83333,5.33333,14]},"up":{"texture":"#0","uv":[14.91667,3,14.5,3.08333]},"west":{"texture":"#0","uv":[5.91667,14.83333,5.83333,15]}},"from":[-8.46171,3.78573,6.91491],"rotation":{"angle":45,"axis":"y","origin":[-7.91171,3.78573,7.26491]},"to":[-6.06171,4.98573,7.61491]},{"faces":{"down":{"texture":"#0","uv":[14.41667,12.75,12.83333,12.66667]},"north":{"texture":"#0","uv":[12.75,10.5,11.16667,10.66667]},"south":{"texture":"#0","uv":[7.41667,11.16667,5.83333,11.33333]},"up":{"texture":"#0","uv":[14.41667,10.66667,12.83333,10.75]}},"from":[-7.14719,3.78573,3.52047],"rotation":{"angle":22.5,"axis":"y","origin":[-1.49719,3.78573,3.87047]},"to":[2.55281,4.98573,4.22047]},{"faces":{"down":{"texture":"#0","uv":[14.66667,14.58333,14.33333,14.5]},"east":{"texture":"#0","uv":[14.91667,6.33333,14.83333,6.5]},"north":{"texture":"#0","uv":[14.5,1.16667,14.16667,1.33333]},"south":{"texture":"#0","uv":[14.16667,14,13.83333,14.16667]},"up":{"texture":"#0","uv":[14.83333,14,14.5,14.08333]}},"from":[-7.31987,4.98573,5.16601],"rotation":{"angle":22.5,"axis":"y","origin":[-5.96987,4.98573,5.51601]},"to":[-5.11987,5.98573,5.86601]},{"faces":{"down":{"texture":"#0","uv":[14.41667,10.58333,12.83333,10.5]},"north":{"texture":"#0","uv":[11.75,5.66667,10.16667,5.91667]},"south":{"texture":"#0","uv":[11.75,5.33333,10.16667,5.58333]},"up":{"texture":"#0","uv":[14.41667,9,12.83333,9.08333]}},"from":[-6.04719,2.48573,3.47047],"rotation":{"angle":22.5,"axis":"y","origin":[-0.39719,2.68573,3.82047]},"to":[3.45281,3.88573,4.17047]},{"faces":{"down":{"texture":"#0","uv":[14.83333,6.91667,14.33333,6.83333]},"north":{"texture":"#0","uv":[13.5,11.5,13,11.75]},"south":{"texture":"#0","uv":[7,13,6.5,13.25]},"up":{"texture":"#0","uv":[14.83333,6.66667,14.33333,6.75]},"west":{"texture":"#0","uv":[14.91667,0.16667,14.83333,0.41667]}},"from":[-8.16171,2.48573,6.86491],"rotation":{"angle":45,"axis":"y","origin":[-6.81171,2.68573,7.21491]},"to":[-4.96171,3.88573,7.56491]},{"faces":{"down":{"texture":"#0","uv":[14.83333,9.41667,14.33333,9.33333]},"north":{"texture":"#0","uv":[13.66667,0.66667,13.16667,0.91667]},"south":{"texture":"#0","uv":[13.66667,0.33333,13.16667,0.58333]},"up":{"texture":"#0","uv":[9.33333,14.33333,8.83333,14.41667]},"west":{"texture":"#0","uv":[1.08333,14.83333,1,15.08333]}},"from":[-7.33671,1.08573,6.86491],"rotation":{"angle":45,"axis":"y","origin":[-6.11171,1.28573,7.21491]},"to":[-4.26171,2.48573,7.56491]},{"faces":{"down":{"texture":"#0","uv":[14.58333,2.58333,13,2.5]},"north":{"texture":"#0","uv":[11.75,6.33333,10.16667,6.58333]},"south":{"texture":"#0","uv":[11.75,6,10.16667,6.25]},"up":{"texture":"#0","uv":[14.41667,12.83333,12.83333,12.91667]}},"from":[-5.34719,1.08573,3.47047],"rotation":{"angle":22.5,"axis":"y","origin":[0.30281,1.28573,3.82047]},"to":[4.05281,2.48573,4.17047]},{"faces":{"down":{"texture":"#0","uv":[3.83333,13.91667,3.5,13.66667]},"north":{"texture":"#0","uv":[2.66667,13.66667,2.33333,13.91667]},"south":{"texture":"#0","uv":[2.33333,13.66667,2,13.91667]},"up":{"texture":"#0","uv":[14,2.83333,13.66667,3.08333]},"west":{"texture":"#0","uv":[0.75,14,0.5,14.25]}},"from":[-5.43783,-0.31427,6.88223],"rotation":{"angle":45,"axis":"y","origin":[-5.18783,-0.11427,7.23223]},"to":[-3.33783,1.08573,8.58223]},{"faces":{"down":{"texture":"#0","uv":[12.08333,1.08333,10.66667,0.83333]},"east":{"texture":"#0","uv":[14.25,0,14,0.25]},"north":{"texture":"#0","uv":[11.91667,9.83333,10.5,10.08333]},"south":{"texture":"#0","uv":[11.08333,10.5,9.66667,10.75]},"up":{"texture":"#0","uv":[11.91667,10.16667,10.5,10.41667]}},"from":[-4.34719,-0.31427,3.87047],"rotation":{"angle":22.5,"axis":"y","origin":[0.30281,-0.11427,4.22047]},"to":[4.05281,1.08573,5.57047]},{"faces":{"down":{"texture":"#0","uv":[12.16667,1.75,11,1.5]},"east":{"texture":"#0","uv":[10.25,14.33333,10,14.5]},"north":{"texture":"#0","uv":[6.33333,12,5.16667,12.16667]},"south":{"texture":"#0","uv":[2.83333,12,1.66667,12.16667]},"up":{"texture":"#0","uv":[12.16667,0,11,0.25]}},"from":[-2.94719,-1.41427,4.37047],"rotation":{"angle":22.5,"axis":"y","origin":[0.30281,-1.51427,4.72047]},"to":[4.05281,-0.31427,6.07047]},{"faces":{"down":{"texture":"#0","uv":[8.33333,14.58333,8.16667,14.33333]},"north":{"texture":"#0","uv":[0.5,14.66667,0.33333,14.83333]},"south":{"texture":"#0","uv":[0.33333,14.66667,0.16667,14.83333]},"up":{"texture":"#0","uv":[6.33333,14.33333,6.16667,14.58333]},"west":{"texture":"#0","uv":[14.58333,9.66667,14.33333,9.83333]}},"from":[-2.65861,-1.41427,8.26069],"rotation":{"angle":45,"axis":"y","origin":[-5.30861,-1.51427,8.61069]},"to":[-1.45861,-0.31427,9.96069]},{"faces":{"down":{"texture":"#0","uv":[9.5,14.58333,9.33333,14.33333]},"north":{"texture":"#0","uv":[0.66667,14.66667,0.5,14.83333]},"south":{"texture":"#0","uv":[14.83333,0.33333,14.66667,0.5]},"up":{"texture":"#0","uv":[8.66667,14.33333,8.5,14.58333]},"west":{"texture":"#0","uv":[11.25,14.33333,11,14.5]}},"from":[-1.20425,-2.51427,6.64284],"rotation":{"angle":45,"axis":"y","origin":[-1.95425,-2.61427,6.99284]},"to":[-0.10425,-1.41427,8.34284]},{"faces":{"down":{"texture":"#0","uv":[12.66667,4.91667,11.83333,4.66667]},"east":{"texture":"#0","uv":[14.58333,11,14.33333,11.16667]},"north":{"texture":"#0","uv":[13.5,11.16667,12.66667,11.33333]},"south":{"texture":"#0","uv":[13.5,11,12.66667,11.16667]},"up":{"texture":"#0","uv":[12,11.66667,11.16667,11.91667]}},"from":[-0.84719,-2.51427,4.97047],"rotation":{"angle":22.5,"axis":"y","origin":[0.30281,-2.61427,5.32047]},"to":[4.05281,-1.41427,6.67047]},{"faces":{"down":{"texture":"#0","uv":[1.08333,14.25,0.83333,14]},"east":{"texture":"#0","uv":[14.58333,12.5,14.33333,12.66667]},"north":{"texture":"#0","uv":[13.25,14.33333,13,14.5]},"up":{"texture":"#0","uv":[14.25,0.66667,14,0.91667]}},"from":[1.85281,-3.51427,5.57047],"rotation":{"angle":22.5,"axis":"y","origin":[0.30281,-3.71427,5.92047]},"to":[3.55281,-2.51427,7.27047]},{"faces":{"down":{"texture":"#0","uv":[12.5,14.58333,12.33333,14.33333]},"north":{"texture":"#0","uv":[0.83333,14.66667,0.66667,14.83333]},"up":{"texture":"#0","uv":[9.83333,14.33333,9.66667,14.58333]},"west":{"texture":"#0","uv":[14.58333,12.16667,14.33333,12.33333]}},"from":[1.19022,-3.51427,6.20959],"rotation":{"angle":45,"axis":"y","origin":[0.54022,-3.71427,6.55959]},"to":[2.39022,-2.51427,7.90959]},{"faces":{"down":{"texture":"#0","uv":[12.75,4,11,3.83333]},"east":{"texture":"#0","uv":[5,14,4.83333,14.33333]},"north":{"texture":"#0","uv":[10.41667,9.5,8.66667,9.83333]},"south":{"texture":"#0","uv":[8.58333,9.5,6.83333,9.83333]},"west":{"texture":"#0","uv":[5.83333,14,5.66667,14.33333]}},"from":[3.02581,-4.0565,4.07092],"rotation":{"angle":-45,"axis":"x","origin":[9.67581,-3.2565,4.42092]},"to":[13.52581,-2.0565,5.17092]},{"faces":{"east":{"texture":"#0","uv":[8.16667,13.5,8,14.08333]},"north":{"texture":"#0","uv":[1.75,8.5,0,9.08333]},"south":{"texture":"#0","uv":[10.08333,6.66667,8.33333,7.25]},"up":{"texture":"#0","uv":[12.75,0.33333,11,0.5]},"west":{"texture":"#0","uv":[10,13.5,9.83333,14.08333]}},"from":[3.02581,-2.68899,2.45636],"rotation":{"angle":-22.5,"axis":"x","origin":[9.67581,-0.48899,2.80636]},"to":[13.52581,0.71101,3.55636]},{"faces":{"east":{"texture":"#0","uv":[9.58333,14.16667,9.5,14.75]},"north":{"texture":"#0","uv":[10.08333,6,8.33333,6.58333]},"south":{"texture":"#0","uv":[10.08333,5.33333,8.33333,5.91667]},"up":{"texture":"#0","uv":[14.41667,4,12.66667,4.08333]},"west":{"texture":"#0","uv":[9.91667,14.16667,9.83333,14.75]}},"from":[3.02581,0.48573,2.02378],"rotation":{"angle":0,"axis":"y","origin":[9.67581,2.68573,2.37378]},"to":[13.52581,3.98573,2.72378]},{"faces":{"down":{"texture":"#0","uv":[0.91667,14.91667,0.66667,14.83333]},"north":{"texture":"#0","uv":[14.58333,8,14.33333,8.16667]},"south":{"texture":"#0","uv":[14.58333,7.83333,14.33333,8]}},"from":[2.11058,3.78573,1.99725],"rotation":{"angle":0,"axis":"y","origin":[7.76058,3.78573,2.34725]},"to":[3.61058,4.98573,2.69725]},{"faces":{"down":{"texture":"#0","uv":[14.41667,14.91667,14.33333,14.83333]},"north":{"texture":"#0","uv":[14.91667,14,14.83333,14.08333]},"south":{"texture":"#0","uv":[14.91667,13.83333,14.83333,13.91667]}},"from":[3.61058,3.78573,1.99725],"rotation":{"angle":0,"axis":"y","origin":[8.16058,3.78573,2.34725]},"to":[4.01058,4.08573,2.69725]},{"faces":{"north":{"texture":"#0","uv":[11.16667,11.66667,10.33333,11.91667]},"south":{"texture":"#0","uv":[3.33333,11.66667,2.5,11.91667]},"west":{"texture":"#0","uv":[14.75,13.16667,14.66667,13.41667]}},"from":[13.52581,-0.71427,2.02378],"rotation":{"angle":0,"axis":"y","origin":[9.67581,0.98573,2.37378]},"to":[18.47581,0.78573,2.72378]},{"faces":{"down":{"texture":"#0","uv":[14.75,8.58333,13.5,8.5]},"north":{"texture":"#0","uv":[12.08333,7.83333,10.83333,8.08333]},"south":{"texture":"#0","uv":[8.41667,10.83333,7.16667,11.08333]},"up":{"texture":"#0","uv":[14.75,8.33333,13.5,8.41667]}},"from":[13.52581,0.78573,2.02378],"rotation":{"angle":0,"axis":"y","origin":[9.67581,2.68573,2.37378]},"to":[21.07581,2.48573,2.72378]},{"faces":{"east":{"texture":"#0","uv":[13.41667,14.66667,13.33333,14.91667]},"north":{"texture":"#0","uv":[14.5,6,14.33333,6.25]},"south":{"texture":"#0","uv":[4.66667,14.33333,4.5,14.58333]}},"from":[18.47581,-0.61427,2.02378],"rotation":{"angle":0,"axis":"y","origin":[11.07581,0.98573,2.37378]},"to":[19.67581,0.78573,2.72378]},{"faces":{"down":{"texture":"#0","uv":[14.83333,6.58333,14.33333,6.5]},"east":{"texture":"#0","uv":[2.91667,14.5,2.83333,14.91667]},"north":{"texture":"#0","uv":[12.16667,11,11.66667,11.41667]},"south":{"texture":"#0","uv":[7.33333,7.83333,6.83333,8.25]},"west":{"texture":"#0","uv":[3.08333,14.5,3,14.91667]}},"from":[13.52581,-2.13019,1.76836],"rotation":{"angle":-22.5,"axis":"x","origin":[9.67581,0.36981,4.11836]},"to":[16.42581,0.16981,2.46836]},{"faces":{"down":{"texture":"#0","uv":[13.66667,14.58333,13.33333,14.5]},"east":{"texture":"#0","uv":[14.91667,5.5,14.83333,5.66667]},"north":{"texture":"#0","uv":[8.5,14,8.16667,14.16667]},"south":{"texture":"#0","uv":[5.66667,14,5.33333,14.16667]}},"from":[16.42581,-0.93019,1.76836],"rotation":{"angle":-22.5,"axis":"x","origin":[11.57581,0.36981,4.11836]},"to":[18.32581,0.16981,2.46836]},{"faces":{"down":{"texture":"#0","uv":[14.58333,14.75,14.33333,14.66667]},"east":{"texture":"#0","uv":[14.91667,13,14.83333,13.08333]},"north":{"texture":"#0","uv":[13.91667,14.66667,13.66667,14.75]},"south":{"texture":"#0","uv":[14.91667,13.5,14.66667,13.58333]},"west":{"texture":"#0","uv":[14.91667,13.16667,14.83333,13.25]}},"from":[16.42581,-0.80242,1.61502],"rotation":{"angle":-45,"axis":"x","origin":[11.57581,0.07258,3.96502]},"to":[18.07581,-0.12742,2.31502]},{"faces":{"down":{"texture":"#0","uv":[1.16667,14.66667,1,14.83333]},"east":{"texture":"#0","uv":[0.5,13.33333,0.66667,14]},"north":{"texture":"#0","uv":[0.33333,13.33333,0.5,14]},"south":{"texture":"#0","uv":[0.66667,13.33333,0.83333,14]},"west":{"texture":"#0","uv":[0.83333,13.33333,1,14]}},"from":[13.12581,4.28573,12.82622],"rotation":{"angle":0,"axis":"y","origin":[16.16648,3.47655,9.32622]},"to":[14.12581,8.28573,13.82622]},{"faces":{"down":{"texture":"#0","uv":[1,6,0,7.66667]},"east":{"texture":"#0","uv":[0,3.33333,1.66667,4.75]},"north":{"texture":"#0","uv":[6,0.83333,7,2.25]},"south":{"texture":"#0","uv":[1,6,2,7.41667]},"up":{"texture":"#0","uv":[4.83333,7.16667,3.83333,5.5]},"west":{"texture":"#0","uv":[3.83333,0,5.5,1.41667]}},"from":[14.02581,-0.01427,2.82622],"rotation":{"angle":0,"axis":"y","origin":[17.16648,3.47655,8.32622]},"to":[20.12581,8.28573,12.82622]},{"faces":{"east":{"texture":"#0","uv":[4.16667,7.16667,4.83333,7.83333]},"north":{"texture":"#0","uv":[6,2.33333,6.66667,3]},"south":{"texture":"#0","uv":[5.16667,9.66667,5.83333,10.33333]},"up":{"texture":"#0","uv":[7.16667,10.5,6.5,9.83333]},"west":{"texture":"#0","uv":[5.83333,9.83333,6.5,10.5]}},"from":[15.02581,8.28573,5.92622],"rotation":{"angle":0,"axis":"y","origin":[17.02581,10.28573,7.92622]},"to":[19.02581,12.28573,9.92622]},{"faces":{"east":{"texture":"#0","uv":[12.5,12.66667,12.83333,13.08333]},"north":{"texture":"#0","uv":[7.66667,12.66667,8,13.08333]},"south":{"texture":"#0","uv":[12.83333,0.33333,13.16667,0.75]},"up":{"texture":"#0","uv":[13.5,8.16667,13.16667,7.83333]},"west":{"texture":"#0","uv":[1.33333,12.83333,1.66667,13.25]}},"from":[15.02581,8.28573,3.22622],"rotation":{"angle":0,"axis":"y","origin":[17.02581,10.28573,7.92622]},"to":[17.02581,10.78573,5.22622]},{"faces":{"east":{"texture":"#0","uv":[6.5,12.5,6.83333,13]},"north":{"texture":"#0","uv":[3.66667,12.5,4,13]},"south":{"texture":"#0","uv":[6.83333,12.5,7.16667,13]},"up":{"texture":"#0","uv":[2,13.66667,1.66667,13.33333]},"west":{"texture":"#0","uv":[12.5,7.66667,12.83333,8.16667]}},"from":[15.82581,8.08573,10.62622],"rotation":{"angle":0,"axis":"y","origin":[17.82581,10.08573,7.92622]},"to":[17.82581,11.28573,12.62622]},{"faces":{"down":{"texture":"#0","uv":[13.66667,2.83333,13.33333,3.16667]},"east":{"texture":"#0","uv":[0,11.66667,0.33333,12.25]},"north":{"texture":"#0","uv":[5.5,8.5,5.83333,9.08333]},"south":{"texture":"#0","uv":[3.66667,11.83333,4,12.41667]},"up":{"texture":"#0","uv":[2.66667,13.66667,2.33333,13.33333]},"west":{"texture":"#0","uv":[6.5,11.83333,6.83333,12.41667]}},"from":[20.22581,8.28573,9.82622],"rotation":{"angle":0,"axis":"y","origin":[17.92581,10.28573,7.92622]},"to":[22.22581,11.88573,11.82622]},{"faces":{"east":{"texture":"#0","uv":[3.5,11,3.66667,12.75]},"north":{"texture":"#0","uv":[4,10.5,4.16667,12.25]},"south":{"texture":"#0","uv":[4.5,11,4.66667,12.75]},"west":{"texture":"#0","uv":[4.66667,11,4.83333,12.75]}},"from":[20.80581,11.62973,10.40622],"rotation":{"angle":0,"axis":"y","origin":[19.83981,12.25773,9.60822]},"to":[21.64581,22.14173,11.24622]},{"faces":{"east":{"texture":"#0","uv":[4.16667,11.33333,4.33333,12.58333]},"north":{"texture":"#0","uv":[9.83333,11.16667,10,12.41667]},"south":{"texture":"#0","uv":[4.33333,11.33333,4.5,12.58333]},"up":{"texture":"#0","uv":[14.83333,4.66667,14.66667,4.5]},"west":{"texture":"#0","uv":[7.33333,11.33333,7.5,12.58333]}},"from":[21.11967,22.4636,10.40622],"rotation":{"angle":-22.5,"axis":"z","origin":[20.15367,23.0916,9.60822]},"to":[21.95967,29.9756,11.24622]},{"faces":{"down":{"texture":"#0","uv":[8.75,13.66667,8.66667,14.66667]},"east":{"texture":"#0","uv":[5,1.5,6,3.25]},"north":{"texture":"#0","uv":[2.83333,12.66667,2.91667,14.41667]},"south":{"texture":"#0","uv":[3,12.66667,3.08333,14.41667]},"west":{"texture":"#0","uv":[2,5,3,6.75]}},"from":[21.10581,11.62973,8.00622],"rotation":{"angle":0,"axis":"y","origin":[19.83981,12.25773,9.60822]},"to":[21.44581,22.14173,14.24622]},{"faces":{"east":{"texture":"#0","uv":[7.33333,5,8.33333,6.25]},"north":{"texture":"#0","uv":[6.83333,13.33333,6.91667,14.58333]},"south":{"texture":"#0","uv":[3.33333,13.5,3.41667,14.75]},"up":{"texture":"#0","uv":[6.58333,14.66667,6.5,13.66667]},"west":{"texture":"#0","uv":[7.33333,6.33333,8.33333,7.58333]}},"from":[21.4425,22.5784,8.00622],"rotation":{"angle":-22.5,"axis":"z","origin":[20.1765,23.2064,9.60822]},"to":[21.7825,30,14.24622]},{"faces":{"down":{"texture":"#0","uv":[14.83333,5,14.66667,5.16667]},"east":{"texture":"#0","uv":[11.16667,12.66667,11.33333,13.5]},"north":{"texture":"#0","uv":[9,12.66667,9.16667,13.5]},"south":{"texture":"#0","uv":[3.5,12.83333,3.66667,13.66667]},"up":{"texture":"#0","uv":[14.83333,5,14.66667,4.83333]},"west":{"texture":"#0","uv":[4.5,12.83333,4.66667,13.66667]}},"from":[20.90581,16.82973,10.40622],"rotation":{"angle":22.5,"axis":"x","origin":[21.32581,16.78573,10.82622]},"to":[21.74581,22.04173,11.24622]},{"faces":{"down":{"texture":"#0","uv":[14.83333,5.33333,14.66667,5.5]},"east":{"texture":"#0","uv":[4.83333,12.83333,5,13.66667]},"north":{"texture":"#0","uv":[4.66667,12.83333,4.83333,13.66667]},"south":{"texture":"#0","uv":[5,12.83333,5.16667,13.66667]},"up":{"texture":"#0","uv":[14.83333,5.33333,14.66667,5.16667]},"west":{"texture":"#0","uv":[5.33333,12.83333,5.5,13.66667]}},"from":[22.30581,25.22973,10.40622],"rotation":{"angle":22.5,"axis":"x","origin":[22.72581,25.18573,10.82622]},"to":[23.14581,30,11.24622]},{"faces":{"down":{"texture":"#0","uv":[14.83333,5.5,14.66667,5.66667]},"east":{"texture":"#0","uv":[5.66667,12.83333,5.83333,13.66667]},"north":{"texture":"#0","uv":[5.5,12.83333,5.66667,13.66667]},"south":{"texture":"#0","uv":[5.83333,12.83333,6,13.66667]},"up":{"texture":"#0","uv":[5.66667,14.83333,5.5,14.66667]},"west":{"texture":"#0","uv":[6,12.83333,6.16667,13.66667]}},"from":[20.90581,21.62973,10.30622],"rotation":{"angle":45,"axis":"x","origin":[21.32581,21.58573,10.72622]},"to":[21.74581,26.84173,11.14622]},{"faces":{"down":{"texture":"#0","uv":[14.83333,6,14.66667,6.16667]},"east":{"texture":"#0","uv":[10,12.83333,10.16667,13.66667]},"north":{"texture":"#0","uv":[8.83333,12.83333,9,13.66667]},"south":{"texture":"#0","uv":[10.16667,12.83333,10.33333,13.66667]},"up":{"texture":"#0","uv":[6.16667,14.83333,6,14.66667]},"west":{"texture":"#0","uv":[10.33333,12.83333,10.5,13.66667]}},"from":[20.90581,19.52973,10.49526],"rotation":{"angle":-45,"axis":"x","origin":[21.32581,19.48573,10.91526]},"to":[21.74581,24.74173,11.33526]},{"faces":{"down":{"texture":"#0","uv":[14.83333,6.16667,14.66667,6.33333]},"east":{"texture":"#0","uv":[10.66667,12.83333,10.83333,13.66667]},"north":{"texture":"#0","uv":[10.5,12.83333,10.66667,13.66667]},"south":{"texture":"#0","uv":[10.83333,12.83333,11,13.66667]},"up":{"texture":"#0","uv":[6.33333,14.83333,6.16667,14.66667]},"west":{"texture":"#0","uv":[11,12.83333,11.16667,13.66667]}},"from":[20.90581,14.72973,10.39526],"rotation":{"angle":-22.5,"axis":"x","origin":[21.32581,14.68573,10.81526]},"to":[21.74581,19.94173,11.23526]},{"faces":{"down":{"texture":"#0","uv":[6.83333,14.66667,6.66667,14.83333]},"east":{"texture":"#0","uv":[5,13.66667,5.16667,14.16667]},"north":{"texture":"#0","uv":[3.83333,13.66667,4,14.16667]},"south":{"texture":"#0","uv":[5.83333,13.66667,6,14.16667]},"up":{"texture":"#0","uv":[6.66667,14.83333,6.5,14.66667]},"west":{"texture":"#0","uv":[6,13.66667,6.16667,14.16667]}},"from":[23.30581,27.12973,10.49526],"rotation":{"angle":-45,"axis":"x","origin":[23.72581,27.08573,10.91526]},"to":[24.14581,30,11.33526]},{"faces":{"down":{"texture":"#0","uv":[7.16667,14.66667,7,14.83333]},"east":{"texture":"#0","uv":[11.83333,12.83333,12,13.66667]},"north":{"texture":"#0","uv":[11.66667,12.83333,11.83333,13.66667]},"south":{"texture":"#0","uv":[12,12.83333,12.16667,13.66667]},"up":{"texture":"#0","uv":[7,14.83333,6.83333,14.66667]},"west":{"texture":"#0","uv":[12.16667,12.83333,12.33333,13.66667]}},"from":[21.70581,23.02973,10.39526],"rotation":{"angle":-22.5,"axis":"x","origin":[22.12581,22.98573,10.81526]},"to":[22.54581,28.24173,11.23526]},{"faces":{"down":{"texture":"#0","uv":[6,14.66667,5.83333,14.83333]},"east":{"texture":"#0","uv":[8.33333,12.83333,8.5,13.66667]},"north":{"texture":"#0","uv":[8.16667,12.83333,8.33333,13.66667]},"south":{"texture":"#0","uv":[8.5,12.83333,8.66667,13.66667]},"up":{"texture":"#0","uv":[5.83333,14.83333,5.66667,14.66667]},"west":{"texture":"#0","uv":[8.66667,12.83333,8.83333,13.66667]}},"from":[20.90581,13.22973,10.30622],"rotation":{"angle":45,"axis":"x","origin":[21.32581,13.18573,10.72622]},"to":[21.74581,18.44173,11.14622]},{"faces":{"east":{"texture":"#0","uv":[14.5,0.16667,14.75,0.33333]},"north":{"texture":"#0","uv":[0.16667,14.5,0.41667,14.66667]},"south":{"texture":"#0","uv":[0.5,14.5,0.75,14.66667]},"up":{"texture":"#0","uv":[14.25,3.08333,14,2.83333]},"west":{"texture":"#0","uv":[14.5,0.66667,14.75,0.83333]}},"from":[16.10581,11.08173,10.90622],"rotation":{"angle":0,"axis":"y","origin":[17.54581,10.84173,8.96222]},"to":[17.54581,12.08973,12.34622]},{"faces":{"east":{"texture":"#0","uv":[1.5,7.5,1.83333,8.41667]},"north":{"texture":"#0","uv":[6.66667,2.33333,7,3.25]},"south":{"texture":"#0","uv":[3.66667,10.83333,4,11.75]},"up":{"texture":"#0","uv":[1.33333,13.66667,1,13.33333]},"west":{"texture":"#0","uv":[8.5,10.83333,8.83333,11.75]}},"from":[19.02581,7.78573,3.82622],"rotation":{"angle":-22.5,"axis":"z","origin":[19.62581,9.53573,4.22622]},"to":[21.02581,13.18573,5.82622]},{"faces":{"east":{"texture":"#0","uv":[1.66667,12.66667,1.91667,13.25]},"north":{"texture":"#0","uv":[1,12.66667,1.25,13.25]},"south":{"texture":"#0","uv":[2,12.66667,2.25,13.25]},"up":{"texture":"#0","uv":[2.08333,14.25,1.83333,14]},"west":{"texture":"#0","uv":[2.33333,12.66667,2.58333,13.25]}},"from":[19.77661,12.50247,4.17022],"rotation":{"angle":-22.5,"axis":"z","origin":[20.17021,10.49047,4.22622]},"to":[21.08861,15.89767,5.48222]},{"faces":{"east":{"texture":"#0","uv":[9.33333,13.5,9.58333,13.91667]},"north":{"texture":"#0","uv":[9,13.5,9.25,13.91667]},"south":{"texture":"#0","uv":[13.5,9.33333,13.75,9.75]},"up":{"texture":"#0","uv":[1.41667,14.25,1.16667,14]},"west":{"texture":"#0","uv":[13.5,11,13.75,11.41667]}},"from":[15.36981,10.71573,3.57022],"rotation":{"angle":0,"axis":"y","origin":[16.68181,10.75013,6.65342]},"to":[16.68181,13.35573,4.88222]},{"faces":{"down":{"texture":"#0","uv":[11.25,12.16667,10.83333,12.58333]},"east":{"texture":"#0","uv":[2.16667,12.16667,2.58333,12.58333]},"north":{"texture":"#0","uv":[1.66667,12.16667,2.08333,12.58333]},"south":{"texture":"#0","uv":[5.16667,12.16667,5.58333,12.58333]},"up":{"texture":"#0","uv":[10.75,12.58333,10.33333,12.16667]},"west":{"texture":"#0","uv":[5.66667,12.16667,6.08333,12.58333]}},"from":[15.74581,12.30573,6.64622],"rotation":{"angle":22.5,"axis":"y","origin":[17.02581,12.08573,7.92622]},"to":[18.30581,14.86573,9.20622]},{"faces":{"down":{"texture":"#0","uv":[10.66667,0.83333,10,1.5]},"east":{"texture":"#0","uv":[9.83333,8.33333,10.5,9]},"north":{"texture":"#0","uv":[7.83333,9.83333,8.5,10.5]},"south":{"texture":"#0","uv":[8.5,9.83333,9.16667,10.5]},"up":{"texture":"#0","uv":[10.5,10.5,9.83333,9.83333]},"west":{"texture":"#0","uv":[9.16667,9.83333,9.83333,10.5]}},"from":[15.02581,8.18573,5.92622],"rotation":{"angle":-45,"axis":"y","origin":[17.02581,10.28573,7.92622]},"to":[19.02581,12.38573,9.92622]},{"faces":{"down":{"texture":"#0","uv":[2.08333,1.66667,0,3.33333]},"east":{"texture":"#0","uv":[12.66667,12.16667,14.33333,12.25]},"north":{"texture":"#0","uv":[12,10.16667,14.08333,10.25]},"up":{"texture":"#0","uv":[2.08333,1.66667,0,0]},"west":{"texture":"#0","uv":[12.66667,12.33333,14.33333,12.41667]}},"from":[1.42581,2.98573,2.72622],"rotation":{"angle":0,"axis":"y","origin":[11.16648,3.47655,8.32622]},"to":[14.12581,3.58573,12.92622]},{"faces":{"down":{"texture":"#0","uv":[8.16667,2,7,3.16667]},"north":{"texture":"#0","uv":[13.5,9.83333,14.66667,9.91667]},"up":{"texture":"#0","uv":[8.16667,2,7,0.83333]},"west":{"texture":"#0","uv":[13.5,11.66667,14.66667,11.75]}},"from":[-1.49214,2.98573,2.55827],"rotation":{"angle":45,"axis":"y","origin":[3.77581,3.13573,7.82622]},"to":[5.72035,3.56073,9.77076]},{"faces":{"down":{"texture":"#0","uv":[5.75,7.83333,4.16667,8.5]},"east":{"texture":"#0","uv":[5,14.16667,5.66667,14.25]},"north":{"texture":"#0","uv":[13,2.66667,14.58333,2.75]},"south":{"texture":"#0","uv":[13,5.16667,14.58333,5.25]},"up":{"texture":"#0","uv":[9.41667,4.66667,7.83333,4]}},"from":[-8.69214,3.28573,5.72622],"rotation":{"angle":-22.5,"axis":"z","origin":[-0.22419,3.43573,7.82622]},"to":[0.82581,3.58573,9.92622]},{"faces":{"down":{"texture":"#0","uv":[13.08333,1.66667,12.16667,1.83333]},"east":{"texture":"#0","uv":[14.83333,6.83333,15,6.91667]},"south":{"texture":"#0","uv":[13.83333,1.66667,14.75,1.75]},"up":{"texture":"#0","uv":[13.08333,1.66667,12.16667,1.5]}},"from":[-4.89214,3.28573,9.92622],"rotation":{"angle":-22.5,"axis":"z","origin":[-0.22419,3.43573,9.72622]},"to":[0.82581,3.58573,10.82622]},{"faces":{"down":{"texture":"#0","uv":[14.16667,13,13.66667,13.16667]},"east":{"texture":"#0","uv":[14.83333,7,15,7.08333]},"south":{"texture":"#0","uv":[14.33333,14.16667,14.83333,14.25]},"up":{"texture":"#0","uv":[13.33333,13.83333,12.83333,13.66667]},"west":{"texture":"#0","uv":[7.16667,14.83333,7.33333,14.91667]}},"from":[-2.29214,3.38573,10.82622],"rotation":{"angle":-22.5,"axis":"z","origin":[-0.22419,3.43573,10.62622]},"to":[0.82581,3.58573,11.82622]},{"faces":{"down":{"texture":"#0","uv":[7.66667,14.83333,7.5,14.91667]},"south":{"texture":"#0","uv":[7.33333,14.83333,7.5,14.91667]},"up":{"texture":"#0","uv":[15,7.41667,14.83333,7.33333]},"west":{"texture":"#0","uv":[14.5,14.83333,14.58333,14.91667]}},"from":[-3.19214,3.38573,10.82622],"rotation":{"angle":-22.5,"axis":"z","origin":[-0.22419,3.43573,10.62622]},"to":[-2.27419,3.58573,11.52622]},{"faces":{"down":{"texture":"#0","uv":[15,8.16667,14.83333,8.25]},"north":{"texture":"#0","uv":[8,14.83333,8.16667,14.91667]},"up":{"texture":"#0","uv":[8.33333,14.91667,8.16667,14.83333]},"west":{"texture":"#0","uv":[14.66667,14.83333,14.75,14.91667]}},"from":[-3.19214,3.38573,4.12622],"rotation":{"angle":-22.5,"axis":"z","origin":[-0.22419,3.43573,5.02622]},"to":[-2.27419,3.58573,4.82622]},{"faces":{"down":{"texture":"#0","uv":[13.83333,13.66667,13.33333,13.83333]},"east":{"texture":"#0","uv":[14.83333,7.66667,15,7.75]},"north":{"texture":"#0","uv":[14.33333,14.33333,14.83333,14.41667]},"up":{"texture":"#0","uv":[14.16667,13.33333,13.66667,13.16667]},"west":{"texture":"#0","uv":[14.83333,7.83333,15,7.91667]}},"from":[-2.29214,3.38573,3.82622],"rotation":{"angle":-22.5,"axis":"z","origin":[-0.22419,3.43573,5.02622]},"to":[0.82581,3.58573,4.82622]},{"faces":{"down":{"texture":"#0","uv":[13.08333,3.5,12.16667,3.66667]},"east":{"texture":"#0","uv":[14.83333,7.5,15,7.58333]},"north":{"texture":"#0","uv":[13.83333,2,14.75,2.08333]},"up":{"texture":"#0","uv":[13.08333,3.5,12.16667,3.33333]}},"from":[-4.89214,3.28573,4.82622],"rotation":{"angle":-22.5,"axis":"z","origin":[-0.22419,3.43573,5.92622]},"to":[0.82581,3.58573,5.72622]},{"faces":{"down":{"texture":"#0","uv":[2.83333,6.83333,2,8.5]},"north":{"texture":"#0","uv":[12.66667,11.33333,13.5,11.5]},"south":{"texture":"#0","uv":[11.66667,12.66667,12.5,12.83333]},"up":{"texture":"#0","uv":[7.33333,7.83333,6.5,6.16667]}},"from":[20.12581,8.68573,2.82622],"rotation":{"angle":22.5,"axis":"z","origin":[23.16648,4.87655,8.32622]},"to":[24.92581,9.68573,12.82622]},{"faces":{"down":{"texture":"#0","uv":[3.16667,11.5,1.66667,11.66667]},"east":{"texture":"#0","uv":[14.66667,1,14.83333,1.16667]},"north":{"texture":"#0","uv":[11.33333,6.83333,12.83333,7]},"south":{"texture":"#0","uv":[11.33333,7,12.83333,7.16667]},"up":{"texture":"#0","uv":[12.83333,7.33333,11.33333,7.16667]}},"from":[5.12581,3.28573,12.82622],"rotation":{"angle":0,"axis":"y","origin":[8.31663,1.24505,9.32622]},"to":[14.12581,4.28573,13.80122]},{"faces":{"down":{"texture":"#0","uv":[13.16667,1,12.16667,1.16667]},"east":{"texture":"#0","uv":[1.33333,14.66667,1.5,14.83333]},"north":{"texture":"#0","uv":[12.16667,0,13.16667,0.16667]},"south":{"texture":"#0","uv":[12.16667,0.16667,13.16667,0.33333]},"up":{"texture":"#0","uv":[13.16667,1,12.16667,0.83333]},"west":{"texture":"#0","uv":[1.5,14.66667,1.66667,14.83333]}},"from":[-1.21293,5.66414,12.82622],"rotation":{"angle":-22.5,"axis":"z","origin":[-1.02211,3.62346,9.32622]},"to":[4.78707,6.66414,13.82622]},{"faces":{"down":{"texture":"#0","uv":[6.41667,11.83333,5.16667,12]},"east":{"texture":"#0","uv":[14.66667,2.33333,14.83333,2.5]},"north":{"texture":"#0","uv":[11.66667,7.5,12.91667,7.66667]},"south":{"texture":"#0","uv":[11.66667,11.5,12.91667,11.66667]},"up":{"texture":"#0","uv":[13.08333,5.16667,11.83333,5]},"west":{"texture":"#0","uv":[14.66667,2.5,14.83333,2.66667]}},"from":[-3.67419,4.78573,11.82622],"rotation":{"angle":-22.5,"axis":"y","origin":[0.21663,2.54505,8.32622]},"to":[3.62581,5.66073,12.82622]},{"faces":{"down":{"texture":"#0","uv":[10.5,13.66667,10,13.83333]},"east":{"texture":"#0","uv":[2.66667,14.66667,2.83333,14.83333]},"north":{"texture":"#0","uv":[4.5,13.66667,5,13.83333]},"south":{"texture":"#0","uv":[5.33333,13.66667,5.83333,13.83333]},"up":{"texture":"#0","uv":[8.66667,13.83333,8.16667,13.66667]},"west":{"texture":"#0","uv":[14.66667,2.66667,14.83333,2.83333]}},"from":[-8.01293,7.06414,9.82622],"rotation":{"angle":-22.5,"axis":"z","origin":[-10.82211,5.02346,6.32622]},"to":[-5.01293,8.16414,10.82622]},{"faces":{"down":{"texture":"#0","uv":[13.83333,7.66667,13.16667,7.83333]},"east":{"texture":"#0","uv":[14.66667,2.83333,14.83333,3]},"north":{"texture":"#0","uv":[13.16667,6.66667,13.83333,6.83333]},"south":{"texture":"#0","uv":[13.16667,6.83333,13.83333,7]},"up":{"texture":"#0","uv":[13.83333,7.16667,13.16667,7]},"west":{"texture":"#0","uv":[3.5,14.66667,3.66667,14.83333]}},"from":[-11.26517,8.39877,8.82622],"rotation":{"angle":-45,"axis":"z","origin":[-11.07435,6.3581,5.32622]},"to":[-7.26517,9.54877,10.02622]},{"faces":{"down":{"rotation":270,"texture":"#0","uv":[15.33333,0,15.46667,1]},"east":{"rotation":270,"texture":"#0","uv":[0,15.5,2.83333,15.63333]},"north":{"rotation":90,"texture":"#0","uv":[10.25,15.08333,13,16]},"south":{"rotation":270,"texture":"#0","uv":[13.25,15.08333,16,16]}},"from":[1.29233,5.60564,6.92074],"rotation":{"angle":-22.5,"axis":"z","origin":[6.74233,13.10564,7.32074]},"to":[7.34233,22.58064,7.72074]},{"faces":{"down":{"rotation":270,"texture":"#0","uv":[15.25,1.16667,15.35,2]},"east":{"rotation":270,"texture":"#0","uv":[1.47917,15.375,3.64583,15.39583]},"north":{"rotation":90,"texture":"#0","uv":[8,15.25,10.16667,16]},"south":{"rotation":270,"texture":"#0","uv":[3.91667,15.25,6.08333,16]}},"from":[4.33414,5.9852,7.02074],"rotation":{"angle":0,"axis":"y","origin":[9.83414,13.4852,7.32074]},"to":[9.33414,18.9852,7.62074]},{"faces":{"east":{"texture":"#1","uv":[0,0,8.6496,3.75112]},"north":{"texture":"#1","uv":[0,0,8.6496,3.75112]},"south":{"texture":"#1","uv":[0,0,8.6496,3.75112]},"up":{"rotation":270,"texture":"#1","uv":[0,0,8.6496,8.6496]},"west":{"texture":"#1","uv":[0,0,8.6496,3.75112]}},"from":[2.27008,16.60065,9.80124],"name":"Hoed","rotation":{"angle":-22.5,"axis":"z","origin":[3.5747,13.34531,11.53116]},"to":[5.72992,18.1011,13.26108]},{"faces":{"down":{"texture":"#2","uv":[0,0,4,4]},"east":{"texture":"#2","uv":[0,0,4,4]},"north":{"texture":"#2","uv":[0,0,4,4]},"south":{"texture":"#2","uv":[0,0,4,4]},"up":{"texture":"#2","uv":[0,0,4,4]},"west":{"texture":"#2","uv":[0,0,4,4]}},"from":[1.97008,17.60065,11.20124],"name":"Hoed","rotation":{"angle":-22.5,"axis":"z","origin":[3.5747,13.34531,11.53116]},"to":[2.37992,19.0011,11.86108]},{"faces":{"east":{"texture":"#2","uv":[0,0,4,4]},"north":{"texture":"#2","uv":[0,0,4,4]},"south":{"texture":"#2","uv":[0,0,4,4]},"up":{"texture":"#2","uv":[0,0,4,4]},"west":{"texture":"#2","uv":[0,0,4,4]}},"from":[4.69171,18.83464,11.22624],"name":"Hoed","rotation":{"angle":-45,"axis":"z","origin":[4.89663,19.53487,11.53116]},"to":[5.10155,19.83509,11.83608]},{"faces":{"east":{"texture":"#1","uv":[0,0,7.00618,2.13841]},"north":{"texture":"#1","uv":[0,0,7.00618,2.13841]},"south":{"texture":"#1","uv":[0,0,7.00618,2.13841]},"up":{"rotation":270,"texture":"#1","uv":[0,0,7.00618,7.00618]},"west":{"texture":"#1","uv":[0,0,7.00618,2.13841]}},"from":[2.59876,17.92319,10.12992],"name":"Hoed","rotation":{"angle":-22.5,"axis":"z","origin":[3.5747,13.34531,11.53116]},"to":[5.40124,18.77856,12.93239]},{"faces":{"down":{"rotation":90,"texture":"#1_0","uv":[14,0,12,2]},"east":{"texture":"#1_0","uv":[14,2,16,4]},"north":{"texture":"#1_0","uv":[8,2,10,4]},"south":{"texture":"#1_0","uv":[12,2,14,4]},"up":{"rotation":270,"texture":"#1_0","uv":[12,2,10,0]},"west":{"texture":"#1_0","uv":[10,2,12,4]}},"from":[2.2,13.27087,9.73116],"name":"Hat Layer","rotation":{"angle":-22.5,"axis":"z","origin":[3.5747,13.34531,11.53116]},"to":[5.8,16.87087,13.33116]},{"faces":{"down":{"rotation":90,"texture":"#1_0","uv":[9,8,7,9]},"east":{"texture":"#1_0","uv":[8,9,10,12]},"north":{"texture":"#1_0","uv":[4,9,5,12]},"south":{"texture":"#1_0","uv":[7,9,8,12]},"west":{"texture":"#1_0","uv":[5,9,7,12]}},"from":[3.1,8.57087,9.83116],"name":"Body Layer","rotation":{"angle":0,"axis":"y","origin":[4,3.87087,11.53116]},"to":[4.9,13.57087,13.23116]},{"faces":{"down":{"rotation":90,"texture":"#1_0","uv":[13,9,14,12]},"east":{"texture":"#1_0","uv":[12,9,11,8]},"north":{"rotation":270,"texture":"#1_0","uv":[10,9,11,12]},"south":{"rotation":90,"texture":"#1_0","uv":[12,9,13,12]},"up":{"rotation":90,"texture":"#1_0","uv":[11,9,12,12]},"west":{"rotation":180,"texture":"#1_0","uv":[13,8,12,9]}},"from":[0.17887,11.71399,8.23116],"name":"Right Arm Layer","rotation":{"angle":-45,"axis":"z","origin":[4.20809,12.97906,11.66558]},"to":[5.17887,13.51399,10.03116]},{"faces":{"down":{"rotation":90,"texture":"#4","uv":[0,0,1,7]},"east":{"rotation":90,"texture":"#4","uv":[0,0,1,1]},"north":{"rotation":90,"texture":"#4","uv":[0,0,1,7]},"south":{"rotation":90,"texture":"#4","uv":[0,0,1,7]},"up":{"rotation":90,"texture":"#4","uv":[0,0,1,7]},"west":{"rotation":90,"texture":"#4","uv":[0,0,1,1]}},"from":[-0.43111,16.9358,9.8],"rotation":{"angle":0,"axis":"y","origin":[1.06889,15.8858,9.95]},"to":[2.56889,17.2358,10.1]},{"faces":{"down":{"rotation":90,"texture":"#4","uv":[0,0,1,7]},"east":{"rotation":90,"texture":"#4","uv":[0,0,1,1]},"north":{"rotation":90,"texture":"#4","uv":[0,0,1,7]},"south":{"rotation":90,"texture":"#4","uv":[0,0,1,7]},"up":{"rotation":90,"texture":"#4","uv":[0,0,1,7]},"west":{"rotation":90,"texture":"#4","uv":[0,0,1,1]}},"from":[-0.43111,14.2358,9.8],"rotation":{"angle":0,"axis":"y","origin":[1.06889,12.8858,9.95]},"to":[2.56889,14.5358,10.1]},{"faces":{"east":{"texture":"#4","uv":[0,0,1,7]},"north":{"rotation":180,"texture":"#4","uv":[0,0,1,7]},"south":{"texture":"#4","uv":[0,0,1,7]},"west":{"texture":"#4","uv":[0,0,1,7]}},"from":[2.26889,14.5358,9.8],"rotation":{"angle":0,"axis":"y","origin":[0.91889,16.0358,9.95]},"to":[2.56889,16.9358,10.1]},{"faces":{"east":{"texture":"#4","uv":[0,0,1,7]},"north":{"rotation":180,"texture":"#4","uv":[0,0,1,7]},"south":{"texture":"#4","uv":[0,0,1,7]},"west":{"texture":"#4","uv":[0,0,1,7]}},"from":[-0.43111,14.5358,9.8],"rotation":{"angle":0,"axis":"y","origin":[1.21889,16.0358,9.95]},"to":[-0.13111,16.9358,10.1]},{"faces":{"east":{"texture":"#4","uv":[0,0,1,7]},"north":{"rotation":180,"texture":"#4","uv":[0,0,1,7]},"south":{"texture":"#4","uv":[0,0,1,7]},"west":{"texture":"#4","uv":[0,0,1,7]}},"from":[1.01889,14.5358,9.8],"rotation":{"angle":0,"axis":"y","origin":[1.21889,16.0358,9.95]},"to":[1.31889,16.9358,10.1]},{"faces":{"down":{"rotation":90,"texture":"#5","uv":[0,0,1,7]},"east":{"rotation":90,"texture":"#5","uv":[0,0,1,1]},"north":{"rotation":90,"texture":"#5","uv":[0,0,1,7]},"south":{"rotation":90,"texture":"#5","uv":[0,0,1,7]},"up":{"rotation":90,"texture":"#5","uv":[0,0,1,7]},"west":{"rotation":90,"texture":"#5","uv":[0,0,1,1]}},"from":[-0.43111,16.9358,9.9],"rotation":{"angle":-45,"axis":"z","origin":[1.06889,15.7358,9.95]},"to":[2.56889,17.2358,10.2]},{"faces":{"east":{"texture":"#5","uv":[0,0,1,7]},"north":{"rotation":180,"texture":"#5","uv":[0,0,1,7]},"south":{"texture":"#5","uv":[0,0,1,7]},"west":{"texture":"#5","uv":[0,0,1,7]}},"from":[-0.43111,14.5358,9.9],"rotation":{"angle":-45,"axis":"z","origin":[1.06889,15.7358,9.95]},"to":[-0.13111,16.9358,10.2]},{"faces":{"east":{"texture":"#5","uv":[0,0,1,7]},"north":{"rotation":180,"texture":"#5","uv":[0,0,1,7]},"south":{"texture":"#5","uv":[0,0,1,7]},"west":{"texture":"#5","uv":[0,0,1,7]}},"from":[2.26889,14.5358,9.9],"rotation":{"angle":-45,"axis":"z","origin":[1.06889,15.7358,9.95]},"to":[2.56889,16.9358,10.2]},{"faces":{"east":{"texture":"#5","uv":[0,0,1,7]},"north":{"rotation":180,"texture":"#5","uv":[0,0,1,7]},"south":{"texture":"#5","uv":[0,0,1,7]},"west":{"texture":"#5","uv":[0,0,1,7]}},"from":[0.81889,14.5358,9.9],"rotation":{"angle":-45,"axis":"z","origin":[1.06889,15.7358,9.95]},"to":[1.11889,16.9358,10.2]},{"faces":{"down":{"rotation":90,"texture":"#5","uv":[0,0,1,7]},"east":{"rotation":90,"texture":"#5","uv":[0,0,1,1]},"north":{"rotation":90,"texture":"#5","uv":[0,0,1,7]},"south":{"rotation":90,"texture":"#5","uv":[0,0,1,7]},"up":{"rotation":90,"texture":"#5","uv":[0,0,1,7]},"west":{"rotation":90,"texture":"#5","uv":[0,0,1,1]}},"from":[-0.43111,14.2358,9.9],"rotation":{"angle":-45,"axis":"z","origin":[1.06889,15.7358,9.95]},"to":[2.56889,14.5358,10.2]},{"faces":{"down":{"texture":"#4","uv":[0,7,1,8]},"east":{"texture":"#4","uv":[0,7,1,8]},"north":{"texture":"#4","uv":[0,7,1,8]},"south":{"texture":"#4","uv":[0,7,1,8]},"up":{"texture":"#4","uv":[0,7,1,8]},"west":{"texture":"#4","uv":[0,7,1,8]}},"from":[0.56889,16.2358,10.1],"rotation":{"angle":-22.5,"axis":"z","origin":[1.06889,15.8858,9.95]},"to":[2.76889,16.6358,10.5]},{"faces":{"down":{"texture":"#4","uv":[0,7,1,8]},"north":{"texture":"#4","uv":[0,7,1,8]},"south":{"texture":"#4","uv":[0,7,1,8]},"up":{"texture":"#4","uv":[0,7,1,8]},"west":{"texture":"#4","uv":[0,7,1,8]}},"from":[-1.03111,16.3358,10.2],"rotation":{"angle":-22.5,"axis":"z","origin":[1.06889,15.8858,9.95]},"to":[1.36889,16.5358,10.4]},{"faces":{"down":{"rotation":90,"texture":"#1_0","uv":[15,13,16,16]},"east":{"texture":"#1_0","uv":[14,13,13,12]},"north":{"rotation":270,"texture":"#1_0","uv":[12,13,13,16]},"south":{"rotation":90,"texture":"#1_0","uv":[14,13,15,16]},"up":{"rotation":90,"texture":"#1_0","uv":[13,13,14,16]},"west":{"rotation":180,"texture":"#1_0","uv":[15,12,14,13]}},"from":[-0.1,11.77087,13.03116],"name":"Left Arm Layer","rotation":{"angle":-22.5,"axis":"y","origin":[3.9,12.67087,13.93116]},"to":[4.9,13.57087,14.83116]},{"faces":{"east":{"texture":"#1_0","uv":[3,9,4,12]},"north":{"texture":"#1_0","uv":[0,9,1,12]},"south":{"texture":"#1_0","uv":[2,9,3,12]},"west":{"texture":"#1_0","uv":[1,9,2,12]}},"from":[3.1,3.57087,9.87116],"name":"Right Leg Layer","rotation":{"angle":0,"axis":"y","origin":[4,8.87087,11.53116]},"to":[4.9,8.57087,11.67116]},{"faces":{"down":{"rotation":90,"texture":"#1_0","uv":[7,12,6,13]},"east":{"texture":"#1_0","uv":[7,13,8,16]},"north":{"texture":"#1_0","uv":[4,13,5,16]},"south":{"texture":"#1_0","uv":[6,13,7,16]},"up":{"rotation":270,"texture":"#1_0","uv":[6,13,5,12]},"west":{"texture":"#1_0","uv":[5,13,6,16]}},"from":[3.2,3.87087,11.49116],"name":"Left Leg","rotation":{"angle":22.5,"axis":"z","origin":[4,8.87087,11.53116]},"to":[4.8,8.67087,13.09116]},{"faces":{"down":{"rotation":90,"texture":"#1_0","uv":[3,12,2,13]},"east":{"texture":"#1_0","uv":[3,13,4,16]},"north":{"texture":"#1_0","uv":[0,13,1,16]},"south":{"texture":"#1_0","uv":[2,13,3,16]},"up":{"rotation":270,"texture":"#1_0","uv":[2,13,1,12]},"west":{"texture":"#1_0","uv":[1,13,2,16]}},"from":[3.1,3.57087,11.39116],"name":"Left Leg Layer","rotation":{"angle":22.5,"axis":"z","origin":[4,8.87087,11.53116]},"to":[4.9,8.57087,13.19116]},{"faces":{"down":{"rotation":90,"texture":"#1_0","uv":[9,4,7,5]},"east":{"texture":"#1_0","uv":[8,5,10,8]},"north":{"texture":"#1_0","uv":[4,5,5,8]},"south":{"texture":"#1_0","uv":[7,5,8,8]},"up":{"rotation":270,"texture":"#1_0","uv":[7,5,5,4]},"west":{"texture":"#1_0","uv":[5,5,7,8]}},"from":[3.2,8.67087,9.93116],"name":"Body","rotation":{"angle":0,"axis":"y","origin":[4,3.87087,11.53116]},"to":[4.8,13.47087,13.13116]},{"faces":{"down":{"rotation":90,"texture":"#1_0","uv":[13,5,14,8]},"east":{"texture":"#1_0","uv":[12,5,11,4]},"north":{"rotation":270,"texture":"#1_0","uv":[10,5,11,8]},"south":{"rotation":90,"texture":"#1_0","uv":[12,5,13,8]},"up":{"rotation":90,"texture":"#1_0","uv":[11,5,12,8]},"west":{"rotation":180,"texture":"#1_0","uv":[13,4,12,5]}},"from":[0.27887,11.81399,8.33116],"name":"Right Arm","rotation":{"angle":-45,"axis":"z","origin":[4.20809,12.97906,11.66558]},"to":[5.07887,13.41399,9.93116]},{"faces":{"down":{"rotation":90,"texture":"#1_0","uv":[11,13,12,16]},"east":{"texture":"#1_0","uv":[10,13,9,12]},"north":{"rotation":270,"texture":"#1_0","uv":[8,13,9,16]},"south":{"rotation":90,"texture":"#1_0","uv":[10,13,11,16]},"up":{"rotation":90,"texture":"#1_0","uv":[9,13,10,16]},"west":{"rotation":180,"texture":"#1_0","uv":[11,12,10,13]}},"from":[0,11.87087,13.13116],"name":"Left Arm","rotation":{"angle":-22.5,"axis":"y","origin":[3.9,12.67087,13.93116]},"to":[4.8,13.47087,14.73116]},{"faces":{"down":{"rotation":90,"texture":"#1_0","uv":[3,4,2,5]},"east":{"texture":"#1_0","uv":[3,5,4,8]},"north":{"texture":"#1_0","uv":[0,5,1,8]},"south":{"texture":"#1_0","uv":[2,5,3,8]},"west":{"texture":"#1_0","uv":[1,5,2,8]}},"from":[3.2,3.87087,9.97116],"name":"Right Leg","rotation":{"angle":0,"axis":"y","origin":[4,8.87087,11.53116]},"to":[4.8,8.67087,11.57116]},{"faces":{"down":{"rotation":90,"texture":"#1_0","uv":[6,0,4,2]},"east":{"texture":"#1_0","uv":[6,2,8,4]},"north":{"texture":"#1_0","uv":[0,2,2,4]},"south":{"texture":"#1_0","uv":[4,2,6,4]},"up":{"rotation":270,"texture":"#1_0","uv":[4,2,2,0]},"west":{"texture":"#1_0","uv":[2,2,4,4]}},"from":[2.4,13.47087,9.93116],"name":"Head","rotation":{"angle":-22.5,"axis":"z","origin":[3.5747,13.34531,11.53116]},"to":[5.6,16.67087,13.13116]},{"faces":{"down":{"texture":"#1_0","uv":[2.25,2.5,2.75,2.75]},"north":{"texture":"#1_0","uv":[2.25,2.25,2.75,2.75]},"south":{"texture":"#1_0","uv":[2.25,2.25,2.75,2.75]},"up":{"texture":"#1_0","uv":[2.75,2.25,3.25,2.75]},"west":{"texture":"#1_0","uv":[2.25,2.25,2.75,2.75]}},"from":[2.375,15.07087,10.33116],"name":"Head","rotation":{"angle":-22.5,"axis":"z","origin":[3.5747,13.34531,11.53116]},"to":[2.5,15.87087,11.13116]}],"groups":[0,1,2,3,4,5,6,7,8,9,10,11,12,13,14,15,16,17,{"children":[18,19,20,21,22,23,24,25,26,27,28,29,30,31,32,33,34,35,36,37,38,39,40,41,42,43,44,45,46],"color":0,"name":"group","origin":[-12.47451,10.31423,12]},{"children":[47,48,49,50,51,52,53,54,55,56,{"children":[57,58,59,60,61,62,63,64,65],"color":0,"name":"group","origin":[10.50887,17.12599,6.30074]},66,67,68,69,70,71,72,73,74,75,76,77,78,79,80,81,82,83,84,85,86,87,88,89,90,91,92,93,94,95,96,97,98,99,100,101,102,103,104,105,106,107,108,109,110,111,112,113,114,115,116,117,118,119,120,121,122,123,124,125,126,127,128,129,130,131,132,133,134,135,136,{"children":[137,138,139,140,141,142,143,144,145,146,147,148],"color":0,"name":"group","origin":[23.85964,11.91825,10.90548]},149,150,151,152,153,154,155,156,157,158,159,160,161,162,163,164,165,166,167,168,169],"color":0,"name":"group","origin":[-12.47451,10.31423,12]},170,171,{"children":[{"children":[172,173,174,175,176],"color":0,"name":"Head","origin":[0,24,0]},{"children":[177],"color":0,"name":"Body","origin":[0,24,0]},{"children":[178,179,180,181,182,183,184,185,186,187,188,189,190],"color":0,"name":"RightArm","origin":[5,22,0]},{"children":[191],"color":0,"name":"LeftArm","origin":[-5,22,0]},{"children":[192],"color":0,"name":"RightLeg","origin":[1.9,12,0]},{"children":[193,194],"color":0,"name":"LeftLeg","origin":[-1.9,12,0]}],"color":0,"name":"main","origin":[8,8,8]},195,196,197,198,199,200],"texture_size":[96,96],"textures":{"0":"block/sirocco/sinbad_texture","1":"block/white_wool","1_0":"block/sirocco/sinbad","2":"block/red_wool","4":"block/spruce_planks","5":"block/acacia_planks","particle":"block/white_wool"}}