{"display":{"head":{"scale":[3.2,3.2,3.2]},"thirdperson_righthand":{"rotation":[0,-1,0]}},"elements":[{"faces":{"down":{"texture":"#10","uv":[0,0,16,11.1]},"east":{"texture":"#10","uv":[0,0,11.1,2]},"north":{"texture":"#10","uv":[0,0,16,2]},"south":{"texture":"#10","uv":[0,0,16,2]},"up":{"texture":"#10","uv":[0,0,16,11.1]},"west":{"texture":"#10","uv":[0,0,11.1,2]}},"from":[-1.95712,-2.7149,3.44988],"rotation":{"angle":0,"axis":"y","origin":[4.04288,15.0851,11.73559]},"to":[18.04288,-0.7149,14.54988]},{"faces":{"down":{"texture":"#10","uv":[0,0,16,11.1]},"east":{"texture":"#10","uv":[0,0,11.1,2]},"north":{"texture":"#10","uv":[0,0,16,2]},"south":{"texture":"#10","uv":[0,0,16,2]},"up":{"texture":"#10","uv":[0,0,16,11.1]},"west":{"texture":"#10","uv":[0,0,11.1,2]}},"from":[-1.95712,15.0851,3.44988],"rotation":{"angle":0,"axis":"y","origin":[4.04288,15.0851,11.73559]},"to":[18.04288,17.0851,14.54988]},{"faces":{"down":{"texture":"#10","uv":[0,0,16,12.1]},"east":{"texture":"#10","uv":[0,0,12.1,1]},"north":{"texture":"#10","uv":[0,0,16,1]},"south":{"texture":"#10","uv":[0,0,16,1]},"up":{"texture":"#10","uv":[0,0,16,12.1]},"west":{"texture":"#10","uv":[0,0,12.1,1]}},"from":[-2.95712,17.0851,2.44988],"rotation":{"angle":0,"axis":"y","origin":[4.04288,15.0851,11.73559]},"to":[19.04288,18.0851,14.54988]},{"faces":{"down":{"texture":"#10","uv":[0,0,1,10.1]},"east":{"texture":"#10","uv":[0,0,10.1,16]},"north":{"texture":"#10","uv":[0,0,1,16]},"south":{"texture":"#10","uv":[0,0,1,16]},"up":{"texture":"#10","uv":[0,0,1,10.1]},"west":{"texture":"#10","uv":[0,0,10.1,16]}},"from":[16.04288,-0.9149,3.44988],"rotation":{"angle":0,"axis":"y","origin":[4.04288,15.0851,11.73559]},"to":[17.04288,15.0851,14.54988]},{"faces":{"down":{"texture":"#10","uv":[0,0,1,11.1]},"east":{"texture":"#10","uv":[0,0,11.1,16]},"north":{"texture":"#10","uv":[0,0,1,16]},"south":{"texture":"#10","uv":[0,0,1,16]},"up":{"texture":"#10","uv":[0,0,1,11.1]},"west":{"texture":"#10","uv":[0,0,11.1,16]}},"from":[-0.95712,-0.9149,3.44988],"rotation":{"angle":0,"axis":"y","origin":[12.04288,15.0851,11.73559]},"to":[0.04288,15.0851,14.54988]},{"faces":{"down":{"texture":"#10","uv":[0,0,1,11.1]},"east":{"texture":"#10","uv":[0,0,11.1,16]},"north":{"texture":"#10","uv":[0,0,1,16]},"south":{"texture":"#10","uv":[0,0,16,16]},"up":{"texture":"#10","uv":[0,0,1,11.1]},"west":{"texture":"#10","uv":[0,0,11.1,16]}},"from":[0.04288,-0.9149,12.54988],"rotation":{"angle":0,"axis":"y","origin":[12.04288,15.0851,11.73559]},"to":[16.04288,15.0851,14.54988]},{"faces":{"down":{"texture":"#10","uv":[0,0,0.5,3.4]},"east":{"texture":"#10","uv":[0,0,3.4,16]},"north":{"texture":"#10","uv":[0,0,0.5,16]},"south":{"texture":"#10","uv":[0,0,0.5,16]},"up":{"texture":"#10","uv":[0,0,0.5,3.4]},"west":{"texture":"#10","uv":[0,0,3.4,16]}},"from":[15.54288,-0.9149,4.44988],"rotation":{"angle":0,"axis":"y","origin":[4.04288,15.0851,11.73559]},"to":[16.04288,15.0851,7.84988]},{"faces":{"down":{"texture":"#10","uv":[0,0,0.5,3.4]},"east":{"texture":"#10","uv":[0,0,3.4,16]},"north":{"texture":"#10","uv":[0,0,0.5,16]},"south":{"texture":"#10","uv":[0,0,0.5,16]},"up":{"texture":"#10","uv":[0,0,0.5,3.4]},"west":{"texture":"#10","uv":[0,0,3.4,16]}},"from":[0.04288,-0.9149,4.44988],"rotation":{"angle":0,"axis":"y","origin":[12.04288,15.0851,11.73559]},"to":[0.54288,15.0851,7.84988]},{"faces":{"down":{"texture":"#2","uv":[9,10,9.999,10.999]},"east":{"texture":"#2","uv":[9,10,9.999,10.999]},"north":{"texture":"#2","uv":[9,10,9.999,10.999]},"south":{"texture":"#2","uv":[9,10,9.999,10.999]},"up":{"texture":"#2","uv":[9,10,9.999,10.999]},"west":{"texture":"#2","uv":[9,10,9.999,10.999]}},"from":[0.04288,-0.9149,5.54988],"rotation":{"angle":0,"axis":"y","origin":[4.04288,15.0851,11.73559]},"to":[16.04288,2.0851,13.44988]},{"faces":{"down":{"texture":"#2","uv":[10,11,10.999,11.998]},"east":{"texture":"#2","uv":[10,11,10.999,11.998]},"north":{"texture":"#2","uv":[10,11,10.999,11.998]},"south":{"texture":"#2","uv":[10,11,10.999,11.998]},"up":{"texture":"#2","uv":[10,11,10.999,11.998]},"west":{"texture":"#2","uv":[10,11,10.999,11.998]}},"from":[2.04288,5.0851,6.44988],"rotation":{"angle":0,"axis":"y","origin":[4.04288,15.0851,11.73559]},"to":[14.04288,8.0851,13.44988]},{"faces":{"down":{"texture":"#2","uv":[10,11,10.999,11.998]},"east":{"texture":"#2","uv":[10,11,10.999,11.998]},"north":{"texture":"#2","uv":[10,11,10.999,11.998]},"south":{"texture":"#2","uv":[10,11,10.999,11.998]},"up":{"texture":"#2","uv":[10,11,10.999,11.998]},"west":{"texture":"#2","uv":[10,11,10.999,11.998]}},"from":[-0.45712,2.0851,6.44988],"rotation":{"angle":0,"axis":"y","origin":[4.04288,15.0851,11.73559]},"to":[3.04288,6.0851,13.44988]},{"faces":{"down":{"texture":"#2","uv":[10,11,10.999,11.998]},"east":{"texture":"#2","uv":[10,11,10.999,11.998]},"north":{"texture":"#2","uv":[10,11,10.999,11.998]},"south":{"texture":"#2","uv":[10,11,10.999,11.998]},"up":{"texture":"#2","uv":[10,11,10.999,11.998]},"west":{"texture":"#2","uv":[10,11,10.999,11.998]}},"from":[12.46966,4.287,6.44988],"rotation":{"angle":-45,"axis":"z","origin":[14.21966,5.787,9.94988]},"to":[16.46966,7.287,13.44988]},{"faces":{"down":{"rotation":90,"texture":"#4","uv":[9.166,2.167,9.831,2.83]},"east":{"rotation":90,"texture":"#4","uv":[9.166,2.167,9.831,2.83]},"north":{"rotation":270,"texture":"#4","uv":[9.166,2.167,9.831,2.83]},"south":{"rotation":90,"texture":"#4","uv":[9.166,2.167,9.831,2.83]},"up":{"rotation":90,"texture":"#4","uv":[9.166,2.167,9.831,2.83]},"west":{"rotation":90,"texture":"#4","uv":[9.166,2.167,9.831,2.83]}},"from":[14.42717,8.30574,7.44988],"rotation":{"angle":22.5,"axis":"z","origin":[14.39643,6.61023,10.44988]},"to":[15.92717,16.10574,13.44988]},{"faces":{"down":{"rotation":90,"texture":"#4","uv":[9.166,2.83,9.831,2.167]},"east":{"rotation":90,"texture":"#4","uv":[9.166,2.83,9.831,2.167]},"north":{"rotation":270,"texture":"#4","uv":[9.166,2.83,9.831,2.167]},"south":{"rotation":90,"texture":"#4","uv":[9.166,2.83,9.831,2.167]},"up":{"rotation":90,"texture":"#4","uv":[9.166,2.83,9.831,2.167]},"west":{"rotation":90,"texture":"#4","uv":[9.166,2.83,9.831,2.167]}},"from":[0.05859,8.30574,7.44988],"rotation":{"angle":-22.5,"axis":"z","origin":[1.68933,6.61023,10.44988]},"to":[1.65859,16.10574,13.44988]},{"faces":{"down":{"rotation":90,"texture":"#4","uv":[9.166,2.83,9.831,2.167]},"east":{"rotation":90,"texture":"#4","uv":[9.166,2.83,9.831,2.167]},"north":{"rotation":270,"texture":"#4","uv":[9.166,2.83,9.831,2.167]},"south":{"rotation":90,"texture":"#4","uv":[9.166,2.83,9.831,2.167]},"up":{"rotation":90,"texture":"#4","uv":[9.166,2.83,9.831,2.167]},"west":{"rotation":90,"texture":"#4","uv":[9.166,2.83,9.831,2.167]}},"from":[4.05411,11.63648,6.94988],"rotation":{"angle":-22.5,"axis":"z","origin":[1.68933,6.61023,10.44988]},"to":[5.35411,17.63648,13.44988]},{"faces":{"down":{"rotation":90,"texture":"#4","uv":[9.166,2.167,9.831,2.83]},"east":{"rotation":90,"texture":"#4","uv":[9.166,2.167,9.831,2.83]},"north":{"rotation":270,"texture":"#4","uv":[9.166,2.167,9.831,2.83]},"south":{"rotation":90,"texture":"#4","uv":[9.166,2.167,9.831,2.83]},"up":{"rotation":90,"texture":"#4","uv":[9.166,2.167,9.831,2.83]},"west":{"rotation":90,"texture":"#4","uv":[9.166,2.167,9.831,2.83]}},"from":[13.13374,8.8415,6.64988],"rotation":{"angle":22.5,"axis":"z","origin":[14.39643,6.61023,10.44988]},"to":[14.43374,16.6415,12.64988]},{"faces":{"down":{"rotation":90,"texture":"#4","uv":[9.166,2.83,9.831,2.167]},"east":{"rotation":90,"texture":"#4","uv":[9.166,2.83,9.831,2.167]},"north":{"rotation":270,"texture":"#4","uv":[9.166,2.83,9.831,2.167]},"south":{"rotation":90,"texture":"#4","uv":[9.166,2.83,9.831,2.167]},"up":{"rotation":90,"texture":"#4","uv":[9.166,2.83,9.831,2.167]},"west":{"rotation":90,"texture":"#4","uv":[9.166,2.83,9.831,2.167]}},"from":[1.65202,8.8415,6.64988],"rotation":{"angle":-22.5,"axis":"z","origin":[1.68933,6.61023,10.44988]},"to":[2.95202,16.6415,12.64988]},{"faces":{"down":{"rotation":270,"texture":"#4","uv":[10.167,3.333,10.83,3.995]},"east":{"rotation":270,"texture":"#4","uv":[10.167,3.333,10.83,3.995]},"north":{"rotation":270,"texture":"#4","uv":[10.167,3.333,10.83,3.995]},"south":{"rotation":270,"texture":"#4","uv":[10.167,3.333,10.83,3.995]},"up":{"rotation":270,"texture":"#4","uv":[10.167,3.333,10.83,3.995]},"west":{"rotation":270,"texture":"#4","uv":[10.167,3.333,10.83,3.995]}},"from":[11.8403,9.37726,7.34988],"rotation":{"angle":22.5,"axis":"z","origin":[14.39643,6.61023,10.44988]},"to":[13.1403,17.17726,13.34988]},{"faces":{"down":{"rotation":270,"texture":"#4","uv":[10.167,3.995,10.83,3.333]},"east":{"rotation":270,"texture":"#4","uv":[10.167,3.995,10.83,3.333]},"north":{"rotation":270,"texture":"#4","uv":[10.167,3.995,10.83,3.333]},"south":{"rotation":270,"texture":"#4","uv":[10.167,3.995,10.83,3.333]},"up":{"rotation":270,"texture":"#4","uv":[10.167,3.995,10.83,3.333]},"west":{"rotation":270,"texture":"#4","uv":[10.167,3.995,10.83,3.333]}},"from":[2.94546,9.37726,7.34988],"rotation":{"angle":-22.5,"axis":"z","origin":[1.68933,6.61023,10.44988]},"to":[4.24546,17.17726,13.34988]},{"faces":{"down":{"rotation":270,"texture":"#4","uv":[10.167,3.333,10.83,3.995]},"east":{"rotation":270,"texture":"#4","uv":[10.167,3.333,10.83,3.995]},"north":{"rotation":270,"texture":"#4","uv":[10.167,3.333,10.83,3.995]},"south":{"rotation":270,"texture":"#4","uv":[10.167,3.333,10.83,3.995]},"up":{"rotation":270,"texture":"#4","uv":[10.167,3.333,10.83,3.995]},"west":{"rotation":270,"texture":"#4","uv":[10.167,3.333,10.83,3.995]}},"from":[15.76543,8.40085,6.54988],"rotation":{"angle":22.5,"axis":"z","origin":[14.39643,6.61023,10.44988]},"to":[17.06543,15.30085,12.54988]},{"faces":{"down":{"rotation":270,"texture":"#4","uv":[10.167,3.995,10.83,3.333]},"east":{"rotation":270,"texture":"#4","uv":[10.167,3.995,10.83,3.333]},"north":{"rotation":270,"texture":"#4","uv":[10.167,3.995,10.83,3.333]},"south":{"rotation":270,"texture":"#4","uv":[10.167,3.995,10.83,3.333]},"up":{"rotation":270,"texture":"#4","uv":[10.167,3.995,10.83,3.333]},"west":{"rotation":270,"texture":"#4","uv":[10.167,3.995,10.83,3.333]}},"from":[-0.97967,8.40085,6.54988],"rotation":{"angle":-22.5,"axis":"z","origin":[1.68933,6.61023,10.44988]},"to":[0.32033,15.30085,12.54988]},{"faces":{"down":{"rotation":90,"texture":"#4","uv":[9.166,2.167,9.831,2.83]},"east":{"rotation":90,"texture":"#4","uv":[9.166,2.167,9.831,2.83]},"north":{"rotation":270,"texture":"#4","uv":[9.166,2.167,9.831,2.83]},"south":{"rotation":90,"texture":"#4","uv":[9.166,2.167,9.831,2.83]},"up":{"rotation":90,"texture":"#4","uv":[9.166,2.167,9.831,2.83]},"west":{"rotation":90,"texture":"#4","uv":[9.166,2.167,9.831,2.83]}},"from":[17.92975,11.55154,6.54988],"rotation":{"angle":22.5,"axis":"z","origin":[14.39643,6.61023,10.44988]},"to":[19.22975,16.75154,12.54988]},{"faces":{"down":{"rotation":90,"texture":"#4","uv":[9.166,2.83,9.831,2.167]},"east":{"rotation":90,"texture":"#4","uv":[9.166,2.83,9.831,2.167]},"north":{"rotation":270,"texture":"#4","uv":[9.166,2.83,9.831,2.167]},"south":{"rotation":90,"texture":"#4","uv":[9.166,2.83,9.831,2.167]},"up":{"rotation":90,"texture":"#4","uv":[9.166,2.83,9.831,2.167]},"west":{"rotation":90,"texture":"#4","uv":[9.166,2.83,9.831,2.167]}},"from":[-3.14399,11.55154,6.54988],"rotation":{"angle":-22.5,"axis":"z","origin":[1.68933,6.61023,10.44988]},"to":[-1.84399,16.75154,12.54988]},{"faces":{"down":{"rotation":270,"texture":"#4","uv":[10.167,3.333,10.83,3.995]},"east":{"rotation":270,"texture":"#4","uv":[10.167,3.333,10.83,3.995]},"north":{"rotation":270,"texture":"#4","uv":[10.167,3.333,10.83,3.995]},"south":{"rotation":270,"texture":"#4","uv":[10.167,3.333,10.83,3.995]},"up":{"rotation":270,"texture":"#4","uv":[10.167,3.333,10.83,3.995]},"west":{"rotation":270,"texture":"#4","uv":[10.167,3.333,10.83,3.995]}},"from":[16.7817,8.6799,5.94988],"rotation":{"angle":22.5,"axis":"z","origin":[14.39643,6.61023,10.44988]},"to":[18.0817,14.8799,11.94988]},{"faces":{"down":{"rotation":270,"texture":"#4","uv":[10.167,3.995,10.83,3.333]},"east":{"rotation":270,"texture":"#4","uv":[10.167,3.995,10.83,3.333]},"north":{"rotation":270,"texture":"#4","uv":[10.167,3.995,10.83,3.333]},"south":{"rotation":270,"texture":"#4","uv":[10.167,3.995,10.83,3.333]},"up":{"rotation":270,"texture":"#4","uv":[10.167,3.995,10.83,3.333]},"west":{"rotation":270,"texture":"#4","uv":[10.167,3.995,10.83,3.333]}},"from":[-1.99594,8.9799,5.94988],"rotation":{"angle":-22.5,"axis":"z","origin":[1.68933,6.61023,10.44988]},"to":[-0.69594,14.8799,11.94988]},{"faces":{"down":{"rotation":90,"texture":"#4","uv":[9.166,2.167,9.831,2.83]},"east":{"rotation":90,"texture":"#4","uv":[9.166,2.167,9.831,2.83]},"north":{"rotation":270,"texture":"#4","uv":[9.166,2.167,9.831,2.83]},"south":{"rotation":90,"texture":"#4","uv":[9.166,2.167,9.831,2.83]},"up":{"rotation":90,"texture":"#4","uv":[9.166,2.167,9.831,2.83]},"west":{"rotation":90,"texture":"#4","uv":[9.166,2.167,9.831,2.83]}},"from":[17.2848,5.51357,7.44988],"rotation":{"angle":45,"axis":"z","origin":[16.16427,4.21549,10.44988]},"to":[18.5848,8.71357,13.44988]},{"faces":{"down":{"rotation":90,"texture":"#4","uv":[9.166,2.83,9.831,2.167]},"east":{"rotation":90,"texture":"#4","uv":[9.166,2.83,9.831,2.167]},"north":{"rotation":270,"texture":"#4","uv":[9.166,2.83,9.831,2.167]},"south":{"rotation":90,"texture":"#4","uv":[9.166,2.83,9.831,2.167]},"up":{"rotation":90,"texture":"#4","uv":[9.166,2.83,9.831,2.167]},"west":{"rotation":90,"texture":"#4","uv":[9.166,2.83,9.831,2.167]}},"from":[-2.49904,5.51357,7.44988],"rotation":{"angle":-45,"axis":"z","origin":[-0.07851,4.21549,10.44988]},"to":[-1.19904,8.71357,13.44988]},{"faces":{"down":{"rotation":90,"texture":"#4","uv":[9.166,2.167,9.831,2.83]},"east":{"rotation":90,"texture":"#4","uv":[9.166,2.167,9.831,2.83]},"north":{"rotation":270,"texture":"#4","uv":[9.166,2.167,9.831,2.83]},"south":{"rotation":90,"texture":"#4","uv":[9.166,2.167,9.831,2.83]},"up":{"rotation":90,"texture":"#4","uv":[9.166,2.167,9.831,2.83]},"west":{"rotation":90,"texture":"#4","uv":[9.166,2.167,9.831,2.83]}},"from":[16.29485,5.70352,6.64988],"rotation":{"angle":45,"axis":"z","origin":[16.16427,4.21549,10.44988]},"to":[17.59485,9.70352,12.64988]},{"faces":{"down":{"rotation":90,"texture":"#4","uv":[9.166,2.83,9.831,2.167]},"east":{"rotation":90,"texture":"#4","uv":[9.166,2.83,9.831,2.167]},"north":{"rotation":270,"texture":"#4","uv":[9.166,2.83,9.831,2.167]},"south":{"rotation":90,"texture":"#4","uv":[9.166,2.83,9.831,2.167]},"up":{"rotation":90,"texture":"#4","uv":[9.166,2.83,9.831,2.167]},"west":{"rotation":90,"texture":"#4","uv":[9.166,2.83,9.831,2.167]}},"from":[-1.50909,5.70352,6.64988],"rotation":{"angle":-45,"axis":"z","origin":[-0.07851,4.21549,10.44988]},"to":[-0.20909,9.70352,12.64988]},{"faces":{"down":{"rotation":270,"texture":"#4","uv":[10.167,3.333,10.83,3.995]},"east":{"rotation":270,"texture":"#4","uv":[10.167,3.333,10.83,3.995]},"north":{"rotation":270,"texture":"#4","uv":[10.167,3.333,10.83,3.995]},"south":{"rotation":270,"texture":"#4","uv":[10.167,3.333,10.83,3.995]},"up":{"rotation":270,"texture":"#4","uv":[10.167,3.333,10.83,3.995]},"west":{"rotation":270,"texture":"#4","uv":[10.167,3.333,10.83,3.995]}},"from":[15.3049,6.69347,7.34988],"rotation":{"angle":45,"axis":"z","origin":[16.16427,4.21549,10.44988]},"to":[16.6049,10.69347,13.34988]},{"faces":{"down":{"rotation":270,"texture":"#4","uv":[10.167,3.995,10.83,3.333]},"east":{"rotation":270,"texture":"#4","uv":[10.167,3.995,10.83,3.333]},"north":{"rotation":270,"texture":"#4","uv":[10.167,3.995,10.83,3.333]},"south":{"rotation":270,"texture":"#4","uv":[10.167,3.995,10.83,3.333]},"up":{"rotation":270,"texture":"#4","uv":[10.167,3.995,10.83,3.333]},"west":{"rotation":270,"texture":"#4","uv":[10.167,3.995,10.83,3.333]}},"from":[-0.51914,6.69347,7.34988],"rotation":{"angle":-45,"axis":"z","origin":[-0.07851,4.21549,10.44988]},"to":[0.78086,10.69347,13.34988]},{"faces":{"down":{"rotation":270,"texture":"#4","uv":[10.167,3.333,10.83,3.995]},"east":{"rotation":270,"texture":"#4","uv":[10.167,3.333,10.83,3.995]},"north":{"rotation":270,"texture":"#4","uv":[10.167,3.333,10.83,3.995]},"south":{"rotation":270,"texture":"#4","uv":[10.167,3.333,10.83,3.995]},"up":{"rotation":270,"texture":"#4","uv":[10.167,3.333,10.83,3.995]},"west":{"rotation":270,"texture":"#4","uv":[10.167,3.333,10.83,3.995]}},"from":[18.55759,6.6893,6.54988],"rotation":{"angle":45,"axis":"z","origin":[16.16427,4.21549,10.44988]},"to":[19.85759,8.2893,12.54988]},{"faces":{"down":{"rotation":270,"texture":"#4","uv":[10.167,3.995,10.83,3.333]},"east":{"rotation":270,"texture":"#4","uv":[10.167,3.995,10.83,3.333]},"north":{"rotation":270,"texture":"#4","uv":[10.167,3.995,10.83,3.333]},"south":{"rotation":270,"texture":"#4","uv":[10.167,3.995,10.83,3.333]},"up":{"rotation":270,"texture":"#4","uv":[10.167,3.995,10.83,3.333]},"west":{"rotation":270,"texture":"#4","uv":[10.167,3.995,10.83,3.333]}},"from":[-3.77183,6.7893,6.54988],"rotation":{"angle":-45,"axis":"z","origin":[-0.07851,4.21549,10.44988]},"to":[-2.47183,8.2893,12.54988]},{"faces":{"down":{"texture":"#2","uv":[10,11,10.999,11.998]},"east":{"texture":"#2","uv":[10,11,10.999,11.998]},"north":{"texture":"#2","uv":[10,11,10.999,11.998]},"south":{"texture":"#2","uv":[10,11,10.999,11.998]},"up":{"texture":"#2","uv":[10,11,10.999,11.998]},"west":{"texture":"#2","uv":[10,11,10.999,11.998]}},"from":[-0.3839,4.287,6.44988],"rotation":{"angle":45,"axis":"z","origin":[1.8661,5.787,9.94988]},"to":[3.6161,7.287,13.44988]},{"faces":{"down":{"rotation":90,"texture":"#4","uv":[5,1,5.999,1.999]},"east":{"rotation":90,"texture":"#4","uv":[5,1,5.999,1.999]},"north":{"rotation":270,"texture":"#4","uv":[5,1,5.999,1.999]},"south":{"rotation":90,"texture":"#4","uv":[5,1,5.999,1.999]},"up":{"rotation":90,"texture":"#4","uv":[5,1,5.999,1.999]},"west":{"rotation":90,"texture":"#4","uv":[5,1,5.999,1.999]}},"from":[10.52763,3.40061,5.64988],"rotation":{"angle":45,"axis":"z","origin":[14.21966,5.787,9.94988]},"to":[12.52763,6.90061,12.44988]},{"faces":{"down":{"texture":"#4","uv":[5,1,5.999,1.999]},"east":{"texture":"#4","uv":[5,1,5.999,1.999]},"north":{"texture":"#4","uv":[5,1,5.999,1.999]},"south":{"texture":"#4","uv":[5,1,5.999,1.999]},"up":{"texture":"#4","uv":[5,1,5.999,1.999]},"west":{"texture":"#4","uv":[5,1,5.999,1.999]}},"from":[12.99643,1.48891,5.64988],"rotation":{"angle":0,"axis":"z","origin":[14.32217,5.39307,9.94988]},"to":[15.49643,3.48891,12.44988]},{"faces":{"down":{"texture":"#4","uv":[5,1,5.999,1.999]},"east":{"texture":"#4","uv":[5,1,5.999,1.999]},"north":{"texture":"#4","uv":[5,1,5.999,1.999]},"south":{"texture":"#4","uv":[5,1,5.999,1.999]},"up":{"texture":"#4","uv":[5,1,5.999,1.999]},"west":{"texture":"#4","uv":[5,1,5.999,1.999]}},"from":[1.29643,1.48891,5.64988],"rotation":{"angle":0,"axis":"z","origin":[14.32217,5.39307,9.94988]},"to":[5.79643,3.48891,12.44988]},{"faces":{"down":{"rotation":270,"texture":"#4","uv":[5,1.999,5.999,1]},"east":{"rotation":270,"texture":"#4","uv":[5,1.999,5.999,1]},"north":{"rotation":90,"texture":"#4","uv":[5,1.999,5.999,1]},"south":{"rotation":270,"texture":"#4","uv":[5,1.999,5.999,1]},"up":{"rotation":270,"texture":"#4","uv":[5,1.999,5.999,1]},"west":{"rotation":270,"texture":"#4","uv":[5,1.999,5.999,1]}},"from":[12.12156,6.46378,5.64988],"rotation":{"angle":0,"axis":"z","origin":[6.49891,13.89661,6.54988]},"to":[12.82156,6.76378,6.34988]},{"faces":{"down":{"rotation":270,"texture":"#4","uv":[5,1.999,5.999,1]},"east":{"rotation":270,"texture":"#4","uv":[5,1.999,5.999,1]},"north":{"rotation":90,"texture":"#4","uv":[5,1.999,5.999,1]},"south":{"rotation":270,"texture":"#4","uv":[5,1.999,5.999,1]},"up":{"rotation":270,"texture":"#4","uv":[5,1.999,5.999,1]},"west":{"rotation":270,"texture":"#4","uv":[5,1.999,5.999,1]}},"from":[11.62156,6.46378,5.74988],"rotation":{"angle":0,"axis":"z","origin":[6.49891,13.89661,6.54988]},"to":[12.32156,6.76378,6.44988]},{"faces":{"down":{"rotation":270,"texture":"#4","uv":[5,1.999,5.999,1]},"east":{"rotation":270,"texture":"#4","uv":[5,1.999,5.999,1]},"north":{"rotation":90,"texture":"#4","uv":[5,1.999,5.999,1]},"south":{"rotation":270,"texture":"#4","uv":[5,1.999,5.999,1]},"up":{"rotation":270,"texture":"#4","uv":[5,1.999,5.999,1]},"west":{"rotation":270,"texture":"#4","uv":[5,1.999,5.999,1]}},"from":[11.02156,6.46378,6.04988],"rotation":{"angle":0,"axis":"z","origin":[6.49891,13.89661,6.54988]},"to":[11.72156,6.76378,6.74988]},{"faces":{"down":{"texture":"#4","uv":[5,1,5.999,1.999]},"east":{"texture":"#4","uv":[5,1,5.999,1.999]},"north":{"texture":"#4","uv":[5,1,5.999,1.999]},"south":{"texture":"#4","uv":[5,1,5.999,1.999]},"up":{"texture":"#4","uv":[5,1,5.999,1.999]},"west":{"texture":"#4","uv":[5,1,5.999,1.999]}},"from":[5.79643,2.78891,5.64988],"rotation":{"angle":0,"axis":"z","origin":[4.78656,6.72292,-2.30012]},"to":[6.09643,3.48891,6.34988]},{"faces":{"down":{"texture":"#4","uv":[5,1,5.999,1.999]},"east":{"texture":"#4","uv":[5,1,5.999,1.999]},"north":{"texture":"#4","uv":[5,1,5.999,1.999]},"south":{"texture":"#4","uv":[5,1,5.999,1.999]},"up":{"texture":"#4","uv":[5,1,5.999,1.999]},"west":{"texture":"#4","uv":[5,1,5.999,1.999]}},"from":[5.79643,2.48891,6.84988],"rotation":{"angle":0,"axis":"z","origin":[4.78656,6.72292,-2.30012]},"to":[6.09643,3.18891,7.54988]},{"faces":{"down":{"rotation":270,"texture":"#4","uv":[5,1.999,5.999,1]},"east":{"rotation":270,"texture":"#4","uv":[5,1.999,5.999,1]},"north":{"rotation":90,"texture":"#4","uv":[5,1.999,5.999,1]},"south":{"rotation":270,"texture":"#4","uv":[5,1.999,5.999,1]},"up":{"rotation":270,"texture":"#4","uv":[5,1.999,5.999,1]},"west":{"rotation":270,"texture":"#4","uv":[5,1.999,5.999,1]}},"from":[12.0299,6.31228,5.64988],"rotation":{"angle":22.5,"axis":"z","origin":[11.6408,6.76842,5.84988]},"to":[12.7299,6.71228,6.34988]},{"faces":{"down":{"rotation":270,"texture":"#4","uv":[5,1.999,5.999,1]},"east":{"rotation":270,"texture":"#4","uv":[5,1.999,5.999,1]},"north":{"rotation":90,"texture":"#4","uv":[5,1.999,5.999,1]},"south":{"rotation":270,"texture":"#4","uv":[5,1.999,5.999,1]},"up":{"rotation":270,"texture":"#4","uv":[5,1.999,5.999,1]},"west":{"rotation":270,"texture":"#4","uv":[5,1.999,5.999,1]}},"from":[11.56796,6.50362,5.74988],"rotation":{"angle":22.5,"axis":"z","origin":[11.6408,6.76842,5.84988]},"to":[12.26796,6.90362,6.44988]},{"faces":{"down":{"rotation":270,"texture":"#4","uv":[5,1.999,5.999,1]},"east":{"rotation":270,"texture":"#4","uv":[5,1.999,5.999,1]},"north":{"rotation":90,"texture":"#4","uv":[5,1.999,5.999,1]},"south":{"rotation":270,"texture":"#4","uv":[5,1.999,5.999,1]},"up":{"rotation":270,"texture":"#4","uv":[5,1.999,5.999,1]},"west":{"rotation":270,"texture":"#4","uv":[5,1.999,5.999,1]}},"from":[11.01364,6.73323,6.04988],"rotation":{"angle":22.5,"axis":"z","origin":[11.6408,6.76842,5.84988]},"to":[11.71364,7.13323,6.74988]},{"faces":{"down":{"texture":"#4","uv":[5,1,5.999,1.999]},"east":{"texture":"#4","uv":[5,1,5.999,1.999]},"north":{"texture":"#4","uv":[5,1,5.999,1.999]},"south":{"texture":"#4","uv":[5,1,5.999,1.999]},"up":{"texture":"#4","uv":[5,1,5.999,1.999]},"west":{"texture":"#4","uv":[5,1,5.999,1.999]}},"from":[7.23433,3.53635,5.64988],"rotation":{"angle":-22.5,"axis":"z","origin":[4.78656,6.72292,-2.30012]},"to":[7.63433,4.23635,6.34988]},{"faces":{"down":{"texture":"#4","uv":[5,1,5.999,1.999]},"east":{"texture":"#4","uv":[5,1,5.999,1.999]},"north":{"texture":"#4","uv":[5,1,5.999,1.999]},"south":{"texture":"#4","uv":[5,1,5.999,1.999]},"up":{"texture":"#4","uv":[5,1,5.999,1.999]},"west":{"texture":"#4","uv":[5,1,5.999,1.999]}},"from":[7.34914,3.25918,6.84988],"rotation":{"angle":-22.5,"axis":"z","origin":[4.78656,6.72292,-2.30012]},"to":[7.74914,3.95918,7.54988]},{"faces":{"down":{"rotation":270,"texture":"#4","uv":[5,1.999,5.999,1]},"east":{"rotation":270,"texture":"#4","uv":[5,1.999,5.999,1]},"north":{"rotation":90,"texture":"#4","uv":[5,1.999,5.999,1]},"south":{"rotation":270,"texture":"#4","uv":[5,1.999,5.999,1]},"up":{"rotation":270,"texture":"#4","uv":[5,1.999,5.999,1]},"west":{"rotation":270,"texture":"#4","uv":[5,1.999,5.999,1]}},"from":[11.69526,6.26158,5.64988],"rotation":{"angle":45,"axis":"z","origin":[11.47958,7.02726,5.84988]},"to":[12.39526,6.96158,6.34988]},{"faces":{"down":{"rotation":270,"texture":"#4","uv":[5,1.999,5.999,1]},"east":{"rotation":270,"texture":"#4","uv":[5,1.999,5.999,1]},"north":{"rotation":90,"texture":"#4","uv":[5,1.999,5.999,1]},"south":{"rotation":270,"texture":"#4","uv":[5,1.999,5.999,1]},"up":{"rotation":270,"texture":"#4","uv":[5,1.999,5.999,1]},"west":{"rotation":270,"texture":"#4","uv":[5,1.999,5.999,1]}},"from":[11.34171,6.61513,5.74988],"rotation":{"angle":45,"axis":"z","origin":[11.47958,7.02726,5.84988]},"to":[12.04171,7.31513,6.44988]},{"faces":{"down":{"rotation":270,"texture":"#4","uv":[5,1.999,5.999,1]},"east":{"rotation":270,"texture":"#4","uv":[5,1.999,5.999,1]},"north":{"rotation":90,"texture":"#4","uv":[5,1.999,5.999,1]},"south":{"rotation":270,"texture":"#4","uv":[5,1.999,5.999,1]},"up":{"rotation":270,"texture":"#4","uv":[5,1.999,5.999,1]},"west":{"rotation":270,"texture":"#4","uv":[5,1.999,5.999,1]}},"from":[10.91745,7.0394,6.04988],"rotation":{"angle":45,"axis":"z","origin":[11.47958,7.02726,5.84988]},"to":[11.61745,7.7394,6.74988]},{"faces":{"down":{"texture":"#4","uv":[5,1,5.999,1.999]},"east":{"texture":"#4","uv":[5,1,5.999,1.999]},"north":{"texture":"#4","uv":[5,1,5.999,1.999]},"south":{"texture":"#4","uv":[5,1,5.999,1.999]},"up":{"texture":"#4","uv":[5,1,5.999,1.999]},"west":{"texture":"#4","uv":[5,1,5.999,1.999]}},"from":[8.36913,4.81542,5.64988],"rotation":{"angle":-45,"axis":"z","origin":[4.78656,6.72292,-2.30012]},"to":[9.06913,5.51542,6.34988]},{"faces":{"down":{"texture":"#4","uv":[5,1,5.999,1.999]},"east":{"texture":"#4","uv":[5,1,5.999,1.999]},"north":{"texture":"#4","uv":[5,1,5.999,1.999]},"south":{"texture":"#4","uv":[5,1,5.999,1.999]},"up":{"texture":"#4","uv":[5,1,5.999,1.999]},"west":{"texture":"#4","uv":[5,1,5.999,1.999]}},"from":[8.58126,4.60329,6.84988],"rotation":{"angle":-45,"axis":"z","origin":[4.78656,6.72292,-2.30012]},"to":[9.28126,5.30329,7.54988]},{"faces":{"down":{"rotation":90,"texture":"#4","uv":[5,1,5.999,1.999]},"east":{"rotation":90,"texture":"#4","uv":[5,1,5.999,1.999]},"north":{"rotation":270,"texture":"#4","uv":[5,1,5.999,1.999]},"south":{"rotation":90,"texture":"#4","uv":[5,1,5.999,1.999]},"up":{"rotation":90,"texture":"#4","uv":[5,1,5.999,1.999]},"west":{"rotation":90,"texture":"#4","uv":[5,1,5.999,1.999]}},"from":[10.82156,3.96378,5.64988],"rotation":{"angle":0,"axis":"z","origin":[11.92156,6.21378,8.94988]},"to":[12.82156,6.46378,12.44988]},{"faces":{"down":{"rotation":90,"texture":"#4","uv":[5,1,5.999,1.999]},"east":{"rotation":90,"texture":"#4","uv":[5,1,5.999,1.999]},"north":{"rotation":270,"texture":"#4","uv":[5,1,5.999,1.999]},"south":{"rotation":90,"texture":"#4","uv":[5,1,5.999,1.999]},"up":{"rotation":90,"texture":"#4","uv":[5,1,5.999,1.999]},"west":{"rotation":90,"texture":"#4","uv":[5,1,5.999,1.999]}},"from":[14.32156,2.06378,6.04988],"rotation":{"angle":0,"axis":"z","origin":[11.92156,6.21378,8.94988]},"to":[16.32156,4.56378,12.44988]},{"faces":{"down":{"rotation":90,"texture":"#4","uv":[5,1,5.999,1.999]},"east":{"rotation":90,"texture":"#4","uv":[5,1,5.999,1.999]},"north":{"rotation":270,"texture":"#4","uv":[5,1,5.999,1.999]},"south":{"rotation":90,"texture":"#4","uv":[5,1,5.999,1.999]},"up":{"rotation":90,"texture":"#4","uv":[5,1,5.999,1.999]},"west":{"rotation":90,"texture":"#4","uv":[5,1,5.999,1.999]}},"from":[0.32156,2.06378,6.04988],"rotation":{"angle":0,"axis":"z","origin":[11.92156,6.21378,8.94988]},"to":[2.32156,4.56378,12.44988]},{"faces":{"down":{"texture":"#2","uv":[9,10,9.999,10.999]},"east":{"texture":"#2","uv":[9,10,9.999,10.999]},"north":{"texture":"#2","uv":[9,10,9.999,10.999]},"south":{"texture":"#2","uv":[9,10,9.999,10.999]},"up":{"texture":"#2","uv":[9,10,9.999,10.999]},"west":{"texture":"#2","uv":[9,10,9.999,10.999]}},"from":[0.04288,2.0851,7.44988],"rotation":{"angle":0,"axis":"y","origin":[4.04288,15.0851,11.73559]},"to":[16.04288,6.0851,13.44988]},{"faces":{"down":{"texture":"#4","uv":[5,0,5.998,0.999]},"east":{"texture":"#4","uv":[5,0,5.998,0.999]},"north":{"texture":"#4","uv":[5,0,5.998,0.999]},"south":{"texture":"#4","uv":[5,0,5.998,0.999]},"up":{"texture":"#4","uv":[5,0,5.998,0.999]},"west":{"texture":"#4","uv":[5,0,5.998,0.999]}},"from":[7.04288,3.0851,4.44988],"rotation":{"angle":0,"axis":"y","origin":[4.04288,15.0851,11.73559]},"to":[9.04288,5.0851,13.44988]},{"faces":{"down":{"texture":"#4","uv":[5,0,5.998,0.999]},"east":{"texture":"#4","uv":[5,0,5.998,0.999]},"north":{"texture":"#4","uv":[5,0,5.998,0.999]},"south":{"texture":"#4","uv":[5,0,5.998,0.999]},"up":{"texture":"#4","uv":[5,0,5.998,0.999]},"west":{"texture":"#4","uv":[5,0,5.998,0.999]}},"from":[6.04288,3.49931,4.44988],"rotation":{"angle":45,"axis":"z","origin":[7.04288,4.49931,9.44988]},"to":[8.04288,6.29931,13.44988]},{"faces":{"down":{"texture":"#4","uv":[5,0.999,5.998,0]},"east":{"texture":"#4","uv":[5,0.999,5.998,0]},"north":{"texture":"#4","uv":[5,0.999,5.998,0]},"south":{"texture":"#4","uv":[5,0.999,5.998,0]},"up":{"texture":"#4","uv":[5,0.999,5.998,0]},"west":{"texture":"#4","uv":[5,0.999,5.998,0]}},"from":[6.02278,7.85078,4.44988],"rotation":{"angle":-45,"axis":"z","origin":[7.02278,9.65078,9.44988]},"to":[8.02278,10.65078,13.44988]},{"faces":{"down":{"texture":"#4","uv":[5.998,0,5,0.999]},"east":{"texture":"#4","uv":[5.998,0,5,0.999]},"north":{"texture":"#4","uv":[5.998,0,5,0.999]},"south":{"texture":"#4","uv":[5.998,0,5,0.999]},"up":{"texture":"#4","uv":[5.998,0,5,0.999]},"west":{"texture":"#4","uv":[5.998,0,5,0.999]}},"from":[8.04288,3.49931,4.44988],"rotation":{"angle":-45,"axis":"z","origin":[9.04288,4.49931,9.44988]},"to":[10.04288,6.29931,13.44988]},{"faces":{"down":{"texture":"#9","uv":[5.998,0,5,0.999]},"east":{"texture":"#9","uv":[5.998,0,5,0.999]},"north":{"texture":"#9","uv":[5.998,0,5,0.999]},"south":{"texture":"#9","uv":[5.998,0,5,0.999]},"up":{"texture":"#9","uv":[5.998,0,5,0.999]},"west":{"texture":"#9","uv":[5.998,0,5,0.999]}},"from":[9.04288,3.49931,7.24988],"rotation":{"angle":-45,"axis":"z","origin":[9.04288,4.49931,9.44988]},"to":[10.54288,6.29931,13.44988]},{"faces":{"down":{"texture":"#9","uv":[5,0,5.998,0.999]},"east":{"texture":"#9","uv":[5,0,5.998,0.999]},"north":{"texture":"#9","uv":[5,0,5.998,0.999]},"south":{"texture":"#9","uv":[5,0,5.998,0.999]},"up":{"texture":"#9","uv":[5,0,5.998,0.999]},"west":{"texture":"#9","uv":[5,0,5.998,0.999]}},"from":[5.54288,3.49931,7.24988],"rotation":{"angle":45,"axis":"z","origin":[7.04288,4.49931,9.44988]},"to":[7.04288,6.89931,13.44988]},{"faces":{"down":{"rotation":270,"texture":"#9","uv":[5,0,5.998,0.999]},"east":{"rotation":270,"texture":"#9","uv":[5,0,5.998,0.999]},"north":{"rotation":90,"texture":"#9","uv":[5,0,5.998,0.999]},"south":{"rotation":270,"texture":"#9","uv":[5,0,5.998,0.999]},"up":{"rotation":270,"texture":"#9","uv":[5,0,5.998,0.999]},"west":{"rotation":270,"texture":"#9","uv":[5,0,5.998,0.999]}},"from":[6.68933,2.73155,7.24988],"rotation":{"angle":0,"axis":"z","origin":[8.08933,3.48155,10.34988]},"to":[9.39643,4.23155,13.44988]},{"faces":{"down":{"texture":"#4","uv":[5.998,0.999,5,0]},"east":{"texture":"#4","uv":[5.998,0.999,5,0]},"north":{"texture":"#4","uv":[5.998,0.999,5,0]},"south":{"texture":"#4","uv":[5.998,0.999,5,0]},"up":{"texture":"#4","uv":[5.998,0.999,5,0]},"west":{"texture":"#4","uv":[5.998,0.999,5,0]}},"from":[8.06298,7.85078,4.44988],"rotation":{"angle":45,"axis":"z","origin":[9.06298,9.65078,9.44988]},"to":[10.06298,10.65078,13.44988]},{"faces":{"down":{"texture":"#4","uv":[5,0,5.998,0.999]},"east":{"texture":"#4","uv":[5,0,5.998,0.999]},"north":{"texture":"#4","uv":[5,0,5.998,0.999]},"south":{"texture":"#4","uv":[5,0,5.998,0.999]},"up":{"texture":"#4","uv":[5,0,5.998,0.999]},"west":{"texture":"#4","uv":[5,0,5.998,0.999]}},"from":[5.04288,5.0851,4.44988],"rotation":{"angle":0,"axis":"y","origin":[4.04288,15.0851,11.73559]},"to":[11.04288,9.0851,13.44988]},{"faces":{"down":{"texture":"#4","uv":[6.167,0.333,6.663,0.83]},"east":{"texture":"#4","uv":[6.167,0.333,6.663,0.83]},"north":{"texture":"#4","uv":[6.167,0.333,6.663,0.83]},"south":{"texture":"#4","uv":[6.167,0.333,6.663,0.83]},"up":{"texture":"#4","uv":[6.167,0.333,6.663,0.83]},"west":{"texture":"#4","uv":[6.167,0.333,6.663,0.83]}},"from":[5.74288,5.9851,3.94988],"rotation":{"angle":0,"axis":"y","origin":[4.04288,15.0851,11.73559]},"to":[6.74288,6.9851,4.44988]},{"faces":{"down":{"texture":"#4","uv":[6.167,0.333,6.663,0.83]},"east":{"texture":"#4","uv":[6.167,0.333,6.663,0.83]},"north":{"texture":"#4","uv":[6.167,0.333,6.663,0.83]},"south":{"texture":"#4","uv":[6.167,0.333,6.663,0.83]},"up":{"texture":"#4","uv":[6.167,0.333,6.663,0.83]},"west":{"texture":"#4","uv":[6.167,0.333,6.663,0.83]}},"from":[9.74288,5.9851,3.94988],"rotation":{"angle":0,"axis":"y","origin":[4.04288,15.0851,11.73559]},"to":[10.74288,6.9851,4.44988]},{"faces":{"down":{"texture":"#4","uv":[6.167,0.333,6.663,0.83]},"east":{"texture":"#4","uv":[6.167,0.333,6.663,0.83]},"north":{"texture":"#4","uv":[6.167,0.333,6.663,0.83]},"south":{"texture":"#4","uv":[6.167,0.333,6.663,0.83]},"up":{"texture":"#4","uv":[6.167,0.333,6.663,0.83]},"west":{"texture":"#4","uv":[6.167,0.333,6.663,0.83]}},"from":[6.04288,6.2851,3.84988],"rotation":{"angle":0,"axis":"y","origin":[4.04288,15.0851,11.73559]},"to":[6.54288,6.7851,4.04988]},{"faces":{"down":{"texture":"#4","uv":[6.167,0.333,6.663,0.83]},"east":{"texture":"#4","uv":[6.167,0.333,6.663,0.83]},"north":{"texture":"#4","uv":[6.167,0.333,6.663,0.83]},"south":{"texture":"#4","uv":[6.167,0.333,6.663,0.83]},"up":{"texture":"#4","uv":[6.167,0.333,6.663,0.83]},"west":{"texture":"#4","uv":[6.167,0.333,6.663,0.83]}},"from":[10.04288,6.2851,3.84988],"rotation":{"angle":0,"axis":"y","origin":[4.04288,15.0851,11.73559]},"to":[10.54288,6.7851,4.04988]},{"faces":{"down":{"texture":"#4","uv":[5,0,5.998,0.999]},"east":{"texture":"#4","uv":[5,0,5.998,0.999]},"north":{"texture":"#4","uv":[5,0,5.998,0.999]},"south":{"texture":"#4","uv":[5,0,5.998,0.999]},"up":{"texture":"#4","uv":[5,0,5.998,0.999]},"west":{"texture":"#4","uv":[5,0,5.998,0.999]}},"from":[6.54288,9.0851,4.44988],"rotation":{"angle":0,"axis":"y","origin":[4.04288,15.0851,11.73559]},"to":[9.54288,11.0851,13.44988]},{"faces":{"down":{"texture":"#2","uv":[8,9,8.998,9.999]},"east":{"texture":"#2","uv":[8,9,8.998,9.999]},"north":{"texture":"#2","uv":[8,9,8.998,9.999]},"south":{"texture":"#2","uv":[8,9,8.998,9.999]},"up":{"texture":"#2","uv":[8,9,8.998,9.999]},"west":{"texture":"#2","uv":[8,9,8.998,9.999]}},"from":[5.54288,10.0851,3.44988],"rotation":{"angle":0,"axis":"y","origin":[4.04288,15.0851,11.73559]},"to":[10.54288,13.0851,13.44988]},{"faces":{"down":{"texture":"#8","uv":[8,9,8.998,9.999]},"east":{"texture":"#8","uv":[8,9,8.998,9.999]},"north":{"texture":"#8","uv":[8,9,8.998,9.999]},"south":{"texture":"#8","uv":[8,9,8.998,9.999]},"up":{"texture":"#8","uv":[8,9,8.998,9.999]},"west":{"texture":"#8","uv":[8,9,8.998,9.999]}},"from":[9.54288,12.0851,3.24988],"rotation":{"angle":0,"axis":"y","origin":[4.04288,15.0851,11.73559]},"to":[10.04288,12.5851,4.44988]},{"faces":{"down":{"texture":"#8","uv":[8,9,8.998,9.999]},"east":{"texture":"#8","uv":[8,9,8.998,9.999]},"north":{"texture":"#8","uv":[8,9,8.998,9.999]},"south":{"texture":"#8","uv":[8,9,8.998,9.999]},"up":{"texture":"#8","uv":[8,9,8.998,9.999]},"west":{"texture":"#8","uv":[8,9,8.998,9.999]}},"from":[7.54288,11.1851,3.24988],"rotation":{"angle":0,"axis":"y","origin":[4.04288,15.0851,11.73559]},"to":[8.04288,11.6851,4.44988]},{"faces":{"down":{"texture":"#8","uv":[8,9,8.998,9.999]},"east":{"texture":"#8","uv":[8,9,8.998,9.999]},"north":{"texture":"#8","uv":[8,9,8.998,9.999]},"south":{"texture":"#8","uv":[8,9,8.998,9.999]},"up":{"texture":"#8","uv":[8,9,8.998,9.999]},"west":{"texture":"#8","uv":[8,9,8.998,9.999]}},"from":[7.74288,2.1851,7.04988],"rotation":{"angle":0,"axis":"y","origin":[4.04288,15.0851,11.73559]},"to":[8.24288,2.6851,8.24988]},{"faces":{"down":{"texture":"#8","uv":[8,9,8.998,9.999]},"east":{"texture":"#8","uv":[8,9,8.998,9.999]},"north":{"texture":"#8","uv":[8,9,8.998,9.999]},"south":{"texture":"#8","uv":[8,9,8.998,9.999]},"up":{"texture":"#8","uv":[8,9,8.998,9.999]},"west":{"texture":"#8","uv":[8,9,8.998,9.999]}},"from":[7.74288,0.6851,5.04988],"rotation":{"angle":0,"axis":"y","origin":[4.04288,15.0851,11.73559]},"to":[8.24288,1.1851,6.24988]},{"faces":{"down":{"texture":"#8","uv":[8,9,8.998,9.999]},"east":{"texture":"#8","uv":[8,9,8.998,9.999]},"north":{"texture":"#8","uv":[8,9,8.998,9.999]},"south":{"texture":"#8","uv":[8,9,8.998,9.999]},"up":{"texture":"#8","uv":[8,9,8.998,9.999]},"west":{"texture":"#8","uv":[8,9,8.998,9.999]}},"from":[7.74288,-0.8149,5.04988],"rotation":{"angle":0,"axis":"y","origin":[4.04288,15.0851,11.73559]},"to":[8.24288,-0.3149,6.24988]},{"faces":{"down":{"texture":"#8","uv":[8,9,8.998,9.999]},"east":{"texture":"#8","uv":[8,9,8.998,9.999]},"north":{"texture":"#8","uv":[8,9,8.998,9.999]},"south":{"texture":"#8","uv":[8,9,8.998,9.999]},"up":{"texture":"#8","uv":[8,9,8.998,9.999]},"west":{"texture":"#8","uv":[8,9,8.998,9.999]}},"from":[8.14288,12.7851,3.24988],"rotation":{"angle":0,"axis":"y","origin":[4.04288,15.0851,11.73559]},"to":[8.64288,13.2851,4.44988]},{"faces":{"down":{"texture":"#8","uv":[8,9,8.998,9.999]},"east":{"texture":"#8","uv":[8,9,8.998,9.999]},"north":{"texture":"#8","uv":[8,9,8.998,9.999]},"south":{"texture":"#8","uv":[8,9,8.998,9.999]},"up":{"texture":"#8","uv":[8,9,8.998,9.999]},"west":{"texture":"#8","uv":[8,9,8.998,9.999]}},"from":[8.94288,10.2851,3.24988],"rotation":{"angle":0,"axis":"y","origin":[4.04288,15.0851,11.73559]},"to":[9.44288,10.7851,4.44988]},{"faces":{"down":{"texture":"#8","uv":[8,9,8.998,9.999]},"east":{"texture":"#8","uv":[8,9,8.998,9.999]},"north":{"texture":"#8","uv":[8,9,8.998,9.999]},"south":{"texture":"#8","uv":[8,9,8.998,9.999]},"up":{"texture":"#8","uv":[8,9,8.998,9.999]},"west":{"texture":"#8","uv":[8,9,8.998,9.999]}},"from":[5.84288,10.2851,3.24988],"rotation":{"angle":0,"axis":"y","origin":[4.04288,15.0851,11.73559]},"to":[6.34288,10.7851,4.44988]},{"faces":{"down":{"texture":"#8","uv":[8,9,8.998,9.999]},"east":{"texture":"#8","uv":[8,9,8.998,9.999]},"north":{"texture":"#8","uv":[8,9,8.998,9.999]},"south":{"texture":"#8","uv":[8,9,8.998,9.999]},"up":{"texture":"#8","uv":[8,9,8.998,9.999]},"west":{"texture":"#8","uv":[8,9,8.998,9.999]}},"from":[6.44288,11.5851,3.24988],"rotation":{"angle":0,"axis":"y","origin":[4.04288,15.0851,11.73559]},"to":[6.94288,12.0851,4.44988]},{"faces":{"down":{"texture":"#8","uv":[8,9,8.998,9.999]},"east":{"texture":"#8","uv":[8,9,8.998,9.999]},"north":{"texture":"#8","uv":[8,9,8.998,9.999]},"south":{"texture":"#8","uv":[8,9,8.998,9.999]},"up":{"texture":"#8","uv":[8,9,8.998,9.999]},"west":{"texture":"#8","uv":[8,9,8.998,9.999]}},"from":[6.44288,13.1851,3.24988],"rotation":{"angle":0,"axis":"y","origin":[4.04288,15.0851,11.73559]},"to":[6.94288,13.6851,4.44988]},{"faces":{"down":{"texture":"#4","uv":[9,5,9.994,5.999]},"east":{"texture":"#4","uv":[9,5,9.994,5.999]},"north":{"texture":"#4","uv":[9,5,9.994,5.999]},"south":{"texture":"#4","uv":[9,5,9.994,5.999]},"up":{"texture":"#4","uv":[9,5,9.994,5.999]},"west":{"texture":"#4","uv":[9,5,9.994,5.999]}},"from":[7.34288,5.3851,3.94988],"rotation":{"angle":0,"axis":"y","origin":[4.04288,15.0851,11.73559]},"to":[8.74288,5.5851,12.44988]},{"faces":{"down":{"texture":"#4","uv":[6,0,6.994,0.999]},"east":{"texture":"#4","uv":[6,0,6.994,0.999]},"north":{"texture":"#4","uv":[6,0,6.994,0.999]},"south":{"texture":"#4","uv":[6,0,6.994,0.999]},"up":{"texture":"#4","uv":[6,0,6.994,0.999]},"west":{"texture":"#4","uv":[6,0,6.994,0.999]}},"from":[9.34288,8.5851,4.34988],"rotation":{"angle":0,"axis":"y","origin":[4.04288,15.0851,11.73559]},"to":[9.74288,8.7851,12.44988]},{"faces":{"down":{"texture":"#4","uv":[6.994,0,6,0.999]},"east":{"texture":"#4","uv":[6.994,0,6,0.999]},"north":{"texture":"#4","uv":[6.994,0,6,0.999]},"south":{"texture":"#4","uv":[6.994,0,6,0.999]},"up":{"texture":"#4","uv":[6.994,0,6,0.999]},"west":{"texture":"#4","uv":[6.994,0,6,0.999]}},"from":[6.34288,8.5851,4.34988],"rotation":{"angle":0,"axis":"y","origin":[12.04288,15.0851,11.73559]},"to":[6.74288,8.7851,12.44988]},{"faces":{"down":{"texture":"#7","uv":[6,0.999,6.994,0]},"east":{"texture":"#7","uv":[6,0.999,6.994,0]},"north":{"texture":"#7","uv":[6,0.999,6.994,0]},"south":{"texture":"#7","uv":[6,0.999,6.994,0]},"up":{"texture":"#7","uv":[6,0.999,6.994,0]},"west":{"texture":"#7","uv":[6,0.999,6.994,0]}},"from":[9.34288,8.3851,4.34988],"rotation":{"angle":0,"axis":"y","origin":[4.04288,-0.9149,11.73559]},"to":[9.74288,8.4851,12.44988]},{"faces":{"down":{"texture":"#7","uv":[6.994,0.999,6,0]},"east":{"texture":"#7","uv":[6.994,0.999,6,0]},"north":{"texture":"#7","uv":[6.994,0.999,6,0]},"south":{"texture":"#7","uv":[6.994,0.999,6,0]},"up":{"texture":"#7","uv":[6.994,0.999,6,0]},"west":{"texture":"#7","uv":[6.994,0.999,6,0]}},"from":[6.34288,8.3851,4.34988],"rotation":{"angle":0,"axis":"y","origin":[12.04288,-0.9149,11.73559]},"to":[6.74288,8.4851,12.44988]},{"faces":{"down":{"texture":"#7","uv":[6,0.999,6.994,0]},"east":{"texture":"#7","uv":[6,0.999,6.994,0]},"north":{"texture":"#7","uv":[6,0.999,6.994,0]},"south":{"texture":"#7","uv":[6,0.999,6.994,0]},"up":{"texture":"#7","uv":[6,0.999,6.994,0]},"west":{"texture":"#7","uv":[6,0.999,6.994,0]}},"from":[8.71354,8.11446,4.34988],"rotation":{"angle":-22.5,"axis":"z","origin":[9.90852,5.76237,9.39988]},"to":[8.91354,8.21446,12.44988]},{"faces":{"down":{"texture":"#7","uv":[6.994,0.999,6,0]},"east":{"texture":"#7","uv":[6.994,0.999,6,0]},"north":{"texture":"#7","uv":[6.994,0.999,6,0]},"south":{"texture":"#7","uv":[6.994,0.999,6,0]},"up":{"texture":"#7","uv":[6.994,0.999,6,0]},"west":{"texture":"#7","uv":[6.994,0.999,6,0]}},"from":[7.17222,8.11446,4.34988],"rotation":{"angle":22.5,"axis":"z","origin":[6.17724,5.76237,9.39988]},"to":[7.37222,8.21446,12.44988]},{"faces":{"down":{"texture":"#4","uv":[6,0,6.994,0.999]},"east":{"texture":"#4","uv":[6,0,6.994,0.999]},"north":{"texture":"#4","uv":[6,0,6.994,0.999]},"south":{"texture":"#4","uv":[6,0,6.994,0.999]},"up":{"texture":"#4","uv":[6,0,6.994,0.999]},"west":{"texture":"#4","uv":[6,0,6.994,0.999]}},"from":[8.77719,7.93657,4.34988],"rotation":{"angle":0,"axis":"y","origin":[4.08879,15.10818,11.73559]},"to":[9.88879,8.10818,12.44988]},{"faces":{"down":{"texture":"#4","uv":[6,0,6.994,0.999]},"east":{"texture":"#4","uv":[6,0,6.994,0.999]},"north":{"texture":"#4","uv":[6,0,6.994,0.999]},"south":{"texture":"#4","uv":[6,0,6.994,0.999]},"up":{"texture":"#4","uv":[6,0,6.994,0.999]},"west":{"texture":"#4","uv":[6,0,6.994,0.999]}},"from":[7.37719,7.43657,4.24988],"rotation":{"angle":0,"axis":"y","origin":[4.08879,15.10818,11.73559]},"to":[8.58879,7.60818,12.44988]},{"faces":{"down":{"texture":"#4","uv":[6,0,6.994,0.999]},"east":{"texture":"#4","uv":[6,0,6.994,0.999]},"north":{"texture":"#4","uv":[6,0,6.994,0.999]},"south":{"texture":"#4","uv":[6,0,6.994,0.999]},"up":{"texture":"#4","uv":[6,0,6.994,0.999]},"west":{"texture":"#4","uv":[6,0,6.994,0.999]}},"from":[7.67719,7.23657,4.24988],"rotation":{"angle":0,"axis":"y","origin":[4.08879,15.10818,11.73559]},"to":[8.28879,8.20818,12.44988]},{"faces":{"down":{"texture":"#4","uv":[6,0,6.994,0.999]},"east":{"texture":"#4","uv":[6,0,6.994,0.999]},"north":{"texture":"#4","uv":[6,0,6.994,0.999]},"south":{"texture":"#4","uv":[6,0,6.994,0.999]},"up":{"texture":"#4","uv":[6,0,6.994,0.999]},"west":{"texture":"#4","uv":[6,0,6.994,0.999]}},"from":[8.2768,7.47895,4.24988],"rotation":{"angle":45,"axis":"z","origin":[8.3826,7.66475,9.34988]},"to":[8.4884,8.25056,12.44988]},{"faces":{"down":{"texture":"#4","uv":[6.994,0,6,0.999]},"east":{"texture":"#4","uv":[6.994,0,6,0.999]},"north":{"texture":"#4","uv":[6.994,0,6,0.999]},"south":{"texture":"#4","uv":[6.994,0,6,0.999]},"up":{"texture":"#4","uv":[6.994,0,6,0.999]},"west":{"texture":"#4","uv":[6.994,0,6,0.999]}},"from":[7.61901,7.47895,4.24988],"rotation":{"angle":-45,"axis":"z","origin":[7.6541,7.83546,9.34988]},"to":[7.83061,8.25056,12.44988]},{"faces":{"down":{"texture":"#4","uv":[6.994,0,6,0.999]},"east":{"texture":"#4","uv":[6.994,0,6,0.999]},"north":{"texture":"#4","uv":[6.994,0,6,0.999]},"south":{"texture":"#4","uv":[6.994,0,6,0.999]},"up":{"texture":"#4","uv":[6.994,0,6,0.999]},"west":{"texture":"#4","uv":[6.994,0,6,0.999]}},"from":[6.19696,7.93657,4.34988],"rotation":{"angle":0,"axis":"y","origin":[11.99696,15.10818,11.73559]},"to":[7.30857,8.10818,12.44988]},{"faces":{"down":{"texture":"#4","uv":[6,0,6.994,0.999]},"east":{"texture":"#4","uv":[6,0,6.994,0.999]},"north":{"texture":"#4","uv":[6,0,6.994,0.999]},"south":{"texture":"#4","uv":[6,0,6.994,0.999]},"up":{"texture":"#4","uv":[6,0,6.994,0.999]},"west":{"texture":"#4","uv":[6,0,6.994,0.999]}},"from":[9.49064,8.34034,4.34988],"rotation":{"angle":-22.5,"axis":"z","origin":[10.25133,8.02483,9.39988]},"to":[10.17209,8.53265,12.44988]},{"faces":{"down":{"texture":"#4","uv":[6.994,0,6,0.999]},"east":{"texture":"#4","uv":[6.994,0,6,0.999]},"north":{"texture":"#4","uv":[6.994,0,6,0.999]},"south":{"texture":"#4","uv":[6.994,0,6,0.999]},"up":{"texture":"#4","uv":[6.994,0,6,0.999]},"west":{"texture":"#4","uv":[6.994,0,6,0.999]}},"from":[5.91366,8.34034,4.34988],"rotation":{"angle":22.5,"axis":"z","origin":[5.83443,8.02483,9.39988]},"to":[6.59512,8.53265,12.44988]},{"faces":{"down":{"texture":"#4","uv":[6,0,6.994,0.999]},"east":{"texture":"#4","uv":[6,0,6.994,0.999]},"north":{"texture":"#4","uv":[6,0,6.994,0.999]},"south":{"texture":"#4","uv":[6,0,6.994,0.999]},"up":{"texture":"#4","uv":[6,0,6.994,0.999]},"west":{"texture":"#4","uv":[6,0,6.994,0.999]}},"from":[8.66714,8.42652,4.34988],"rotation":{"angle":45,"axis":"z","origin":[9.31359,8.31439,9.39988]},"to":[9.66714,8.62652,12.44988]},{"faces":{"down":{"texture":"#4","uv":[6.994,0,6,0.999]},"east":{"texture":"#4","uv":[6.994,0,6,0.999]},"north":{"texture":"#4","uv":[6.994,0,6,0.999]},"south":{"texture":"#4","uv":[6.994,0,6,0.999]},"up":{"texture":"#4","uv":[6.994,0,6,0.999]},"west":{"texture":"#4","uv":[6.994,0,6,0.999]}},"from":[6.41862,8.42652,4.34988],"rotation":{"angle":-45,"axis":"z","origin":[6.77217,8.31439,9.39988]},"to":[7.41862,8.62652,12.44988]},{"faces":{"down":{"texture":"#4","uv":[6,0,6.994,0.999]},"east":{"texture":"#4","uv":[6,0,6.994,0.999]},"north":{"texture":"#4","uv":[6,0,6.994,0.999]},"south":{"texture":"#4","uv":[6,0,6.994,0.999]},"up":{"texture":"#4","uv":[6,0,6.994,0.999]},"west":{"texture":"#4","uv":[6,0,6.994,0.999]}},"from":[9.59379,7.35755,4.34988],"rotation":{"angle":45,"axis":"z","origin":[9.04235,8.00316,9.39988]},"to":[10.17372,7.53747,12.44988]},{"faces":{"down":{"texture":"#4","uv":[6.994,0,6,0.999]},"east":{"texture":"#4","uv":[6.994,0,6,0.999]},"north":{"texture":"#4","uv":[6.994,0,6,0.999]},"south":{"texture":"#4","uv":[6.994,0,6,0.999]},"up":{"texture":"#4","uv":[6.994,0,6,0.999]},"west":{"texture":"#4","uv":[6.994,0,6,0.999]}},"from":[5.91204,7.35755,4.34988],"rotation":{"angle":-45,"axis":"z","origin":[7.04341,8.00316,9.39988]},"to":[6.49197,7.53747,12.44988]},{"faces":{"down":{"texture":"#4","uv":[9,5,9.994,5.999]},"east":{"texture":"#4","uv":[9,5,9.994,5.999]},"north":{"texture":"#4","uv":[9,5,9.994,5.999]},"south":{"texture":"#4","uv":[9,5,9.994,5.999]},"up":{"texture":"#4","uv":[9,5,9.994,5.999]},"west":{"texture":"#4","uv":[9,5,9.994,5.999]}},"from":[7.34288,6.3851,3.94988],"rotation":{"angle":0,"axis":"y","origin":[4.04288,15.0851,11.73559]},"to":[8.74288,6.5851,12.44988]},{"faces":{"down":{"texture":"#7","uv":[9,5,9.994,5.999]},"east":{"texture":"#7","uv":[9,5,9.994,5.999]},"north":{"texture":"#7","uv":[9,5,9.994,5.999]},"south":{"texture":"#7","uv":[9,5,9.994,5.999]},"up":{"texture":"#7","uv":[9,5,9.994,5.999]},"west":{"texture":"#7","uv":[9,5,9.994,5.999]}},"from":[7.54288,5.5851,4.34988],"rotation":{"angle":0,"axis":"y","origin":[4.04288,15.0851,11.73559]},"to":[8.54288,6.3851,12.44988]},{"faces":{"down":{"texture":"#4","uv":[9,5,9.994,5.999]},"east":{"texture":"#4","uv":[9,5,9.994,5.999]},"north":{"texture":"#4","uv":[9,5,9.994,5.999]},"south":{"texture":"#4","uv":[9,5,9.994,5.999]},"up":{"texture":"#4","uv":[9,5,9.994,5.999]},"west":{"texture":"#4","uv":[9,5,9.994,5.999]}},"from":[7.34288,8.36436,4.52895],"rotation":{"angle":-22.5,"axis":"x","origin":[8.04288,6.11912,9.21463]},"to":[8.74288,8.56436,13.02895]},{"faces":{"down":{"rotation":270,"texture":"#4","uv":[9,5,9.994,5.999]},"east":{"rotation":270,"texture":"#4","uv":[9,5,9.994,5.999]},"north":{"rotation":90,"texture":"#4","uv":[9,5,9.994,5.999]},"south":{"rotation":270,"texture":"#4","uv":[9,5,9.994,5.999]},"up":{"rotation":270,"texture":"#4","uv":[9,5,9.994,5.999]},"west":{"rotation":270,"texture":"#4","uv":[9,5,9.994,5.999]}},"from":[5.48862,5.3851,4.5574],"rotation":{"angle":-22.5,"axis":"y","origin":[7.94288,6.0851,8.91463]},"to":[5.68862,6.5851,13.0574]},{"faces":{"down":{"texture":"#4","uv":[9,5.999,9.994,5]},"east":{"texture":"#4","uv":[9,5.999,9.994,5]},"north":{"texture":"#4","uv":[9,5.999,9.994,5]},"south":{"texture":"#4","uv":[9,5.999,9.994,5]},"up":{"texture":"#4","uv":[9,5.999,9.994,5]},"west":{"texture":"#4","uv":[9,5.999,9.994,5]}},"from":[7.34288,3.5733,5.37086],"rotation":{"angle":22.5,"axis":"x","origin":[8.04288,8.05108,9.21463]},"to":[8.74288,3.7733,13.87086]},{"faces":{"down":{"rotation":270,"texture":"#4","uv":[9,5.999,9.994,5]},"east":{"rotation":270,"texture":"#4","uv":[9,5.999,9.994,5]},"north":{"rotation":90,"texture":"#4","uv":[9,5.999,9.994,5]},"south":{"rotation":270,"texture":"#4","uv":[9,5.999,9.994,5]},"up":{"rotation":270,"texture":"#4","uv":[9,5.999,9.994,5]},"west":{"rotation":270,"texture":"#4","uv":[9,5.999,9.994,5]}},"from":[10.39714,5.3851,4.5574],"rotation":{"angle":22.5,"axis":"y","origin":[8.14288,6.0851,8.91463]},"to":[10.59714,6.5851,13.0574]},{"faces":{"down":{"texture":"#4","uv":[9,5,9.994,5.999]},"east":{"texture":"#4","uv":[9,5,9.994,5.999]},"north":{"texture":"#4","uv":[9,5,9.994,5.999]},"south":{"texture":"#4","uv":[9,5,9.994,5.999]},"up":{"texture":"#4","uv":[9,5,9.994,5.999]},"west":{"texture":"#4","uv":[9,5,9.994,5.999]}},"from":[8.54288,5.5851,3.94988],"rotation":{"angle":0,"axis":"y","origin":[4.04288,15.0851,11.73559]},"to":[8.74288,6.3851,12.44988]},{"faces":{"down":{"texture":"#4","uv":[9,5,9.994,5.999]},"east":{"texture":"#4","uv":[9,5,9.994,5.999]},"north":{"texture":"#4","uv":[9,5,9.994,5.999]},"south":{"texture":"#4","uv":[9,5,9.994,5.999]},"up":{"texture":"#4","uv":[9,5,9.994,5.999]},"west":{"texture":"#4","uv":[9,5,9.994,5.999]}},"from":[7.34288,5.5851,3.94988],"rotation":{"angle":0,"axis":"y","origin":[4.04288,15.0851,11.73559]},"to":[7.54288,6.3851,12.44988]},{"faces":{"down":{"rotation":270,"texture":"#5","uv":[0,0,8.4,1]},"east":{"rotation":270,"texture":"#5","uv":[0,0,1.6,8.4]},"north":{"rotation":270,"texture":"#5","uv":[1,2,2.599,3]},"south":{"rotation":270,"texture":"#5","uv":[0,0,1.6,1]},"up":{"rotation":270,"texture":"#5","uv":[0,0,8.4,1]},"west":{"rotation":270,"texture":"#5","uv":[0,0,1.6,8.4]}},"from":[7.54288,9.7851,4.04988],"rotation":{"angle":-45,"axis":"z","origin":[8.04288,8.5851,8.94988]},"to":[8.54288,11.3851,13.44988]},{"faces":{"down":{"rotation":270,"texture":"#5","uv":[0,0,8.4,1]},"east":{"rotation":270,"texture":"#5","uv":[0,0,1.6,8.4]},"north":{"rotation":270,"texture":"#5","uv":[1,2,2.599,3]},"south":{"rotation":270,"texture":"#5","uv":[0,0,1.6,1]},"up":{"rotation":270,"texture":"#5","uv":[0,0,8.4,1]},"west":{"rotation":270,"texture":"#5","uv":[0,0,1.6,8.4]}},"from":[5.20943,7.45165,4.14988],"rotation":{"angle":-45,"axis":"z","origin":[8.04288,8.5851,8.94988]},"to":[6.20943,9.05165,13.54988]},{"faces":{"down":{"texture":"#5","uv":[0,0,0.9,8.5]},"east":{"texture":"#5","uv":[0,0,8.5,1]},"north":{"texture":"#5","uv":[2,2,2.9,3]},"south":{"texture":"#5","uv":[0,0,0.9,1]},"up":{"texture":"#5","uv":[0,0,0.9,8.5]},"west":{"texture":"#5","uv":[0,0,8.5,1]}},"from":[8.34496,9.08007,3.94988],"rotation":{"angle":0,"axis":"z","origin":[8.44496,9.58007,9.24988]},"to":[9.24496,10.08007,13.44988]},{"faces":{"down":{"texture":"#5","uv":[0,0,0.9,8.5]},"east":{"texture":"#5","uv":[0,0,8.5,1]},"north":{"texture":"#5","uv":[2,2,2.9,3]},"south":{"texture":"#5","uv":[0,0,0.9,1]},"up":{"texture":"#5","uv":[0,0,0.9,8.5]},"west":{"texture":"#5","uv":[0,0,8.5,1]}},"from":[5.23785,8.78718,4.04988],"rotation":{"angle":0,"axis":"z","origin":[8.43785,9.58718,9.44988]},"to":[6.13785,9.78718,13.64988]},{"faces":{"down":{"texture":"#2","uv":[8,9,8.998,9.999]},"east":{"texture":"#2","uv":[8,9,8.998,9.999]},"north":{"texture":"#2","uv":[8,9,8.998,9.999]},"south":{"texture":"#2","uv":[8,9,8.998,9.999]},"up":{"texture":"#2","uv":[8,9,8.998,9.999]},"west":{"texture":"#2","uv":[8,9,8.998,9.999]}},"from":[8.38933,11.31733,3.44988],"rotation":{"angle":45,"axis":"z","origin":[8.48222,12.02444,9.44988]},"to":[10.68933,12.31733,13.44988]},{"faces":{"down":{"rotation":270,"texture":"#2","uv":[8,9,8.998,9.999]},"east":{"rotation":270,"texture":"#2","uv":[8,9,8.998,9.999]},"north":{"rotation":90,"texture":"#2","uv":[8,9,8.998,9.999]},"south":{"rotation":270,"texture":"#2","uv":[8,9,8.998,9.999]},"up":{"rotation":270,"texture":"#2","uv":[8,9,8.998,9.999]},"west":{"rotation":270,"texture":"#2","uv":[8,9,8.998,9.999]}},"from":[6.5025,12.18259,3.44988],"rotation":{"angle":45,"axis":"z","origin":[7.70961,12.62548,9.44988]},"to":[7.5025,14.48259,13.44988]},{"faces":{"down":{"rotation":270,"texture":"#2","uv":[8,9,8.998,9.999]},"east":{"rotation":270,"texture":"#2","uv":[8,9,8.998,9.999]},"north":{"rotation":90,"texture":"#2","uv":[8,9,8.998,9.999]},"south":{"rotation":270,"texture":"#2","uv":[8,9,8.998,9.999]},"up":{"rotation":270,"texture":"#2","uv":[8,9,8.998,9.999]},"west":{"rotation":270,"texture":"#2","uv":[8,9,8.998,9.999]}},"from":[6.24999,11.49221,3.44988],"rotation":{"angle":0,"axis":"z","origin":[8.33577,12.64221,9.44988]},"to":[9.83577,13.79221,13.44988]},{"faces":{"down":{"rotation":270,"texture":"#2","uv":[8,9,8.998,9.999]},"east":{"rotation":270,"texture":"#2","uv":[8,9,8.998,9.999]},"north":{"rotation":90,"texture":"#2","uv":[8,9,8.998,9.999]},"south":{"rotation":270,"texture":"#2","uv":[8,9,8.998,9.999]},"up":{"rotation":270,"texture":"#2","uv":[8,9,8.998,9.999]},"west":{"rotation":270,"texture":"#2","uv":[8,9,8.998,9.999]}},"from":[4.5333,13.71379,4.44988],"rotation":{"angle":22.5,"axis":"z","origin":[8.33577,12.64221,9.44988]},"to":[6.91909,14.41379,13.44988]},{"faces":{"down":{"rotation":270,"texture":"#2","uv":[8,9,8.998,9.999]},"east":{"rotation":270,"texture":"#2","uv":[8,9,8.998,9.999]},"north":{"rotation":90,"texture":"#2","uv":[8,9,8.998,9.999]},"south":{"rotation":270,"texture":"#2","uv":[8,9,8.998,9.999]},"up":{"rotation":270,"texture":"#2","uv":[8,9,8.998,9.999]},"west":{"rotation":270,"texture":"#2","uv":[8,9,8.998,9.999]}},"from":[1.89658,11.84771,4.44988],"rotation":{"angle":22.5,"axis":"z","origin":[3.38082,12.95693,9.44988]},"to":[3.08237,12.14771,13.44988]},{"faces":{"down":{"rotation":180,"texture":"#2","uv":[8,9,8.998,9.999]},"east":{"rotation":180,"texture":"#2","uv":[8,9,8.998,9.999]},"north":{"rotation":180,"texture":"#2","uv":[8,9,8.998,9.999]},"south":{"rotation":180,"texture":"#2","uv":[8,9,8.998,9.999]},"up":{"rotation":180,"texture":"#2","uv":[8,9,8.998,9.999]},"west":{"rotation":180,"texture":"#2","uv":[8,9,8.998,9.999]}},"from":[3.2913,10.43016,4.44988],"rotation":{"angle":22.5,"axis":"z","origin":[3.38082,12.95693,9.44988]},"to":[3.5913,11.61595,13.44988]},{"faces":{"down":{"rotation":180,"texture":"#2","uv":[8,9,8.998,9.999]},"east":{"rotation":180,"texture":"#2","uv":[8,9,8.998,9.999]},"north":{"rotation":180,"texture":"#2","uv":[8,9,8.998,9.999]},"south":{"rotation":180,"texture":"#2","uv":[8,9,8.998,9.999]},"up":{"rotation":180,"texture":"#2","uv":[8,9,8.998,9.999]},"west":{"rotation":180,"texture":"#2","uv":[8,9,8.998,9.999]}},"from":[3.73082,10.66404,4.44988],"rotation":{"angle":0,"axis":"z","origin":[3.88082,10.95693,9.44988]},"to":[4.03082,11.54982,13.44988]},{"faces":{"down":{"rotation":180,"texture":"#2","uv":[8,9,8.998,9.999]},"east":{"rotation":180,"texture":"#2","uv":[8,9,8.998,9.999]},"north":{"rotation":180,"texture":"#2","uv":[8,9,8.998,9.999]},"south":{"rotation":180,"texture":"#2","uv":[8,9,8.998,9.999]},"up":{"rotation":180,"texture":"#2","uv":[8,9,8.998,9.999]},"west":{"rotation":180,"texture":"#2","uv":[8,9,8.998,9.999]}},"from":[3.17649,10.53443,4.44988],"rotation":{"angle":-22.5,"axis":"z","origin":[3.88082,10.70693,9.44988]},"to":[3.47649,11.92021,13.44988]},{"faces":{"down":{"rotation":180,"texture":"#2","uv":[8,9,8.998,9.999]},"east":{"rotation":180,"texture":"#2","uv":[8,9,8.998,9.999]},"north":{"rotation":180,"texture":"#2","uv":[8,9,8.998,9.999]},"south":{"rotation":180,"texture":"#2","uv":[8,9,8.998,9.999]},"up":{"rotation":180,"texture":"#2","uv":[8,9,8.998,9.999]},"west":{"rotation":180,"texture":"#2","uv":[8,9,8.998,9.999]}},"from":[2.67046,10.1667,4.44988],"rotation":{"angle":-45,"axis":"z","origin":[3.88082,10.70693,9.44988]},"to":[2.97046,11.65248,13.44988]},{"faces":{"down":{"rotation":90,"texture":"#2","uv":[13.997,13.999,14.996,14.999]},"east":{"rotation":90,"texture":"#2","uv":[13.997,13.999,14.996,14.999]},"north":{"rotation":90,"texture":"#2","uv":[13.997,13.999,14.996,14.999]},"south":{"rotation":90,"texture":"#2","uv":[13.997,13.999,14.996,14.999]},"up":{"rotation":90,"texture":"#2","uv":[13.997,13.999,14.996,14.999]},"west":{"rotation":90,"texture":"#2","uv":[13.997,13.999,14.996,14.999]}},"from":[3.55926,12.14236,4.34988],"rotation":{"angle":45,"axis":"z","origin":[4.71784,12.2681,9.44988]},"to":[4.74505,13.24236,13.54988]}],"textures":{"10":"block/snow","2":"block/beacon","4":"block/orange_glazed_terracotta","5":"block/sand","7":"block/black_concrete","8":"block/cyan_concrete","9":"block/yellow_concrete","particle":"block/beacon"}}