{"display":{"head":{"scale":[1.5,1.5,1.5]}},"elements":[{"faces":{"down":{"texture":"#0","uv":[0,0,1,1]},"east":{"texture":"#0","uv":[0,0,1,1]},"north":{"texture":"#0","uv":[0,0,1,1]},"south":{"texture":"#0","uv":[0,0,1,1]},"up":{"texture":"#0","uv":[0,0,1,1]},"west":{"texture":"#0","uv":[0,0,1,1]}},"from":[6,-8.30522,7],"rotation":{"angle":0,"axis":"y","origin":[8,-7.30522,8]},"to":[10,2.09478,9]},{"faces":{"down":{"texture":"#2","uv":[0,0,1,1]},"east":{"texture":"#2","uv":[0,0,1,1]},"north":{"texture":"#2","uv":[0,0,1,1]},"south":{"texture":"#2","uv":[0,0,1,1]},"up":{"texture":"#2","uv":[0,0,1,1]},"west":{"texture":"#2","uv":[0,0,1,1]}},"from":[7.2,-6.30522,7.2],"rotation":{"angle":0,"axis":"y","origin":[8,-7.30522,8]},"to":[8.8,-1.90522,9.1]},{"faces":{"down":{"texture":"#2","uv":[0,0,1,1]},"east":{"texture":"#2","uv":[0,0,1,1]},"north":{"texture":"#2","uv":[0,0,1,1]},"south":{"texture":"#2","uv":[0,0,1,1]},"up":{"texture":"#2","uv":[0,0,1,1]},"west":{"texture":"#2","uv":[0,0,1,1]}},"from":[8.20559,-4.08802,7.2],"rotation":{"angle":22.5,"axis":"z","origin":[9.00559,-6.58802,8]},"to":[9.80559,-1.18802,9.1]},{"faces":{"down":{"texture":"#2","uv":[1,0,0,1]},"east":{"texture":"#2","uv":[1,0,0,1]},"north":{"texture":"#2","uv":[1,0,0,1]},"south":{"texture":"#2","uv":[1,0,0,1]},"up":{"texture":"#2","uv":[1,0,0,1]},"west":{"texture":"#2","uv":[1,0,0,1]}},"from":[6.19441,-4.08802,7.2],"rotation":{"angle":-22.5,"axis":"z","origin":[6.99441,-6.58802,8]},"to":[7.79441,-1.18802,9.1]},{"faces":{"down":{"texture":"#2","uv":[0,0,1,1]},"east":{"texture":"#2","uv":[0,0,1,1]},"north":{"texture":"#2","uv":[0,0,1,1]},"south":{"texture":"#2","uv":[0,0,1,1]},"up":{"texture":"#2","uv":[0,0,1,1]},"west":{"texture":"#2","uv":[0,0,1,1]}},"from":[6.2,-1.90522,7.2],"rotation":{"angle":0,"axis":"y","origin":[8,-2.90522,8]},"to":[9.8,0.49478,9.1]},{"faces":{"down":{"texture":"#0","uv":[0,0,1,1]},"east":{"texture":"#0","uv":[0,0,1,1]},"north":{"texture":"#0","uv":[0,0,1,1]},"south":{"texture":"#0","uv":[0,0,1,1]},"up":{"texture":"#0","uv":[0,0,1,1]},"west":{"texture":"#0","uv":[0,0,1,1]}},"from":[11.65149,-4.52902,7],"rotation":{"angle":45,"axis":"z","origin":[15.38403,-3.18439,8]},"to":[15.65149,5.87098,9]},{"faces":{"down":{"texture":"#0","uv":[1,0,0,1]},"east":{"texture":"#0","uv":[1,0,0,1]},"north":{"texture":"#0","uv":[1,0,0,1]},"south":{"texture":"#0","uv":[1,0,0,1]},"up":{"texture":"#0","uv":[1,0,0,1]},"west":{"texture":"#0","uv":[1,0,0,1]}},"from":[0.34851,-4.52902,7],"rotation":{"angle":-45,"axis":"z","origin":[0.61597,-3.18439,8]},"to":[4.34851,5.87098,9]},{"faces":{"down":{"texture":"#0","uv":[0,0,1,1]},"east":{"texture":"#0","uv":[0,0,1,1]},"north":{"texture":"#0","uv":[0,0,1,1]},"south":{"texture":"#0","uv":[0,0,1,1]},"up":{"texture":"#0","uv":[0,0,1,1]},"west":{"texture":"#0","uv":[0,0,1,1]}},"from":[9.46508,-7.61598,7],"rotation":{"angle":22.5,"axis":"z","origin":[11.46508,-6.61598,8]},"to":[13.46508,2.78402,9]},{"faces":{"down":{"texture":"#0","uv":[1,0,0,1]},"east":{"texture":"#0","uv":[1,0,0,1]},"north":{"texture":"#0","uv":[1,0,0,1]},"south":{"texture":"#0","uv":[1,0,0,1]},"up":{"texture":"#0","uv":[1,0,0,1]},"west":{"texture":"#0","uv":[1,0,0,1]}},"from":[2.53492,-7.61598,7],"rotation":{"angle":-22.5,"axis":"z","origin":[4.53492,-6.61598,8]},"to":[6.53492,2.78402,9]},{"faces":{"down":{"rotation":90,"texture":"#0","uv":[0,0,1,1]},"east":{"rotation":90,"texture":"#0","uv":[0,0,1,1]},"north":{"rotation":90,"texture":"#0","uv":[0,0,1,1]},"south":{"rotation":90,"texture":"#0","uv":[0,0,1,1]},"up":{"rotation":90,"texture":"#0","uv":[0,0,1,1]},"west":{"rotation":90,"texture":"#0","uv":[0,0,1,1]}},"from":[9.72865,-3.45186,7],"rotation":{"angle":-22.5,"axis":"z","origin":[15.38403,-3.18439,8]},"to":[16.72865,0.54814,9]},{"faces":{"down":{"rotation":90,"texture":"#0","uv":[0,1,1,0]},"east":{"rotation":90,"texture":"#0","uv":[0,1,1,0]},"north":{"rotation":90,"texture":"#0","uv":[0,1,1,0]},"south":{"rotation":90,"texture":"#0","uv":[0,1,1,0]},"up":{"rotation":90,"texture":"#0","uv":[0,1,1,0]},"west":{"rotation":90,"texture":"#0","uv":[0,1,1,0]}},"from":[-0.72865,-3.45186,7],"rotation":{"angle":22.5,"axis":"z","origin":[0.61597,-3.18439,8]},"to":[6.27135,0.54814,9]},{"faces":{"down":{"rotation":90,"texture":"#0","uv":[0,0,1,1]},"east":{"rotation":90,"texture":"#0","uv":[0,0,1,1]},"north":{"rotation":90,"texture":"#0","uv":[0,0,1,1]},"south":{"rotation":90,"texture":"#0","uv":[0,0,1,1]},"up":{"rotation":90,"texture":"#0","uv":[0,0,1,1]},"west":{"rotation":90,"texture":"#0","uv":[0,0,1,1]}},"from":[11.05468,-0.25054,6],"rotation":{"angle":0,"axis":"y","origin":[16.71006,0.01692,8]},"to":[18.05468,7.74946,10]},{"faces":{"down":{"rotation":90,"texture":"#1","uv":[0,0,1,1]},"east":{"rotation":90,"texture":"#1","uv":[0,0,1,1]},"north":{"rotation":90,"texture":"#1","uv":[0,0,1,1]},"south":{"rotation":90,"texture":"#1","uv":[0,0,1,1]},"up":{"rotation":90,"texture":"#1","uv":[0,0,1,1]},"west":{"rotation":90,"texture":"#1","uv":[0,0,1,1]}},"from":[15.05468,4.74946,5.5],"rotation":{"angle":0,"axis":"y","origin":[17.71006,1.01692,8]},"to":[17.05468,6.74946,10.5]},{"faces":{"down":{"rotation":90,"texture":"#1","uv":[0,1,1,0]},"east":{"rotation":90,"texture":"#1","uv":[0,1,1,0]},"north":{"rotation":90,"texture":"#1","uv":[0,1,1,0]},"south":{"rotation":90,"texture":"#1","uv":[0,1,1,0]},"up":{"rotation":90,"texture":"#1","uv":[0,1,1,0]},"west":{"rotation":90,"texture":"#1","uv":[0,1,1,0]}},"from":[-1.05468,4.74946,5.5],"rotation":{"angle":0,"axis":"y","origin":[-1.71006,1.01692,8]},"to":[0.94532,6.74946,10.5]},{"faces":{"down":{"rotation":90,"texture":"#1","uv":[0,0,1,1]},"east":{"rotation":90,"texture":"#1","uv":[0,0,1,1]},"north":{"rotation":90,"texture":"#1","uv":[0,0,1,1]},"south":{"rotation":90,"texture":"#1","uv":[0,0,1,1]},"up":{"rotation":90,"texture":"#1","uv":[0,0,1,1]},"west":{"rotation":90,"texture":"#1","uv":[0,0,1,1]}},"from":[12.05468,0.74946,5.5],"rotation":{"angle":0,"axis":"y","origin":[14.71006,-2.98308,8]},"to":[14.05468,2.74946,10.5]},{"faces":{"down":{"rotation":90,"texture":"#1","uv":[0,1,1,0]},"east":{"rotation":90,"texture":"#1","uv":[0,1,1,0]},"north":{"rotation":90,"texture":"#1","uv":[0,1,1,0]},"south":{"rotation":90,"texture":"#1","uv":[0,1,1,0]},"up":{"rotation":90,"texture":"#1","uv":[0,1,1,0]},"west":{"rotation":90,"texture":"#1","uv":[0,1,1,0]}},"from":[1.94532,0.74946,5.5],"rotation":{"angle":0,"axis":"y","origin":[1.28994,-2.98308,8]},"to":[3.94532,2.74946,10.5]},{"faces":{"down":{"rotation":90,"texture":"#1","uv":[0,1,1,0]},"east":{"rotation":90,"texture":"#1","uv":[0,1,1,0]},"north":{"rotation":90,"texture":"#1","uv":[0,1,1,0]},"south":{"rotation":90,"texture":"#1","uv":[0,1,1,0]},"up":{"rotation":90,"texture":"#1","uv":[0,1,1,0]},"west":{"rotation":90,"texture":"#1","uv":[0,1,1,0]}},"from":[-0.85468,-2.25054,6.5],"rotation":{"angle":0,"axis":"y","origin":[-1.51006,-5.98308,8]},"to":[0.14532,-1.25054,9.5]},{"faces":{"down":{"rotation":90,"texture":"#1","uv":[0,0,1,1]},"east":{"rotation":90,"texture":"#1","uv":[0,0,1,1]},"north":{"rotation":90,"texture":"#1","uv":[0,0,1,1]},"south":{"rotation":90,"texture":"#1","uv":[0,0,1,1]},"up":{"rotation":90,"texture":"#1","uv":[0,0,1,1]},"west":{"rotation":90,"texture":"#1","uv":[0,0,1,1]}},"from":[15.85468,-2.25054,6.5],"rotation":{"angle":0,"axis":"y","origin":[17.51006,-5.98308,8]},"to":[16.85468,-1.25054,9.5]},{"faces":{"down":{"rotation":90,"texture":"#1","uv":[0,1,1,0]},"east":{"rotation":90,"texture":"#1","uv":[0,1,1,0]},"north":{"rotation":90,"texture":"#1","uv":[0,1,1,0]},"south":{"rotation":90,"texture":"#1","uv":[0,1,1,0]},"up":{"rotation":90,"texture":"#1","uv":[0,1,1,0]},"west":{"rotation":90,"texture":"#1","uv":[0,1,1,0]}},"from":[1.14532,-5.25054,6.5],"rotation":{"angle":0,"axis":"y","origin":[0.48994,-8.98308,8]},"to":[2.14532,-4.25054,9.5]},{"faces":{"down":{"rotation":90,"texture":"#1","uv":[0,0,1,1]},"east":{"rotation":90,"texture":"#1","uv":[0,0,1,1]},"north":{"rotation":90,"texture":"#1","uv":[0,0,1,1]},"south":{"rotation":90,"texture":"#1","uv":[0,0,1,1]},"up":{"rotation":90,"texture":"#1","uv":[0,0,1,1]},"west":{"rotation":90,"texture":"#1","uv":[0,0,1,1]}},"from":[13.85468,-5.25054,6.5],"rotation":{"angle":0,"axis":"y","origin":[15.51006,-8.98308,8]},"to":[14.85468,-4.25054,9.5]},{"faces":{"down":{"rotation":90,"texture":"#1","uv":[0,1,1,0]},"east":{"rotation":90,"texture":"#1","uv":[0,1,1,0]},"north":{"rotation":90,"texture":"#1","uv":[0,1,1,0]},"south":{"rotation":90,"texture":"#1","uv":[0,1,1,0]},"up":{"rotation":90,"texture":"#1","uv":[0,1,1,0]},"west":{"rotation":90,"texture":"#1","uv":[0,1,1,0]}},"from":[3.94532,-7.25054,6.5],"rotation":{"angle":0,"axis":"y","origin":[3.28994,-10.98308,8]},"to":[4.94532,-6.25054,9.5]},{"faces":{"down":{"rotation":90,"texture":"#1","uv":[0,0,1,1]},"east":{"rotation":90,"texture":"#1","uv":[0,0,1,1]},"north":{"rotation":90,"texture":"#1","uv":[0,0,1,1]},"south":{"rotation":90,"texture":"#1","uv":[0,0,1,1]},"up":{"rotation":90,"texture":"#1","uv":[0,0,1,1]},"west":{"rotation":90,"texture":"#1","uv":[0,0,1,1]}},"from":[11.05468,-7.25054,6.5],"rotation":{"angle":0,"axis":"y","origin":[12.71006,-10.98308,8]},"to":[12.05468,-6.25054,9.5]},{"faces":{"down":{"rotation":90,"texture":"#1","uv":[0,1,1,0]},"east":{"rotation":90,"texture":"#1","uv":[0,1,1,0]},"north":{"rotation":90,"texture":"#1","uv":[0,1,1,0]},"south":{"rotation":90,"texture":"#1","uv":[0,1,1,0]},"up":{"rotation":90,"texture":"#1","uv":[0,1,1,0]},"west":{"rotation":90,"texture":"#1","uv":[0,1,1,0]}},"from":[7.54532,-7.85054,6.5],"rotation":{"angle":0,"axis":"y","origin":[6.88994,-11.58308,8]},"to":[8.54532,-6.85054,9.5]},{"faces":{"down":{"rotation":90,"texture":"#1","uv":[0,0,1,1]},"east":{"rotation":90,"texture":"#1","uv":[0,0,1,1]},"north":{"rotation":90,"texture":"#1","uv":[0,0,1,1]},"south":{"rotation":90,"texture":"#1","uv":[0,0,1,1]},"up":{"rotation":90,"texture":"#1","uv":[0,0,1,1]},"west":{"rotation":90,"texture":"#1","uv":[0,0,1,1]}},"from":[14.05468,7.74946,7],"rotation":{"angle":0,"axis":"y","origin":[16.71006,8.01692,8]},"to":[16.05468,11.74946,9]},{"faces":{"down":{"rotation":90,"texture":"#1","uv":[0,1,1,0]},"east":{"rotation":90,"texture":"#1","uv":[0,1,1,0]},"north":{"rotation":90,"texture":"#1","uv":[0,1,1,0]},"south":{"rotation":90,"texture":"#1","uv":[0,1,1,0]},"up":{"rotation":90,"texture":"#1","uv":[0,1,1,0]},"west":{"rotation":90,"texture":"#1","uv":[0,1,1,0]}},"from":[-0.05468,7.74946,7],"rotation":{"angle":0,"axis":"y","origin":[-0.71006,8.01692,8]},"to":[1.94532,11.74946,9]},{"faces":{"down":{"rotation":90,"texture":"#1","uv":[0,0,1,1]},"east":{"rotation":90,"texture":"#1","uv":[0,0,1,1]},"north":{"rotation":90,"texture":"#1","uv":[0,0,1,1]},"south":{"rotation":90,"texture":"#1","uv":[0,0,1,1]},"up":{"rotation":90,"texture":"#1","uv":[0,0,1,1]},"west":{"rotation":90,"texture":"#1","uv":[0,0,1,1]}},"from":[13.90244,11.9799,7],"rotation":{"angle":22.5,"axis":"z","origin":[16.55781,12.24736,8]},"to":[15.90244,16.9799,9]},{"faces":{"down":{"rotation":90,"texture":"#1","uv":[0,1,1,0]},"east":{"rotation":90,"texture":"#1","uv":[0,1,1,0]},"north":{"rotation":90,"texture":"#1","uv":[0,1,1,0]},"south":{"rotation":90,"texture":"#1","uv":[0,1,1,0]},"up":{"rotation":90,"texture":"#1","uv":[0,1,1,0]},"west":{"rotation":90,"texture":"#1","uv":[0,1,1,0]}},"from":[0.09756,11.9799,7],"rotation":{"angle":-22.5,"axis":"z","origin":[-0.55781,12.24736,8]},"to":[2.09756,16.9799,9]},{"faces":{"down":{"rotation":90,"texture":"#1","uv":[0,0,1,1]},"east":{"rotation":90,"texture":"#1","uv":[0,0,1,1]},"north":{"rotation":90,"texture":"#1","uv":[0,0,1,1]},"south":{"rotation":90,"texture":"#1","uv":[0,0,1,1]},"up":{"rotation":90,"texture":"#1","uv":[0,0,1,1]},"west":{"rotation":90,"texture":"#1","uv":[0,0,1,1]}},"from":[11.76018,16.75394,7],"rotation":{"angle":45,"axis":"z","origin":[14.41556,17.0214,8]},"to":[13.76018,20.75394,9]},{"faces":{"down":{"rotation":90,"texture":"#1","uv":[0,1,1,0]},"east":{"rotation":90,"texture":"#1","uv":[0,1,1,0]},"north":{"rotation":90,"texture":"#1","uv":[0,1,1,0]},"south":{"rotation":90,"texture":"#1","uv":[0,1,1,0]},"up":{"rotation":90,"texture":"#1","uv":[0,1,1,0]},"west":{"rotation":90,"texture":"#1","uv":[0,1,1,0]}},"from":[2.23982,16.75394,7],"rotation":{"angle":-45,"axis":"z","origin":[1.58444,17.0214,8]},"to":[4.23982,20.75394,9]},{"faces":{"down":{"rotation":180,"texture":"#1","uv":[0,0,1,1]},"east":{"rotation":180,"texture":"#1","uv":[0,0,1,1]},"north":{"rotation":180,"texture":"#1","uv":[0,0,1,1]},"south":{"rotation":180,"texture":"#1","uv":[0,0,1,1]},"up":{"rotation":180,"texture":"#1","uv":[0,0,1,1]},"west":{"rotation":180,"texture":"#1","uv":[0,0,1,1]}},"from":[9.584,17.24975,7],"rotation":{"angle":-22.5,"axis":"z","origin":[11.31653,19.90512,8]},"to":[11.584,19.24975,9]},{"faces":{"down":{"rotation":180,"texture":"#1","uv":[1,0,0,1]},"east":{"rotation":180,"texture":"#1","uv":[1,0,0,1]},"north":{"rotation":180,"texture":"#1","uv":[1,0,0,1]},"south":{"rotation":180,"texture":"#1","uv":[1,0,0,1]},"up":{"rotation":180,"texture":"#1","uv":[1,0,0,1]},"west":{"rotation":180,"texture":"#1","uv":[1,0,0,1]}},"from":[4.416,17.24975,7],"rotation":{"angle":22.5,"axis":"z","origin":[4.68347,19.90512,8]},"to":[6.416,19.24975,9]},{"faces":{"down":{"rotation":180,"texture":"#1","uv":[1,0,0,1]},"east":{"rotation":180,"texture":"#1","uv":[1,0,0,1]},"north":{"rotation":180,"texture":"#1","uv":[1,0,0,1]},"south":{"rotation":180,"texture":"#1","uv":[1,0,0,1]},"up":{"rotation":180,"texture":"#1","uv":[1,0,0,1]},"west":{"rotation":180,"texture":"#1","uv":[1,0,0,1]}},"from":[6.53492,17.96265,7],"rotation":{"angle":0,"axis":"y","origin":[6.80239,20.61803,8]},"to":[9.46508,19.96265,9]},{"faces":{"down":{"rotation":90,"texture":"#0","uv":[0,0,1,1]},"east":{"rotation":90,"texture":"#0","uv":[0,0,1,1]},"north":{"rotation":90,"texture":"#0","uv":[0,0,1,1]},"south":{"rotation":90,"texture":"#0","uv":[0,0,1,1]},"up":{"rotation":90,"texture":"#0","uv":[0,0,1,1]},"west":{"rotation":90,"texture":"#0","uv":[0,0,1,1]}},"from":[4.95468,1.74946,6],"rotation":{"angle":0,"axis":"y","origin":[11.71006,0.01692,8]},"to":[11.05468,5.74946,10]},{"faces":{"down":{"rotation":90,"texture":"#0","uv":[0,0,1,1]},"east":{"rotation":90,"texture":"#0","uv":[0,0,1,1]},"north":{"rotation":90,"texture":"#0","uv":[0,0,1,1]},"south":{"rotation":90,"texture":"#0","uv":[0,0,1,1]},"up":{"rotation":90,"texture":"#0","uv":[0,0,1,1]},"west":{"rotation":90,"texture":"#0","uv":[0,0,1,1]}},"from":[4.95468,-2.35054,6],"rotation":{"angle":0,"axis":"y","origin":[11.71006,0.01692,8]},"to":[11.05468,5.74946,7.4]},{"faces":{"down":{"rotation":90,"texture":"#0","uv":[0,0,1,1]},"east":{"rotation":90,"texture":"#0","uv":[0,0,1,1]},"north":{"rotation":90,"texture":"#0","uv":[0,0,1,1]},"south":{"rotation":90,"texture":"#0","uv":[0,0,1,1]},"up":{"rotation":90,"texture":"#0","uv":[0,0,1,1]},"west":{"rotation":90,"texture":"#0","uv":[0,0,1,1]}},"from":[8.34671,2.60065,6],"rotation":{"angle":-22.5,"axis":"z","origin":[15.10209,-0.13189,8]},"to":[9.44671,5.60065,10]},{"faces":{"down":{"rotation":90,"texture":"#0","uv":[0,0,1,1]},"east":{"rotation":90,"texture":"#0","uv":[0,0,1,1]},"north":{"rotation":90,"texture":"#0","uv":[0,0,1,1]},"south":{"rotation":90,"texture":"#0","uv":[0,0,1,1]},"up":{"rotation":90,"texture":"#0","uv":[0,0,1,1]},"west":{"rotation":90,"texture":"#0","uv":[0,0,1,1]}},"from":[8.47849,-4.30676,6],"rotation":{"angle":-22.5,"axis":"z","origin":[15.23387,-7.0393,8]},"to":[9.57849,-1.30676,10]},{"faces":{"down":{"rotation":90,"texture":"#0","uv":[1,0,0,1]},"east":{"rotation":90,"texture":"#0","uv":[1,0,0,1]},"north":{"rotation":90,"texture":"#0","uv":[1,0,0,1]},"south":{"rotation":90,"texture":"#0","uv":[1,0,0,1]},"up":{"rotation":90,"texture":"#0","uv":[1,0,0,1]},"west":{"rotation":90,"texture":"#0","uv":[1,0,0,1]}},"from":[8.34671,1.89935,6],"rotation":{"angle":22.5,"axis":"z","origin":[15.10209,7.63189,8]},"to":[9.44671,4.89935,10]},{"faces":{"down":{"rotation":90,"texture":"#0","uv":[0,1,1,0]},"east":{"rotation":90,"texture":"#0","uv":[0,1,1,0]},"north":{"rotation":90,"texture":"#0","uv":[0,1,1,0]},"south":{"rotation":90,"texture":"#0","uv":[0,1,1,0]},"up":{"rotation":90,"texture":"#0","uv":[0,1,1,0]},"west":{"rotation":90,"texture":"#0","uv":[0,1,1,0]}},"from":[6.55329,2.60065,6],"rotation":{"angle":22.5,"axis":"z","origin":[0.89791,-0.13189,8]},"to":[7.65329,5.60065,10]},{"faces":{"down":{"rotation":90,"texture":"#0","uv":[0,1,1,0]},"east":{"rotation":90,"texture":"#0","uv":[0,1,1,0]},"north":{"rotation":90,"texture":"#0","uv":[0,1,1,0]},"south":{"rotation":90,"texture":"#0","uv":[0,1,1,0]},"up":{"rotation":90,"texture":"#0","uv":[0,1,1,0]},"west":{"rotation":90,"texture":"#0","uv":[0,1,1,0]}},"from":[6.43087,-4.30676,6],"rotation":{"angle":22.5,"axis":"z","origin":[0.77549,-7.0393,8]},"to":[7.53087,-1.30676,10]},{"faces":{"down":{"rotation":90,"texture":"#0","uv":[1,1,0,0]},"east":{"rotation":90,"texture":"#0","uv":[1,1,0,0]},"north":{"rotation":90,"texture":"#0","uv":[1,1,0,0]},"south":{"rotation":90,"texture":"#0","uv":[1,1,0,0]},"up":{"rotation":90,"texture":"#0","uv":[1,1,0,0]},"west":{"rotation":90,"texture":"#0","uv":[1,1,0,0]}},"from":[6.55329,1.89935,6],"rotation":{"angle":-22.5,"axis":"z","origin":[0.89791,7.63189,8]},"to":[7.65329,4.89935,10]},{"faces":{"down":{"rotation":90,"texture":"#0","uv":[0,1,1,0]},"east":{"rotation":90,"texture":"#0","uv":[0,1,1,0]},"north":{"rotation":90,"texture":"#0","uv":[0,1,1,0]},"south":{"rotation":90,"texture":"#0","uv":[0,1,1,0]},"up":{"rotation":90,"texture":"#0","uv":[0,1,1,0]},"west":{"rotation":90,"texture":"#0","uv":[0,1,1,0]}},"from":[-2.05468,-0.25054,6],"rotation":{"angle":0,"axis":"y","origin":[-0.71006,0.01692,8]},"to":[4.94532,7.74946,10]}],"textures":{"0":"block/gray_concrete","1":"block/light_gray_concrete","2":"block/black_concrete","particle":"block/gray_concrete"}}