{"display":{"firstperson_lefthand":{"rotation":[-20,-26,0],"scale":[0.5,0.5,0.5],"translation":[-1.5,3,2.25]},"firstperson_righthand":{"rotation":[-20,-26,0],"scale":[0.5,0.5,0.5],"translation":[-1.5,3,2.25]},"fixed":{"translation":[0,2.25,0]},"ground":{"translation":[0,4.25,0]},"gui":{"rotation":[-20,-144,-24],"scale":[0.8,0.8,0.8],"translation":[-1.25,2,0]},"head":{"rotation":[14,-6,10],"translation":[-1.5,14,1]},"thirdperson_lefthand":{"rotation":[0,-26,0],"scale":[0.5,0.5,0.5],"translation":[-0.25,4,2.25]},"thirdperson_righthand":{"rotation":[0,-26,0],"scale":[0.5,0.5,0.5],"translation":[-0.25,4,2.25]}},"elements":[{"faces":{"down":{"texture":"#0","uv":[0,0,4.52461,1.4]},"north":{"texture":"#0","uv":[0,0,4.52461,5.4]},"south":{"texture":"#0","uv":[0,0,4.52461,5.4]}},"from":[10.63893,-4.25627,3.18308],"rotation":{"angle":-22.5,"axis":"z","origin":[11.93578,5.70806,4.02308]},"to":[13.18846,4.70373,4.86308]},{"faces":{"down":{"texture":"#0","uv":[0,0,5.32461,1.4]},"north":{"texture":"#0","uv":[0,0,5.32461,1.4]},"south":{"texture":"#0","uv":[0,0,5.32461,1.4]},"up":{"texture":"#0","uv":[0,0,5.32461,1.4]}},"from":[8.71893,4.70373,3.18308],"rotation":{"angle":-22.5,"axis":"z","origin":[11.93578,5.70806,4.02308]},"to":[15.10846,6.38373,4.86308]},{"faces":{"east":{"rotation":270,"texture":"#0","uv":[0,0,2.24961,1.4]},"north":{"rotation":270,"texture":"#0","uv":[0,0,2.24961,1.4]},"south":{"rotation":270,"texture":"#0","uv":[0,0,2.24961,1.4]},"west":{"rotation":270,"texture":"#0","uv":[0,0,2.24961,1.4]}},"from":[11.08053,6.38202,3.18308],"rotation":{"angle":-22.5,"axis":"z","origin":[11.93578,5.70806,4.02308]},"to":[12.76053,9.08154,4.86308]},{"faces":{"north":{"texture":"#0","uv":[0,0,1.22461,0.6]},"south":{"texture":"#0","uv":[0,0,1.22461,0.6]}},"from":[14.13288,5.31571,3.21308],"rotation":{"angle":-45,"axis":"z","origin":[11.93578,5.70806,4.02308]},"to":[15.60241,6.03571,4.83308]},{"faces":{"north":{"texture":"#0","uv":[1.22461,0,0,0.6]},"south":{"texture":"#0","uv":[1.22461,0,0,0.6]}},"from":[8.30068,5.30265,3.21308],"rotation":{"angle":0,"axis":"y","origin":[11.93578,5.70806,4.02308]},"to":[9.77021,6.02265,4.83308]},{"faces":{"north":{"rotation":270,"texture":"#0","uv":[1.22461,0,0,0.6]},"south":{"rotation":90,"texture":"#0","uv":[1.22461,0,0,0.6]}},"from":[11.72805,7.96128,3.21308],"rotation":{"angle":0,"axis":"y","origin":[11.93578,5.70806,4.02308]},"to":[12.44805,9.4308,4.83308]},{"faces":{"north":{"texture":"#0","uv":[0,0,1.22461,0.6]},"south":{"texture":"#0","uv":[0,0,1.22461,0.6]}},"from":[13.94178,4.91907,3.21308],"rotation":{"angle":0,"axis":"y","origin":[11.93578,5.70806,4.02308]},"to":[15.41131,5.63907,4.83308]},{"faces":{"north":{"texture":"#0","uv":[1.22461,0,0,0.6]},"south":{"texture":"#0","uv":[1.22461,0,0,0.6]}},"from":[8.49178,4.93213,3.21308],"rotation":{"angle":-45,"axis":"z","origin":[11.93578,5.70806,4.02308]},"to":[9.96131,5.65213,4.83308]},{"faces":{"north":{"rotation":270,"texture":"#0","uv":[1.22461,0,0,0.6]},"south":{"rotation":90,"texture":"#0","uv":[1.22461,0,0,0.6]}},"from":[11.23764,7.8843,3.21308],"rotation":{"angle":-45,"axis":"z","origin":[11.93578,5.70806,4.02308]},"to":[11.95764,9.35382,4.83308]},{"faces":{"down":{"texture":"#0","uv":[3,7,4,8]},"east":{"texture":"#0","uv":[3,7,4,8]},"north":{"texture":"#0","uv":[3,7,4,8]},"south":{"texture":"#0","uv":[3,7,4,8]},"up":{"texture":"#0","uv":[3,7,4,8]},"west":{"texture":"#0","uv":[3,7,4,8]}},"from":[10.17034,-4.52516,3.02948],"rotation":{"angle":-22.5,"axis":"z","origin":[11.93578,5.70806,4.02308]},"to":[10.70025,4.81404,5.01668]},{"faces":{"down":{"texture":"#0","uv":[3,7,4,8]},"east":{"texture":"#0","uv":[3,7,4,8]},"north":{"texture":"#0","uv":[3,7,4,8]},"south":{"texture":"#0","uv":[3,7,4,8]},"up":{"texture":"#0","uv":[3,7,4,8]},"west":{"texture":"#0","uv":[3,7,4,8]}},"from":[13.12714,-4.52516,3.02948],"rotation":{"angle":-22.5,"axis":"z","origin":[11.93578,5.70806,4.02308]},"to":[13.65705,4.81404,5.01668]},{"faces":{"down":{"rotation":90,"texture":"#0","uv":[3,7,4,8]},"north":{"rotation":270,"texture":"#0","uv":[3,7,4,8]},"south":{"rotation":90,"texture":"#0","uv":[3,7,4,8]},"up":{"rotation":90,"texture":"#0","uv":[3,7,4,8]}},"from":[13.86815,5.01088,3.02948],"rotation":{"angle":-45,"axis":"z","origin":[11.93578,5.70806,4.02308]},"to":[16.04735,5.54079,5.01668]},{"faces":{"down":{"rotation":90,"texture":"#0","uv":[3,8,4,7]},"east":{"rotation":90,"texture":"#0","uv":[3,8,4,7]},"north":{"rotation":270,"texture":"#0","uv":[3,8,4,7]},"south":{"rotation":90,"texture":"#0","uv":[3,8,4,7]},"up":{"rotation":90,"texture":"#0","uv":[3,8,4,7]}},"from":[7.78339,5.02778,3.02948],"rotation":{"angle":0,"axis":"y","origin":[11.93578,5.70806,4.02308]},"to":[9.96259,5.55769,5.01668]},{"faces":{"down":{"texture":"#0","uv":[3,7,4,8]},"east":{"texture":"#0","uv":[3,7,4,8]},"north":{"texture":"#0","uv":[3,7,4,8]},"south":{"texture":"#0","uv":[3,7,4,8]},"up":{"texture":"#0","uv":[3,7,4,8]},"west":{"texture":"#0","uv":[3,7,4,8]}},"from":[11.76734,7.69579,3.02948],"rotation":{"angle":-45,"axis":"z","origin":[11.93578,5.70806,4.02308]},"to":[12.29725,9.87499,5.01668]},{"faces":{"down":{"texture":"#0","uv":[3,7,4,8]},"east":{"texture":"#0","uv":[3,7,4,8]},"north":{"texture":"#0","uv":[3,7,4,8]},"south":{"texture":"#0","uv":[3,7,4,8]},"west":{"texture":"#0","uv":[3,7,4,8]}},"from":[12.54239,6.59024,3.02948],"rotation":{"angle":-22.5,"axis":"z","origin":[11.93578,5.70806,4.02308]},"to":[13.07074,7.60894,5.01668]},{"faces":{"east":{"texture":"#0","uv":[4,7,3,8]},"north":{"texture":"#0","uv":[4,7,3,8]},"south":{"texture":"#0","uv":[4,7,3,8]},"up":{"texture":"#0","uv":[4,7,3,8]},"west":{"texture":"#0","uv":[4,7,3,8]}},"from":[10.75664,6.59024,3.02948],"rotation":{"angle":-22.5,"axis":"z","origin":[11.93578,5.70806,4.02308]},"to":[11.28498,7.60894,5.01668]},{"faces":{"east":{"texture":"#0","uv":[3,7,4,8]},"north":{"texture":"#0","uv":[3,7,4,8]},"south":{"texture":"#0","uv":[3,7,4,8]},"west":{"texture":"#0","uv":[3,7,4,8]}},"from":[12.98852,4.95371,3.02948],"rotation":{"angle":22.5,"axis":"z","origin":[11.93578,5.70806,4.02308]},"to":[13.39843,5.90291,5.01668]},{"faces":{"down":{"rotation":90,"texture":"#0","uv":[4,7,3,8]},"north":{"rotation":270,"texture":"#0","uv":[4,7,3,8]},"south":{"rotation":90,"texture":"#0","uv":[4,7,3,8]},"up":{"rotation":90,"texture":"#0","uv":[4,7,3,8]},"west":{"rotation":90,"texture":"#0","uv":[4,7,3,8]}},"from":[11.15019,6.79203,3.02948],"rotation":{"angle":22.5,"axis":"z","origin":[11.93578,5.70806,4.02308]},"to":[12.09939,7.20194,5.01668]},{"faces":{"down":{"rotation":90,"texture":"#0","uv":[4,7,3,8]},"north":{"rotation":270,"texture":"#0","uv":[4,7,3,8]},"south":{"rotation":90,"texture":"#0","uv":[4,7,3,8]},"up":{"rotation":90,"texture":"#0","uv":[4,7,3,8]},"west":{"rotation":90,"texture":"#0","uv":[4,7,3,8]}},"from":[13.19706,5.414,3.02948],"rotation":{"angle":0,"axis":"y","origin":[11.93578,5.70806,4.02308]},"to":[15.85626,5.94391,5.01668]},{"faces":{"down":{"rotation":90,"texture":"#0","uv":[4,8,3,7]},"north":{"rotation":270,"texture":"#0","uv":[4,8,3,7]},"south":{"rotation":90,"texture":"#0","uv":[4,8,3,7]},"up":{"rotation":90,"texture":"#0","uv":[4,8,3,7]}},"from":[7.97448,5.39709,3.02948],"rotation":{"angle":-45,"axis":"z","origin":[11.93578,5.70806,4.02308]},"to":[10.63368,5.927,5.01668]},{"faces":{"down":{"texture":"#0","uv":[4,7,3,8]},"east":{"texture":"#0","uv":[4,7,3,8]},"north":{"texture":"#0","uv":[4,7,3,8]},"south":{"texture":"#0","uv":[4,7,3,8]},"west":{"texture":"#0","uv":[4,7,3,8]}},"from":[11.50171,7.72587,3.02948],"rotation":{"angle":0,"axis":"y","origin":[11.93578,5.70806,4.02308]},"to":[12.03161,9.90507,5.01668]},{"faces":{"down":{"texture":"#0","uv":[3,7,4,8]},"east":{"texture":"#0","uv":[3,7,4,8]},"north":{"texture":"#0","uv":[3,7,4,8]},"south":{"texture":"#0","uv":[3,7,4,8]},"west":{"texture":"#0","uv":[3,7,4,8]}},"from":[14.35012,2.30776,3.02948],"rotation":{"angle":0,"axis":"y","origin":[11.93578,5.70806,4.02308]},"to":[14.88003,3.28696,5.01668]},{"faces":{"down":{"texture":"#0","uv":[4,7,3,8]},"east":{"texture":"#0","uv":[4,7,3,8]},"north":{"texture":"#0","uv":[4,7,3,8]},"south":{"texture":"#0","uv":[4,7,3,8]},"up":{"texture":"#0","uv":[4,7,3,8]},"west":{"texture":"#0","uv":[4,7,3,8]}},"from":[8.95072,2.29086,3.02948],"rotation":{"angle":-45,"axis":"z","origin":[11.93578,5.70806,4.02308]},"to":[9.48063,3.27006,5.01668]},{"faces":{"down":{"rotation":270,"texture":"#0","uv":[3,7,4,8]},"east":{"rotation":270,"texture":"#0","uv":[3,7,4,8]},"north":{"rotation":90,"texture":"#0","uv":[3,7,4,8]},"south":{"rotation":270,"texture":"#0","uv":[3,7,4,8]},"up":{"rotation":270,"texture":"#0","uv":[3,7,4,8]}},"from":[14.15865,8.39894,3.02948],"rotation":{"angle":0,"axis":"y","origin":[11.93578,5.70806,4.02308]},"to":[15.13785,8.92885,5.01668]},{"faces":{"east":{"texture":"#0","uv":[3,8,4,7]},"north":{"texture":"#0","uv":[3,8,4,7]},"south":{"texture":"#0","uv":[3,8,4,7]},"up":{"texture":"#0","uv":[3,8,4,7]},"west":{"texture":"#0","uv":[3,8,4,7]}},"from":[14.54121,7.66782,3.02948],"rotation":{"angle":-45,"axis":"z","origin":[11.93578,5.70806,4.02308]},"to":[15.07112,8.64702,5.01668]},{"faces":{"down":{"texture":"#0","uv":[4,8,3,7]},"east":{"texture":"#0","uv":[4,8,3,7]},"north":{"texture":"#0","uv":[4,8,3,7]},"south":{"texture":"#0","uv":[4,8,3,7]},"up":{"texture":"#0","uv":[4,8,3,7]},"west":{"texture":"#0","uv":[4,8,3,7]}},"from":[8.75963,7.68473,3.02948],"rotation":{"angle":0,"axis":"y","origin":[11.93578,5.70806,4.02308]},"to":[9.28954,8.66393,5.01668]},{"faces":{"down":{"rotation":270,"texture":"#0","uv":[3,8,4,7]},"north":{"rotation":90,"texture":"#0","uv":[3,8,4,7]},"south":{"rotation":270,"texture":"#0","uv":[3,8,4,7]},"up":{"rotation":270,"texture":"#0","uv":[3,8,4,7]},"west":{"rotation":270,"texture":"#0","uv":[3,8,4,7]}},"from":[8.66111,8.36886,3.02948],"rotation":{"angle":-45,"axis":"z","origin":[11.93578,5.70806,4.02308]},"to":[9.64031,8.89877,5.01668]},{"faces":{"down":{"texture":"#0","uv":[3,7,4,8]},"east":{"texture":"#0","uv":[3,7,4,8]},"north":{"texture":"#0","uv":[3,7,4,8]},"south":{"texture":"#0","uv":[3,7,4,8]},"up":{"texture":"#0","uv":[3,7,4,8]},"west":{"texture":"#0","uv":[3,7,4,8]}},"from":[15.09285,4.39519,3.02948],"rotation":{"angle":-22.5,"axis":"z","origin":[11.93578,5.70806,4.02308]},"to":[15.62276,6.52159,5.01668]},{"faces":{"down":{"texture":"#0","uv":[4,7,3,8]},"east":{"texture":"#0","uv":[4,7,3,8]},"north":{"texture":"#0","uv":[4,7,3,8]},"south":{"texture":"#0","uv":[4,7,3,8]},"up":{"texture":"#0","uv":[4,7,3,8]},"west":{"texture":"#0","uv":[4,7,3,8]}},"from":[8.20462,4.39519,3.02948],"rotation":{"angle":-22.5,"axis":"z","origin":[11.93578,5.70806,4.02308]},"to":[8.73453,6.52159,5.01668]},{"faces":{"down":{"rotation":270,"texture":"#0","uv":[3,7,4,8]},"north":{"rotation":90,"texture":"#0","uv":[3,7,4,8]},"south":{"rotation":270,"texture":"#0","uv":[3,7,4,8]},"up":{"rotation":270,"texture":"#0","uv":[3,7,4,8]}},"from":[10.83328,9.04476,3.02948],"rotation":{"angle":-22.5,"axis":"z","origin":[11.93578,5.70806,4.02308]},"to":[12.95969,9.57466,5.01668]},{"faces":{"down":{"texture":"#0","uv":[4,8,3,7]},"east":{"texture":"#0","uv":[4,8,3,7]},"north":{"texture":"#0","uv":[4,8,3,7]},"south":{"texture":"#0","uv":[4,8,3,7]},"west":{"texture":"#0","uv":[4,8,3,7]}},"from":[10.92741,5.3216,3.02948],"rotation":{"angle":0,"axis":"y","origin":[11.93578,5.70806,4.02308]},"to":[11.10135,5.69312,5.01668]},{"faces":{"east":{"rotation":180,"texture":"#0","uv":[4,8,3,7]},"north":{"rotation":180,"texture":"#0","uv":[4,8,3,7]},"south":{"rotation":180,"texture":"#0","uv":[4,8,3,7]},"up":{"rotation":180,"texture":"#0","uv":[4,8,3,7]},"west":{"rotation":180,"texture":"#0","uv":[4,8,3,7]}},"from":[12.62123,5.3216,3.02948],"rotation":{"angle":0,"axis":"y","origin":[11.93578,5.70806,4.02308]},"to":[12.79517,5.69312,5.01668]},{"faces":{"down":{"rotation":90,"texture":"#0","uv":[4,8,3,7]},"north":{"rotation":270,"texture":"#0","uv":[4,8,3,7]},"south":{"rotation":90,"texture":"#0","uv":[4,8,3,7]},"up":{"rotation":90,"texture":"#0","uv":[4,8,3,7]}},"from":[11.67553,6.2673,3.02948],"rotation":{"angle":0,"axis":"y","origin":[11.93578,5.70806,4.02308]},"to":[12.04705,6.44124,5.01668]},{"faces":{"down":{"rotation":270,"texture":"#0","uv":[4,8,3,7]},"east":{"rotation":270,"texture":"#0","uv":[4,8,3,7]},"north":{"rotation":90,"texture":"#0","uv":[4,8,3,7]},"south":{"rotation":270,"texture":"#0","uv":[4,8,3,7]},"up":{"rotation":270,"texture":"#0","uv":[4,8,3,7]},"west":{"rotation":270,"texture":"#0","uv":[4,8,3,7]}},"from":[11.67553,4.57349,3.02948],"rotation":{"angle":0,"axis":"y","origin":[11.93578,5.70806,4.02308]},"to":[12.04705,4.74744,5.01668]},{"faces":{"down":{"texture":"#0","uv":[4,8,3,7]},"east":{"texture":"#0","uv":[4,8,3,7]},"north":{"texture":"#0","uv":[4,8,3,7]},"south":{"texture":"#0","uv":[4,8,3,7]},"west":{"texture":"#0","uv":[4,8,3,7]}},"from":[11.09113,5.32772,3.02948],"rotation":{"angle":-45,"axis":"z","origin":[11.93578,5.70806,4.02308]},"to":[11.26509,5.69924,5.01668]},{"faces":{"east":{"rotation":180,"texture":"#0","uv":[4,8,3,7]},"north":{"rotation":180,"texture":"#0","uv":[4,8,3,7]},"south":{"rotation":180,"texture":"#0","uv":[4,8,3,7]},"west":{"rotation":180,"texture":"#0","uv":[4,8,3,7]}},"from":[12.78495,5.32772,3.02948],"rotation":{"angle":-45,"axis":"z","origin":[11.93578,5.70806,4.02308]},"to":[12.95889,5.69924,5.01668]},{"faces":{"down":{"rotation":90,"texture":"#0","uv":[4,8,3,7]},"north":{"rotation":270,"texture":"#0","uv":[4,8,3,7]},"south":{"rotation":90,"texture":"#0","uv":[4,8,3,7]},"up":{"rotation":90,"texture":"#0","uv":[4,8,3,7]}},"from":[11.83926,6.27341,3.02948],"rotation":{"angle":-45,"axis":"z","origin":[11.93578,5.70806,4.02308]},"to":[12.21078,6.44736,5.01668]},{"faces":{"down":{"rotation":270,"texture":"#0","uv":[4,8,3,7]},"north":{"rotation":90,"texture":"#0","uv":[4,8,3,7]},"south":{"rotation":270,"texture":"#0","uv":[4,8,3,7]},"up":{"rotation":270,"texture":"#0","uv":[4,8,3,7]},"west":{"rotation":270,"texture":"#0","uv":[4,8,3,7]}},"from":[11.83926,4.5796,3.02948],"rotation":{"angle":-45,"axis":"z","origin":[11.93578,5.70806,4.02308]},"to":[12.21078,4.75355,5.01668]},{"faces":{"east":{"texture":"#0","uv":[4,8,3,7]},"north":{"texture":"#0","uv":[4,8,3,7]},"south":{"texture":"#0","uv":[4,8,3,7]},"up":{"texture":"#0","uv":[4,8,3,7]},"west":{"texture":"#0","uv":[4,8,3,7]}},"from":[11.00988,5.30838,3.02948],"rotation":{"angle":-22.5,"axis":"z","origin":[11.93578,5.70806,4.02308]},"to":[11.18382,5.6799,5.01668]},{"faces":{"east":{"rotation":180,"texture":"#0","uv":[4,8,3,7]},"north":{"rotation":180,"texture":"#0","uv":[4,8,3,7]},"south":{"rotation":180,"texture":"#0","uv":[4,8,3,7]},"west":{"rotation":180,"texture":"#0","uv":[4,8,3,7]}},"from":[12.7037,5.30838,3.02948],"rotation":{"angle":-22.5,"axis":"z","origin":[11.93578,5.70806,4.02308]},"to":[12.87764,5.6799,5.01668]},{"faces":{"down":{"rotation":90,"texture":"#0","uv":[4,8,3,7]},"north":{"rotation":270,"texture":"#0","uv":[4,8,3,7]},"south":{"rotation":90,"texture":"#0","uv":[4,8,3,7]},"up":{"rotation":90,"texture":"#0","uv":[4,8,3,7]}},"from":[11.758,6.25407,3.02948],"rotation":{"angle":-22.5,"axis":"z","origin":[11.93578,5.70806,4.02308]},"to":[12.12952,6.42802,5.01668]},{"faces":{"down":{"rotation":270,"texture":"#0","uv":[4,8,3,7]},"east":{"rotation":270,"texture":"#0","uv":[4,8,3,7]},"north":{"rotation":90,"texture":"#0","uv":[4,8,3,7]},"south":{"rotation":270,"texture":"#0","uv":[4,8,3,7]},"up":{"rotation":270,"texture":"#0","uv":[4,8,3,7]}},"from":[11.758,4.56026,3.02948],"rotation":{"angle":-22.5,"axis":"z","origin":[11.93578,5.70806,4.02308]},"to":[12.12952,4.73421,5.01668]},{"faces":{"down":{"rotation":90,"texture":"#0","uv":[4,8,3,7]},"north":{"rotation":270,"texture":"#0","uv":[4,8,3,7]},"south":{"rotation":90,"texture":"#0","uv":[4,8,3,7]},"up":{"rotation":90,"texture":"#0","uv":[4,8,3,7]}},"from":[11.24742,5.8741,3.02948],"rotation":{"angle":-22.5,"axis":"z","origin":[11.93578,5.70806,4.02308]},"to":[11.43318,5.96108,5.01668]},{"faces":{"down":{"rotation":180,"texture":"#0","uv":[4,8,3,7]},"east":{"rotation":180,"texture":"#0","uv":[4,8,3,7]},"north":{"rotation":180,"texture":"#0","uv":[4,8,3,7]},"south":{"rotation":180,"texture":"#0","uv":[4,8,3,7]},"west":{"rotation":180,"texture":"#0","uv":[4,8,3,7]}},"from":[12.33281,6.01381,3.02948],"rotation":{"angle":-22.5,"axis":"z","origin":[11.93578,5.70806,4.02308]},"to":[12.41979,6.19957,5.01668]},{"faces":{"down":{"rotation":90,"texture":"#0","uv":[4,8,3,7]},"north":{"rotation":270,"texture":"#0","uv":[4,8,3,7]},"south":{"rotation":90,"texture":"#0","uv":[4,8,3,7]},"up":{"rotation":90,"texture":"#0","uv":[4,8,3,7]}},"from":[11.37461,5.66251,3.02948],"rotation":{"angle":-45,"axis":"z","origin":[11.93578,5.70806,4.02308]},"to":[11.56037,5.74949,5.01668]},{"faces":{"east":{"rotation":180,"texture":"#0","uv":[4,8,3,7]},"north":{"rotation":180,"texture":"#0","uv":[4,8,3,7]},"south":{"rotation":180,"texture":"#0","uv":[4,8,3,7]},"west":{"rotation":180,"texture":"#0","uv":[4,8,3,7]}},"from":[12.17897,5.98999,3.02948],"rotation":{"angle":-45,"axis":"z","origin":[11.93578,5.70806,4.02308]},"to":[12.26594,6.17575,5.01668]},{"faces":{"north":{"rotation":180,"texture":"#0","uv":[4,8,3,7]},"south":{"rotation":180,"texture":"#0","uv":[4,8,3,7]},"west":{"rotation":180,"texture":"#0","uv":[4,8,3,7]}},"from":[11.74341,5.88498,3.02948],"rotation":{"angle":22.5,"axis":"z","origin":[11.93578,5.70806,4.02308]},"to":[11.83039,6.07074,5.01668]},{"faces":{"north":{"rotation":90,"texture":"#0","uv":[4,8,3,7]},"south":{"rotation":270,"texture":"#0","uv":[4,8,3,7]},"up":{"rotation":270,"texture":"#0","uv":[4,8,3,7]}},"from":[12.13684,5.51092,3.02948],"rotation":{"angle":22.5,"axis":"z","origin":[11.93578,5.70806,4.02308]},"to":[12.3226,5.5979,5.01668]},{"faces":{"down":{"rotation":180,"texture":"#0","uv":[4,8,3,7]},"east":{"rotation":180,"texture":"#0","uv":[4,8,3,7]},"north":{"rotation":180,"texture":"#0","uv":[4,8,3,7]},"south":{"rotation":180,"texture":"#0","uv":[4,8,3,7]},"west":{"rotation":180,"texture":"#0","uv":[4,8,3,7]}},"from":[11.68373,5.64543,3.02948],"rotation":{"angle":0,"axis":"y","origin":[11.93578,5.70806,4.02308]},"to":[11.7707,5.83119,5.01668]},{"faces":{"down":{"rotation":270,"texture":"#0","uv":[4,8,3,7]},"north":{"rotation":90,"texture":"#0","uv":[4,8,3,7]},"south":{"rotation":270,"texture":"#0","uv":[4,8,3,7]},"up":{"rotation":270,"texture":"#0","uv":[4,8,3,7]}},"from":[12.01121,5.60288,3.02948],"rotation":{"angle":0,"axis":"y","origin":[11.93578,5.70806,4.02308]},"to":[12.19697,5.68984,5.01668]},{"faces":{"east":{"rotation":180,"texture":"#0","uv":[4,8,3,7]},"north":{"rotation":180,"texture":"#0","uv":[4,8,3,7]},"south":{"rotation":180,"texture":"#0","uv":[4,8,3,7]},"up":{"rotation":180,"texture":"#0","uv":[4,8,3,7]},"west":{"rotation":180,"texture":"#0","uv":[4,8,3,7]}},"from":[11.72027,5.40126,3.02948],"rotation":{"angle":-22.5,"axis":"z","origin":[11.93578,5.70806,4.02308]},"to":[11.80724,5.58702,5.01668]},{"faces":{"down":{"rotation":270,"texture":"#0","uv":[4,8,3,7]},"north":{"rotation":90,"texture":"#0","uv":[4,8,3,7]},"south":{"rotation":270,"texture":"#0","uv":[4,8,3,7]},"up":{"rotation":270,"texture":"#0","uv":[4,8,3,7]}},"from":[11.85996,5.63974,3.02948],"rotation":{"angle":-22.5,"axis":"z","origin":[11.93578,5.70806,4.02308]},"to":[12.04572,5.72672,5.01668]},{"faces":{"east":{"rotation":180,"texture":"#0","uv":[4,8,3,7]},"north":{"rotation":180,"texture":"#0","uv":[4,8,3,7]},"south":{"rotation":180,"texture":"#0","uv":[4,8,3,7]},"west":{"rotation":180,"texture":"#0","uv":[4,8,3,7]}},"from":[11.84746,5.18966,3.02948],"rotation":{"angle":-45,"axis":"z","origin":[11.93578,5.70806,4.02308]},"to":[11.93444,5.37542,5.01668]},{"faces":{"down":{"rotation":270,"texture":"#0","uv":[4,8,3,7]},"north":{"rotation":90,"texture":"#0","uv":[4,8,3,7]},"south":{"rotation":270,"texture":"#0","uv":[4,8,3,7]},"up":{"rotation":270,"texture":"#0","uv":[4,8,3,7]}},"from":[11.70612,5.61594,3.02948],"rotation":{"angle":-45,"axis":"z","origin":[11.93578,5.70806,4.02308]},"to":[11.89188,5.7029,5.01668]},{"faces":{"north":{"rotation":90,"texture":"#0","uv":[4,8,3,7]},"south":{"rotation":270,"texture":"#0","uv":[4,8,3,7]},"up":{"rotation":270,"texture":"#0","uv":[4,8,3,7]}},"from":[11.27056,5.51093,3.02948],"rotation":{"angle":22.5,"axis":"z","origin":[11.93578,5.70806,4.02308]},"to":[11.45632,5.5979,5.01668]},{"faces":{"east":{"texture":"#0","uv":[4,8,3,7]},"north":{"texture":"#0","uv":[4,8,3,7]},"south":{"texture":"#0","uv":[4,8,3,7]}},"from":[11.76277,5.88499,3.02948],"rotation":{"angle":22.5,"axis":"z","origin":[11.93578,5.70806,4.02308]},"to":[11.84975,6.07075,5.01668]},{"faces":{"down":{"rotation":270,"texture":"#0","uv":[4,8,3,7]},"north":{"rotation":90,"texture":"#0","uv":[4,8,3,7]},"south":{"rotation":270,"texture":"#0","uv":[4,8,3,7]},"up":{"rotation":270,"texture":"#0","uv":[4,8,3,7]}},"from":[11.21088,5.27136,3.02948],"rotation":{"angle":0,"axis":"y","origin":[11.93578,5.70806,4.02308]},"to":[11.39664,5.35834,5.01668]},{"faces":{"east":{"texture":"#0","uv":[4,8,3,7]},"north":{"texture":"#0","uv":[4,8,3,7]},"south":{"texture":"#0","uv":[4,8,3,7]},"west":{"texture":"#0","uv":[4,8,3,7]}},"from":[11.63715,5.97693,3.02948],"rotation":{"angle":0,"axis":"y","origin":[11.93578,5.70806,4.02308]},"to":[11.72412,6.16269,5.01668]},{"faces":{"down":{"rotation":270,"texture":"#0","uv":[4,8,3,7]},"north":{"rotation":90,"texture":"#0","uv":[4,8,3,7]},"south":{"rotation":270,"texture":"#0","uv":[4,8,3,7]},"up":{"rotation":270,"texture":"#0","uv":[4,8,3,7]}},"from":[11.24742,5.0272,3.02948],"rotation":{"angle":-22.5,"axis":"z","origin":[11.93578,5.70806,4.02308]},"to":[11.43318,5.11418,5.01668]},{"faces":{"down":{"texture":"#0","uv":[4,8,3,7]},"east":{"texture":"#0","uv":[4,8,3,7]},"north":{"texture":"#0","uv":[4,8,3,7]},"south":{"texture":"#0","uv":[4,8,3,7]},"west":{"texture":"#0","uv":[4,8,3,7]}},"from":[11.4859,6.01381,3.02948],"rotation":{"angle":-22.5,"axis":"z","origin":[11.93578,5.70806,4.02308]},"to":[11.57288,6.19957,5.01668]},{"faces":{"down":{"rotation":90,"texture":"#0","uv":[4,7,3,8]},"north":{"rotation":270,"texture":"#0","uv":[4,7,3,8]},"south":{"rotation":90,"texture":"#0","uv":[4,7,3,8]},"up":{"rotation":90,"texture":"#0","uv":[4,7,3,8]}},"from":[12.4725,5.8741,3.02948],"rotation":{"angle":-22.5,"axis":"z","origin":[11.93578,5.70806,4.02308]},"to":[12.65826,5.96108,5.01668]},{"faces":{"east":{"rotation":180,"texture":"#0","uv":[4,7,3,8]},"north":{"rotation":180,"texture":"#0","uv":[4,7,3,8]},"south":{"rotation":180,"texture":"#0","uv":[4,7,3,8]},"up":{"rotation":180,"texture":"#0","uv":[4,7,3,8]},"west":{"rotation":180,"texture":"#0","uv":[4,7,3,8]}},"from":[12.33281,4.78872,3.02948],"rotation":{"angle":-22.5,"axis":"z","origin":[11.93578,5.70806,4.02308]},"to":[12.41979,4.97448,5.01668]},{"faces":{"down":{"rotation":90,"texture":"#0","uv":[4,7,3,8]},"north":{"rotation":270,"texture":"#0","uv":[4,7,3,8]},"south":{"rotation":90,"texture":"#0","uv":[4,7,3,8]},"up":{"rotation":90,"texture":"#0","uv":[4,7,3,8]}},"from":[12.34272,5.64945,3.02948],"rotation":{"angle":0,"axis":"y","origin":[11.93578,5.70806,4.02308]},"to":[12.52848,5.73642,5.01668]},{"faces":{"east":{"rotation":180,"texture":"#0","uv":[4,7,3,8]},"north":{"rotation":180,"texture":"#0","uv":[4,7,3,8]},"south":{"rotation":180,"texture":"#0","uv":[4,7,3,8]},"west":{"rotation":180,"texture":"#0","uv":[4,7,3,8]}},"from":[12.01524,4.8451,3.02948],"rotation":{"angle":0,"axis":"y","origin":[11.93578,5.70806,4.02308]},"to":[12.1022,5.03086,5.01668]},{"faces":{"down":{"rotation":90,"texture":"#0","uv":[4,7,3,8]},"north":{"rotation":270,"texture":"#0","uv":[4,7,3,8]},"south":{"rotation":90,"texture":"#0","uv":[4,7,3,8]}},"from":[12.13683,5.49156,3.02948],"rotation":{"angle":22.5,"axis":"z","origin":[11.93578,5.70806,4.02308]},"to":[12.32259,5.57854,5.01668]},{"faces":{"north":{"rotation":180,"texture":"#0","uv":[4,7,3,8]},"south":{"rotation":180,"texture":"#0","uv":[4,7,3,8]},"west":{"rotation":180,"texture":"#0","uv":[4,7,3,8]}},"from":[11.74342,5.01871,3.02948],"rotation":{"angle":22.5,"axis":"z","origin":[11.93578,5.70806,4.02308]},"to":[11.83039,5.20447,5.01668]},{"faces":{"down":{"rotation":180,"texture":"#0","uv":[3,8,4,7]},"east":{"rotation":180,"texture":"#0","uv":[3,8,4,7]},"north":{"rotation":180,"texture":"#0","uv":[3,8,4,7]},"south":{"rotation":180,"texture":"#0","uv":[3,8,4,7]},"west":{"rotation":180,"texture":"#0","uv":[3,8,4,7]}},"from":[12.13239,5.65849,3.02948],"rotation":{"angle":-45,"axis":"z","origin":[11.93578,5.70806,4.02308]},"to":[12.21936,5.84425,5.01668]},{"faces":{"down":{"rotation":270,"texture":"#0","uv":[3,8,4,7]},"north":{"rotation":90,"texture":"#0","uv":[3,8,4,7]},"south":{"rotation":270,"texture":"#0","uv":[3,8,4,7]},"up":{"rotation":270,"texture":"#0","uv":[3,8,4,7]}},"from":[12.17494,5.33101,3.02948],"rotation":{"angle":-45,"axis":"z","origin":[11.93578,5.70806,4.02308]},"to":[12.3607,5.41797,5.01668]},{"faces":{"east":{"rotation":180,"texture":"#0","uv":[3,8,4,7]},"north":{"rotation":180,"texture":"#0","uv":[3,8,4,7]},"south":{"rotation":180,"texture":"#0","uv":[3,8,4,7]},"up":{"rotation":180,"texture":"#0","uv":[3,8,4,7]},"west":{"rotation":180,"texture":"#0","uv":[3,8,4,7]}},"from":[12.09845,5.40126,3.02948],"rotation":{"angle":-22.5,"axis":"z","origin":[11.93578,5.70806,4.02308]},"to":[12.18542,5.58702,5.01668]},{"faces":{"down":{"rotation":270,"texture":"#0","uv":[3,8,4,7]},"north":{"rotation":90,"texture":"#0","uv":[3,8,4,7]},"south":{"rotation":270,"texture":"#0","uv":[3,8,4,7]},"up":{"rotation":270,"texture":"#0","uv":[3,8,4,7]}},"from":[11.85996,5.26156,3.02948],"rotation":{"angle":-22.5,"axis":"z","origin":[11.93578,5.70806,4.02308]},"to":[12.04572,5.34854,5.01668]},{"faces":{"east":{"rotation":180,"texture":"#0","uv":[3,8,4,7]},"north":{"rotation":180,"texture":"#0","uv":[3,8,4,7]},"south":{"rotation":180,"texture":"#0","uv":[3,8,4,7]},"west":{"rotation":180,"texture":"#0","uv":[3,8,4,7]}},"from":[11.96865,5.1766,3.02948],"rotation":{"angle":0,"axis":"y","origin":[11.93578,5.70806,4.02308]},"to":[12.05563,5.36236,5.01668]},{"faces":{"down":{"rotation":270,"texture":"#0","uv":[3,8,4,7]},"north":{"rotation":90,"texture":"#0","uv":[3,8,4,7]},"south":{"rotation":270,"texture":"#0","uv":[3,8,4,7]},"up":{"rotation":270,"texture":"#0","uv":[3,8,4,7]}},"from":[11.54239,5.31795,3.02948],"rotation":{"angle":0,"axis":"y","origin":[11.93578,5.70806,4.02308]},"to":[11.72815,5.40491,5.01668]},{"faces":{"east":{"texture":"#0","uv":[4,7,3,8]},"north":{"texture":"#0","uv":[4,7,3,8]},"south":{"texture":"#0","uv":[4,7,3,8]}},"from":[11.76278,5.01871,3.02948],"rotation":{"angle":22.5,"axis":"z","origin":[11.93578,5.70806,4.02308]},"to":[11.84975,5.20447,5.01668]},{"faces":{"down":{"rotation":90,"texture":"#0","uv":[4,7,3,8]},"north":{"rotation":270,"texture":"#0","uv":[4,7,3,8]},"south":{"rotation":90,"texture":"#0","uv":[4,7,3,8]}},"from":[11.27057,5.49155,3.02948],"rotation":{"angle":22.5,"axis":"z","origin":[11.93578,5.70806,4.02308]},"to":[11.45633,5.57853,5.01668]},{"faces":{"down":{"rotation":270,"texture":"#0","uv":[4,7,3,8]},"north":{"rotation":90,"texture":"#0","uv":[4,7,3,8]},"south":{"rotation":270,"texture":"#0","uv":[4,7,3,8]},"up":{"rotation":270,"texture":"#0","uv":[4,7,3,8]}},"from":[12.50645,5.28443,3.02948],"rotation":{"angle":-45,"axis":"z","origin":[11.93578,5.70806,4.02308]},"to":[12.69221,5.3714,5.01668]},{"faces":{"east":{"texture":"#0","uv":[4,7,3,8]},"north":{"texture":"#0","uv":[4,7,3,8]},"south":{"texture":"#0","uv":[4,7,3,8]},"west":{"texture":"#0","uv":[4,7,3,8]}},"from":[11.80089,4.85816,3.02948],"rotation":{"angle":-45,"axis":"z","origin":[11.93578,5.70806,4.02308]},"to":[11.88785,5.04392,5.01668]},{"faces":{"down":{"rotation":270,"texture":"#0","uv":[4,7,3,8]},"north":{"rotation":90,"texture":"#0","uv":[4,7,3,8]},"south":{"rotation":270,"texture":"#0","uv":[4,7,3,8]},"up":{"rotation":270,"texture":"#0","uv":[4,7,3,8]}},"from":[12.4725,5.0272,3.02948],"rotation":{"angle":-22.5,"axis":"z","origin":[11.93578,5.70806,4.02308]},"to":[12.65826,5.11418,5.01668]},{"faces":{"east":{"texture":"#0","uv":[4,7,3,8]},"north":{"texture":"#0","uv":[4,7,3,8]},"south":{"texture":"#0","uv":[4,7,3,8]},"up":{"texture":"#0","uv":[4,7,3,8]},"west":{"texture":"#0","uv":[4,7,3,8]}},"from":[11.4859,4.78872,3.02948],"rotation":{"angle":-22.5,"axis":"z","origin":[11.93578,5.70806,4.02308]},"to":[11.57288,4.97448,5.01668]},{"faces":{"down":{"rotation":90,"texture":"#0","uv":[4,8,3,7]},"east":{"rotation":90,"texture":"#0","uv":[4,8,3,7]},"north":{"rotation":270,"texture":"#0","uv":[4,8,3,7]},"south":{"rotation":90,"texture":"#0","uv":[4,8,3,7]},"up":{"rotation":90,"texture":"#0","uv":[4,8,3,7]}},"from":[11.6044,6.31108,3.02948],"rotation":{"angle":22.5,"axis":"z","origin":[11.93578,5.70806,4.02308]},"to":[11.97592,6.48504,5.01668]},{"faces":{"down":{"rotation":270,"texture":"#0","uv":[4,8,3,7]},"east":{"rotation":270,"texture":"#0","uv":[4,8,3,7]},"north":{"rotation":90,"texture":"#0","uv":[4,8,3,7]},"south":{"rotation":270,"texture":"#0","uv":[4,8,3,7]},"up":{"rotation":270,"texture":"#0","uv":[4,8,3,7]},"west":{"rotation":270,"texture":"#0","uv":[4,8,3,7]}},"from":[11.6044,4.61727,3.02948],"rotation":{"angle":22.5,"axis":"z","origin":[11.93578,5.70806,4.02308]},"to":[11.97592,4.79122,5.01668]},{"faces":{"down":{"rotation":180,"texture":"#0","uv":[4,8,3,7]},"east":{"rotation":180,"texture":"#0","uv":[4,8,3,7]},"north":{"rotation":180,"texture":"#0","uv":[4,8,3,7]},"south":{"rotation":180,"texture":"#0","uv":[4,8,3,7]},"west":{"rotation":180,"texture":"#0","uv":[4,8,3,7]}},"from":[12.55009,5.36539,3.02948],"rotation":{"angle":22.5,"axis":"z","origin":[11.93578,5.70806,4.02308]},"to":[12.72403,5.73691,5.01668]},{"faces":{"east":{"texture":"#0","uv":[4,8,3,7]},"north":{"texture":"#0","uv":[4,8,3,7]},"south":{"texture":"#0","uv":[4,8,3,7]},"west":{"texture":"#0","uv":[4,8,3,7]}},"from":[10.85629,5.36538,3.02948],"rotation":{"angle":22.5,"axis":"z","origin":[11.93578,5.70806,4.02308]},"to":[11.03023,5.7369,5.01668]},{"faces":{"down":{"texture":"#0","uv":[0,0,4.52461,1.4]},"north":{"texture":"#0","uv":[0,0,4.52461,5.4]},"south":{"texture":"#0","uv":[0,0,4.52461,5.4]},"up":{"texture":"#0","uv":[0,0,4.52461,1.4]}},"from":[3.38177,-1.22782,6.6336],"rotation":{"angle":0,"axis":"y","origin":[17.38177,14.77218,12.6336]},"to":[12.43099,9.57218,9.4336]},{"faces":{"down":{"texture":"#0","uv":[3,7,4,8]},"east":{"texture":"#0","uv":[3,7,4,8]},"north":{"texture":"#0","uv":[3,7,4,8]},"south":{"texture":"#0","uv":[3,7,4,8]},"west":{"texture":"#0","uv":[3,7,4,8]}},"from":[3.20079,-1.67597,6.3776],"rotation":{"angle":0,"axis":"y","origin":[17.76079,14.96403,12.8176]},"to":[4.08397,9.55603,9.6896]},{"faces":{"down":{"texture":"#0","uv":[3,7,4,8]},"east":{"texture":"#0","uv":[3,7,4,8]},"north":{"texture":"#0","uv":[3,7,4,8]},"south":{"texture":"#0","uv":[3,7,4,8]},"west":{"texture":"#0","uv":[3,7,4,8]}},"from":[11.72879,-1.67597,6.3776],"rotation":{"angle":0,"axis":"y","origin":[17.76079,14.96403,12.8176]},"to":[12.61197,9.55603,9.6896]},{"faces":{"down":{"texture":"#0","uv":[3,7,4,8]},"east":{"texture":"#0","uv":[3,7,4,8]},"north":{"texture":"#0","uv":[3,7,4,8]},"south":{"texture":"#0","uv":[3,7,4,8]},"up":{"texture":"#0","uv":[3,7,4,8]},"west":{"texture":"#0","uv":[3,7,4,8]}},"from":[10.22879,0.92403,6.3776],"rotation":{"angle":0,"axis":"y","origin":[15.86079,13.56403,12.8176]},"to":[10.71197,5.75603,9.6896]},{"faces":{"down":{"texture":"#0","uv":[4,7,3,8]},"east":{"texture":"#0","uv":[4,7,3,8]},"north":{"texture":"#0","uv":[4,7,3,8]},"south":{"texture":"#0","uv":[4,7,3,8]},"up":{"texture":"#0","uv":[4,7,3,8]},"west":{"texture":"#0","uv":[4,7,3,8]}},"from":[5.15158,0.92403,6.3776],"rotation":{"angle":0,"axis":"y","origin":[0.00276,13.56403,12.8176]},"to":[5.63476,5.75603,9.6896]},{"faces":{"down":{"rotation":270,"texture":"#0","uv":[4,7,3,8]},"east":{"rotation":270,"texture":"#0","uv":[4,7,3,8]},"north":{"rotation":90,"texture":"#0","uv":[4,7,3,8]},"south":{"rotation":270,"texture":"#0","uv":[4,7,3,8]},"up":{"rotation":270,"texture":"#0","uv":[4,7,3,8]},"west":{"rotation":270,"texture":"#0","uv":[4,7,3,8]}},"from":[6.61076,6.91285,6.3776],"rotation":{"angle":0,"axis":"y","origin":[-1.39724,1.76403,12.8176]},"to":[9.24276,7.39603,9.6896]},{"faces":{"north":{"texture":"#1","uv":[2,4.5,4,8]}},"from":[6.61076,8.31285,6.5776],"rotation":{"angle":0,"axis":"y","origin":[-1.39724,5.16403,13.0176]},"to":[9.24276,10.79603,7.8896]},{"faces":{"down":{"rotation":270,"texture":"#0","uv":[4,7,3,8]},"east":{"rotation":270,"texture":"#0","uv":[4,7,3,8]},"north":{"rotation":90,"texture":"#0","uv":[4,7,3,8]},"south":{"rotation":270,"texture":"#0","uv":[4,7,3,8]},"up":{"rotation":270,"texture":"#0","uv":[4,7,3,8]},"west":{"rotation":270,"texture":"#0","uv":[4,7,3,8]}},"from":[6.61076,-0.68715,6.3776],"rotation":{"angle":0,"axis":"y","origin":[-1.39724,-5.83597,12.8176]},"to":[9.24276,-0.20397,9.6896]},{"faces":{"down":{"texture":"#0","uv":[3,7,4,8]},"east":{"texture":"#0","uv":[3,7,4,8]},"north":{"texture":"#0","uv":[3,7,4,8]},"south":{"texture":"#0","uv":[3,7,4,8]},"up":{"texture":"#0","uv":[3,7,4,8]},"west":{"texture":"#0","uv":[3,7,4,8]}},"from":[0.42879,6.72403,6.3776],"rotation":{"angle":45,"axis":"z","origin":[6.06079,18.36403,12.8176]},"to":[0.91197,7.75603,9.6896]},{"faces":{"down":{"texture":"#0","uv":[4,7,3,8]},"east":{"texture":"#0","uv":[4,7,3,8]},"north":{"texture":"#0","uv":[4,7,3,8]},"south":{"texture":"#0","uv":[4,7,3,8]},"up":{"texture":"#0","uv":[4,7,3,8]},"west":{"texture":"#0","uv":[4,7,3,8]}},"from":[14.95158,6.72403,6.3776],"rotation":{"angle":-45,"axis":"z","origin":[9.80276,18.36403,12.8176]},"to":[15.43476,7.75603,9.6896]},{"faces":{"down":{"texture":"#0","uv":[3,8,4,7]},"east":{"texture":"#0","uv":[3,8,4,7]},"north":{"texture":"#0","uv":[3,8,4,7]},"south":{"texture":"#0","uv":[3,8,4,7]},"up":{"texture":"#0","uv":[3,8,4,7]},"west":{"texture":"#0","uv":[3,8,4,7]}},"from":[0.42879,-1.01166,6.3776],"rotation":{"angle":-45,"axis":"z","origin":[6.06079,-11.61966,12.8176]},"to":[0.91197,0.02034,9.6896]},{"faces":{"down":{"texture":"#0","uv":[4,8,3,7]},"east":{"texture":"#0","uv":[4,8,3,7]},"north":{"texture":"#0","uv":[4,8,3,7]},"south":{"texture":"#0","uv":[4,8,3,7]},"up":{"texture":"#0","uv":[4,8,3,7]},"west":{"texture":"#0","uv":[4,8,3,7]}},"from":[14.95158,-1.01166,6.3776],"rotation":{"angle":45,"axis":"z","origin":[9.80276,-11.61966,12.8176]},"to":[15.43476,0.02034,9.6896]},{"faces":{"north":{"texture":"#0","uv":[4,8,3,7]},"south":{"texture":"#0","uv":[4,8,3,7]}},"from":[14.95158,8.18834,6.3776],"rotation":{"angle":45,"axis":"z","origin":[9.80276,-2.41966,12.8176]},"to":[15.43476,9.22034,9.6896]},{"faces":{"north":{"texture":"#0","uv":[3,8,4,7]},"south":{"texture":"#0","uv":[3,8,4,7]}},"from":[0.52879,8.18834,6.3776],"rotation":{"angle":-45,"axis":"z","origin":[6.16079,-2.41966,12.8176]},"to":[1.01197,9.22034,9.6896]},{"faces":{"east":{"texture":"#0","uv":[4,8,3,7]},"north":{"texture":"#0","uv":[4,8,3,7]},"south":{"texture":"#0","uv":[4,8,3,7]}},"from":[5.56239,8.67327,6.3776],"rotation":{"angle":22.5,"axis":"z","origin":[5.89352,9.6394,8.0336]},"to":[6.04557,9.70527,9.6896]},{"faces":{"north":{"texture":"#0","uv":[3,8,4,7]},"south":{"texture":"#0","uv":[3,8,4,7]},"west":{"texture":"#0","uv":[3,8,4,7]}},"from":[9.91798,8.67327,6.3776],"rotation":{"angle":-22.5,"axis":"z","origin":[10.07003,9.6394,8.0336]},"to":[10.40116,9.70527,9.6896]},{"faces":{"down":{"rotation":270,"texture":"#0","uv":[4,8,3,7]},"east":{"rotation":270,"texture":"#0","uv":[4,8,3,7]},"north":{"rotation":90,"texture":"#0","uv":[4,8,3,7]},"south":{"rotation":270,"texture":"#0","uv":[4,8,3,7]},"up":{"rotation":270,"texture":"#0","uv":[4,8,3,7]}},"from":[5.42765,8.70827,6.3776],"rotation":{"angle":-22.5,"axis":"z","origin":[5.49352,9.0394,8.0336]},"to":[6.45965,9.19145,9.6896]},{"faces":{"down":{"rotation":270,"texture":"#0","uv":[4,7,3,8]},"north":{"rotation":90,"texture":"#0","uv":[4,7,3,8]},"south":{"rotation":270,"texture":"#0","uv":[4,7,3,8]},"up":{"rotation":270,"texture":"#0","uv":[4,7,3,8]},"west":{"rotation":270,"texture":"#0","uv":[4,7,3,8]}},"from":[9.5039,8.70827,6.3776],"rotation":{"angle":22.5,"axis":"z","origin":[10.47003,9.0394,8.0336]},"to":[10.5359,9.19145,9.6896]},{"faces":{"east":{"texture":"#0","uv":[4,8,3,7]},"north":{"texture":"#0","uv":[4,8,3,7]},"south":{"texture":"#0","uv":[4,8,3,7]},"up":{"texture":"#0","uv":[4,8,3,7]},"west":{"texture":"#0","uv":[4,8,3,7]}},"from":[4.99695,9.50501,6.3776],"rotation":{"angle":22.5,"axis":"z","origin":[5.23854,10.02101,8.0336]},"to":[5.48013,10.53701,9.6896]},{"faces":{"east":{"texture":"#0","uv":[3,8,4,7]},"north":{"texture":"#0","uv":[3,8,4,7]},"south":{"texture":"#0","uv":[3,8,4,7]},"up":{"texture":"#0","uv":[3,8,4,7]},"west":{"texture":"#0","uv":[3,8,4,7]}},"from":[10.48342,9.50501,6.3776],"rotation":{"angle":-22.5,"axis":"z","origin":[10.72501,10.02101,8.0336]},"to":[10.9666,10.53701,9.6896]},{"faces":{"east":{"texture":"#0","uv":[4,8,3,7]},"north":{"texture":"#0","uv":[4,8,3,7]},"south":{"texture":"#0","uv":[4,8,3,7]},"up":{"texture":"#0","uv":[4,8,3,7]},"west":{"texture":"#0","uv":[4,8,3,7]}},"from":[5.56239,9.57354,6.3776],"rotation":{"angle":0,"axis":"y","origin":[5.89352,9.6394,8.0336]},"to":[6.04557,10.60554,9.6896]},{"faces":{"east":{"texture":"#0","uv":[3,8,4,7]},"north":{"texture":"#0","uv":[3,8,4,7]},"south":{"texture":"#0","uv":[3,8,4,7]},"up":{"texture":"#0","uv":[3,8,4,7]},"west":{"texture":"#0","uv":[3,8,4,7]}},"from":[9.91798,9.57354,6.3776],"rotation":{"angle":0,"axis":"y","origin":[10.07003,9.6394,8.0336]},"to":[10.40116,10.60554,9.6896]},{"faces":{"east":{"texture":"#0","uv":[4,8,3,7]},"north":{"texture":"#0","uv":[4,8,3,7]},"south":{"texture":"#0","uv":[4,8,3,7]},"up":{"texture":"#0","uv":[4,8,3,7]},"west":{"texture":"#0","uv":[4,8,3,7]}},"from":[5.16239,8.97354,6.3776],"rotation":{"angle":45,"axis":"z","origin":[5.49352,9.0394,8.0336]},"to":[5.64557,10.00554,9.6896]},{"faces":{"east":{"texture":"#0","uv":[3,8,4,7]},"north":{"texture":"#0","uv":[3,8,4,7]},"south":{"texture":"#0","uv":[3,8,4,7]},"up":{"texture":"#0","uv":[3,8,4,7]},"west":{"texture":"#0","uv":[3,8,4,7]}},"from":[10.31798,8.97354,6.3776],"rotation":{"angle":-45,"axis":"z","origin":[10.47003,9.0394,8.0336]},"to":[10.80116,10.00554,9.6896]},{"faces":{"north":{"texture":"#0","uv":[0,0,1.4,0.9]},"south":{"texture":"#0","uv":[0,0,1.4,0.9]}},"from":[5.11334,7.47733,6.6836],"rotation":{"angle":-22.5,"axis":"z","origin":[9.51334,12.87733,8.0336]},"to":[7.91334,9.27733,9.3836]},{"faces":{"east":{"texture":"#0","uv":[3,7,4,8]},"north":{"texture":"#0","uv":[3,7,4,8]},"south":{"texture":"#0","uv":[3,7,4,8]},"west":{"texture":"#0","uv":[3,7,4,8]}},"from":[5.00161,7.37737,6.3776],"rotation":{"angle":-22.5,"axis":"z","origin":[9.57761,12.99337,8.0336]},"to":[5.83361,9.24937,9.6896]},{"faces":{"north":{"rotation":270,"texture":"#0","uv":[0,0,1.4,0.9]},"south":{"rotation":270,"texture":"#0","uv":[0,0,1.4,0.9]}},"from":[7.78753,9.61564,6.6836],"rotation":{"angle":-22.5,"axis":"z","origin":[10.26051,10.24517,8.0336]},"to":[9.58753,12.41564,9.3836]},{"faces":{"down":{"rotation":90,"texture":"#0","uv":[3,7,4,8]},"north":{"rotation":90,"texture":"#0","uv":[3,7,4,8]},"south":{"rotation":90,"texture":"#0","uv":[3,7,4,8]},"up":{"rotation":90,"texture":"#0","uv":[3,7,4,8]}},"from":[7.78278,11.68122,6.3776],"rotation":{"angle":-22.5,"axis":"z","origin":[10.35468,10.25593,8.0336]},"to":[9.65478,12.51322,9.6896]},{"faces":{"north":{"rotation":270,"texture":"#0","uv":[0,0,1.4,0.9]},"south":{"rotation":270,"texture":"#0","uv":[0,0,1.4,0.9]}},"from":[5.81065,10.39679,6.6836],"rotation":{"angle":22.5,"axis":"z","origin":[7.30851,11.67787,8.0336]},"to":[7.61065,13.19679,9.3836]},{"faces":{"down":{"rotation":90,"texture":"#0","uv":[3,7,4,8]},"north":{"rotation":90,"texture":"#0","uv":[3,7,4,8]},"south":{"rotation":90,"texture":"#0","uv":[3,7,4,8]},"up":{"rotation":90,"texture":"#0","uv":[3,7,4,8]}},"from":[5.72682,12.49361,6.3776],"rotation":{"angle":22.5,"axis":"z","origin":[7.2846,11.74593,8.0336]},"to":[7.59882,13.32561,9.6896]},{"faces":{"north":{"rotation":180,"texture":"#0","uv":[0,0,1.4,0.9]},"south":{"rotation":180,"texture":"#0","uv":[0,0,1.4,0.9]}},"from":[9.20823,8.79281,6.6836],"rotation":{"angle":22.5,"axis":"z","origin":[10.26051,10.24517,8.0336]},"to":[12.00823,10.59281,9.3836]},{"faces":{"east":{"rotation":180,"texture":"#0","uv":[3,7,4,8]},"north":{"rotation":180,"texture":"#0","uv":[3,7,4,8]},"south":{"rotation":180,"texture":"#0","uv":[3,7,4,8]},"west":{"rotation":180,"texture":"#0","uv":[3,7,4,8]}},"from":[11.3403,8.74547,6.3776],"rotation":{"angle":22.5,"axis":"z","origin":[10.35468,10.25593,8.0336]},"to":[12.1723,10.61747,9.6896]},{"faces":{"down":{"texture":"#0","uv":[0,0,2.2,1.4]},"north":{"texture":"#0","uv":[0,0,2.2,0.9]},"south":{"texture":"#0","uv":[0,0,2.2,0.9]},"up":{"texture":"#0","uv":[0,0,2.2,1.4]}},"from":[6.60025,6.54227,6.6336],"rotation":{"angle":-45,"axis":"z","origin":[11.00025,11.94227,8.0336]},"to":[11.00025,8.34227,9.4336]},{"faces":{"east":{"texture":"#0","uv":[3,7,4,8]},"north":{"texture":"#0","uv":[3,7,4,8]},"south":{"texture":"#0","uv":[3,7,4,8]},"west":{"texture":"#0","uv":[3,7,4,8]}},"from":[6.54801,6.40492,6.3776],"rotation":{"angle":-45,"axis":"z","origin":[11.12401,12.02092,8.0336]},"to":[7.38001,8.27692,9.6896]},{"faces":{"east":{"rotation":270,"texture":"#0","uv":[0,0,2.6,1.4]},"north":{"rotation":270,"texture":"#0","uv":[0,0,2.6,0.9]},"south":{"rotation":270,"texture":"#0","uv":[0,0,2.6,0.9]},"west":{"rotation":270,"texture":"#0","uv":[0,0,2.6,1.4]}},"from":[8.80816,6.79288,6.6336],"rotation":{"angle":-45,"axis":"z","origin":[10.26051,10.24517,8.0336]},"to":[10.60816,11.99288,9.4336]},{"faces":{"down":{"rotation":90,"texture":"#0","uv":[3,7,4,8]},"north":{"rotation":90,"texture":"#0","uv":[3,7,4,8]},"south":{"rotation":90,"texture":"#0","uv":[3,7,4,8]},"up":{"rotation":90,"texture":"#0","uv":[3,7,4,8]}},"from":[8.84423,11.24155,6.3776],"rotation":{"angle":-45,"axis":"z","origin":[10.35468,10.25593,8.0336]},"to":[10.71623,12.07355,9.6896]},{"faces":{"east":{"rotation":270,"texture":"#0","uv":[0,0,2,1.4]},"north":{"rotation":270,"texture":"#0","uv":[0,0,2,0.9]},"south":{"rotation":270,"texture":"#0","uv":[0,0,2,0.9]},"west":{"rotation":270,"texture":"#0","uv":[0,0,2,1.4]}},"from":[7.00638,9.19679,6.6336],"rotation":{"angle":0,"axis":"y","origin":[7.30851,11.67787,8.0336]},"to":[8.80638,13.19679,9.4336]},{"faces":{"down":{"rotation":90,"texture":"#0","uv":[3,7,4,8]},"north":{"rotation":90,"texture":"#0","uv":[3,7,4,8]},"south":{"rotation":90,"texture":"#0","uv":[3,7,4,8]},"up":{"rotation":90,"texture":"#0","uv":[3,7,4,8]}},"from":[6.97038,12.49361,6.3776],"rotation":{"angle":0,"axis":"y","origin":[7.2846,11.74593,8.0336]},"to":[8.84238,13.32561,9.6896]}],"groups":[{"children":[0,1,2,3,4,5,6,7,8,9,10,11,12,13,14,15,16,17,18,19,20,21,22,23,24,25,26,27,28,29,{"children":[30,31,32,33,34,35,36,37,38,39,40,41,{"children":[42,43,44,45,46,47,48,49,50,51,52,53,54,55,56,57,58,59],"name":"group","origin":[8.19366,9.65381,8.02308]},{"children":[60,61,62,63,64,65,66,67,68,69,70,71,72,73,74,75,76,77],"name":"group","origin":[8.19366,9.65381,8.02308]},78,79,80,81],"name":"group","origin":[6.71094,8.70473,8.02308]}],"name":"grafsteen3","origin":[8,8,8]},{"children":[82,83,84,85,86,87,88,89,90,91,92,93,94,95,96,97,98,99,100,101,102,103,104,105,106,107,108,109,110,111,112,113,114,115,116,117,118,119],"name":"group","origin":[7.2846,11.74593,8.0336]}],"textures":{"0":"block/stone","1":"entity/skeleton/skeleton"}}