{"display":{"head":{"scale":[4,4,4],"translation":[0,8,0]}},"elements":[{"faces":{"down":{"texture":"#0","uv":[0,0,4.52461,1.4]},"east":{"texture":"#0","uv":[0,0,1.4,5.4]},"north":{"texture":"#0","uv":[0,0,4.52461,5.4]},"south":{"texture":"#0","uv":[0,0,4.52461,5.4]},"up":{"texture":"#0","uv":[0,0,4.52461,1.4]},"west":{"texture":"#0","uv":[0,0,1.4,5.4]}},"from":[5.65507,3.57112,7.32308],"rotation":{"angle":0,"axis":"y","origin":[12.65507,11.57112,10.32308]},"to":[10.17968,8.97112,8.72308]},{"faces":{"down":{"texture":"#0","uv":[3,7,4,8]},"east":{"texture":"#0","uv":[3,7,4,8]},"north":{"texture":"#0","uv":[3,7,4,8]},"south":{"texture":"#0","uv":[3,7,4,8]},"up":{"texture":"#0","uv":[3,7,4,8]},"west":{"texture":"#0","uv":[3,7,4,8]}},"from":[5.56458,3.34704,7.19508],"rotation":{"angle":0,"axis":"y","origin":[12.84458,11.66704,10.41508]},"to":[6.00617,8.96304,8.85108]},{"faces":{"down":{"texture":"#0","uv":[3,7,4,8]},"east":{"texture":"#0","uv":[3,7,4,8]},"north":{"texture":"#0","uv":[3,7,4,8]},"south":{"texture":"#0","uv":[3,7,4,8]},"up":{"texture":"#0","uv":[3,7,4,8]},"west":{"texture":"#0","uv":[3,7,4,8]}},"from":[9.82858,3.34704,7.19508],"rotation":{"angle":0,"axis":"y","origin":[12.84458,11.66704,10.41508]},"to":[10.27017,8.96304,8.85108]},{"faces":{"down":{"texture":"#0","uv":[3,7,4,8]},"east":{"texture":"#0","uv":[3,7,4,8]},"north":{"texture":"#0","uv":[3,7,4,8]},"south":{"texture":"#0","uv":[3,7,4,8]},"up":{"texture":"#0","uv":[3,7,4,8]},"west":{"texture":"#0","uv":[3,7,4,8]}},"from":[9.07858,4.64704,7.19508],"rotation":{"angle":0,"axis":"y","origin":[11.89458,10.96704,10.41508]},"to":[9.32017,7.06304,8.85108]},{"faces":{"down":{"texture":"#0","uv":[4,7,3,8]},"east":{"texture":"#0","uv":[4,7,3,8]},"north":{"texture":"#0","uv":[4,7,3,8]},"south":{"texture":"#0","uv":[4,7,3,8]},"up":{"texture":"#0","uv":[4,7,3,8]},"west":{"texture":"#0","uv":[4,7,3,8]}},"from":[6.53997,4.64704,7.19508],"rotation":{"angle":0,"axis":"y","origin":[3.96556,10.96704,10.41508]},"to":[6.78156,7.06304,8.85108]},{"faces":{"down":{"rotation":270,"texture":"#0","uv":[4,7,3,8]},"east":{"rotation":270,"texture":"#0","uv":[4,7,3,8]},"north":{"rotation":90,"texture":"#0","uv":[4,7,3,8]},"south":{"rotation":270,"texture":"#0","uv":[4,7,3,8]},"up":{"rotation":270,"texture":"#0","uv":[4,7,3,8]},"west":{"rotation":270,"texture":"#0","uv":[4,7,3,8]}},"from":[7.26956,7.64145,7.19508],"rotation":{"angle":0,"axis":"z","origin":[3.26556,5.06704,10.41508]},"to":[8.58556,7.88304,8.85108]},{"faces":{"north":{"texture":"#1","uv":[2,4.5,4,8]}},"from":[7.26956,8.34145,7.29508],"rotation":{"angle":0,"axis":"z","origin":[3.26556,6.76704,10.51508]},"to":[8.58556,9.58304,7.95108]},{"faces":{"down":{"rotation":270,"texture":"#0","uv":[4,7,3,8]},"east":{"rotation":270,"texture":"#0","uv":[4,7,3,8]},"north":{"rotation":90,"texture":"#0","uv":[4,7,3,8]},"south":{"rotation":270,"texture":"#0","uv":[4,7,3,8]},"up":{"rotation":270,"texture":"#0","uv":[4,7,3,8]},"west":{"rotation":270,"texture":"#0","uv":[4,7,3,8]}},"from":[7.26956,3.84145,7.19508],"rotation":{"angle":0,"axis":"z","origin":[3.26556,1.26704,10.41508]},"to":[8.58556,4.08304,8.85108]},{"faces":{"down":{"texture":"#0","uv":[3,7,4,8]},"east":{"texture":"#0","uv":[3,7,4,8]},"north":{"texture":"#0","uv":[3,7,4,8]},"south":{"texture":"#0","uv":[3,7,4,8]},"up":{"texture":"#0","uv":[3,7,4,8]},"west":{"texture":"#0","uv":[3,7,4,8]}},"from":[4.17858,7.54704,7.19508],"rotation":{"angle":45,"axis":"z","origin":[6.99458,13.36704,10.41508]},"to":[4.42017,8.06304,8.85108]},{"faces":{"down":{"texture":"#0","uv":[4,7,3,8]},"east":{"texture":"#0","uv":[4,7,3,8]},"north":{"texture":"#0","uv":[4,7,3,8]},"south":{"texture":"#0","uv":[4,7,3,8]},"up":{"texture":"#0","uv":[4,7,3,8]},"west":{"texture":"#0","uv":[4,7,3,8]}},"from":[11.43997,7.54704,7.19508],"rotation":{"angle":-45,"axis":"z","origin":[8.86556,13.36704,10.41508]},"to":[11.68156,8.06304,8.85108]},{"faces":{"down":{"texture":"#0","uv":[3,8,4,7]},"east":{"texture":"#0","uv":[3,8,4,7]},"north":{"texture":"#0","uv":[3,8,4,7]},"south":{"texture":"#0","uv":[3,8,4,7]},"up":{"texture":"#0","uv":[3,8,4,7]},"west":{"texture":"#0","uv":[3,8,4,7]}},"from":[4.17858,3.6792,7.19508],"rotation":{"angle":-45,"axis":"z","origin":[6.99458,-1.6248,10.41508]},"to":[4.42017,4.1952,8.85108]},{"faces":{"down":{"texture":"#0","uv":[4,8,3,7]},"east":{"texture":"#0","uv":[4,8,3,7]},"north":{"texture":"#0","uv":[4,8,3,7]},"south":{"texture":"#0","uv":[4,8,3,7]},"up":{"texture":"#0","uv":[4,8,3,7]},"west":{"texture":"#0","uv":[4,8,3,7]}},"from":[11.43997,3.6792,7.19508],"rotation":{"angle":45,"axis":"z","origin":[8.86556,-1.6248,10.41508]},"to":[11.68156,4.1952,8.85108]},{"faces":{"down":{"texture":"#0","uv":[4,8,3,7]},"east":{"texture":"#0","uv":[4,8,3,7]},"north":{"texture":"#0","uv":[4,8,3,7]},"south":{"texture":"#0","uv":[4,8,3,7]},"up":{"texture":"#0","uv":[4,8,3,7]},"west":{"texture":"#0","uv":[4,8,3,7]}},"from":[11.43997,8.2792,7.19508],"rotation":{"angle":45,"axis":"z","origin":[8.86556,2.9752,10.41508]},"to":[11.68156,8.7952,8.85108]},{"faces":{"down":{"texture":"#0","uv":[3,8,4,7]},"east":{"texture":"#0","uv":[3,8,4,7]},"north":{"texture":"#0","uv":[3,8,4,7]},"south":{"texture":"#0","uv":[3,8,4,7]},"up":{"texture":"#0","uv":[3,8,4,7]},"west":{"texture":"#0","uv":[3,8,4,7]}},"from":[4.22858,8.2792,7.19508],"rotation":{"angle":-45,"axis":"z","origin":[7.04458,2.9752,10.41508]},"to":[4.47017,8.7952,8.85108]},{"faces":{"down":{"texture":"#0","uv":[4,8,3,7]},"east":{"texture":"#0","uv":[4,8,3,7]},"north":{"texture":"#0","uv":[4,8,3,7]},"south":{"texture":"#0","uv":[4,8,3,7]},"up":{"texture":"#0","uv":[4,8,3,7]},"west":{"texture":"#0","uv":[4,8,3,7]}},"from":[6.74538,8.52166,7.19508],"rotation":{"angle":22.5,"axis":"z","origin":[6.91094,9.00473,8.02308]},"to":[6.98697,9.03766,8.85108]},{"faces":{"down":{"texture":"#0","uv":[3,8,4,7]},"east":{"texture":"#0","uv":[3,8,4,7]},"north":{"texture":"#0","uv":[3,8,4,7]},"south":{"texture":"#0","uv":[3,8,4,7]},"up":{"texture":"#0","uv":[3,8,4,7]},"west":{"texture":"#0","uv":[3,8,4,7]}},"from":[8.92317,8.52166,7.19508],"rotation":{"angle":-22.5,"axis":"z","origin":[8.9992,9.00473,8.02308]},"to":[9.16476,9.03766,8.85108]},{"faces":{"down":{"rotation":270,"texture":"#0","uv":[4,8,3,7]},"east":{"rotation":270,"texture":"#0","uv":[4,8,3,7]},"north":{"rotation":90,"texture":"#0","uv":[4,8,3,7]},"south":{"rotation":270,"texture":"#0","uv":[4,8,3,7]},"up":{"rotation":270,"texture":"#0","uv":[4,8,3,7]},"west":{"rotation":270,"texture":"#0","uv":[4,8,3,7]}},"from":[6.67801,8.53916,7.19508],"rotation":{"angle":-22.5,"axis":"z","origin":[6.71094,8.70473,8.02308]},"to":[7.19401,8.78075,8.85108]},{"faces":{"down":{"rotation":270,"texture":"#0","uv":[4,7,3,8]},"east":{"rotation":270,"texture":"#0","uv":[4,7,3,8]},"north":{"rotation":90,"texture":"#0","uv":[4,7,3,8]},"south":{"rotation":270,"texture":"#0","uv":[4,7,3,8]},"up":{"rotation":270,"texture":"#0","uv":[4,7,3,8]},"west":{"rotation":270,"texture":"#0","uv":[4,7,3,8]}},"from":[8.71613,8.53916,7.19508],"rotation":{"angle":22.5,"axis":"z","origin":[9.1992,8.70473,8.02308]},"to":[9.23213,8.78075,8.85108]},{"faces":{"down":{"texture":"#0","uv":[4,8,3,7]},"east":{"texture":"#0","uv":[4,8,3,7]},"north":{"texture":"#0","uv":[4,8,3,7]},"south":{"texture":"#0","uv":[4,8,3,7]},"up":{"texture":"#0","uv":[4,8,3,7]},"west":{"texture":"#0","uv":[4,8,3,7]}},"from":[6.46266,8.93753,7.19508],"rotation":{"angle":22.5,"axis":"z","origin":[6.58345,9.19553,8.02308]},"to":[6.70425,9.45353,8.85108]},{"faces":{"down":{"texture":"#0","uv":[3,8,4,7]},"east":{"texture":"#0","uv":[3,8,4,7]},"north":{"texture":"#0","uv":[3,8,4,7]},"south":{"texture":"#0","uv":[3,8,4,7]},"up":{"texture":"#0","uv":[3,8,4,7]},"west":{"texture":"#0","uv":[3,8,4,7]}},"from":[9.20589,8.93753,7.19508],"rotation":{"angle":-22.5,"axis":"z","origin":[9.32669,9.19553,8.02308]},"to":[9.44748,9.45353,8.85108]},{"faces":{"down":{"texture":"#0","uv":[4,8,3,7]},"east":{"texture":"#0","uv":[4,8,3,7]},"north":{"texture":"#0","uv":[4,8,3,7]},"south":{"texture":"#0","uv":[4,8,3,7]},"up":{"texture":"#0","uv":[4,8,3,7]},"west":{"texture":"#0","uv":[4,8,3,7]}},"from":[6.74538,8.97179,7.19508],"rotation":{"angle":0,"axis":"z","origin":[6.91094,9.00473,8.02308]},"to":[6.98697,9.48779,8.85108]},{"faces":{"down":{"texture":"#0","uv":[3,8,4,7]},"east":{"texture":"#0","uv":[3,8,4,7]},"north":{"texture":"#0","uv":[3,8,4,7]},"south":{"texture":"#0","uv":[3,8,4,7]},"up":{"texture":"#0","uv":[3,8,4,7]},"west":{"texture":"#0","uv":[3,8,4,7]}},"from":[8.92317,8.97179,7.19508],"rotation":{"angle":0,"axis":"z","origin":[8.9992,9.00473,8.02308]},"to":[9.16476,9.48779,8.85108]},{"faces":{"down":{"texture":"#0","uv":[4,8,3,7]},"east":{"texture":"#0","uv":[4,8,3,7]},"north":{"texture":"#0","uv":[4,8,3,7]},"south":{"texture":"#0","uv":[4,8,3,7]},"up":{"texture":"#0","uv":[4,8,3,7]},"west":{"texture":"#0","uv":[4,8,3,7]}},"from":[6.54538,8.67179,7.19508],"rotation":{"angle":45,"axis":"z","origin":[6.71094,8.70473,8.02308]},"to":[6.78697,9.18779,8.85108]},{"faces":{"down":{"texture":"#0","uv":[3,8,4,7]},"east":{"texture":"#0","uv":[3,8,4,7]},"north":{"texture":"#0","uv":[3,8,4,7]},"south":{"texture":"#0","uv":[3,8,4,7]},"up":{"texture":"#0","uv":[3,8,4,7]},"west":{"texture":"#0","uv":[3,8,4,7]}},"from":[9.12317,8.67179,7.19508],"rotation":{"angle":-45,"axis":"z","origin":[9.1992,8.70473,8.02308]},"to":[9.36476,9.18779,8.85108]},{"faces":{"down":{"texture":"#0","uv":[0,0,1.4,1.4]},"east":{"texture":"#0","uv":[0,0,1.4,0.9]},"north":{"texture":"#0","uv":[0,0,1.4,0.9]},"south":{"texture":"#0","uv":[0,0,1.4,0.9]},"up":{"texture":"#0","uv":[0,0,1.4,1.4]},"west":{"texture":"#0","uv":[0,0,1.4,0.9]}},"from":[6.52085,7.92369,7.34808],"rotation":{"angle":-22.5,"axis":"z","origin":[8.72085,10.62369,8.02308]},"to":[7.92085,8.82369,8.69808]},{"faces":{"down":{"texture":"#0","uv":[3,7,4,8]},"east":{"texture":"#0","uv":[3,7,4,8]},"north":{"texture":"#0","uv":[3,7,4,8]},"south":{"texture":"#0","uv":[3,7,4,8]},"up":{"texture":"#0","uv":[3,7,4,8]},"west":{"texture":"#0","uv":[3,7,4,8]}},"from":[6.46499,7.87371,7.19508],"rotation":{"angle":-22.5,"axis":"z","origin":[8.75299,10.68171,8.02308]},"to":[6.88099,8.80971,8.85108]},{"faces":{"down":{"rotation":270,"texture":"#0","uv":[0,0,1.4,0.9]},"east":{"rotation":270,"texture":"#0","uv":[0,0,1.4,1.4]},"north":{"rotation":270,"texture":"#0","uv":[0,0,1.4,0.9]},"south":{"rotation":270,"texture":"#0","uv":[0,0,1.4,0.9]},"up":{"rotation":270,"texture":"#0","uv":[0,0,1.4,0.9]},"west":{"rotation":270,"texture":"#0","uv":[0,0,1.4,1.4]}},"from":[7.85795,8.99285,7.34808],"rotation":{"angle":-22.5,"axis":"z","origin":[9.09444,9.30761,8.02308]},"to":[8.75795,10.39285,8.69808]},{"faces":{"down":{"rotation":90,"texture":"#0","uv":[3,7,4,8]},"east":{"rotation":90,"texture":"#0","uv":[3,7,4,8]},"north":{"rotation":90,"texture":"#0","uv":[3,7,4,8]},"south":{"rotation":90,"texture":"#0","uv":[3,7,4,8]},"up":{"rotation":90,"texture":"#0","uv":[3,7,4,8]},"west":{"rotation":90,"texture":"#0","uv":[3,7,4,8]}},"from":[7.85557,10.02564,7.19508],"rotation":{"angle":-22.5,"axis":"z","origin":[9.14152,9.31299,8.02308]},"to":[8.79157,10.44164,8.85108]},{"faces":{"down":{"rotation":270,"texture":"#0","uv":[0,0,1.4,0.9]},"east":{"rotation":270,"texture":"#0","uv":[0,0,1.4,1.4]},"north":{"rotation":270,"texture":"#0","uv":[0,0,1.4,0.9]},"south":{"rotation":270,"texture":"#0","uv":[0,0,1.4,0.9]},"up":{"rotation":270,"texture":"#0","uv":[0,0,1.4,0.9]},"west":{"rotation":270,"texture":"#0","uv":[0,0,1.4,1.4]}},"from":[6.8695,9.38342,7.34808],"rotation":{"angle":22.5,"axis":"z","origin":[7.61844,10.02396,8.02308]},"to":[7.7695,10.78342,8.69808]},{"faces":{"down":{"rotation":90,"texture":"#0","uv":[3,7,4,8]},"east":{"rotation":90,"texture":"#0","uv":[3,7,4,8]},"north":{"rotation":90,"texture":"#0","uv":[3,7,4,8]},"south":{"rotation":90,"texture":"#0","uv":[3,7,4,8]},"up":{"rotation":90,"texture":"#0","uv":[3,7,4,8]},"west":{"rotation":90,"texture":"#0","uv":[3,7,4,8]}},"from":[6.82759,10.43183,7.19508],"rotation":{"angle":22.5,"axis":"z","origin":[7.60648,10.05799,8.02308]},"to":[7.76359,10.84783,8.85108]},{"faces":{"down":{"rotation":180,"texture":"#0","uv":[0,0,1.4,1.4]},"east":{"rotation":180,"texture":"#0","uv":[0,0,1.4,0.9]},"north":{"rotation":180,"texture":"#0","uv":[0,0,1.4,0.9]},"south":{"rotation":180,"texture":"#0","uv":[0,0,1.4,0.9]},"up":{"rotation":180,"texture":"#0","uv":[0,0,1.4,1.4]},"west":{"rotation":180,"texture":"#0","uv":[0,0,1.4,0.9]}},"from":[8.5683,8.58143,7.34808],"rotation":{"angle":22.5,"axis":"z","origin":[9.09444,9.30761,8.02308]},"to":[9.9683,9.48143,8.69808]},{"faces":{"down":{"rotation":180,"texture":"#0","uv":[3,7,4,8]},"east":{"rotation":180,"texture":"#0","uv":[3,7,4,8]},"north":{"rotation":180,"texture":"#0","uv":[3,7,4,8]},"south":{"rotation":180,"texture":"#0","uv":[3,7,4,8]},"up":{"rotation":180,"texture":"#0","uv":[3,7,4,8]},"west":{"rotation":180,"texture":"#0","uv":[3,7,4,8]}},"from":[9.63433,8.55776,7.19508],"rotation":{"angle":22.5,"axis":"z","origin":[9.14152,9.31299,8.02308]},"to":[10.05033,9.49376,8.85108]},{"faces":{"down":{"texture":"#0","uv":[0,0,2.2,1.4]},"east":{"texture":"#0","uv":[0,0,1.4,0.9]},"north":{"texture":"#0","uv":[0,0,2.2,0.9]},"south":{"texture":"#0","uv":[0,0,2.2,0.9]},"up":{"texture":"#0","uv":[0,0,2.2,1.4]},"west":{"texture":"#0","uv":[0,0,1.4,0.9]}},"from":[7.26431,7.45616,7.32308],"rotation":{"angle":-45,"axis":"z","origin":[9.46431,10.15616,8.02308]},"to":[9.46431,8.35616,8.72308]},{"faces":{"down":{"texture":"#0","uv":[3,7,4,8]},"east":{"texture":"#0","uv":[3,7,4,8]},"north":{"texture":"#0","uv":[3,7,4,8]},"south":{"texture":"#0","uv":[3,7,4,8]},"up":{"texture":"#0","uv":[3,7,4,8]},"west":{"texture":"#0","uv":[3,7,4,8]}},"from":[7.23819,7.38749,7.19508],"rotation":{"angle":-45,"axis":"z","origin":[9.52619,10.19549,8.02308]},"to":[7.65419,8.32349,8.85108]},{"faces":{"down":{"rotation":270,"texture":"#0","uv":[0,0,1.4,0.9]},"east":{"rotation":270,"texture":"#0","uv":[0,0,2.6,1.4]},"north":{"rotation":270,"texture":"#0","uv":[0,0,2.6,0.9]},"south":{"rotation":270,"texture":"#0","uv":[0,0,2.6,0.9]},"up":{"rotation":270,"texture":"#0","uv":[0,0,1.4,0.9]},"west":{"rotation":270,"texture":"#0","uv":[0,0,2.6,1.4]}},"from":[8.36826,7.58147,7.32308],"rotation":{"angle":-45,"axis":"z","origin":[9.09444,9.30761,8.02308]},"to":[9.26826,10.18147,8.72308]},{"faces":{"down":{"rotation":90,"texture":"#0","uv":[3,7,4,8]},"east":{"rotation":90,"texture":"#0","uv":[3,7,4,8]},"north":{"rotation":90,"texture":"#0","uv":[3,7,4,8]},"south":{"rotation":90,"texture":"#0","uv":[3,7,4,8]},"up":{"rotation":90,"texture":"#0","uv":[3,7,4,8]},"west":{"rotation":90,"texture":"#0","uv":[3,7,4,8]}},"from":[8.3863,9.8058,7.19508],"rotation":{"angle":-45,"axis":"z","origin":[9.14152,9.31299,8.02308]},"to":[9.3223,10.2218,8.85108]},{"faces":{"down":{"rotation":270,"texture":"#0","uv":[0,0,1.4,0.9]},"east":{"rotation":270,"texture":"#0","uv":[0,0,2,1.4]},"north":{"rotation":270,"texture":"#0","uv":[0,0,2,0.9]},"south":{"rotation":270,"texture":"#0","uv":[0,0,2,0.9]},"up":{"rotation":270,"texture":"#0","uv":[0,0,1.4,0.9]},"west":{"rotation":270,"texture":"#0","uv":[0,0,2,1.4]}},"from":[7.46737,8.78342,7.32308],"rotation":{"angle":0,"axis":"z","origin":[7.61844,10.02396,8.02308]},"to":[8.36737,10.78342,8.72308]},{"faces":{"down":{"rotation":90,"texture":"#0","uv":[3,7,4,8]},"east":{"rotation":90,"texture":"#0","uv":[3,7,4,8]},"north":{"rotation":90,"texture":"#0","uv":[3,7,4,8]},"south":{"rotation":90,"texture":"#0","uv":[3,7,4,8]},"up":{"rotation":90,"texture":"#0","uv":[3,7,4,8]},"west":{"rotation":90,"texture":"#0","uv":[3,7,4,8]}},"from":[7.44937,10.43183,7.19508],"rotation":{"angle":0,"axis":"z","origin":[7.60648,10.05799,8.02308]},"to":[8.38537,10.84783,8.85108]}],"textures":{"0":"block/stone","1":"entity/skeleton/skeleton","particle":"block/stone"}}