{"textures": {"0": "block/clay", "1": "block/coarse_dirt", "particle": "block/clay"}, "elements": [{"from": [6.3, 9.375, 6.3], "to": [9.7, 10.275, 9.7], "rotation": {"angle": 0, "axis": "y", "origin": [12.3, 17.375, 7.9]}, "faces": {"north": {"uv": [0, 0, 3.4, 0.9], "texture": "#0"}, "east": {"uv": [0, 0, 3.4, 0.9], "texture": "#0"}, "south": {"uv": [0, 0, 3.4, 0.9], "texture": "#0"}, "west": {"uv": [0, 0, 3.4, 0.9], "texture": "#0"}, "up": {"uv": [0, 0, 3.4, 3.4], "texture": "#0"}, "down": {"uv": [0, 0, 3.4, 3.4], "texture": "#1"}}}, {"from": [7.79446, 10.05, 8.71183], "to": [8.19446, 10.625, 9.01183], "rotation": {"angle": 0, "axis": "y", "origin": [13.79446, 18.05, 7.21183]}, "faces": {"north": {"uv": [0, 0, 0.4, 0.7], "texture": "#0"}, "east": {"uv": [0, 0, 0.3, 0.7], "texture": "#0"}, "south": {"uv": [0, 0, 0.4, 0.7], "texture": "#0"}, "west": {"uv": [0, 0, 0.3, 0.7], "texture": "#0"}, "up": {"uv": [0, 0, 0.4, 0.3], "texture": "#0"}, "down": {"uv": [0, 0, 0.4, 0.3], "texture": "#0"}}}, {"from": [7.79446, 10.05, 7.0009], "to": [8.19446, 10.625, 8.8009], "rotation": {"angle": 0, "axis": "y", "origin": [7.45687, 10.5, 7.89943]}, "faces": {"north": {"uv": [0, 0, 0.4, 0.7], "texture": "#0"}, "east": {"uv": [0, 0, 0.3, 0.7], "texture": "#0"}, "south": {"uv": [0, 0, 0.4, 0.7], "texture": "#0"}, "west": {"uv": [0, 0, 0.3, 0.7], "texture": "#0"}, "up": {"uv": [0, 0, 0.4, 0.3], "texture": "#0"}, "down": {"uv": [0, 0, 0.4, 0.3], "texture": "#0"}}}, {"from": [8.69993, 10.05, 7.80636], "to": [8.99993, 10.625, 8.20636], "rotation": {"angle": 0, "axis": "y", "origin": [8.63899, 10.5, 7.57571]}, "faces": {"north": {"uv": [0, 0, 0.3, 0.7], "texture": "#0"}, "east": {"uv": [0, 0, 0.4, 0.7], "texture": "#0"}, "south": {"uv": [0, 0, 0.3, 0.7], "texture": "#0"}, "west": {"uv": [0, 0, 0.4, 0.7], "texture": "#0"}, "up": {"uv": [0, 0, 0.3, 0.4], "texture": "#0"}, "down": {"uv": [0, 0, 0.3, 0.4], "texture": "#0"}}}, {"from": [6.989, 10.05, 7.80636], "to": [8.789, 10.625, 8.20636], "rotation": {"angle": 0, "axis": "y", "origin": [7.45687, 10.5, 7.89943]}, "faces": {"north": {"uv": [0, 0, 0.3, 0.7], "texture": "#0"}, "east": {"uv": [0, 0, 0.4, 0.7], "texture": "#0"}, "south": {"uv": [0, 0, 0.3, 0.7], "texture": "#0"}, "west": {"uv": [0, 0, 0.4, 0.7], "texture": "#0"}, "up": {"uv": [0, 0, 0.3, 0.4], "texture": "#0"}, "down": {"uv": [0, 0, 0.3, 0.4], "texture": "#0"}}}, {"from": [8.3284, 10.05, 8.35506], "to": [8.7284, 10.625, 8.65506], "rotation": {"angle": 45, "axis": "y", "origin": [8.69209, 10.5, 8.4725]}, "faces": {"north": {"uv": [0, 0, 0.4, 0.7], "texture": "#0"}, "east": {"uv": [0, 0, 0.3, 0.7], "texture": "#0"}, "south": {"uv": [0, 0, 0.4, 0.7], "texture": "#0"}, "west": {"uv": [0, 0, 0.3, 0.7], "texture": "#0"}, "up": {"uv": [0, 0, 0.4, 0.3], "texture": "#0"}, "down": {"uv": [0, 0, 0.4, 0.3], "texture": "#0"}}}, {"from": [7.56139, 10.05, 7.34971], "to": [7.96139, 10.625, 9.14971], "rotation": {"angle": 45, "axis": "y", "origin": [7.45687, 10.5, 7.89943]}, "faces": {"north": {"uv": [0, 0, 0.4, 0.7], "texture": "#0"}, "east": {"uv": [0, 0, 0.3, 0.7], "texture": "#0"}, "south": {"uv": [0, 0, 0.4, 0.7], "texture": "#0"}, "west": {"uv": [0, 0, 0.3, 0.7], "texture": "#0"}, "up": {"uv": [0, 0, 0.4, 0.3], "texture": "#0"}, "down": {"uv": [0, 0, 0.4, 0.3], "texture": "#0"}}}, {"from": [8.58419, 10.05, 7.22448], "to": [8.88419, 10.625, 7.62448], "rotation": {"angle": 45, "axis": "y", "origin": [8.63899, 10.5, 7.57571]}, "faces": {"north": {"uv": [0, 0, 0.3, 0.7], "texture": "#0"}, "east": {"uv": [0, 0, 0.4, 0.7], "texture": "#0"}, "south": {"uv": [0, 0, 0.3, 0.7], "texture": "#0"}, "west": {"uv": [0, 0, 0.4, 0.7], "texture": "#0"}, "up": {"uv": [0, 0, 0.3, 0.4], "texture": "#0"}, "down": {"uv": [0, 0, 0.3, 0.4], "texture": "#0"}}}, {"from": [6.75593, 10.05, 8.15518], "to": [8.55593, 10.625, 8.55518], "rotation": {"angle": 45, "axis": "y", "origin": [7.45687, 10.5, 7.89943]}, "faces": {"north": {"uv": [0, 0, 0.3, 0.7], "texture": "#0"}, "east": {"uv": [0, 0, 0.4, 0.7], "texture": "#0"}, "south": {"uv": [0, 0, 0.3, 0.7], "texture": "#0"}, "west": {"uv": [0, 0, 0.4, 0.7], "texture": "#0"}, "up": {"uv": [0, 0, 0.3, 0.4], "texture": "#0"}, "down": {"uv": [0, 0, 0.3, 0.4], "texture": "#0"}}}, {"from": [8.12184, 10.05, 8.64671], "to": [8.52184, 10.625, 8.94671], "rotation": {"angle": 22.5, "axis": "y", "origin": [8.32184, 10.5, 8.79671]}, "faces": {"north": {"uv": [0, 0, 0.4, 0.7], "texture": "#0"}, "east": {"uv": [0, 0, 0.3, 0.7], "texture": "#0"}, "south": {"uv": [0, 0, 0.4, 0.7], "texture": "#0"}, "west": {"uv": [0, 0, 0.3, 0.7], "texture": "#0"}, "up": {"uv": [0, 0, 0.4, 0.3], "texture": "#0"}, "down": {"uv": [0, 0, 0.4, 0.3], "texture": "#0"}}}, {"from": [7.71262, 10.05, 7.19848], "to": [8.11262, 10.625, 8.99848], "rotation": {"angle": 22.5, "axis": "y", "origin": [7.45687, 10.5, 7.89943]}, "faces": {"north": {"uv": [0, 0, 0.4, 0.7], "texture": "#0"}, "east": {"uv": [0, 0, 0.3, 0.7], "texture": "#0"}, "south": {"uv": [0, 0, 0.4, 0.7], "texture": "#0"}, "west": {"uv": [0, 0, 0.3, 0.7], "texture": "#0"}, "up": {"uv": [0, 0, 0.4, 0.3], "texture": "#0"}, "down": {"uv": [0, 0, 0.4, 0.3], "texture": "#0"}}}, {"from": [8.58419, 10.05, 7.52693], "to": [8.88419, 10.625, 7.92693], "rotation": {"angle": 22.5, "axis": "y", "origin": [8.63899, 10.5, 7.57571]}, "faces": {"north": {"uv": [0, 0, 0.3, 0.7], "texture": "#0"}, "east": {"uv": [0, 0, 0.4, 0.7], "texture": "#0"}, "south": {"uv": [0, 0, 0.3, 0.7], "texture": "#0"}, "west": {"uv": [0, 0, 0.4, 0.7], "texture": "#0"}, "up": {"uv": [0, 0, 0.3, 0.4], "texture": "#0"}, "down": {"uv": [0, 0, 0.3, 0.4], "texture": "#0"}}}, {"from": [6.90715, 10.05, 8.00395], "to": [8.70715, 10.625, 8.40395], "rotation": {"angle": 22.5, "axis": "y", "origin": [7.45687, 10.5, 7.89943]}, "faces": {"north": {"uv": [0, 0, 0.3, 0.7], "texture": "#0"}, "east": {"uv": [0, 0, 0.4, 0.7], "texture": "#0"}, "south": {"uv": [0, 0, 0.3, 0.7], "texture": "#0"}, "west": {"uv": [0, 0, 0.4, 0.7], "texture": "#0"}, "up": {"uv": [0, 0, 0.3, 0.4], "texture": "#0"}, "down": {"uv": [0, 0, 0.3, 0.4], "texture": "#0"}}}, {"from": [8.57465, 10.05, 8.10882], "to": [8.87465, 10.625, 8.50882], "rotation": {"angle": -22.5, "axis": "y", "origin": [8.69209, 10.5, 8.4725]}, "faces": {"north": {"uv": [0, 0, 0.3, 0.7], "texture": "#0"}, "east": {"uv": [0, 0, 0.4, 0.7], "texture": "#0"}, "south": {"uv": [0, 0, 0.3, 0.7], "texture": "#0"}, "west": {"uv": [0, 0, 0.4, 0.7], "texture": "#0"}, "up": {"uv": [0, 0, 0.3, 0.4], "texture": "#0"}, "down": {"uv": [0, 0, 0.3, 0.4], "texture": "#0"}}}, {"from": [6.989, 10.05, 7.5925], "to": [8.789, 10.625, 7.9925], "rotation": {"angle": -22.5, "axis": "y", "origin": [7.45687, 10.5, 7.89943]}, "faces": {"north": {"uv": [0, 0, 0.3, 0.7], "texture": "#0"}, "east": {"uv": [0, 0, 0.4, 0.7], "texture": "#0"}, "south": {"uv": [0, 0, 0.3, 0.7], "texture": "#0"}, "west": {"uv": [0, 0, 0.4, 0.7], "texture": "#0"}, "up": {"uv": [0, 0, 0.3, 0.4], "texture": "#0"}, "down": {"uv": [0, 0, 0.3, 0.4], "texture": "#0"}}}, {"from": [8.00833, 10.05, 7.21476], "to": [8.40833, 10.625, 9.01476], "rotation": {"angle": -22.5, "axis": "y", "origin": [8.63899, 10.5, 7.57571]}, "faces": {"north": {"uv": [0, 0, 0.4, 0.7], "texture": "#0"}, "east": {"uv": [0, 0, 0.3, 0.7], "texture": "#0"}, "south": {"uv": [0, 0, 0.4, 0.7], "texture": "#0"}, "west": {"uv": [0, 0, 0.3, 0.7], "texture": "#0"}, "up": {"uv": [0, 0, 0.4, 0.3], "texture": "#0"}, "down": {"uv": [0, 0, 0.4, 0.3], "texture": "#0"}}}, {"from": [7.79446, 10.05, 8.49796], "to": [8.19446, 10.625, 8.79796], "rotation": {"angle": -22.5, "axis": "y", "origin": [7.45687, 10.5, 7.89943]}, "faces": {"north": {"uv": [0, 0, 0.4, 0.7], "texture": "#0"}, "east": {"uv": [0, 0, 0.3, 0.7], "texture": "#0"}, "south": {"uv": [0, 0, 0.4, 0.7], "texture": "#0"}, "west": {"uv": [0, 0, 0.3, 0.7], "texture": "#0"}, "up": {"uv": [0, 0, 0.4, 0.3], "texture": "#0"}, "down": {"uv": [0, 0, 0.4, 0.3], "texture": "#0"}}}, {"from": [7.89723, 10.525, 8.35592], "to": [8.09723, 14.075, 8.50592], "rotation": {"angle": 0, "axis": "y", "origin": [10.89723, 14.525, 7.60592]}, "faces": {"north": {"uv": [0, 0, 0.2, 3.55], "texture": "#0"}, "east": {"uv": [0, 0, 0.15, 3.55], "texture": "#0"}, "south": {"uv": [0, 0, 0.2, 3.55], "texture": "#0"}, "west": {"uv": [0, 0, 0.15, 3.55], "texture": "#0"}, "up": {"uv": [0, 0, 0.2, 0.15], "texture": "#0"}, "down": {"uv": [0, 0, 0.2, 0.15], "texture": "#0"}}}, {"from": [7.89723, 10.525, 7.50045], "to": [8.09723, 14.075, 7.65045], "rotation": {"angle": 0, "axis": "y", "origin": [7.72844, 10.75, 7.94971]}, "faces": {"north": {"uv": [0, 0, 0.2, 3.55], "texture": "#0"}, "east": {"uv": [0, 0, 0.15, 3.55], "texture": "#0"}, "south": {"uv": [0, 0, 0.2, 3.55], "texture": "#0"}, "west": {"uv": [0, 0, 0.15, 3.55], "texture": "#0"}, "up": {"uv": [0, 0, 0.2, 0.15], "texture": "#0"}, "down": {"uv": [0, 0, 0.2, 0.15], "texture": "#0"}}}, {"from": [8.34997, 10.525, 7.90318], "to": [8.49997, 14.075, 8.10318], "rotation": {"angle": 0, "axis": "y", "origin": [8.31949, 10.75, 7.78785]}, "faces": {"north": {"uv": [0, 0, 0.15, 3.55], "texture": "#0"}, "east": {"uv": [0, 0, 0.2, 3.55], "texture": "#0"}, "south": {"uv": [0, 0, 0.15, 3.55], "texture": "#0"}, "west": {"uv": [0, 0, 0.2, 3.55], "texture": "#0"}, "up": {"uv": [0, 0, 0.15, 0.2], "texture": "#0"}, "down": {"uv": [0, 0, 0.15, 0.2], "texture": "#0"}}}, {"from": [7.4945, 10.525, 7.90318], "to": [7.6445, 14.075, 8.10318], "rotation": {"angle": 0, "axis": "y", "origin": [7.72844, 10.75, 7.94971]}, "faces": {"north": {"uv": [0, 0, 0.15, 3.55], "texture": "#0"}, "east": {"uv": [0, 0, 0.2, 3.55], "texture": "#0"}, "south": {"uv": [0, 0, 0.15, 3.55], "texture": "#0"}, "west": {"uv": [0, 0, 0.2, 3.55], "texture": "#0"}, "up": {"uv": [0, 0, 0.15, 0.2], "texture": "#0"}, "down": {"uv": [0, 0, 0.15, 0.2], "texture": "#0"}}}, {"from": [8.1642, 10.525, 8.17753], "to": [8.3642, 14.075, 8.32753], "rotation": {"angle": 45, "axis": "y", "origin": [8.34605, 10.75, 8.23625]}, "faces": {"north": {"uv": [0, 0, 0.2, 3.55], "texture": "#0"}, "east": {"uv": [0, 0, 0.15, 3.55], "texture": "#0"}, "south": {"uv": [0, 0, 0.2, 3.55], "texture": "#0"}, "west": {"uv": [0, 0, 0.15, 3.55], "texture": "#0"}, "up": {"uv": [0, 0, 0.2, 0.15], "texture": "#0"}, "down": {"uv": [0, 0, 0.2, 0.15], "texture": "#0"}}}, {"from": [7.7807, 10.525, 7.67485], "to": [7.9807, 14.075, 7.82485], "rotation": {"angle": 45, "axis": "y", "origin": [7.72844, 10.75, 7.94971]}, "faces": {"north": {"uv": [0, 0, 0.2, 3.55], "texture": "#0"}, "east": {"uv": [0, 0, 0.15, 3.55], "texture": "#0"}, "south": {"uv": [0, 0, 0.2, 3.55], "texture": "#0"}, "west": {"uv": [0, 0, 0.15, 3.55], "texture": "#0"}, "up": {"uv": [0, 0, 0.2, 0.15], "texture": "#0"}, "down": {"uv": [0, 0, 0.2, 0.15], "texture": "#0"}}}, {"from": [8.29209, 10.525, 7.61224], "to": [8.44209, 14.075, 7.81224], "rotation": {"angle": 45, "axis": "y", "origin": [8.31949, 10.75, 7.78785]}, "faces": {"north": {"uv": [0, 0, 0.15, 3.55], "texture": "#0"}, "east": {"uv": [0, 0, 0.2, 3.55], "texture": "#0"}, "south": {"uv": [0, 0, 0.15, 3.55], "texture": "#0"}, "west": {"uv": [0, 0, 0.2, 3.55], "texture": "#0"}, "up": {"uv": [0, 0, 0.15, 0.2], "texture": "#0"}, "down": {"uv": [0, 0, 0.15, 0.2], "texture": "#0"}}}, {"from": [7.37796, 10.525, 8.07759], "to": [7.52796, 14.075, 8.27759], "rotation": {"angle": 45, "axis": "y", "origin": [7.72844, 10.75, 7.94971]}, "faces": {"north": {"uv": [0, 0, 0.15, 3.55], "texture": "#0"}, "east": {"uv": [0, 0, 0.2, 3.55], "texture": "#0"}, "south": {"uv": [0, 0, 0.15, 3.55], "texture": "#0"}, "west": {"uv": [0, 0, 0.2, 3.55], "texture": "#0"}, "up": {"uv": [0, 0, 0.15, 0.2], "texture": "#0"}, "down": {"uv": [0, 0, 0.15, 0.2], "texture": "#0"}}}, {"from": [8.06092, 10.525, 8.32336], "to": [8.26092, 14.075, 8.47336], "rotation": {"angle": 22.5, "axis": "y", "origin": [8.16092, 10.75, 8.39836]}, "faces": {"north": {"uv": [0, 0, 0.2, 3.55], "texture": "#0"}, "east": {"uv": [0, 0, 0.15, 3.55], "texture": "#0"}, "south": {"uv": [0, 0, 0.2, 3.55], "texture": "#0"}, "west": {"uv": [0, 0, 0.15, 3.55], "texture": "#0"}, "up": {"uv": [0, 0, 0.2, 0.15], "texture": "#0"}, "down": {"uv": [0, 0, 0.2, 0.15], "texture": "#0"}}}, {"from": [7.85631, 10.525, 7.59924], "to": [8.05631, 14.075, 7.74924], "rotation": {"angle": 22.5, "axis": "y", "origin": [7.72844, 10.75, 7.94971]}, "faces": {"north": {"uv": [0, 0, 0.2, 3.55], "texture": "#0"}, "east": {"uv": [0, 0, 0.15, 3.55], "texture": "#0"}, "south": {"uv": [0, 0, 0.2, 3.55], "texture": "#0"}, "west": {"uv": [0, 0, 0.15, 3.55], "texture": "#0"}, "up": {"uv": [0, 0, 0.2, 0.15], "texture": "#0"}, "down": {"uv": [0, 0, 0.2, 0.15], "texture": "#0"}}}, {"from": [8.29209, 10.525, 7.76347], "to": [8.44209, 14.075, 7.96347], "rotation": {"angle": 22.5, "axis": "y", "origin": [8.31949, 10.75, 7.78785]}, "faces": {"north": {"uv": [0, 0, 0.15, 3.55], "texture": "#0"}, "east": {"uv": [0, 0, 0.2, 3.55], "texture": "#0"}, "south": {"uv": [0, 0, 0.15, 3.55], "texture": "#0"}, "west": {"uv": [0, 0, 0.2, 3.55], "texture": "#0"}, "up": {"uv": [0, 0, 0.15, 0.2], "texture": "#0"}, "down": {"uv": [0, 0, 0.15, 0.2], "texture": "#0"}}}, {"from": [7.45358, 10.525, 8.00198], "to": [7.60358, 14.075, 8.20198], "rotation": {"angle": 22.5, "axis": "y", "origin": [7.72844, 10.75, 7.94971]}, "faces": {"north": {"uv": [0, 0, 0.15, 3.55], "texture": "#0"}, "east": {"uv": [0, 0, 0.2, 3.55], "texture": "#0"}, "south": {"uv": [0, 0, 0.15, 3.55], "texture": "#0"}, "west": {"uv": [0, 0, 0.2, 3.55], "texture": "#0"}, "up": {"uv": [0, 0, 0.15, 0.2], "texture": "#0"}, "down": {"uv": [0, 0, 0.15, 0.2], "texture": "#0"}}}, {"from": [8.28733, 10.525, 8.05441], "to": [8.43733, 14.075, 8.25441], "rotation": {"angle": -22.5, "axis": "y", "origin": [8.34605, 10.75, 8.23625]}, "faces": {"north": {"uv": [0, 0, 0.15, 3.55], "texture": "#0"}, "east": {"uv": [0, 0, 0.2, 3.55], "texture": "#0"}, "south": {"uv": [0, 0, 0.15, 3.55], "texture": "#0"}, "west": {"uv": [0, 0, 0.2, 3.55], "texture": "#0"}, "up": {"uv": [0, 0, 0.15, 0.2], "texture": "#0"}, "down": {"uv": [0, 0, 0.15, 0.2], "texture": "#0"}}}, {"from": [7.4945, 10.525, 7.79625], "to": [7.6445, 14.075, 7.99625], "rotation": {"angle": -22.5, "axis": "y", "origin": [7.72844, 10.75, 7.94971]}, "faces": {"north": {"uv": [0, 0, 0.15, 3.55], "texture": "#0"}, "east": {"uv": [0, 0, 0.2, 3.55], "texture": "#0"}, "south": {"uv": [0, 0, 0.15, 3.55], "texture": "#0"}, "west": {"uv": [0, 0, 0.2, 3.55], "texture": "#0"}, "up": {"uv": [0, 0, 0.15, 0.2], "texture": "#0"}, "down": {"uv": [0, 0, 0.15, 0.2], "texture": "#0"}}}, {"from": [8.00417, 10.525, 7.60738], "to": [8.20417, 14.075, 7.75738], "rotation": {"angle": -22.5, "axis": "y", "origin": [8.31949, 10.75, 7.78785]}, "faces": {"north": {"uv": [0, 0, 0.2, 3.55], "texture": "#0"}, "east": {"uv": [0, 0, 0.15, 3.55], "texture": "#0"}, "south": {"uv": [0, 0, 0.2, 3.55], "texture": "#0"}, "west": {"uv": [0, 0, 0.15, 3.55], "texture": "#0"}, "up": {"uv": [0, 0, 0.2, 0.15], "texture": "#0"}, "down": {"uv": [0, 0, 0.2, 0.15], "texture": "#0"}}}, {"from": [7.89723, 10.525, 8.24898], "to": [8.09723, 14.075, 8.39898], "rotation": {"angle": -22.5, "axis": "y", "origin": [7.72844, 10.75, 7.94971]}, "faces": {"north": {"uv": [0, 0, 0.2, 3.55], "texture": "#0"}, "east": {"uv": [0, 0, 0.15, 3.55], "texture": "#0"}, "south": {"uv": [0, 0, 0.2, 3.55], "texture": "#0"}, "west": {"uv": [0, 0, 0.15, 3.55], "texture": "#0"}, "up": {"uv": [0, 0, 0.2, 0.15], "texture": "#0"}, "down": {"uv": [0, 0, 0.2, 0.15], "texture": "#0"}}}, {"from": [7.71957, 9.925, 9.07282], "to": [8.31957, 10.5, 9.52282], "rotation": {"angle": 0, "axis": "y", "origin": [16.71957, 21.925, 6.82282]}, "faces": {"north": {"uv": [0, 0, 0.4, 0.7], "texture": "#0"}, "east": {"uv": [0, 0, 0.3, 0.7], "texture": "#0"}, "south": {"uv": [0, 0, 0.4, 0.7], "texture": "#0"}, "west": {"uv": [0, 0, 0.3, 0.7], "texture": "#0"}, "up": {"uv": [0, 0, 0.4, 0.3], "texture": "#0"}, "down": {"uv": [0, 0, 0.4, 0.3], "texture": "#0"}}}, {"from": [7.71957, 9.925, 6.50642], "to": [8.31957, 10.5, 9.20642], "rotation": {"angle": 0, "axis": "y", "origin": [7.21319, 10.6, 7.85422]}, "faces": {"north": {"uv": [0, 0, 0.4, 0.7], "texture": "#0"}, "east": {"uv": [0, 0, 0.3, 0.7], "texture": "#0"}, "south": {"uv": [0, 0, 0.4, 0.7], "texture": "#0"}, "west": {"uv": [0, 0, 0.3, 0.7], "texture": "#0"}, "up": {"uv": [0, 0, 0.4, 0.3], "texture": "#0"}, "down": {"uv": [0, 0, 0.4, 0.3], "texture": "#0"}}}, {"from": [9.07778, 9.925, 7.71462], "to": [9.52778, 10.5, 8.31462], "rotation": {"angle": 0, "axis": "y", "origin": [8.98636, 10.6, 7.36863]}, "faces": {"north": {"uv": [0, 0, 0.3, 0.7], "texture": "#0"}, "east": {"uv": [0, 0, 0.4, 0.7], "texture": "#0"}, "south": {"uv": [0, 0, 0.3, 0.7], "texture": "#0"}, "west": {"uv": [0, 0, 0.4, 0.7], "texture": "#0"}, "up": {"uv": [0, 0, 0.3, 0.4], "texture": "#0"}, "down": {"uv": [0, 0, 0.3, 0.4], "texture": "#0"}}}, {"from": [6.51137, 9.925, 7.71462], "to": [9.21137, 10.5, 8.31462], "rotation": {"angle": 0, "axis": "y", "origin": [7.21319, 10.6, 7.85422]}, "faces": {"north": {"uv": [0, 0, 0.3, 0.7], "texture": "#0"}, "east": {"uv": [0, 0, 0.4, 0.7], "texture": "#0"}, "south": {"uv": [0, 0, 0.3, 0.7], "texture": "#0"}, "west": {"uv": [0, 0, 0.4, 0.7], "texture": "#0"}, "up": {"uv": [0, 0, 0.3, 0.4], "texture": "#0"}, "down": {"uv": [0, 0, 0.3, 0.4], "texture": "#0"}}}, {"from": [8.52049, 9.925, 8.53767], "to": [9.12049, 10.5, 8.98767], "rotation": {"angle": 45, "axis": "y", "origin": [9.06602, 10.6, 8.71383]}, "faces": {"north": {"uv": [0, 0, 0.4, 0.7], "texture": "#0"}, "east": {"uv": [0, 0, 0.3, 0.7], "texture": "#0"}, "south": {"uv": [0, 0, 0.4, 0.7], "texture": "#0"}, "west": {"uv": [0, 0, 0.3, 0.7], "texture": "#0"}, "up": {"uv": [0, 0, 0.4, 0.3], "texture": "#0"}, "down": {"uv": [0, 0, 0.4, 0.3], "texture": "#0"}}}, {"from": [7.36997, 9.925, 7.02964], "to": [7.96997, 10.5, 9.72964], "rotation": {"angle": 45, "axis": "y", "origin": [7.21319, 10.6, 7.85422]}, "faces": {"north": {"uv": [0, 0, 0.4, 0.7], "texture": "#0"}, "east": {"uv": [0, 0, 0.3, 0.7], "texture": "#0"}, "south": {"uv": [0, 0, 0.4, 0.7], "texture": "#0"}, "west": {"uv": [0, 0, 0.3, 0.7], "texture": "#0"}, "up": {"uv": [0, 0, 0.4, 0.3], "texture": "#0"}, "down": {"uv": [0, 0, 0.4, 0.3], "texture": "#0"}}}, {"from": [8.90416, 9.925, 6.84179], "to": [9.35416, 10.5, 7.44179], "rotation": {"angle": 45, "axis": "y", "origin": [8.98636, 10.6, 7.36863]}, "faces": {"north": {"uv": [0, 0, 0.3, 0.7], "texture": "#0"}, "east": {"uv": [0, 0, 0.4, 0.7], "texture": "#0"}, "south": {"uv": [0, 0, 0.3, 0.7], "texture": "#0"}, "west": {"uv": [0, 0, 0.4, 0.7], "texture": "#0"}, "up": {"uv": [0, 0, 0.3, 0.4], "texture": "#0"}, "down": {"uv": [0, 0, 0.3, 0.4], "texture": "#0"}}}, {"from": [6.16177, 9.925, 8.23784], "to": [8.86177, 10.5, 8.83784], "rotation": {"angle": 45, "axis": "y", "origin": [7.21319, 10.6, 7.85422]}, "faces": {"north": {"uv": [0, 0, 0.3, 0.7], "texture": "#0"}, "east": {"uv": [0, 0, 0.4, 0.7], "texture": "#0"}, "south": {"uv": [0, 0, 0.3, 0.7], "texture": "#0"}, "west": {"uv": [0, 0, 0.4, 0.7], "texture": "#0"}, "up": {"uv": [0, 0, 0.3, 0.4], "texture": "#0"}, "down": {"uv": [0, 0, 0.3, 0.4], "texture": "#0"}}}, {"from": [8.21063, 9.925, 8.97514], "to": [8.81063, 10.5, 9.42514], "rotation": {"angle": 22.5, "axis": "y", "origin": [8.51063, 10.6, 9.20014]}, "faces": {"north": {"uv": [0, 0, 0.4, 0.7], "texture": "#0"}, "east": {"uv": [0, 0, 0.3, 0.7], "texture": "#0"}, "south": {"uv": [0, 0, 0.4, 0.7], "texture": "#0"}, "west": {"uv": [0, 0, 0.3, 0.7], "texture": "#0"}, "up": {"uv": [0, 0, 0.4, 0.3], "texture": "#0"}, "down": {"uv": [0, 0, 0.4, 0.3], "texture": "#0"}}}, {"from": [7.59681, 9.925, 6.8028], "to": [8.19681, 10.5, 9.5028], "rotation": {"angle": 22.5, "axis": "y", "origin": [7.21319, 10.6, 7.85422]}, "faces": {"north": {"uv": [0, 0, 0.4, 0.7], "texture": "#0"}, "east": {"uv": [0, 0, 0.3, 0.7], "texture": "#0"}, "south": {"uv": [0, 0, 0.4, 0.7], "texture": "#0"}, "west": {"uv": [0, 0, 0.3, 0.7], "texture": "#0"}, "up": {"uv": [0, 0, 0.4, 0.3], "texture": "#0"}, "down": {"uv": [0, 0, 0.4, 0.3], "texture": "#0"}}}, {"from": [8.90416, 9.925, 7.29547], "to": [9.35416, 10.5, 7.89547], "rotation": {"angle": 22.5, "axis": "y", "origin": [8.98636, 10.6, 7.36863]}, "faces": {"north": {"uv": [0, 0, 0.3, 0.7], "texture": "#0"}, "east": {"uv": [0, 0, 0.4, 0.7], "texture": "#0"}, "south": {"uv": [0, 0, 0.3, 0.7], "texture": "#0"}, "west": {"uv": [0, 0, 0.4, 0.7], "texture": "#0"}, "up": {"uv": [0, 0, 0.3, 0.4], "texture": "#0"}, "down": {"uv": [0, 0, 0.3, 0.4], "texture": "#0"}}}, {"from": [6.38861, 9.925, 8.011], "to": [9.08861, 10.5, 8.611], "rotation": {"angle": 22.5, "axis": "y", "origin": [7.21319, 10.6, 7.85422]}, "faces": {"north": {"uv": [0, 0, 0.3, 0.7], "texture": "#0"}, "east": {"uv": [0, 0, 0.4, 0.7], "texture": "#0"}, "south": {"uv": [0, 0, 0.3, 0.7], "texture": "#0"}, "west": {"uv": [0, 0, 0.4, 0.7], "texture": "#0"}, "up": {"uv": [0, 0, 0.3, 0.4], "texture": "#0"}, "down": {"uv": [0, 0, 0.3, 0.4], "texture": "#0"}}}, {"from": [8.88985, 9.925, 8.1683], "to": [9.33985, 10.5, 8.7683], "rotation": {"angle": -22.5, "axis": "y", "origin": [9.06602, 10.6, 8.71383]}, "faces": {"north": {"uv": [0, 0, 0.3, 0.7], "texture": "#0"}, "east": {"uv": [0, 0, 0.4, 0.7], "texture": "#0"}, "south": {"uv": [0, 0, 0.3, 0.7], "texture": "#0"}, "west": {"uv": [0, 0, 0.4, 0.7], "texture": "#0"}, "up": {"uv": [0, 0, 0.3, 0.4], "texture": "#0"}, "down": {"uv": [0, 0, 0.3, 0.4], "texture": "#0"}}}, {"from": [6.51137, 9.925, 7.39382], "to": [9.21137, 10.5, 7.99382], "rotation": {"angle": -22.5, "axis": "y", "origin": [7.21319, 10.6, 7.85422]}, "faces": {"north": {"uv": [0, 0, 0.3, 0.7], "texture": "#0"}, "east": {"uv": [0, 0, 0.4, 0.7], "texture": "#0"}, "south": {"uv": [0, 0, 0.3, 0.7], "texture": "#0"}, "west": {"uv": [0, 0, 0.4, 0.7], "texture": "#0"}, "up": {"uv": [0, 0, 0.3, 0.4], "texture": "#0"}, "down": {"uv": [0, 0, 0.3, 0.4], "texture": "#0"}}}, {"from": [8.04037, 9.925, 6.82722], "to": [8.64037, 10.5, 9.52722], "rotation": {"angle": -22.5, "axis": "y", "origin": [8.98636, 10.6, 7.36863]}, "faces": {"north": {"uv": [0, 0, 0.4, 0.7], "texture": "#0"}, "east": {"uv": [0, 0, 0.3, 0.7], "texture": "#0"}, "south": {"uv": [0, 0, 0.4, 0.7], "texture": "#0"}, "west": {"uv": [0, 0, 0.3, 0.7], "texture": "#0"}, "up": {"uv": [0, 0, 0.4, 0.3], "texture": "#0"}, "down": {"uv": [0, 0, 0.4, 0.3], "texture": "#0"}}}, {"from": [7.71957, 9.925, 8.75202], "to": [8.31957, 10.5, 9.20202], "rotation": {"angle": -22.5, "axis": "y", "origin": [7.21319, 10.6, 7.85422]}, "faces": {"north": {"uv": [0, 0, 0.4, 0.7], "texture": "#0"}, "east": {"uv": [0, 0, 0.3, 0.7], "texture": "#0"}, "south": {"uv": [0, 0, 0.4, 0.7], "texture": "#0"}, "west": {"uv": [0, 0, 0.3, 0.7], "texture": "#0"}, "up": {"uv": [0, 0, 0.4, 0.3], "texture": "#0"}, "down": {"uv": [0, 0, 0.4, 0.3], "texture": "#0"}}}, {"from": [7.84903, 10.77315, 8.33593], "to": [8.14543, 13.28685, 8.74823], "rotation": {"angle": 0, "axis": "y", "origin": [12.29503, 16.70115, 7.41443]}, "faces": {"north": {"uv": [0, 0, 0.2964, 2.5137], "texture": "#0"}, "east": {"uv": [0, 0, 0.4123, 2.5137], "texture": "#0"}, "south": {"uv": [0, 0, 0.2964, 2.5137], "texture": "#0"}, "west": {"uv": [0, 0, 0.4123, 2.5137], "texture": "#0"}, "up": {"uv": [0, 0, 0.2964, 0.4123], "texture": "#0"}, "down": {"uv": [0, 0, 0.2964, 0.4123], "texture": "#0"}}}, {"from": [7.84903, 10.77315, 7.25813], "to": [8.14543, 13.28685, 7.67043], "rotation": {"angle": 0, "axis": "y", "origin": [7.59888, 11.1066, 7.92394]}, "faces": {"north": {"uv": [0, 0, 0.2964, 2.5137], "texture": "#0"}, "east": {"uv": [0, 0, 0.4123, 2.5137], "texture": "#0"}, "south": {"uv": [0, 0, 0.2964, 2.5137], "texture": "#0"}, "west": {"uv": [0, 0, 0.4123, 2.5137], "texture": "#0"}, "up": {"uv": [0, 0, 0.2964, 0.4123], "texture": "#0"}, "down": {"uv": [0, 0, 0.2964, 0.4123], "texture": "#0"}}}, {"from": [8.32998, 10.77315, 7.85498], "to": [8.74228, 13.28685, 8.15138], "rotation": {"angle": 0, "axis": "y", "origin": [8.47482, 11.1066, 7.68406]}, "faces": {"north": {"uv": [0, 0, 0.4123, 2.5137], "texture": "#0"}, "east": {"uv": [0, 0, 0.2964, 2.5137], "texture": "#0"}, "south": {"uv": [0, 0, 0.4123, 2.5137], "texture": "#0"}, "west": {"uv": [0, 0, 0.2964, 2.5137], "texture": "#0"}, "up": {"uv": [0, 0, 0.4123, 0.2964], "texture": "#0"}, "down": {"uv": [0, 0, 0.4123, 0.2964], "texture": "#0"}}}, {"from": [7.25218, 10.77315, 7.85498], "to": [7.66448, 13.28685, 8.15138], "rotation": {"angle": 0, "axis": "y", "origin": [7.59888, 11.1066, 7.92394]}, "faces": {"north": {"uv": [0, 0, 0.4123, 2.5137], "texture": "#0"}, "east": {"uv": [0, 0, 0.2964, 2.5137], "texture": "#0"}, "south": {"uv": [0, 0, 0.4123, 2.5137], "texture": "#0"}, "west": {"uv": [0, 0, 0.2964, 2.5137], "texture": "#0"}, "up": {"uv": [0, 0, 0.4123, 0.2964], "texture": "#0"}, "down": {"uv": [0, 0, 0.4123, 0.2964], "texture": "#0"}}}, {"from": [8.24468, 10.77315, 8.07157], "to": [8.54108, 13.28685, 8.48387], "rotation": {"angle": 45, "axis": "y", "origin": [8.51417, 11.1066, 8.34859]}, "faces": {"north": {"uv": [0, 0, 0.2964, 2.5137], "texture": "#0"}, "east": {"uv": [0, 0, 0.4123, 2.5137], "texture": "#0"}, "south": {"uv": [0, 0, 0.2964, 2.5137], "texture": "#0"}, "west": {"uv": [0, 0, 0.4123, 2.5137], "texture": "#0"}, "up": {"uv": [0, 0, 0.2964, 0.4123], "texture": "#0"}, "down": {"uv": [0, 0, 0.2964, 0.4123], "texture": "#0"}}}, {"from": [7.67633, 10.77315, 7.5166], "to": [7.97273, 13.28685, 7.9289], "rotation": {"angle": 45, "axis": "y", "origin": [7.59888, 11.1066, 7.92394]}, "faces": {"north": {"uv": [0, 0, 0.2964, 2.5137], "texture": "#0"}, "east": {"uv": [0, 0, 0.4123, 2.5137], "texture": "#0"}, "south": {"uv": [0, 0, 0.2964, 2.5137], "texture": "#0"}, "west": {"uv": [0, 0, 0.4123, 2.5137], "texture": "#0"}, "up": {"uv": [0, 0, 0.2964, 0.4123], "texture": "#0"}, "down": {"uv": [0, 0, 0.2964, 0.4123], "texture": "#0"}}}, {"from": [8.24422, 10.77315, 7.42381], "to": [8.65652, 13.28685, 7.72021], "rotation": {"angle": 45, "axis": "y", "origin": [8.47482, 11.1066, 7.68406]}, "faces": {"north": {"uv": [0, 0, 0.4123, 2.5137], "texture": "#0"}, "east": {"uv": [0, 0, 0.2964, 2.5137], "texture": "#0"}, "south": {"uv": [0, 0, 0.4123, 2.5137], "texture": "#0"}, "west": {"uv": [0, 0, 0.2964, 2.5137], "texture": "#0"}, "up": {"uv": [0, 0, 0.4123, 0.2964], "texture": "#0"}, "down": {"uv": [0, 0, 0.4123, 0.2964], "texture": "#0"}}}, {"from": [7.07947, 10.77315, 8.11345], "to": [7.49177, 13.28685, 8.40985], "rotation": {"angle": 45, "axis": "y", "origin": [7.59888, 11.1066, 7.92394]}, "faces": {"north": {"uv": [0, 0, 0.4123, 2.5137], "texture": "#0"}, "east": {"uv": [0, 0, 0.2964, 2.5137], "texture": "#0"}, "south": {"uv": [0, 0, 0.4123, 2.5137], "texture": "#0"}, "west": {"uv": [0, 0, 0.2964, 2.5137], "texture": "#0"}, "up": {"uv": [0, 0, 0.4123, 0.2964], "texture": "#0"}, "down": {"uv": [0, 0, 0.4123, 0.2964], "texture": "#0"}}}, {"from": [8.09162, 10.77315, 8.28768], "to": [8.38802, 13.28685, 8.69998], "rotation": {"angle": 22.5, "axis": "y", "origin": [8.23982, 11.1066, 8.58883]}, "faces": {"north": {"uv": [0, 0, 0.2964, 2.5137], "texture": "#0"}, "east": {"uv": [0, 0, 0.4123, 2.5137], "texture": "#0"}, "south": {"uv": [0, 0, 0.2964, 2.5137], "texture": "#0"}, "west": {"uv": [0, 0, 0.4123, 2.5137], "texture": "#0"}, "up": {"uv": [0, 0, 0.2964, 0.4123], "texture": "#0"}, "down": {"uv": [0, 0, 0.2964, 0.4123], "texture": "#0"}}}, {"from": [7.78839, 10.77315, 7.40454], "to": [8.08479, 13.28685, 7.81684], "rotation": {"angle": 22.5, "axis": "y", "origin": [7.59888, 11.1066, 7.92394]}, "faces": {"north": {"uv": [0, 0, 0.2964, 2.5137], "texture": "#0"}, "east": {"uv": [0, 0, 0.4123, 2.5137], "texture": "#0"}, "south": {"uv": [0, 0, 0.2964, 2.5137], "texture": "#0"}, "west": {"uv": [0, 0, 0.4123, 2.5137], "texture": "#0"}, "up": {"uv": [0, 0, 0.2964, 0.4123], "texture": "#0"}, "down": {"uv": [0, 0, 0.2964, 0.4123], "texture": "#0"}}}, {"from": [8.24422, 10.77315, 7.64792], "to": [8.65652, 13.28685, 7.94432], "rotation": {"angle": 22.5, "axis": "y", "origin": [8.47482, 11.1066, 7.68406]}, "faces": {"north": {"uv": [0, 0, 0.4123, 2.5137], "texture": "#0"}, "east": {"uv": [0, 0, 0.2964, 2.5137], "texture": "#0"}, "south": {"uv": [0, 0, 0.4123, 2.5137], "texture": "#0"}, "west": {"uv": [0, 0, 0.2964, 2.5137], "texture": "#0"}, "up": {"uv": [0, 0, 0.4123, 0.2964], "texture": "#0"}, "down": {"uv": [0, 0, 0.4123, 0.2964], "texture": "#0"}}}, {"from": [7.19153, 10.77315, 8.00139], "to": [7.60383, 13.28685, 8.29779], "rotation": {"angle": 22.5, "axis": "y", "origin": [7.59888, 11.1066, 7.92394]}, "faces": {"north": {"uv": [0, 0, 0.4123, 2.5137], "texture": "#0"}, "east": {"uv": [0, 0, 0.2964, 2.5137], "texture": "#0"}, "south": {"uv": [0, 0, 0.4123, 2.5137], "texture": "#0"}, "west": {"uv": [0, 0, 0.2964, 2.5137], "texture": "#0"}, "up": {"uv": [0, 0, 0.4123, 0.2964], "texture": "#0"}, "down": {"uv": [0, 0, 0.4123, 0.2964], "texture": "#0"}}}, {"from": [8.23715, 10.77315, 8.0791], "to": [8.64945, 13.28685, 8.3755], "rotation": {"angle": -22.5, "axis": "y", "origin": [8.51417, 11.1066, 8.34859]}, "faces": {"north": {"uv": [0, 0, 0.4123, 2.5137], "texture": "#0"}, "east": {"uv": [0, 0, 0.2964, 2.5137], "texture": "#0"}, "south": {"uv": [0, 0, 0.4123, 2.5137], "texture": "#0"}, "west": {"uv": [0, 0, 0.2964, 2.5137], "texture": "#0"}, "up": {"uv": [0, 0, 0.4123, 0.2964], "texture": "#0"}, "down": {"uv": [0, 0, 0.4123, 0.2964], "texture": "#0"}}}, {"from": [7.25218, 10.77315, 7.69651], "to": [7.66448, 13.28685, 7.99291], "rotation": {"angle": -22.5, "axis": "y", "origin": [7.59888, 11.1066, 7.92394]}, "faces": {"north": {"uv": [0, 0, 0.4123, 2.5137], "texture": "#0"}, "east": {"uv": [0, 0, 0.2964, 2.5137], "texture": "#0"}, "south": {"uv": [0, 0, 0.4123, 2.5137], "texture": "#0"}, "west": {"uv": [0, 0, 0.2964, 2.5137], "texture": "#0"}, "up": {"uv": [0, 0, 0.4123, 0.2964], "texture": "#0"}, "down": {"uv": [0, 0, 0.4123, 0.2964], "texture": "#0"}}}, {"from": [8.00751, 10.77315, 7.41661], "to": [8.30391, 13.28685, 7.82891], "rotation": {"angle": -22.5, "axis": "y", "origin": [8.47482, 11.1066, 7.68406]}, "faces": {"north": {"uv": [0, 0, 0.2964, 2.5137], "texture": "#0"}, "east": {"uv": [0, 0, 0.4123, 2.5137], "texture": "#0"}, "south": {"uv": [0, 0, 0.2964, 2.5137], "texture": "#0"}, "west": {"uv": [0, 0, 0.4123, 2.5137], "texture": "#0"}, "up": {"uv": [0, 0, 0.2964, 0.4123], "texture": "#0"}, "down": {"uv": [0, 0, 0.2964, 0.4123], "texture": "#0"}}}, {"from": [7.84903, 10.77315, 8.17746], "to": [8.14543, 13.28685, 8.58976], "rotation": {"angle": -22.5, "axis": "y", "origin": [7.59888, 11.1066, 7.92394]}, "faces": {"north": {"uv": [0, 0, 0.2964, 2.5137], "texture": "#0"}, "east": {"uv": [0, 0, 0.4123, 2.5137], "texture": "#0"}, "south": {"uv": [0, 0, 0.2964, 2.5137], "texture": "#0"}, "west": {"uv": [0, 0, 0.4123, 2.5137], "texture": "#0"}, "up": {"uv": [0, 0, 0.2964, 0.4123], "texture": "#0"}, "down": {"uv": [0, 0, 0.2964, 0.4123], "texture": "#0"}}}, {"from": [7.81003, 10.9624, 8.6635], "to": [8.18443, 12.7176, 8.9443], "rotation": {"angle": 0, "axis": "y", "origin": [13.42603, 18.4504, 7.2595]}, "faces": {"north": {"uv": [0, 0, 0.3744, 1.7552], "texture": "#0"}, "east": {"uv": [0, 0, 0.2808, 1.7552], "texture": "#0"}, "south": {"uv": [0, 0, 0.3744, 1.7552], "texture": "#0"}, "west": {"uv": [0, 0, 0.2808, 1.7552], "texture": "#0"}, "up": {"uv": [0, 0, 0.3744, 0.2808], "texture": "#0"}, "down": {"uv": [0, 0, 0.3744, 0.2808], "texture": "#0"}}}, {"from": [7.81003, 10.9624, 7.06206], "to": [8.18443, 12.7176, 7.34286], "rotation": {"angle": 0, "axis": "y", "origin": [7.49405, 11.3836, 7.90309]}, "faces": {"north": {"uv": [0, 0, 0.3744, 1.7552], "texture": "#0"}, "east": {"uv": [0, 0, 0.2808, 1.7552], "texture": "#0"}, "south": {"uv": [0, 0, 0.3744, 1.7552], "texture": "#0"}, "west": {"uv": [0, 0, 0.2808, 1.7552], "texture": "#0"}, "up": {"uv": [0, 0, 0.3744, 0.2808], "texture": "#0"}, "down": {"uv": [0, 0, 0.3744, 0.2808], "texture": "#0"}}}, {"from": [8.65755, 10.9624, 7.81598], "to": [8.93835, 12.7176, 8.19038], "rotation": {"angle": 0, "axis": "y", "origin": [8.60051, 11.3836, 7.60009]}, "faces": {"north": {"uv": [0, 0, 0.2808, 1.7552], "texture": "#0"}, "east": {"uv": [0, 0, 0.3744, 1.7552], "texture": "#0"}, "south": {"uv": [0, 0, 0.2808, 1.7552], "texture": "#0"}, "west": {"uv": [0, 0, 0.3744, 1.7552], "texture": "#0"}, "up": {"uv": [0, 0, 0.2808, 0.3744], "texture": "#0"}, "down": {"uv": [0, 0, 0.2808, 0.3744], "texture": "#0"}}}, {"from": [7.05611, 10.9624, 7.81598], "to": [7.33691, 12.7176, 8.19038], "rotation": {"angle": 0, "axis": "y", "origin": [7.49405, 11.3836, 7.90309]}, "faces": {"north": {"uv": [0, 0, 0.2808, 1.7552], "texture": "#0"}, "east": {"uv": [0, 0, 0.3744, 1.7552], "texture": "#0"}, "south": {"uv": [0, 0, 0.2808, 1.7552], "texture": "#0"}, "west": {"uv": [0, 0, 0.3744, 1.7552], "texture": "#0"}, "up": {"uv": [0, 0, 0.2808, 0.3744], "texture": "#0"}, "down": {"uv": [0, 0, 0.2808, 0.3744], "texture": "#0"}}}, {"from": [8.3098, 10.9624, 8.32956], "to": [8.6842, 12.7176, 8.61036], "rotation": {"angle": 45, "axis": "y", "origin": [8.65021, 11.3836, 8.43949]}, "faces": {"north": {"uv": [0, 0, 0.3744, 1.7552], "texture": "#0"}, "east": {"uv": [0, 0, 0.2808, 1.7552], "texture": "#0"}, "south": {"uv": [0, 0, 0.3744, 1.7552], "texture": "#0"}, "west": {"uv": [0, 0, 0.2808, 1.7552], "texture": "#0"}, "up": {"uv": [0, 0, 0.3744, 0.2808], "texture": "#0"}, "down": {"uv": [0, 0, 0.3744, 0.2808], "texture": "#0"}}}, {"from": [7.59188, 10.9624, 7.38855], "to": [7.96628, 12.7176, 7.66935], "rotation": {"angle": 45, "axis": "y", "origin": [7.49405, 11.3836, 7.90309]}, "faces": {"north": {"uv": [0, 0, 0.3744, 1.7552], "texture": "#0"}, "east": {"uv": [0, 0, 0.2808, 1.7552], "texture": "#0"}, "south": {"uv": [0, 0, 0.3744, 1.7552], "texture": "#0"}, "west": {"uv": [0, 0, 0.2808, 1.7552], "texture": "#0"}, "up": {"uv": [0, 0, 0.3744, 0.2808], "texture": "#0"}, "down": {"uv": [0, 0, 0.3744, 0.2808], "texture": "#0"}}}, {"from": [8.54921, 10.9624, 7.27134], "to": [8.83001, 12.7176, 7.64574], "rotation": {"angle": 45, "axis": "y", "origin": [8.60051, 11.3836, 7.60009]}, "faces": {"north": {"uv": [0, 0, 0.2808, 1.7552], "texture": "#0"}, "east": {"uv": [0, 0, 0.3744, 1.7552], "texture": "#0"}, "south": {"uv": [0, 0, 0.2808, 1.7552], "texture": "#0"}, "west": {"uv": [0, 0, 0.3744, 1.7552], "texture": "#0"}, "up": {"uv": [0, 0, 0.2808, 0.3744], "texture": "#0"}, "down": {"uv": [0, 0, 0.2808, 0.3744], "texture": "#0"}}}, {"from": [6.83796, 10.9624, 8.14247], "to": [7.11876, 12.7176, 8.51687], "rotation": {"angle": 45, "axis": "y", "origin": [7.49405, 11.3836, 7.90309]}, "faces": {"north": {"uv": [0, 0, 0.2808, 1.7552], "texture": "#0"}, "east": {"uv": [0, 0, 0.3744, 1.7552], "texture": "#0"}, "south": {"uv": [0, 0, 0.2808, 1.7552], "texture": "#0"}, "west": {"uv": [0, 0, 0.3744, 1.7552], "texture": "#0"}, "up": {"uv": [0, 0, 0.2808, 0.3744], "texture": "#0"}, "down": {"uv": [0, 0, 0.2808, 0.3744], "texture": "#0"}}}, {"from": [8.11645, 10.9624, 8.60255], "to": [8.49085, 12.7176, 8.88335], "rotation": {"angle": 22.5, "axis": "y", "origin": [8.30365, 11.3836, 8.74295]}, "faces": {"north": {"uv": [0, 0, 0.3744, 1.7552], "texture": "#0"}, "east": {"uv": [0, 0, 0.2808, 1.7552], "texture": "#0"}, "south": {"uv": [0, 0, 0.3744, 1.7552], "texture": "#0"}, "west": {"uv": [0, 0, 0.2808, 1.7552], "texture": "#0"}, "up": {"uv": [0, 0, 0.3744, 0.2808], "texture": "#0"}, "down": {"uv": [0, 0, 0.3744, 0.2808], "texture": "#0"}}}, {"from": [7.73343, 10.9624, 7.24701], "to": [8.10783, 12.7176, 7.52781], "rotation": {"angle": 22.5, "axis": "y", "origin": [7.49405, 11.3836, 7.90309]}, "faces": {"north": {"uv": [0, 0, 0.3744, 1.7552], "texture": "#0"}, "east": {"uv": [0, 0, 0.2808, 1.7552], "texture": "#0"}, "south": {"uv": [0, 0, 0.3744, 1.7552], "texture": "#0"}, "west": {"uv": [0, 0, 0.2808, 1.7552], "texture": "#0"}, "up": {"uv": [0, 0, 0.3744, 0.2808], "texture": "#0"}, "down": {"uv": [0, 0, 0.3744, 0.2808], "texture": "#0"}}}, {"from": [8.54921, 10.9624, 7.55443], "to": [8.83001, 12.7176, 7.92883], "rotation": {"angle": 22.5, "axis": "y", "origin": [8.60051, 11.3836, 7.60009]}, "faces": {"north": {"uv": [0, 0, 0.2808, 1.7552], "texture": "#0"}, "east": {"uv": [0, 0, 0.3744, 1.7552], "texture": "#0"}, "south": {"uv": [0, 0, 0.2808, 1.7552], "texture": "#0"}, "west": {"uv": [0, 0, 0.3744, 1.7552], "texture": "#0"}, "up": {"uv": [0, 0, 0.2808, 0.3744], "texture": "#0"}, "down": {"uv": [0, 0, 0.2808, 0.3744], "texture": "#0"}}}, {"from": [6.97951, 10.9624, 8.00092], "to": [7.26031, 12.7176, 8.37532], "rotation": {"angle": 22.5, "axis": "y", "origin": [7.49405, 11.3836, 7.90309]}, "faces": {"north": {"uv": [0, 0, 0.2808, 1.7552], "texture": "#0"}, "east": {"uv": [0, 0, 0.3744, 1.7552], "texture": "#0"}, "south": {"uv": [0, 0, 0.2808, 1.7552], "texture": "#0"}, "west": {"uv": [0, 0, 0.3744, 1.7552], "texture": "#0"}, "up": {"uv": [0, 0, 0.2808, 0.3744], "texture": "#0"}, "down": {"uv": [0, 0, 0.2808, 0.3744], "texture": "#0"}}}, {"from": [8.54029, 10.9624, 8.09908], "to": [8.82109, 12.7176, 8.47348], "rotation": {"angle": -22.5, "axis": "y", "origin": [8.65021, 11.3836, 8.43949]}, "faces": {"north": {"uv": [0, 0, 0.2808, 1.7552], "texture": "#0"}, "east": {"uv": [0, 0, 0.3744, 1.7552], "texture": "#0"}, "south": {"uv": [0, 0, 0.2808, 1.7552], "texture": "#0"}, "west": {"uv": [0, 0, 0.3744, 1.7552], "texture": "#0"}, "up": {"uv": [0, 0, 0.2808, 0.3744], "texture": "#0"}, "down": {"uv": [0, 0, 0.2808, 0.3744], "texture": "#0"}}}, {"from": [7.05611, 10.9624, 7.6158], "to": [7.33691, 12.7176, 7.9902], "rotation": {"angle": -22.5, "axis": "y", "origin": [7.49405, 11.3836, 7.90309]}, "faces": {"north": {"uv": [0, 0, 0.2808, 1.7552], "texture": "#0"}, "east": {"uv": [0, 0, 0.3744, 1.7552], "texture": "#0"}, "south": {"uv": [0, 0, 0.2808, 1.7552], "texture": "#0"}, "west": {"uv": [0, 0, 0.3744, 1.7552], "texture": "#0"}, "up": {"uv": [0, 0, 0.2808, 0.3744], "texture": "#0"}, "down": {"uv": [0, 0, 0.2808, 0.3744], "texture": "#0"}}}, {"from": [8.01021, 10.9624, 7.26224], "to": [8.38461, 12.7176, 7.54304], "rotation": {"angle": -22.5, "axis": "y", "origin": [8.60051, 11.3836, 7.60009]}, "faces": {"north": {"uv": [0, 0, 0.3744, 1.7552], "texture": "#0"}, "east": {"uv": [0, 0, 0.2808, 1.7552], "texture": "#0"}, "south": {"uv": [0, 0, 0.3744, 1.7552], "texture": "#0"}, "west": {"uv": [0, 0, 0.2808, 1.7552], "texture": "#0"}, "up": {"uv": [0, 0, 0.3744, 0.2808], "texture": "#0"}, "down": {"uv": [0, 0, 0.3744, 0.2808], "texture": "#0"}}}, {"from": [7.81003, 10.9624, 8.46332], "to": [8.18443, 12.7176, 8.74412], "rotation": {"angle": -22.5, "axis": "y", "origin": [7.49405, 11.3836, 7.90309]}, "faces": {"north": {"uv": [0, 0, 0.3744, 1.7552], "texture": "#0"}, "east": {"uv": [0, 0, 0.2808, 1.7552], "texture": "#0"}, "south": {"uv": [0, 0, 0.3744, 1.7552], "texture": "#0"}, "west": {"uv": [0, 0, 0.2808, 1.7552], "texture": "#0"}, "up": {"uv": [0, 0, 0.3744, 0.2808], "texture": "#0"}, "down": {"uv": [0, 0, 0.3744, 0.2808], "texture": "#0"}}}, {"from": [7.75387, 11.25412, 8.86159], "to": [8.24059, 12.10588, 9.22663], "rotation": {"angle": 0, "axis": "y", "origin": [15.05467, 20.98852, 7.03639]}, "faces": {"north": {"uv": [0, 0, 0.48672, 0.85176], "texture": "#0"}, "east": {"uv": [0, 0, 0.36504, 0.85176], "texture": "#0"}, "south": {"uv": [0, 0, 0.48672, 0.85176], "texture": "#0"}, "west": {"uv": [0, 0, 0.36504, 0.85176], "texture": "#0"}, "up": {"uv": [0, 0, 0.48672, 0.36504], "texture": "#0"}, "down": {"uv": [0, 0, 0.48672, 0.36504], "texture": "#0"}}}, {"from": [7.75387, 11.25412, 6.77973], "to": [8.24059, 12.10588, 7.14477], "rotation": {"angle": 0, "axis": "y", "origin": [7.34309, 11.80168, 7.87306]}, "faces": {"north": {"uv": [0, 0, 0.48672, 0.85176], "texture": "#0"}, "east": {"uv": [0, 0, 0.36504, 0.85176], "texture": "#0"}, "south": {"uv": [0, 0, 0.48672, 0.85176], "texture": "#0"}, "west": {"uv": [0, 0, 0.36504, 0.85176], "texture": "#0"}, "up": {"uv": [0, 0, 0.48672, 0.36504], "texture": "#0"}, "down": {"uv": [0, 0, 0.48672, 0.36504], "texture": "#0"}}}, {"from": [8.85565, 11.25412, 7.75982], "to": [9.22069, 12.10588, 8.24654], "rotation": {"angle": 0, "axis": "y", "origin": [8.78149, 11.80168, 7.47916]}, "faces": {"north": {"uv": [0, 0, 0.36504, 0.85176], "texture": "#0"}, "east": {"uv": [0, 0, 0.48672, 0.85176], "texture": "#0"}, "south": {"uv": [0, 0, 0.36504, 0.85176], "texture": "#0"}, "west": {"uv": [0, 0, 0.48672, 0.85176], "texture": "#0"}, "up": {"uv": [0, 0, 0.36504, 0.48672], "texture": "#0"}, "down": {"uv": [0, 0, 0.36504, 0.48672], "texture": "#0"}}}, {"from": [6.77378, 11.25412, 7.75982], "to": [7.13882, 12.10588, 8.24654], "rotation": {"angle": 0, "axis": "y", "origin": [7.34309, 11.80168, 7.87306]}, "faces": {"north": {"uv": [0, 0, 0.36504, 0.85176], "texture": "#0"}, "east": {"uv": [0, 0, 0.48672, 0.85176], "texture": "#0"}, "south": {"uv": [0, 0, 0.36504, 0.85176], "texture": "#0"}, "west": {"uv": [0, 0, 0.48672, 0.85176], "texture": "#0"}, "up": {"uv": [0, 0, 0.36504, 0.48672], "texture": "#0"}, "down": {"uv": [0, 0, 0.36504, 0.48672], "texture": "#0"}}}, {"from": [8.40357, 11.25412, 8.42748], "to": [8.89029, 12.10588, 8.79252], "rotation": {"angle": 45, "axis": "y", "origin": [8.84611, 11.80168, 8.57038]}, "faces": {"north": {"uv": [0, 0, 0.48672, 0.85176], "texture": "#0"}, "east": {"uv": [0, 0, 0.36504, 0.85176], "texture": "#0"}, "south": {"uv": [0, 0, 0.48672, 0.85176], "texture": "#0"}, "west": {"uv": [0, 0, 0.36504, 0.85176], "texture": "#0"}, "up": {"uv": [0, 0, 0.48672, 0.36504], "texture": "#0"}, "down": {"uv": [0, 0, 0.48672, 0.36504], "texture": "#0"}}}, {"from": [7.47027, 11.25412, 7.20417], "to": [7.95699, 12.10588, 7.56921], "rotation": {"angle": 45, "axis": "y", "origin": [7.34309, 11.80168, 7.87306]}, "faces": {"north": {"uv": [0, 0, 0.48672, 0.85176], "texture": "#0"}, "east": {"uv": [0, 0, 0.36504, 0.85176], "texture": "#0"}, "south": {"uv": [0, 0, 0.48672, 0.85176], "texture": "#0"}, "west": {"uv": [0, 0, 0.36504, 0.85176], "texture": "#0"}, "up": {"uv": [0, 0, 0.48672, 0.36504], "texture": "#0"}, "down": {"uv": [0, 0, 0.48672, 0.36504], "texture": "#0"}}}, {"from": [8.71481, 11.25412, 7.05178], "to": [9.07985, 12.10588, 7.5385], "rotation": {"angle": 45, "axis": "y", "origin": [8.78149, 11.80168, 7.47916]}, "faces": {"north": {"uv": [0, 0, 0.36504, 0.85176], "texture": "#0"}, "east": {"uv": [0, 0, 0.48672, 0.85176], "texture": "#0"}, "south": {"uv": [0, 0, 0.36504, 0.85176], "texture": "#0"}, "west": {"uv": [0, 0, 0.48672, 0.85176], "texture": "#0"}, "up": {"uv": [0, 0, 0.36504, 0.48672], "texture": "#0"}, "down": {"uv": [0, 0, 0.36504, 0.48672], "texture": "#0"}}}, {"from": [6.49018, 11.25412, 8.18426], "to": [6.85522, 12.10588, 8.67098], "rotation": {"angle": 45, "axis": "y", "origin": [7.34309, 11.80168, 7.87306]}, "faces": {"north": {"uv": [0, 0, 0.36504, 0.85176], "texture": "#0"}, "east": {"uv": [0, 0, 0.48672, 0.85176], "texture": "#0"}, "south": {"uv": [0, 0, 0.36504, 0.85176], "texture": "#0"}, "west": {"uv": [0, 0, 0.48672, 0.85176], "texture": "#0"}, "up": {"uv": [0, 0, 0.36504, 0.48672], "texture": "#0"}, "down": {"uv": [0, 0, 0.36504, 0.48672], "texture": "#0"}}}, {"from": [8.15222, 11.25412, 8.78236], "to": [8.63894, 12.10588, 9.1474], "rotation": {"angle": 22.5, "axis": "y", "origin": [8.39558, 11.80168, 8.96488]}, "faces": {"north": {"uv": [0, 0, 0.48672, 0.85176], "texture": "#0"}, "east": {"uv": [0, 0, 0.36504, 0.85176], "texture": "#0"}, "south": {"uv": [0, 0, 0.48672, 0.85176], "texture": "#0"}, "west": {"uv": [0, 0, 0.36504, 0.85176], "texture": "#0"}, "up": {"uv": [0, 0, 0.48672, 0.36504], "texture": "#0"}, "down": {"uv": [0, 0, 0.48672, 0.36504], "texture": "#0"}}}, {"from": [7.65428, 11.25412, 7.02015], "to": [8.141, 12.10588, 7.38519], "rotation": {"angle": 22.5, "axis": "y", "origin": [7.34309, 11.80168, 7.87306]}, "faces": {"north": {"uv": [0, 0, 0.48672, 0.85176], "texture": "#0"}, "east": {"uv": [0, 0, 0.36504, 0.85176], "texture": "#0"}, "south": {"uv": [0, 0, 0.48672, 0.85176], "texture": "#0"}, "west": {"uv": [0, 0, 0.36504, 0.85176], "texture": "#0"}, "up": {"uv": [0, 0, 0.48672, 0.36504], "texture": "#0"}, "down": {"uv": [0, 0, 0.48672, 0.36504], "texture": "#0"}}}, {"from": [8.71481, 11.25412, 7.41981], "to": [9.07985, 12.10588, 7.90653], "rotation": {"angle": 22.5, "axis": "y", "origin": [8.78149, 11.80168, 7.47916]}, "faces": {"north": {"uv": [0, 0, 0.36504, 0.85176], "texture": "#0"}, "east": {"uv": [0, 0, 0.48672, 0.85176], "texture": "#0"}, "south": {"uv": [0, 0, 0.36504, 0.85176], "texture": "#0"}, "west": {"uv": [0, 0, 0.48672, 0.85176], "texture": "#0"}, "up": {"uv": [0, 0, 0.36504, 0.48672], "texture": "#0"}, "down": {"uv": [0, 0, 0.36504, 0.48672], "texture": "#0"}}}, {"from": [6.67419, 11.25412, 8.00025], "to": [7.03923, 12.10588, 8.48697], "rotation": {"angle": 22.5, "axis": "y", "origin": [7.34309, 11.80168, 7.87306]}, "faces": {"north": {"uv": [0, 0, 0.36504, 0.85176], "texture": "#0"}, "east": {"uv": [0, 0, 0.48672, 0.85176], "texture": "#0"}, "south": {"uv": [0, 0, 0.36504, 0.85176], "texture": "#0"}, "west": {"uv": [0, 0, 0.48672, 0.85176], "texture": "#0"}, "up": {"uv": [0, 0, 0.36504, 0.48672], "texture": "#0"}, "down": {"uv": [0, 0, 0.36504, 0.48672], "texture": "#0"}}}, {"from": [8.7032, 11.25412, 8.12785], "to": [9.06824, 12.10588, 8.61457], "rotation": {"angle": -22.5, "axis": "y", "origin": [8.84611, 11.80168, 8.57038]}, "faces": {"north": {"uv": [0, 0, 0.36504, 0.85176], "texture": "#0"}, "east": {"uv": [0, 0, 0.48672, 0.85176], "texture": "#0"}, "south": {"uv": [0, 0, 0.36504, 0.85176], "texture": "#0"}, "west": {"uv": [0, 0, 0.48672, 0.85176], "texture": "#0"}, "up": {"uv": [0, 0, 0.36504, 0.48672], "texture": "#0"}, "down": {"uv": [0, 0, 0.36504, 0.48672], "texture": "#0"}}}, {"from": [6.77378, 11.25412, 7.49959], "to": [7.13882, 12.10588, 7.98631], "rotation": {"angle": -22.5, "axis": "y", "origin": [7.34309, 11.80168, 7.87306]}, "faces": {"north": {"uv": [0, 0, 0.36504, 0.85176], "texture": "#0"}, "east": {"uv": [0, 0, 0.48672, 0.85176], "texture": "#0"}, "south": {"uv": [0, 0, 0.36504, 0.85176], "texture": "#0"}, "west": {"uv": [0, 0, 0.48672, 0.85176], "texture": "#0"}, "up": {"uv": [0, 0, 0.36504, 0.48672], "texture": "#0"}, "down": {"uv": [0, 0, 0.36504, 0.48672], "texture": "#0"}}}, {"from": [8.01411, 11.25412, 7.03996], "to": [8.50083, 12.10588, 7.405], "rotation": {"angle": -22.5, "axis": "y", "origin": [8.78149, 11.80168, 7.47916]}, "faces": {"north": {"uv": [0, 0, 0.48672, 0.85176], "texture": "#0"}, "east": {"uv": [0, 0, 0.36504, 0.85176], "texture": "#0"}, "south": {"uv": [0, 0, 0.48672, 0.85176], "texture": "#0"}, "west": {"uv": [0, 0, 0.36504, 0.85176], "texture": "#0"}, "up": {"uv": [0, 0, 0.48672, 0.36504], "texture": "#0"}, "down": {"uv": [0, 0, 0.48672, 0.36504], "texture": "#0"}}}, {"from": [7.75387, 11.25412, 8.60136], "to": [8.24059, 12.10588, 8.9664], "rotation": {"angle": -22.5, "axis": "y", "origin": [7.34309, 11.80168, 7.87306]}, "faces": {"north": {"uv": [0, 0, 0.48672, 0.85176], "texture": "#0"}, "east": {"uv": [0, 0, 0.36504, 0.85176], "texture": "#0"}, "south": {"uv": [0, 0, 0.48672, 0.85176], "texture": "#0"}, "west": {"uv": [0, 0, 0.36504, 0.85176], "texture": "#0"}, "up": {"uv": [0, 0, 0.48672, 0.36504], "texture": "#0"}, "down": {"uv": [0, 0, 0.48672, 0.36504], "texture": "#0"}}}, {"from": [7.86523, 13.817, 8.46879], "to": [8.12923, 14.383, 8.66679], "rotation": {"angle": 0, "axis": "y", "origin": [11.82523, 14.777, 7.47879]}, "faces": {"north": {"uv": [0, 0, 0.264, 0.566], "texture": "#0"}, "east": {"uv": [0, 0, 0.198, 0.566], "texture": "#0"}, "south": {"uv": [0, 0, 0.264, 0.566], "texture": "#0"}, "west": {"uv": [0, 0, 0.198, 0.566], "texture": "#0"}, "up": {"uv": [0, 0, 0.264, 0.198], "texture": "#0"}, "down": {"uv": [0, 0, 0.264, 0.198], "texture": "#0"}}}, {"from": [7.86523, 13.817, 7.33957], "to": [8.12923, 14.383, 8.53757], "rotation": {"angle": 0, "axis": "y", "origin": [7.64242, 9.794, 7.93261]}, "faces": {"north": {"uv": [0, 0, 0.264, 0.566], "texture": "#0"}, "east": {"uv": [0, 0, 0.198, 0.566], "texture": "#0"}, "south": {"uv": [0, 0, 0.264, 0.566], "texture": "#0"}, "west": {"uv": [0, 0, 0.198, 0.566], "texture": "#0"}, "up": {"uv": [0, 0, 0.264, 0.198], "texture": "#0"}, "down": {"uv": [0, 0, 0.264, 0.198], "texture": "#0"}}}, {"from": [8.46284, 13.817, 7.87118], "to": [8.66084, 14.383, 8.13518], "rotation": {"angle": 0, "axis": "y", "origin": [8.42262, 9.794, 7.71895]}, "faces": {"north": {"uv": [0, 0, 0.198, 0.566], "texture": "#0"}, "east": {"uv": [0, 0, 0.264, 0.566], "texture": "#0"}, "south": {"uv": [0, 0, 0.198, 0.566], "texture": "#0"}, "west": {"uv": [0, 0, 0.264, 0.566], "texture": "#0"}, "up": {"uv": [0, 0, 0.198, 0.264], "texture": "#0"}, "down": {"uv": [0, 0, 0.198, 0.264], "texture": "#0"}}}, {"from": [7.33362, 13.817, 7.87118], "to": [8.53162, 14.383, 8.13518], "rotation": {"angle": 0, "axis": "y", "origin": [7.64242, 9.794, 7.93261]}, "faces": {"north": {"uv": [0, 0, 0.198, 0.566], "texture": "#0"}, "east": {"uv": [0, 0, 0.264, 0.566], "texture": "#0"}, "south": {"uv": [0, 0, 0.198, 0.566], "texture": "#0"}, "west": {"uv": [0, 0, 0.264, 0.566], "texture": "#0"}, "up": {"uv": [0, 0, 0.198, 0.264], "texture": "#0"}, "down": {"uv": [0, 0, 0.198, 0.264], "texture": "#0"}}}, {"from": [8.21763, 13.817, 8.23332], "to": [8.48163, 14.383, 8.43132], "rotation": {"angle": 45, "axis": "y", "origin": [8.45767, 9.794, 8.31083]}, "faces": {"north": {"uv": [0, 0, 0.264, 0.566], "texture": "#0"}, "east": {"uv": [0, 0, 0.198, 0.566], "texture": "#0"}, "south": {"uv": [0, 0, 0.264, 0.566], "texture": "#0"}, "west": {"uv": [0, 0, 0.198, 0.566], "texture": "#0"}, "up": {"uv": [0, 0, 0.264, 0.198], "texture": "#0"}, "down": {"uv": [0, 0, 0.264, 0.198], "texture": "#0"}}}, {"from": [7.71141, 13.817, 7.56979], "to": [7.97541, 14.383, 8.76779], "rotation": {"angle": 45, "axis": "y", "origin": [7.64242, 9.794, 7.93261]}, "faces": {"north": {"uv": [0, 0, 0.264, 0.566], "texture": "#0"}, "east": {"uv": [0, 0, 0.198, 0.566], "texture": "#0"}, "south": {"uv": [0, 0, 0.264, 0.566], "texture": "#0"}, "west": {"uv": [0, 0, 0.198, 0.566], "texture": "#0"}, "up": {"uv": [0, 0, 0.264, 0.198], "texture": "#0"}, "down": {"uv": [0, 0, 0.264, 0.198], "texture": "#0"}}}, {"from": [8.38645, 13.817, 7.48714], "to": [8.58445, 14.383, 7.75114], "rotation": {"angle": 45, "axis": "y", "origin": [8.42262, 9.794, 7.71895]}, "faces": {"north": {"uv": [0, 0, 0.198, 0.566], "texture": "#0"}, "east": {"uv": [0, 0, 0.264, 0.566], "texture": "#0"}, "south": {"uv": [0, 0, 0.198, 0.566], "texture": "#0"}, "west": {"uv": [0, 0, 0.264, 0.566], "texture": "#0"}, "up": {"uv": [0, 0, 0.198, 0.264], "texture": "#0"}, "down": {"uv": [0, 0, 0.198, 0.264], "texture": "#0"}}}, {"from": [7.1798, 13.817, 8.1014], "to": [8.3778, 14.383, 8.3654], "rotation": {"angle": 45, "axis": "y", "origin": [7.64242, 9.794, 7.93261]}, "faces": {"north": {"uv": [0, 0, 0.198, 0.566], "texture": "#0"}, "east": {"uv": [0, 0, 0.264, 0.566], "texture": "#0"}, "south": {"uv": [0, 0, 0.198, 0.566], "texture": "#0"}, "west": {"uv": [0, 0, 0.264, 0.566], "texture": "#0"}, "up": {"uv": [0, 0, 0.198, 0.264], "texture": "#0"}, "down": {"uv": [0, 0, 0.198, 0.264], "texture": "#0"}}}, {"from": [8.0813, 13.817, 8.42581], "to": [8.3453, 14.383, 8.62381], "rotation": {"angle": 22.5, "axis": "y", "origin": [8.2133, 9.794, 8.52481]}, "faces": {"north": {"uv": [0, 0, 0.264, 0.566], "texture": "#0"}, "east": {"uv": [0, 0, 0.198, 0.566], "texture": "#0"}, "south": {"uv": [0, 0, 0.264, 0.566], "texture": "#0"}, "west": {"uv": [0, 0, 0.198, 0.566], "texture": "#0"}, "up": {"uv": [0, 0, 0.264, 0.198], "texture": "#0"}, "down": {"uv": [0, 0, 0.264, 0.198], "texture": "#0"}}}, {"from": [7.81122, 13.817, 7.46998], "to": [8.07522, 14.383, 8.66798], "rotation": {"angle": 22.5, "axis": "y", "origin": [7.64242, 9.794, 7.93261]}, "faces": {"north": {"uv": [0, 0, 0.264, 0.566], "texture": "#0"}, "east": {"uv": [0, 0, 0.198, 0.566], "texture": "#0"}, "south": {"uv": [0, 0, 0.264, 0.566], "texture": "#0"}, "west": {"uv": [0, 0, 0.198, 0.566], "texture": "#0"}, "up": {"uv": [0, 0, 0.264, 0.198], "texture": "#0"}, "down": {"uv": [0, 0, 0.264, 0.198], "texture": "#0"}}}, {"from": [8.38645, 13.817, 7.68676], "to": [8.58445, 14.383, 7.95076], "rotation": {"angle": 22.5, "axis": "y", "origin": [8.42262, 9.794, 7.71895]}, "faces": {"north": {"uv": [0, 0, 0.198, 0.566], "texture": "#0"}, "east": {"uv": [0, 0, 0.264, 0.566], "texture": "#0"}, "south": {"uv": [0, 0, 0.198, 0.566], "texture": "#0"}, "west": {"uv": [0, 0, 0.264, 0.566], "texture": "#0"}, "up": {"uv": [0, 0, 0.198, 0.264], "texture": "#0"}, "down": {"uv": [0, 0, 0.198, 0.264], "texture": "#0"}}}, {"from": [7.27961, 13.817, 8.00159], "to": [8.47761, 14.383, 8.26559], "rotation": {"angle": 22.5, "axis": "y", "origin": [7.64242, 9.794, 7.93261]}, "faces": {"north": {"uv": [0, 0, 0.198, 0.566], "texture": "#0"}, "east": {"uv": [0, 0, 0.264, 0.566], "texture": "#0"}, "south": {"uv": [0, 0, 0.198, 0.566], "texture": "#0"}, "west": {"uv": [0, 0, 0.264, 0.566], "texture": "#0"}, "up": {"uv": [0, 0, 0.198, 0.264], "texture": "#0"}, "down": {"uv": [0, 0, 0.198, 0.264], "texture": "#0"}}}, {"from": [8.38016, 13.817, 8.0708], "to": [8.57816, 14.383, 8.3348], "rotation": {"angle": -22.5, "axis": "y", "origin": [8.45767, 9.794, 8.31083]}, "faces": {"north": {"uv": [0, 0, 0.198, 0.566], "texture": "#0"}, "east": {"uv": [0, 0, 0.264, 0.566], "texture": "#0"}, "south": {"uv": [0, 0, 0.198, 0.566], "texture": "#0"}, "west": {"uv": [0, 0, 0.264, 0.566], "texture": "#0"}, "up": {"uv": [0, 0, 0.198, 0.264], "texture": "#0"}, "down": {"uv": [0, 0, 0.198, 0.264], "texture": "#0"}}}, {"from": [7.33362, 13.817, 7.73003], "to": [8.53162, 14.383, 7.99403], "rotation": {"angle": -22.5, "axis": "y", "origin": [7.64242, 9.794, 7.93261]}, "faces": {"north": {"uv": [0, 0, 0.198, 0.566], "texture": "#0"}, "east": {"uv": [0, 0, 0.264, 0.566], "texture": "#0"}, "south": {"uv": [0, 0, 0.198, 0.566], "texture": "#0"}, "west": {"uv": [0, 0, 0.264, 0.566], "texture": "#0"}, "up": {"uv": [0, 0, 0.198, 0.264], "texture": "#0"}, "down": {"uv": [0, 0, 0.198, 0.264], "texture": "#0"}}}, {"from": [8.00638, 13.817, 7.48073], "to": [8.27038, 14.383, 8.67873], "rotation": {"angle": -22.5, "axis": "y", "origin": [8.42262, 9.794, 7.71895]}, "faces": {"north": {"uv": [0, 0, 0.264, 0.566], "texture": "#0"}, "east": {"uv": [0, 0, 0.198, 0.566], "texture": "#0"}, "south": {"uv": [0, 0, 0.264, 0.566], "texture": "#0"}, "west": {"uv": [0, 0, 0.198, 0.566], "texture": "#0"}, "up": {"uv": [0, 0, 0.264, 0.198], "texture": "#0"}, "down": {"uv": [0, 0, 0.264, 0.198], "texture": "#0"}}}, {"from": [7.86523, 13.817, 8.32764], "to": [8.12923, 14.383, 8.52564], "rotation": {"angle": -22.5, "axis": "y", "origin": [7.64242, 9.794, 7.93261]}, "faces": {"north": {"uv": [0, 0, 0.264, 0.566], "texture": "#0"}, "east": {"uv": [0, 0, 0.198, 0.566], "texture": "#0"}, "south": {"uv": [0, 0, 0.264, 0.566], "texture": "#0"}, "west": {"uv": [0, 0, 0.198, 0.566], "texture": "#0"}, "up": {"uv": [0, 0, 0.264, 0.198], "texture": "#0"}, "down": {"uv": [0, 0, 0.264, 0.198], "texture": "#0"}}}], "display": {"head": {"translation": [0, -15, 0], "scale": [4, 4, 4]}}, "groups": [0, {"name": "group", "origin": [8.32737, 10.95, 14.88488], "children": [1, 2, 3, 4, 5, 6, 7, 8, 9, 10, 11, 12, 13, 14, 15, 16]}, {"name": "group", "origin": [8.32737, 10.95, 14.88488], "children": []}, {"name": "group", "origin": [8.32737, 10.95, 14.88488], "children": [17, 18, 19, 20, 21, 22, 23, 24, 25, 26, 27, 28, 29, 30, 31, 32]}, {"name": "group", "origin": [8.32737, 10.95, 14.88488], "children": [33, 34, 35, 36, 37, 38, 39, 40, 41, 42, 43, 44, 45, 46, 47, 48]}, {"name": "group", "origin": [8.32737, 10.95, 14.88488], "children": [49, 50, 51, 52, 53, 54, 55, 56, 57, 58, 59, 60, 61, 62, 63, 64]}, {"name": "group", "origin": [8.32737, 10.95, 14.88488], "children": [65, 66, 67, 68, 69, 70, 71, 72, 73, 74, 75, 76, 77, 78, 79, 80]}, {"name": "group", "origin": [8.32737, 10.95, 14.88488], "children": [81, 82, 83, 84, 85, 86, 87, 88, 89, 90, 91, 92, 93, 94, 95, 96]}, {"name": "group", "origin": [8.32737, 10.95, 14.88488], "children": [97, 98, 99, 100, 101, 102, 103, 104, 105, 106, 107, 108, 109, 110, 111, 112]}]}