{"textures": {"0": "block/yellow_glazed_terracotta", "1": "block/anvil", "3": "block/black_concrete_powder", "particle": "block/yellow_glazed_terracotta"}, "elements": [{"from": [6.5, 4.5, 5.5], "to": [9.5, 8.5, 7.5], "rotation": {"angle": 0, "axis": "y", "origin": [7.5, -3.5, 6.5]}, "faces": {"north": {"uv": [0.25, 0.125, 0.875, 0.75], "texture": "#0"}, "east": {"uv": [0.25, 0.125, 0.875, 0.75], "texture": "#0"}, "south": {"uv": [0.25, 0.125, 0.875, 0.75], "texture": "#0"}, "west": {"uv": [0.25, 0.125, 0.875, 0.75], "texture": "#0"}, "up": {"uv": [0.25, 0.125, 0.875, 0.75], "texture": "#0"}, "down": {"uv": [0.25, 0.125, 0.875, 0.75], "texture": "#0"}}}, {"from": [5.5, 10.5, 5.5], "to": [10.5, 11.7, 7.5], "rotation": {"angle": 0, "axis": "y", "origin": [7.5, -3.5, 6.5]}, "faces": {"north": {"uv": [0.125, 0.125, 0.75, 0.75], "texture": "#0"}, "up": {"uv": [0.125, 0.125, 0.75, 0.75], "texture": "#0"}, "down": {"uv": [0.125, 0.125, 0.75, 0.75], "texture": "#0"}}}, {"from": [5.5, 11.9, 5.5], "to": [10.5, 16.94853, 7.5], "rotation": {"angle": 0, "axis": "y", "origin": [7.5, -2.1, 6.5]}, "faces": {"north": {"uv": [0.125, 0.125, 0.75, 0.75], "texture": "#0"}, "up": {"uv": [0.125, 0.125, 0.75, 0.75], "texture": "#0"}, "down": {"uv": [0.125, 0.125, 0.75, 0.75], "texture": "#0"}}}, {"from": [6.8, 16.9, 5.6], "to": [9.1, 17.54853, 8.1], "rotation": {"angle": 0, "axis": "y", "origin": [7.5, -2.1, 6.5]}, "faces": {"north": {"uv": [7.25, 13.25, 7.875, 13.875], "texture": "#1"}, "south": {"uv": [7.25, 13.25, 7.875, 13.875], "texture": "#1"}, "up": {"uv": [7.25, 13.25, 7.875, 13.875], "texture": "#1"}}}, {"from": [7.1, 17.3, 5.2], "to": [8.7, 17.44853, 5.4], "rotation": {"angle": 0, "axis": "y", "origin": [7.5, -2.1, 6.5]}, "faces": {"north": {"uv": [3.75, 4.125, 3.25, 4.75], "texture": "#0"}, "south": {"uv": [3.75, 4.125, 3.25, 4.75], "texture": "#0"}, "up": {"uv": [3.75, 4.125, 3.25, 4.75], "texture": "#0"}, "down": {"uv": [3.75, 4.125, 3.25, 4.75], "texture": "#0"}}}, {"from": [6.6, 17.5, 5.2], "to": [9.2, 18.04853, 7.8], "rotation": {"angle": 0, "axis": "y", "origin": [7.5, -2.1, 6.5]}, "faces": {"north": {"uv": [12.125, 7.125, 12.75, 7.75], "texture": "#0"}, "east": {"uv": [12.125, 7.125, 12.75, 7.75], "texture": "#0"}, "south": {"uv": [12.125, 7.125, 12.75, 7.75], "texture": "#0"}, "west": {"uv": [12.125, 7.125, 12.75, 7.75], "texture": "#0"}, "up": {"uv": [12.125, 7.125, 12.75, 7.75], "texture": "#0"}, "down": {"uv": [12.125, 7.125, 12.75, 7.75], "texture": "#0"}}}, {"from": [6.7, 18, 5.3], "to": [9.1, 18.54853, 7.7], "rotation": {"angle": 0, "axis": "y", "origin": [7.5, -2.1, 6.5]}, "faces": {"north": {"uv": [12.125, 7.125, 12.75, 7.75], "texture": "#0"}, "east": {"uv": [12.125, 7.125, 12.75, 7.75], "texture": "#0"}, "south": {"uv": [12.125, 7.125, 12.75, 7.75], "texture": "#0"}, "west": {"uv": [12.125, 7.125, 12.75, 7.75], "texture": "#0"}, "up": {"uv": [12.125, 7.125, 12.75, 7.75], "texture": "#0"}}}, {"from": [6.8, 18.5, 5.4], "to": [9, 18.84853, 7.6], "rotation": {"angle": 0, "axis": "y", "origin": [7.5, -2.1, 6.5]}, "faces": {"north": {"uv": [12.125, 7.125, 12.75, 7.75], "texture": "#0"}, "east": {"uv": [12.125, 7.125, 12.75, 7.75], "texture": "#0"}, "south": {"uv": [12.125, 7.125, 12.75, 7.75], "texture": "#0"}, "west": {"uv": [12.125, 7.125, 12.75, 7.75], "texture": "#0"}, "up": {"uv": [12.125, 7.125, 12.75, 7.75], "texture": "#0"}}}, {"from": [7, 18.7, 5.7], "to": [8.7, 19.14853, 7.3], "rotation": {"angle": 0, "axis": "y", "origin": [7.5, -2.1, 6.5]}, "faces": {"north": {"uv": [12.125, 7.125, 12.75, 7.75], "texture": "#0"}, "east": {"uv": [12.125, 7.125, 12.75, 7.75], "texture": "#0"}, "south": {"uv": [12.125, 7.125, 12.75, 7.75], "texture": "#0"}, "west": {"uv": [12.125, 7.125, 12.75, 7.75], "texture": "#0"}, "up": {"uv": [12.125, 7.125, 12.75, 7.75], "texture": "#0"}}}, {"from": [7.3, 19, 6], "to": [8.4, 19.24853, 7], "rotation": {"angle": 0, "axis": "y", "origin": [7.5, -2.1, 6.5]}, "faces": {"north": {"uv": [12.125, 7.125, 12.75, 7.75], "texture": "#0"}, "east": {"uv": [12.125, 7.125, 12.75, 7.75], "texture": "#0"}, "south": {"uv": [12.125, 7.125, 12.75, 7.75], "texture": "#0"}, "west": {"uv": [12.125, 7.125, 12.75, 7.75], "texture": "#0"}, "up": {"uv": [12.125, 7.125, 12.75, 7.75], "texture": "#0"}}}, {"from": [8.7, 17.2, 5.1], "to": [9, 17.54853, 5.5], "rotation": {"angle": 0, "axis": "y", "origin": [7.5, -2.1, 6.5]}, "faces": {"north": {"uv": [3.75, 4.125, 3.25, 4.75], "texture": "#0"}, "east": {"uv": [3.75, 4.125, 3.25, 4.75], "texture": "#0"}, "south": {"uv": [3.75, 4.125, 3.25, 4.75], "texture": "#0"}, "west": {"uv": [3.75, 4.125, 3.25, 4.75], "texture": "#0"}, "up": {"uv": [3.75, 4.125, 3.25, 4.75], "texture": "#0"}, "down": {"uv": [3.75, 4.125, 3.25, 4.75], "texture": "#0"}}}, {"from": [7.7, 17.2, 5.1], "to": [8, 17.54853, 5.5], "rotation": {"angle": 0, "axis": "y", "origin": [7.5, -2.1, 6.5]}, "faces": {"north": {"uv": [4.125, 1.25, 4.75, 1.875], "texture": "#0"}, "east": {"uv": [4.125, 1.25, 4.75, 1.875], "texture": "#0"}, "south": {"uv": [4.125, 1.25, 4.75, 1.875], "texture": "#0"}, "west": {"uv": [4.125, 1.25, 4.75, 1.875], "texture": "#0"}, "up": {"uv": [4.125, 1.25, 4.75, 1.875], "texture": "#0"}, "down": {"uv": [4.125, 1.25, 4.75, 1.875], "texture": "#0"}}}, {"from": [6.8, 17.2, 5.1], "to": [7.1, 17.54853, 5.5], "rotation": {"angle": 0, "axis": "y", "origin": [7.5, -2.1, 6.5]}, "faces": {"north": {"uv": [3.75, 4.125, 3.25, 4.75], "texture": "#0"}, "east": {"uv": [3.75, 4.125, 3.25, 4.75], "texture": "#0"}, "south": {"uv": [3.75, 4.125, 3.25, 4.75], "texture": "#0"}, "west": {"uv": [3.75, 4.125, 3.25, 4.75], "texture": "#0"}, "up": {"uv": [3.75, 4.125, 3.25, 4.75], "texture": "#0"}, "down": {"uv": [3.75, 4.125, 3.25, 4.75], "texture": "#0"}}}, {"from": [5.06612, 16.1818, 5.6], "to": [7.36612, 16.83033, 8.1], "rotation": {"angle": 45, "axis": "z", "origin": [6.21612, 16.50607, 6.85]}, "faces": {"north": {"uv": [7.25, 13.25, 7.875, 13.875], "texture": "#1"}, "south": {"uv": [7.25, 13.25, 7.875, 13.875], "texture": "#1"}, "up": {"uv": [7.25, 13.25, 7.875, 13.875], "texture": "#1"}}}, {"from": [8.53388, 16.1818, 5.6], "to": [10.83388, 16.83033, 8.1], "rotation": {"angle": -45, "axis": "z", "origin": [9.68388, 16.50607, 6.85]}, "faces": {"north": {"uv": [7.875, 13.25, 7.25, 13.875], "texture": "#1"}, "south": {"uv": [7.875, 13.25, 7.25, 13.875], "texture": "#1"}, "up": {"uv": [7.875, 13.25, 7.25, 13.875], "texture": "#1"}}}, {"from": [4.9, 10.3, 7.5], "to": [11.1, 17, 7.85], "rotation": {"angle": 0, "axis": "y", "origin": [8, -3.5, 8.5]}, "faces": {"north": {"uv": [5.25, 4.125, 5.875, 4.75], "texture": "#0"}, "east": {"uv": [5.25, 4.125, 5.875, 4.75], "texture": "#0"}, "west": {"uv": [5.25, 4.125, 5.875, 4.75], "texture": "#0"}, "up": {"uv": [5.25, 4.125, 5.875, 4.75], "texture": "#0"}, "down": {"uv": [5.25, 4.125, 5.875, 4.75], "texture": "#0"}}}, {"from": [4.5, 10.3, 7.8], "to": [11.5, 17, 8.2], "rotation": {"angle": 0, "axis": "y", "origin": [7.5, -3.5, 8.8]}, "faces": {"north": {"uv": [2.125, 5.125, 2.75, 5.75], "texture": "#0"}, "east": {"uv": [2.125, 5.125, 2.75, 5.75], "texture": "#0"}, "south": {"uv": [2.125, 5.125, 2.75, 5.75], "texture": "#0"}, "west": {"uv": [2.125, 5.125, 2.75, 5.75], "texture": "#0"}, "up": {"uv": [2.125, 5.125, 2.75, 5.75], "texture": "#0"}, "down": {"uv": [2.125, 5.125, 2.75, 5.75], "texture": "#0"}}}, {"from": [10, 17, 7.8], "to": [11, 19, 8.2], "rotation": {"angle": 0, "axis": "y", "origin": [7, 2.5, 8.8]}, "faces": {"north": {"uv": [2.125, 5.125, 2.75, 5.75], "texture": "#0"}, "east": {"uv": [2.125, 5.125, 2.75, 5.75], "texture": "#0"}, "south": {"uv": [2.125, 5.125, 2.75, 5.75], "texture": "#0"}, "west": {"uv": [2.125, 5.125, 2.75, 5.75], "texture": "#0"}, "up": {"uv": [2.125, 5.125, 2.75, 5.75], "texture": "#0"}}}, {"from": [10.1, 18.1, 7.6], "to": [10.9, 18.9, 8.6], "rotation": {"angle": 0, "axis": "y", "origin": [10.5, 18.5, 7.6]}, "faces": {"north": {"uv": [4.125, 3.25, 4.75, 3.875], "rotation": 270, "texture": "#1"}, "east": {"uv": [4.125, 3.25, 4.75, 3.875], "rotation": 270, "texture": "#1"}, "south": {"uv": [4.125, 3.25, 4.75, 3.875], "rotation": 270, "texture": "#1"}, "west": {"uv": [4.125, 3.25, 4.75, 3.875], "rotation": 270, "texture": "#1"}, "up": {"uv": [4.125, 3.25, 4.75, 3.875], "rotation": 270, "texture": "#1"}, "down": {"uv": [4.125, 3.25, 4.75, 3.875], "rotation": 270, "texture": "#1"}}}, {"from": [5.1, 18.1, 7.6], "to": [5.9, 18.9, 8.6], "rotation": {"angle": 0, "axis": "y", "origin": [5.5, 18.5, 7.6]}, "faces": {"north": {"uv": [4.125, 3.25, 4.75, 3.875], "rotation": 270, "texture": "#1"}, "east": {"uv": [4.125, 3.25, 4.75, 3.875], "rotation": 270, "texture": "#1"}, "south": {"uv": [4.125, 3.25, 4.75, 3.875], "rotation": 270, "texture": "#1"}, "west": {"uv": [4.125, 3.25, 4.75, 3.875], "rotation": 270, "texture": "#1"}, "up": {"uv": [4.125, 3.25, 4.75, 3.875], "rotation": 270, "texture": "#1"}, "down": {"uv": [4.125, 3.25, 4.75, 3.875], "rotation": 270, "texture": "#1"}}}, {"from": [5, 17, 7.8], "to": [6, 19, 8.2], "rotation": {"angle": 0, "axis": "y", "origin": [2, 2.5, 8.8]}, "faces": {"north": {"uv": [2.125, 5.125, 2.75, 5.75], "texture": "#0"}, "east": {"uv": [2.125, 5.125, 2.75, 5.75], "texture": "#0"}, "south": {"uv": [2.125, 5.125, 2.75, 5.75], "texture": "#0"}, "west": {"uv": [2.125, 5.125, 2.75, 5.75], "texture": "#0"}, "up": {"uv": [2.125, 5.125, 2.75, 5.75], "texture": "#0"}}}, {"from": [5.7, 10.8, 5.4], "to": [6.3, 11.4, 5.5], "rotation": {"angle": 0, "axis": "y", "origin": [7.5, -3.5, 6.5]}, "faces": {"north": {"uv": [1.125, 14.25, 1.75, 14.875], "texture": "#0"}, "east": {"uv": [1.125, 14.25, 1.75, 14.875], "texture": "#0"}, "west": {"uv": [1.125, 14.25, 1.75, 14.875], "texture": "#0"}, "up": {"uv": [1.125, 14.25, 1.75, 14.875], "texture": "#0"}, "down": {"uv": [1.125, 14.25, 1.75, 14.875], "texture": "#0"}}}, {"from": [9.7, 10.8, 5.4], "to": [10.3, 11.4, 5.5], "rotation": {"angle": 0, "axis": "y", "origin": [8.5, -3.5, 6.5]}, "faces": {"north": {"uv": [1.75, 14.25, 1.125, 14.875], "texture": "#0"}, "east": {"uv": [1.75, 14.25, 1.125, 14.875], "texture": "#0"}, "west": {"uv": [1.75, 14.25, 1.125, 14.875], "texture": "#0"}, "up": {"uv": [1.75, 14.25, 1.125, 14.875], "texture": "#0"}, "down": {"uv": [1.75, 14.25, 1.125, 14.875], "texture": "#0"}}}, {"from": [6.7, 10.8, 5.4], "to": [7.2, 11.3, 5.7], "rotation": {"angle": -45, "axis": "z", "origin": [7.1, 10.9, 5.45]}, "faces": {"north": {"uv": [3.125, 6.125, 3.75, 6.75], "texture": "#0"}, "east": {"uv": [3.125, 6.125, 3.75, 6.75], "texture": "#0"}, "south": {"uv": [3.125, 6.125, 3.75, 6.75], "texture": "#0"}, "west": {"uv": [3.125, 6.125, 3.75, 6.75], "texture": "#0"}, "up": {"uv": [3.125, 6.125, 3.75, 6.75], "texture": "#0"}, "down": {"uv": [3.125, 6.125, 3.75, 6.75], "texture": "#0"}}}, {"from": [8.8, 10.8, 5.4], "to": [9.3, 11.3, 5.7], "rotation": {"angle": 45, "axis": "z", "origin": [8.9, 10.9, 5.45]}, "faces": {"north": {"uv": [3.75, 6.125, 3.125, 6.75], "texture": "#0"}, "east": {"uv": [3.75, 6.125, 3.125, 6.75], "texture": "#0"}, "south": {"uv": [3.75, 6.125, 3.125, 6.75], "texture": "#0"}, "west": {"uv": [3.75, 6.125, 3.125, 6.75], "texture": "#0"}, "up": {"uv": [3.75, 6.125, 3.125, 6.75], "texture": "#0"}, "down": {"uv": [3.75, 6.125, 3.125, 6.75], "texture": "#0"}}}, {"from": [7, 9.9, 5.9], "to": [9, 11.1, 6.9], "rotation": {"angle": 0, "axis": "y", "origin": [7.5, -3.5, 6.7]}, "faces": {"north": {"uv": [2.125, 2.125, 2.75, 2.75], "texture": "#0"}, "east": {"uv": [2.125, 2.125, 2.75, 2.75], "texture": "#0"}, "south": {"uv": [2.125, 2.125, 2.75, 2.75], "texture": "#0"}, "west": {"uv": [2.125, 2.125, 2.75, 2.75], "texture": "#0"}}}, {"from": [5.6, 9.6, 5.9], "to": [6.3, 11.1, 6.9], "rotation": {"angle": 0, "axis": "y", "origin": [7.5, -3.5, 6.7]}, "faces": {"north": {"uv": [2.125, 2.125, 2.75, 2.75], "texture": "#0"}, "east": {"uv": [2.125, 2.125, 2.75, 2.75], "texture": "#0"}, "south": {"uv": [2.125, 2.125, 2.75, 2.75], "texture": "#0"}, "west": {"uv": [2.125, 2.125, 2.75, 2.75], "texture": "#0"}, "down": {"uv": [2.125, 2.125, 2.75, 2.75], "texture": "#0"}}}, {"from": [9.7, 9.6, 5.9], "to": [10.4, 11.1, 6.9], "rotation": {"angle": 0, "axis": "y", "origin": [8.5, -3.5, 6.7]}, "faces": {"north": {"uv": [2.75, 2.125, 2.125, 2.75], "texture": "#0"}, "east": {"uv": [2.75, 2.125, 2.125, 2.75], "texture": "#0"}, "south": {"uv": [2.75, 2.125, 2.125, 2.75], "texture": "#0"}, "west": {"uv": [2.75, 2.125, 2.125, 2.75], "texture": "#0"}, "down": {"uv": [2.75, 2.125, 2.125, 2.75], "texture": "#0"}}}, {"from": [7.49497, 9.40503, 5.9], "to": [8.50503, 10.00503, 6.9], "rotation": {"angle": 0, "axis": "y", "origin": [7.00503, -3.99497, 6.7]}, "faces": {"north": {"uv": [2.125, 2.125, 2.75, 2.75], "texture": "#0"}, "south": {"uv": [2.125, 2.125, 2.75, 2.75], "texture": "#0"}, "down": {"uv": [2.125, 2.125, 2.75, 2.75], "texture": "#0"}}}, {"from": [8.26863, 10.08284, 5.9], "to": [8.86863, 10.78284, 6.9], "rotation": {"angle": -45, "axis": "z", "origin": [7.86863, 10.18284, 6.7]}, "faces": {"north": {"uv": [2.125, 2.125, 2.75, 2.75], "texture": "#0"}, "east": {"uv": [2.125, 2.125, 2.75, 2.75], "texture": "#0"}, "south": {"uv": [2.125, 2.125, 2.75, 2.75], "texture": "#0"}}}, {"from": [5.74363, 10.08284, 5.9], "to": [6.16863, 10.48284, 6.9], "rotation": {"angle": -45, "axis": "z", "origin": [5.16863, 9.88284, 6.7]}, "faces": {"north": {"uv": [2.125, 2.125, 2.75, 2.75], "texture": "#0"}, "east": {"uv": [2.125, 2.125, 2.75, 2.75], "texture": "#0"}, "south": {"uv": [2.125, 2.125, 2.75, 2.75], "texture": "#0"}, "down": {"uv": [2.125, 2.125, 2.75, 2.75], "texture": "#0"}}}, {"from": [9.83137, 10.08284, 5.9], "to": [10.25637, 10.48284, 6.9], "rotation": {"angle": 45, "axis": "z", "origin": [10.83137, 9.88284, 6.7]}, "faces": {"north": {"uv": [2.75, 2.125, 2.125, 2.75], "texture": "#0"}, "south": {"uv": [2.75, 2.125, 2.125, 2.75], "texture": "#0"}, "west": {"uv": [2.75, 2.125, 2.125, 2.75], "texture": "#0"}, "down": {"uv": [2.75, 2.125, 2.125, 2.75], "texture": "#0"}}}, {"from": [7.13137, 10.08284, 5.9], "to": [7.73137, 10.78284, 6.9], "rotation": {"angle": 45, "axis": "z", "origin": [8.13137, 10.18284, 6.7]}, "faces": {"north": {"uv": [2.125, 2.125, 2.75, 2.75], "texture": "#0"}, "south": {"uv": [2.125, 2.125, 2.75, 2.75], "texture": "#0"}, "west": {"uv": [2.125, 2.125, 2.75, 2.75], "texture": "#0"}}}, {"from": [5.80797, 12.09203, 5.5], "to": [6.6565, 12.94056, 7.5], "rotation": {"angle": -45, "axis": "z", "origin": [4.1565, 12.69203, 6.5]}, "faces": {"north": {"uv": [0.125, 0.125, 0.75, 0.75], "texture": "#0"}, "south": {"uv": [0.125, 0.125, 0.75, 0.75], "texture": "#0"}, "west": {"uv": [0.125, 0.125, 0.75, 0.75], "texture": "#0"}, "down": {"uv": [0.125, 0.125, 0.75, 0.75], "texture": "#0"}}}, {"from": [10.80797, 12.09203, 5.5], "to": [11.6565, 12.94056, 7.5], "rotation": {"angle": -45, "axis": "z", "origin": [9.1565, 12.69203, 6.5]}, "faces": {"north": {"uv": [0.125, 0.125, 0.75, 0.75], "texture": "#0"}, "east": {"uv": [0.125, 0.125, 0.75, 0.75], "texture": "#0"}, "south": {"uv": [0.125, 0.125, 0.75, 0.75], "texture": "#0"}, "up": {"uv": [0.125, 0.125, 0.75, 0.75], "texture": "#0"}}}, {"from": [10.25147, 12.5, 5.5], "to": [11.1, 16.34853, 7.5], "rotation": {"angle": 0, "axis": "y", "origin": [8.6, 13.1, 6.5]}, "faces": {"north": {"uv": [0.125, 0.125, 0.75, 0.75], "texture": "#0"}, "east": {"uv": [0.125, 0.125, 0.75, 0.75], "texture": "#0"}}}, {"from": [4.9, 12.5, 5.5], "to": [5.74853, 16.34853, 7.5], "rotation": {"angle": 0, "axis": "y", "origin": [7.4, 13.1, 6.5]}, "faces": {"north": {"uv": [0.75, 0.125, 0.125, 0.75], "texture": "#0"}, "west": {"uv": [0.75, 0.125, 0.125, 0.75], "texture": "#0"}}}, {"from": [10.80797, 13.49203, 5.5], "to": [11.6565, 14.34056, 7.5], "rotation": {"angle": -45, "axis": "z", "origin": [9.1565, 14.09203, 6.5]}, "faces": {"north": {"uv": [0.125, 0.125, 0.75, 0.75], "texture": "#0"}, "south": {"uv": [0.125, 0.125, 0.75, 0.75], "texture": "#0"}}}, {"from": [10.80797, 14.50797, 5.5], "to": [11.6565, 15.3565, 7.5], "rotation": {"angle": 45, "axis": "z", "origin": [9.1565, 14.7565, 6.5]}, "faces": {"north": {"uv": [0.125, 0.75, 0.75, 0.125], "texture": "#0"}, "south": {"uv": [0.125, 0.75, 0.75, 0.125], "texture": "#0"}}}, {"from": [4.3435, 13.49203, 5.5], "to": [5.19203, 14.34056, 7.5], "rotation": {"angle": 45, "axis": "z", "origin": [6.8435, 14.09203, 6.5]}, "faces": {"north": {"uv": [0.75, 0.125, 0.125, 0.75], "texture": "#0"}, "south": {"uv": [0.75, 0.125, 0.125, 0.75], "texture": "#0"}, "west": {"uv": [0.75, 0.125, 0.125, 0.75], "texture": "#0"}}}, {"from": [4.3435, 14.50797, 5.5], "to": [5.19203, 15.3565, 7.5], "rotation": {"angle": -45, "axis": "z", "origin": [6.8435, 14.7565, 6.5]}, "faces": {"north": {"uv": [0.75, 0.75, 0.125, 0.125], "texture": "#0"}, "south": {"uv": [0.75, 0.75, 0.125, 0.125], "texture": "#0"}, "west": {"uv": [0.75, 0.75, 0.125, 0.125], "texture": "#0"}}}, {"from": [7.7, 2.6, 6.1], "to": [8.3, 10.5, 6.7], "rotation": {"angle": 0, "axis": "y", "origin": [7.5, -3.5, 6.5]}, "faces": {"north": {"uv": [0, 0, 1, 1], "texture": "#1"}, "east": {"uv": [0, 0, 1, 1], "texture": "#1"}, "south": {"uv": [0, 0, 1, 1], "texture": "#1"}, "west": {"uv": [0, 0, 1, 1], "texture": "#1"}}}, {"from": [12.4, 8.1, 6.1], "to": [13, 9.8, 6.7], "rotation": {"angle": 0, "axis": "y", "origin": [7.5, -3.5, 6.5]}, "faces": {"north": {"uv": [0, 0, 1, 1], "texture": "#1"}, "east": {"uv": [0, 0, 1, 1], "texture": "#1"}, "south": {"uv": [0, 0, 1, 1], "texture": "#1"}, "west": {"uv": [0, 0, 1, 1], "texture": "#1"}}}, {"from": [12.09756, 7.57951, 6.1], "to": [12.69756, 8.27951, 6.7], "rotation": {"angle": -22.5, "axis": "z", "origin": [12.39756, 7.42951, 6.4]}, "faces": {"north": {"uv": [0, 0, 1, 1], "texture": "#1"}, "east": {"uv": [0, 0, 1, 1], "texture": "#1"}, "south": {"uv": [0, 0, 1, 1], "texture": "#1"}, "west": {"uv": [0, 0, 1, 1], "texture": "#1"}}}, {"from": [11.98202, 7.10517, 6.1], "to": [12.68202, 7.70517, 6.7], "rotation": {"angle": 22.5, "axis": "z", "origin": [11.83202, 7.40517, 6.4]}, "faces": {"north": {"uv": [0, 0, 1, 1], "rotation": 270, "texture": "#1"}, "south": {"uv": [0, 0, 1, 1], "rotation": 90, "texture": "#1"}, "up": {"uv": [0, 0, 1, 1], "rotation": 90, "texture": "#1"}, "down": {"uv": [0, 0, 1, 1], "rotation": 90, "texture": "#1"}}}, {"from": [11.56491, 7.48785, 6.1], "to": [12.26491, 8.08785, 6.7], "rotation": {"angle": -22.5, "axis": "z", "origin": [11.41491, 7.78785, 6.4]}, "faces": {"north": {"uv": [0, 0, 1, 1], "rotation": 270, "texture": "#1"}, "south": {"uv": [0, 0, 1, 1], "rotation": 90, "texture": "#1"}, "up": {"uv": [0, 0, 1, 1], "rotation": 90, "texture": "#1"}, "down": {"uv": [0, 0, 1, 1], "rotation": 90, "texture": "#1"}}}, {"from": [10.69978, 7.96646, 6.1], "to": [11.89978, 8.56646, 6.7], "rotation": {"angle": -45, "axis": "z", "origin": [11.04978, 8.26646, 6.4]}, "faces": {"north": {"uv": [0, 0, 1, 1], "rotation": 270, "texture": "#1"}, "south": {"uv": [0, 0, 1, 1], "rotation": 90, "texture": "#1"}, "up": {"uv": [0, 0, 1, 1], "rotation": 90, "texture": "#1"}, "down": {"uv": [0, 0, 1, 1], "rotation": 90, "texture": "#1"}}}, {"from": [10.24205, 8.35192, 6.1], "to": [10.84205, 9.85192, 6.7], "rotation": {"angle": 22.5, "axis": "z", "origin": [10.54205, 9.20192, 6.4]}, "faces": {"north": {"uv": [0, 0, 1, 1], "rotation": 180, "texture": "#1"}, "east": {"uv": [0, 0, 1, 1], "rotation": 180, "texture": "#1"}, "south": {"uv": [0, 0, 1, 1], "rotation": 180, "texture": "#1"}, "west": {"uv": [0, 0, 1, 1], "rotation": 180, "texture": "#1"}}}, {"from": [10.01614, 9.68763, 6.1], "to": [10.61614, 11.18763, 6.7], "rotation": {"angle": 0, "axis": "y", "origin": [10.31614, 10.53763, 6.4]}, "faces": {"north": {"uv": [0, 0, 1, 1], "rotation": 180, "texture": "#1"}, "east": {"uv": [0, 0, 1, 1], "rotation": 180, "texture": "#1"}, "south": {"uv": [0, 0, 1, 1], "rotation": 180, "texture": "#1"}}}, {"from": [7.4, 3.6, 5.9], "to": [8.6, 4.5, 6.9], "rotation": {"angle": 0, "axis": "y", "origin": [7.5, -3.5, 6.5]}, "faces": {"north": {"uv": [6, 3, 7, 4], "texture": "#1"}, "east": {"uv": [6, 3, 7, 4], "texture": "#1"}, "south": {"uv": [6, 3, 7, 4], "texture": "#1"}, "west": {"uv": [6, 3, 7, 4], "texture": "#1"}, "down": {"uv": [6, 3, 7, 4], "texture": "#1"}}}, {"from": [7.7, 1.88712, 6.44071], "to": [8.3, 2.78712, 7.04071], "rotation": {"angle": -22.5, "axis": "x", "origin": [8, 1.83712, 6.74071]}, "faces": {"north": {"uv": [0, 0, 1, 1], "texture": "#1"}, "east": {"uv": [0, 0, 1, 1], "texture": "#1"}, "south": {"uv": [0, 0, 1, 1], "texture": "#1"}, "west": {"uv": [0, 0, 1, 1], "texture": "#1"}}}, {"from": [7.7, -0.64111, 7.0283], "to": [8.3, 2.25889, 7.6283], "rotation": {"angle": -45, "axis": "x", "origin": [8, 1.30889, 7.3283]}, "faces": {"north": {"uv": [0, 0, 1, 1], "texture": "#1"}, "east": {"uv": [0, 0, 1, 1], "texture": "#1"}, "south": {"uv": [0, 0, 1, 1], "texture": "#1"}, "west": {"uv": [0, 0, 1, 1], "texture": "#1"}, "down": {"uv": [0, 0, 1, 1], "texture": "#1"}}}, {"from": [6, 8, 5.4], "to": [7, 9, 7.5], "rotation": {"angle": 0, "axis": "y", "origin": [7.5, -3.5, 6.5]}, "faces": {"north": {"uv": [5.25, 4.25, 5.875, 4.875], "texture": "#0"}, "east": {"uv": [5.25, 4.25, 5.875, 4.875], "texture": "#0"}, "south": {"uv": [5.25, 4.25, 5.875, 4.875], "texture": "#0"}, "west": {"uv": [5.25, 4.25, 5.875, 4.875], "texture": "#0"}, "up": {"uv": [5.25, 4.25, 5.875, 4.875], "texture": "#0"}, "down": {"uv": [5.25, 4.25, 5.875, 4.875], "texture": "#0"}}}, {"from": [6.3, 8.3, 5.1], "to": [6.7, 8.7, 8.7], "rotation": {"angle": 0, "axis": "y", "origin": [7.5, -3.5, 6.5]}, "faces": {"north": {"uv": [5, 4, 6, 5], "texture": "#1"}, "east": {"uv": [5, 4, 6, 5], "texture": "#1"}, "south": {"uv": [5, 4, 6, 5], "texture": "#1"}, "west": {"uv": [5, 4, 6, 5], "texture": "#1"}, "up": {"uv": [5, 4, 6, 5], "texture": "#1"}, "down": {"uv": [5, 4, 6, 5], "texture": "#1"}}}, {"from": [9, 8, 5.4], "to": [10, 9, 7.5], "rotation": {"angle": 0, "axis": "y", "origin": [7.5, -3.5, 6.5]}, "faces": {"north": {"uv": [5.25, 4.25, 5.875, 4.875], "texture": "#0"}, "east": {"uv": [5.25, 4.25, 5.875, 4.875], "texture": "#0"}, "south": {"uv": [5.25, 4.25, 5.875, 4.875], "texture": "#0"}, "west": {"uv": [5.25, 4.25, 5.875, 4.875], "texture": "#0"}, "up": {"uv": [5.25, 4.25, 5.875, 4.875], "texture": "#0"}, "down": {"uv": [5.25, 4.25, 5.875, 4.875], "texture": "#0"}}}, {"from": [10.4, 11.7, 5.3], "to": [11.4, 12.7, 8.275], "rotation": {"angle": 0, "axis": "y", "origin": [8.9, 0.2, 6.5]}, "faces": {"north": {"uv": [5.25, 4.25, 5.875, 4.875], "texture": "#0"}, "east": {"uv": [5.25, 4.25, 5.875, 4.875], "texture": "#0"}, "south": {"uv": [5.25, 4.25, 5.875, 4.875], "texture": "#0"}, "west": {"uv": [5.25, 4.25, 5.875, 4.875], "texture": "#0"}, "up": {"uv": [5.25, 4.25, 5.875, 4.875], "texture": "#0"}, "down": {"uv": [5.25, 4.25, 5.875, 4.875], "texture": "#0"}}}, {"from": [10.4, 16.3, 5.3], "to": [11.4, 17.3, 8.275], "rotation": {"angle": 0, "axis": "y", "origin": [8.9, 4.8, 6.5]}, "faces": {"north": {"uv": [5.25, 4.25, 5.875, 4.875], "texture": "#0"}, "east": {"uv": [5.25, 4.25, 5.875, 4.875], "texture": "#0"}, "south": {"uv": [5.25, 4.25, 5.875, 4.875], "texture": "#0"}, "west": {"uv": [5.25, 4.25, 5.875, 4.875], "texture": "#0"}, "up": {"uv": [5.25, 4.25, 5.875, 4.875], "texture": "#0"}, "down": {"uv": [5.25, 4.25, 5.875, 4.875], "texture": "#0"}}}, {"from": [10.8, 15.7, 6.9], "to": [12.8, 16.2, 7.175], "rotation": {"angle": 0, "axis": "y", "origin": [8.9, 4.8, 6.5]}, "faces": {"north": {"uv": [2.875, 2.25, 2.25, 2.75], "texture": "#0"}, "east": {"uv": [2.875, 2.25, 2.25, 2.75], "texture": "#0"}, "south": {"uv": [2.875, 2.25, 2.25, 2.75], "texture": "#0"}, "up": {"uv": [2.875, 2.25, 2.25, 2.75], "texture": "#0"}, "down": {"uv": [2.875, 2.25, 2.25, 2.75], "texture": "#0"}}}, {"from": [12.5, 15.09545, 6.7635], "to": [12.8, 15.87045, 7.0385], "rotation": {"angle": 45, "axis": "x", "origin": [12.65, 15.62045, 6.901]}, "faces": {"north": {"uv": [2.875, 2.25, 2.25, 2.75], "texture": "#0"}, "east": {"uv": [2.875, 2.25, 2.25, 2.75], "texture": "#0"}, "south": {"uv": [2.875, 2.25, 2.25, 2.75], "texture": "#0"}, "west": {"uv": [2.875, 2.25, 2.25, 2.75], "texture": "#0"}, "down": {"uv": [2.875, 2.25, 2.25, 2.75], "texture": "#0"}}}, {"from": [12.5, 15.37045, 6.21549], "to": [12.8, 15.87045, 6.49049], "rotation": {"angle": -45, "axis": "x", "origin": [12.65, 15.62045, 6.35299]}, "faces": {"north": {"uv": [2.875, 2.25, 2.25, 2.75], "texture": "#0"}, "east": {"uv": [2.875, 2.25, 2.25, 2.75], "texture": "#0"}, "south": {"uv": [2.875, 2.25, 2.25, 2.75], "texture": "#0"}, "west": {"uv": [2.875, 2.25, 2.25, 2.75], "texture": "#0"}, "up": {"uv": [2.875, 2.25, 2.25, 2.75], "texture": "#0"}, "down": {"uv": [2.875, 2.25, 2.25, 2.75], "texture": "#0"}}}, {"from": [4.4, 11.7, 5.3], "to": [5.4, 12.7, 8.275], "rotation": {"angle": 0, "axis": "y", "origin": [2.9, 0.2, 6.5]}, "faces": {"north": {"uv": [5.25, 4.25, 5.875, 4.875], "texture": "#0"}, "east": {"uv": [5.25, 4.25, 5.875, 4.875], "texture": "#0"}, "south": {"uv": [5.25, 4.25, 5.875, 4.875], "texture": "#0"}, "west": {"uv": [5.25, 4.25, 5.875, 4.875], "texture": "#0"}, "up": {"uv": [5.25, 4.25, 5.875, 4.875], "texture": "#0"}, "down": {"uv": [5.25, 4.25, 5.875, 4.875], "texture": "#0"}}}, {"from": [4.4, 16.3, 5.3], "to": [5.4, 17.3, 8.275], "rotation": {"angle": 0, "axis": "y", "origin": [2.9, 4.8, 6.5]}, "faces": {"north": {"uv": [5.25, 4.25, 5.875, 4.875], "texture": "#0"}, "east": {"uv": [5.25, 4.25, 5.875, 4.875], "texture": "#0"}, "south": {"uv": [5.25, 4.25, 5.875, 4.875], "texture": "#0"}, "west": {"uv": [5.25, 4.25, 5.875, 4.875], "texture": "#0"}, "up": {"uv": [5.25, 4.25, 5.875, 4.875], "texture": "#0"}, "down": {"uv": [5.25, 4.25, 5.875, 4.875], "texture": "#0"}}}, {"from": [9.3, 8.3, 5.1], "to": [9.7, 8.7, 8.7], "rotation": {"angle": 0, "axis": "y", "origin": [7.5, -3.5, 6.5]}, "faces": {"north": {"uv": [5, 4, 6, 5], "texture": "#1"}, "east": {"uv": [5, 4, 6, 5], "texture": "#1"}, "south": {"uv": [5, 4, 6, 5], "texture": "#1"}, "west": {"uv": [5, 4, 6, 5], "texture": "#1"}, "up": {"uv": [5, 4, 6, 5], "texture": "#1"}, "down": {"uv": [5, 4, 6, 5], "texture": "#1"}}}, {"from": [10.7, 12, 5], "to": [11.1, 12.4, 8.7], "rotation": {"angle": 0, "axis": "y", "origin": [8.9, 0.2, 6.5]}, "faces": {"north": {"uv": [5, 4, 6, 5], "texture": "#1"}, "east": {"uv": [5, 4, 6, 5], "texture": "#1"}, "south": {"uv": [5, 4, 6, 5], "texture": "#1"}, "west": {"uv": [5, 4, 6, 5], "texture": "#1"}, "up": {"uv": [5, 4, 6, 5], "texture": "#1"}, "down": {"uv": [5, 4, 6, 5], "texture": "#1"}}}, {"from": [10.7, 16.6, 5], "to": [11.1, 17, 8.7], "rotation": {"angle": 0, "axis": "y", "origin": [8.9, 4.8, 6.5]}, "faces": {"north": {"uv": [5, 4, 6, 5], "texture": "#1"}, "east": {"uv": [5, 4, 6, 5], "texture": "#1"}, "south": {"uv": [5, 4, 6, 5], "texture": "#1"}, "west": {"uv": [5, 4, 6, 5], "texture": "#1"}, "up": {"uv": [5, 4, 6, 5], "texture": "#1"}, "down": {"uv": [5, 4, 6, 5], "texture": "#1"}}}, {"from": [4.7, 12, 5], "to": [5.1, 12.4, 8.7], "rotation": {"angle": 0, "axis": "y", "origin": [2.9, 0.2, 6.5]}, "faces": {"north": {"uv": [5, 4, 6, 5], "texture": "#1"}, "east": {"uv": [5, 4, 6, 5], "texture": "#1"}, "south": {"uv": [5, 4, 6, 5], "texture": "#1"}, "west": {"uv": [5, 4, 6, 5], "texture": "#1"}, "up": {"uv": [5, 4, 6, 5], "texture": "#1"}, "down": {"uv": [5, 4, 6, 5], "texture": "#1"}}}, {"from": [4.7, 16.6, 5], "to": [5.1, 17, 8.7], "rotation": {"angle": 0, "axis": "y", "origin": [2.9, 4.8, 6.5]}, "faces": {"north": {"uv": [5, 4, 6, 5], "texture": "#1"}, "east": {"uv": [5, 4, 6, 5], "texture": "#1"}, "south": {"uv": [5, 4, 6, 5], "texture": "#1"}, "west": {"uv": [5, 4, 6, 5], "texture": "#1"}, "up": {"uv": [5, 4, 6, 5], "texture": "#1"}, "down": {"uv": [5, 4, 6, 5], "texture": "#1"}}}, {"from": [6, 4, 5.4], "to": [7, 5, 7.5], "rotation": {"angle": 0, "axis": "y", "origin": [7.5, -3.5, 6.5]}, "faces": {"north": {"uv": [5.25, 4.25, 5.875, 4.875], "texture": "#0"}, "east": {"uv": [5.25, 4.25, 5.875, 4.875], "texture": "#0"}, "south": {"uv": [5.25, 4.25, 5.875, 4.875], "texture": "#0"}, "west": {"uv": [5.25, 4.25, 5.875, 4.875], "texture": "#0"}, "up": {"uv": [5.25, 4.25, 5.875, 4.875], "texture": "#0"}, "down": {"uv": [5.25, 4.25, 5.875, 4.875], "texture": "#0"}}}, {"from": [6.3, 4.3, 5.1], "to": [6.7, 4.7, 8.7], "rotation": {"angle": 0, "axis": "y", "origin": [7.5, -3.5, 6.5]}, "faces": {"north": {"uv": [5, 4, 6, 5], "texture": "#1"}, "east": {"uv": [5, 4, 6, 5], "texture": "#1"}, "south": {"uv": [5, 4, 6, 5], "texture": "#1"}, "west": {"uv": [5, 4, 6, 5], "texture": "#1"}, "up": {"uv": [5, 4, 6, 5], "texture": "#1"}, "down": {"uv": [5, 4, 6, 5], "texture": "#1"}}}, {"from": [9, 4, 5.4], "to": [10, 5, 7.5], "rotation": {"angle": 0, "axis": "y", "origin": [7.5, -3.5, 6.5]}, "faces": {"north": {"uv": [5.25, 4.25, 5.875, 4.875], "texture": "#0"}, "east": {"uv": [5.25, 4.25, 5.875, 4.875], "texture": "#0"}, "south": {"uv": [5.25, 4.25, 5.875, 4.875], "texture": "#0"}, "west": {"uv": [5.25, 4.25, 5.875, 4.875], "texture": "#0"}, "up": {"uv": [5.25, 4.25, 5.875, 4.875], "texture": "#0"}, "down": {"uv": [5.25, 4.25, 5.875, 4.875], "texture": "#0"}}}, {"from": [9.3, 4.3, 5.1], "to": [9.7, 4.7, 8.7], "rotation": {"angle": 0, "axis": "y", "origin": [7.5, -3.5, 6.5]}, "faces": {"north": {"uv": [5, 4, 6, 5], "texture": "#1"}, "east": {"uv": [5, 4, 6, 5], "texture": "#1"}, "south": {"uv": [5, 4, 6, 5], "texture": "#1"}, "west": {"uv": [5, 4, 6, 5], "texture": "#1"}, "up": {"uv": [5, 4, 6, 5], "texture": "#1"}, "down": {"uv": [5, 4, 6, 5], "texture": "#1"}}}, {"from": [7.64451, 16.1288, 5.1], "to": [8.44451, 16.47733, 7], "rotation": {"angle": 0, "axis": "y", "origin": [9.94451, 13.95306, 6]}, "faces": {"north": {"uv": [2.25, 2.25, 2.875, 2.875], "texture": "#0"}, "up": {"uv": [2.25, 2.25, 2.875, 2.875], "texture": "#0"}, "down": {"uv": [2.25, 2.25, 2.875, 2.875], "texture": "#0"}}}, {"from": [7.64451, 12.45545, 5.1], "to": [8.44451, 12.80398, 7], "rotation": {"angle": 0, "axis": "y", "origin": [6.95315, 14.24931, 6]}, "faces": {"north": {"uv": [2.25, 2.25, 2.875, 2.875], "rotation": 180, "texture": "#0"}, "up": {"uv": [2.25, 2.25, 2.875, 2.875], "rotation": 180, "texture": "#0"}, "down": {"uv": [2.25, 2.25, 2.875, 2.875], "rotation": 180, "texture": "#0"}}}, {"from": [9.70691, 14.06639, 5.1], "to": [10.05544, 14.86639, 7], "rotation": {"angle": 0, "axis": "y", "origin": [9.35294, 13.59212, 6]}, "faces": {"north": {"uv": [2.25, 2.25, 2.875, 2.875], "rotation": 270, "texture": "#0"}, "east": {"uv": [2.25, 2.25, 2.875, 2.875], "rotation": 270, "texture": "#0"}, "west": {"uv": [2.25, 2.25, 2.875, 2.875], "rotation": 270, "texture": "#0"}}}, {"from": [6.03357, 14.06639, 5.1], "to": [6.3821, 14.86639, 7], "rotation": {"angle": 0, "axis": "y", "origin": [6.95315, 14.24931, 6]}, "faces": {"north": {"uv": [2.25, 2.25, 2.875, 2.875], "rotation": 90, "texture": "#0"}, "east": {"uv": [2.25, 2.25, 2.875, 2.875], "rotation": 90, "texture": "#0"}, "west": {"uv": [2.25, 2.25, 2.875, 2.875], "rotation": 90, "texture": "#0"}}}, {"from": [8.72845, 15.40453, 5.1], "to": [9.52845, 15.75306, 7], "rotation": {"angle": -45, "axis": "z", "origin": [9.46075, 15.41269, 6]}, "faces": {"north": {"uv": [2.25, 2.25, 2.875, 2.875], "texture": "#0"}, "south": {"uv": [2.25, 2.25, 2.875, 2.875], "texture": "#0"}, "up": {"uv": [2.25, 2.25, 2.875, 2.875], "texture": "#0"}, "down": {"uv": [2.25, 2.25, 2.875, 2.875], "texture": "#0"}}}, {"from": [5.86742, 13.2311, 5.1], "to": [6.21595, 14.0311, 7], "rotation": {"angle": 45, "axis": "z", "origin": [6.95315, 14.24931, 6]}, "faces": {"north": {"uv": [2.25, 2.25, 2.875, 2.875], "rotation": 90, "texture": "#0"}, "east": {"uv": [2.25, 2.25, 2.875, 2.875], "rotation": 90, "texture": "#0"}, "south": {"uv": [2.25, 2.25, 2.875, 2.875], "rotation": 90, "texture": "#0"}, "west": {"uv": [2.25, 2.25, 2.875, 2.875], "rotation": 90, "texture": "#0"}}}, {"from": [5.86742, 13.5311, 4.8], "to": [7.21595, 13.7311, 5.1], "rotation": {"angle": 45, "axis": "z", "origin": [6.95315, 14.24931, 4.1]}, "faces": {"north": {"uv": [2.25, 2.25, 2.875, 2.875], "rotation": 90, "texture": "#0"}, "east": {"uv": [2.25, 2.25, 2.875, 2.875], "rotation": 90, "texture": "#0"}, "south": {"uv": [2.25, 2.25, 2.875, 2.875], "rotation": 90, "texture": "#0"}, "west": {"uv": [2.25, 2.25, 2.875, 2.875], "rotation": 90, "texture": "#0"}, "up": {"uv": [2.25, 2.25, 2.875, 2.875], "rotation": 90, "texture": "#0"}, "down": {"uv": [2.25, 2.25, 2.875, 2.875], "rotation": 90, "texture": "#0"}}}, {"from": [8.64594, 13.12459, 5.1], "to": [9.44594, 13.47312, 7], "rotation": {"angle": 45, "axis": "z", "origin": [9.35294, 13.59212, 6]}, "faces": {"north": {"uv": [2.25, 2.25, 2.875, 2.875], "rotation": 180, "texture": "#0"}, "south": {"uv": [2.25, 2.25, 2.875, 2.875], "rotation": 180, "texture": "#0"}, "up": {"uv": [2.25, 2.25, 2.875, 2.875], "rotation": 180, "texture": "#0"}, "down": {"uv": [2.25, 2.25, 2.875, 2.875], "rotation": 180, "texture": "#0"}}}, {"from": [7.47836, 15.29351, 5.1], "to": [8.27836, 15.64204, 7], "rotation": {"angle": 45, "axis": "z", "origin": [6.95315, 14.24931, 6]}, "faces": {"north": {"uv": [2.25, 2.25, 2.875, 2.875], "texture": "#0"}, "south": {"uv": [2.25, 2.25, 2.875, 2.875], "texture": "#0"}, "up": {"uv": [2.25, 2.25, 2.875, 2.875], "texture": "#0"}, "down": {"uv": [2.25, 2.25, 2.875, 2.875], "texture": "#0"}}}, {"from": [7.30343, 15.44077, 5.1], "to": [8.10343, 15.7893, 7], "rotation": {"angle": -22.5, "axis": "z", "origin": [9.60343, 13.26504, 6]}, "faces": {"north": {"uv": [2.25, 2.25, 2.875, 2.875], "texture": "#0"}, "south": {"uv": [2.25, 2.25, 2.875, 2.875], "texture": "#0"}, "up": {"uv": [2.25, 2.25, 2.875, 2.875], "texture": "#0"}, "down": {"uv": [2.25, 2.25, 2.875, 2.875], "texture": "#0"}}}, {"from": [7.47836, 12.85657, 5.1], "to": [8.27836, 13.2051, 7], "rotation": {"angle": -22.5, "axis": "z", "origin": [6.95315, 14.24931, 6]}, "faces": {"north": {"uv": [2.25, 2.25, 2.875, 2.875], "rotation": 180, "texture": "#0"}, "south": {"uv": [2.25, 2.25, 2.875, 2.875], "rotation": 180, "texture": "#0"}, "up": {"uv": [2.25, 2.25, 2.875, 2.875], "rotation": 180, "texture": "#0"}, "down": {"uv": [2.25, 2.25, 2.875, 2.875], "rotation": 180, "texture": "#0"}}}, {"from": [9.47194, 13.49912, 5.1], "to": [9.82047, 14.29912, 7], "rotation": {"angle": -22.5, "axis": "z", "origin": [9.35294, 13.59212, 6]}, "faces": {"north": {"uv": [2.25, 2.25, 2.875, 2.875], "rotation": 270, "texture": "#0"}, "east": {"uv": [2.25, 2.25, 2.875, 2.875], "rotation": 270, "texture": "#0"}, "south": {"uv": [2.25, 2.25, 2.875, 2.875], "rotation": 270, "texture": "#0"}, "west": {"uv": [2.25, 2.25, 2.875, 2.875], "rotation": 270, "texture": "#0"}}}, {"from": [5.86742, 14.46751, 5.1], "to": [6.21595, 15.26751, 7], "rotation": {"angle": -22.5, "axis": "z", "origin": [6.95315, 14.24931, 6]}, "faces": {"north": {"uv": [2.25, 2.25, 2.875, 2.875], "rotation": 90, "texture": "#0"}, "east": {"uv": [2.25, 2.25, 2.875, 2.875], "rotation": 90, "texture": "#0"}, "south": {"uv": [2.25, 2.25, 2.875, 2.875], "rotation": 90, "texture": "#0"}, "west": {"uv": [2.25, 2.25, 2.875, 2.875], "rotation": 90, "texture": "#0"}}}, {"from": [9.45258, 14.6804, 5.1], "to": [9.80111, 15.4804, 7], "rotation": {"angle": 22.5, "axis": "z", "origin": [9.46075, 15.41269, 6]}, "faces": {"north": {"uv": [2.25, 2.25, 2.875, 2.875], "rotation": 270, "texture": "#0"}, "east": {"uv": [2.25, 2.25, 2.875, 2.875], "rotation": 270, "texture": "#0"}, "south": {"uv": [2.25, 2.25, 2.875, 2.875], "rotation": 270, "texture": "#0"}, "west": {"uv": [2.25, 2.25, 2.875, 2.875], "rotation": 270, "texture": "#0"}}}, {"from": [6.03357, 13.63222, 5.1], "to": [6.3821, 14.43222, 7], "rotation": {"angle": 22.5, "axis": "z", "origin": [6.95315, 14.24931, 6]}, "faces": {"north": {"uv": [2.25, 2.25, 2.875, 2.875], "rotation": 90, "texture": "#0"}, "east": {"uv": [2.25, 2.25, 2.875, 2.875], "rotation": 90, "texture": "#0"}, "south": {"uv": [2.25, 2.25, 2.875, 2.875], "rotation": 90, "texture": "#0"}, "west": {"uv": [2.25, 2.25, 2.875, 2.875], "rotation": 90, "texture": "#0"}}}, {"from": [8.07867, 12.88962, 5.1], "to": [8.87867, 13.23815, 7], "rotation": {"angle": 22.5, "axis": "z", "origin": [9.35294, 13.59212, 6]}, "faces": {"north": {"uv": [2.25, 2.25, 2.875, 2.875], "rotation": 180, "texture": "#0"}, "south": {"uv": [2.25, 2.25, 2.875, 2.875], "rotation": 180, "texture": "#0"}, "up": {"uv": [2.25, 2.25, 2.875, 2.875], "rotation": 180, "texture": "#0"}, "down": {"uv": [2.25, 2.25, 2.875, 2.875], "rotation": 180, "texture": "#0"}}}, {"from": [7.64451, 15.69463, 5.1], "to": [8.44451, 16.04316, 7], "rotation": {"angle": 22.5, "axis": "z", "origin": [6.95315, 14.24931, 6]}, "faces": {"north": {"uv": [2.25, 2.25, 2.875, 2.875], "texture": "#0"}, "south": {"uv": [2.25, 2.25, 2.875, 2.875], "texture": "#0"}, "up": {"uv": [2.25, 2.25, 2.875, 2.875], "texture": "#0"}, "down": {"uv": [2.25, 2.25, 2.875, 2.875], "texture": "#0"}}}, {"from": [7.74451, 13.1132, 5.2375], "to": [8.34451, 15.97459, 6.7625], "rotation": {"angle": 0, "axis": "y", "origin": [9.46951, 14.08139, 6.0125]}, "faces": {"north": {"uv": [1.25, 2.125, 1.875, 2.75], "texture": "#1"}, "up": {"uv": [1.25, 2.125, 1.875, 2.75], "texture": "#1"}}}, {"from": [7.74451, 12.95819, 5.2375], "to": [8.34451, 13.21958, 6.7625], "rotation": {"angle": 0, "axis": "y", "origin": [7.22599, 14.30358, 6.0125]}, "faces": {"north": {"uv": [1.25, 2.125, 1.875, 2.75], "rotation": 180, "texture": "#1"}, "down": {"uv": [1.25, 2.125, 1.875, 2.75], "rotation": 180, "texture": "#1"}}}, {"from": [6.79131, 14.16639, 5.2375], "to": [9.55271, 14.76639, 6.7625], "rotation": {"angle": 0, "axis": "y", "origin": [9.02583, 13.81069, 6.0125]}, "faces": {"north": {"uv": [1.25, 2.125, 1.875, 2.75], "rotation": 270, "texture": "#1"}, "east": {"uv": [1.25, 2.125, 1.875, 2.75], "rotation": 270, "texture": "#1"}}}, {"from": [6.5363, 14.16639, 5.2375], "to": [6.7977, 14.76639, 6.7625], "rotation": {"angle": 0, "axis": "y", "origin": [7.22599, 14.30358, 6.0125]}, "faces": {"north": {"uv": [1.25, 2.125, 1.875, 2.75], "rotation": 90, "texture": "#1"}, "west": {"uv": [1.25, 2.125, 1.875, 2.75], "rotation": 90, "texture": "#1"}}}, {"from": [8.55747, 12.56999, 5.2375], "to": [9.15747, 15.43139, 6.7625], "rotation": {"angle": -45, "axis": "z", "origin": [9.10669, 15.17612, 6.0125]}, "faces": {"north": {"uv": [1.25, 2.125, 1.875, 2.75], "texture": "#1"}, "south": {"uv": [1.25, 2.125, 1.875, 2.75], "texture": "#1"}, "up": {"uv": [1.25, 2.125, 1.875, 2.75], "texture": "#1"}}}, {"from": [6.41169, 13.53993, 5.2375], "to": [6.67309, 14.13993, 6.7625], "rotation": {"angle": 45, "axis": "z", "origin": [7.22599, 14.30358, 6.0125]}, "faces": {"north": {"uv": [1.25, 2.125, 1.875, 2.75], "rotation": 90, "texture": "#1"}, "south": {"uv": [1.25, 2.125, 1.875, 2.75], "rotation": 90, "texture": "#1"}, "west": {"uv": [1.25, 2.125, 1.875, 2.75], "rotation": 90, "texture": "#1"}}}, {"from": [8.49558, 13.46004, 5.2375], "to": [9.09558, 13.72144, 6.7625], "rotation": {"angle": 45, "axis": "z", "origin": [9.02583, 13.81069, 6.0125]}, "faces": {"north": {"uv": [1.25, 2.125, 1.875, 2.75], "rotation": 180, "texture": "#1"}, "south": {"uv": [1.25, 2.125, 1.875, 2.75], "rotation": 180, "texture": "#1"}, "down": {"uv": [1.25, 2.125, 1.875, 2.75], "rotation": 180, "texture": "#1"}}}, {"from": [7.61989, 12.48673, 5.2375], "to": [8.21989, 15.34813, 6.7625], "rotation": {"angle": 45, "axis": "z", "origin": [7.22599, 14.30358, 6.0125]}, "faces": {"north": {"uv": [1.25, 2.125, 1.875, 2.75], "texture": "#1"}, "south": {"uv": [1.25, 2.125, 1.875, 2.75], "texture": "#1"}, "up": {"uv": [1.25, 2.125, 1.875, 2.75], "texture": "#1"}}}, {"from": [7.4887, 12.59718, 5.2375], "to": [8.0887, 15.45857, 6.7625], "rotation": {"angle": -22.5, "axis": "z", "origin": [9.2137, 13.56538, 6.0125]}, "faces": {"north": {"uv": [1.25, 2.125, 1.875, 2.75], "texture": "#1"}, "south": {"uv": [1.25, 2.125, 1.875, 2.75], "texture": "#1"}, "up": {"uv": [1.25, 2.125, 1.875, 2.75], "texture": "#1"}}}, {"from": [7.61989, 13.25903, 5.2375], "to": [8.21989, 13.52042, 6.7625], "rotation": {"angle": -22.5, "axis": "z", "origin": [7.22599, 14.30358, 6.0125]}, "faces": {"north": {"uv": [1.25, 2.125, 1.875, 2.75], "rotation": 180, "texture": "#1"}, "south": {"uv": [1.25, 2.125, 1.875, 2.75], "rotation": 180, "texture": "#1"}, "down": {"uv": [1.25, 2.125, 1.875, 2.75], "rotation": 180, "texture": "#1"}}}, {"from": [6.61508, 13.74094, 5.2375], "to": [9.37648, 14.34094, 6.7625], "rotation": {"angle": -22.5, "axis": "z", "origin": [9.02583, 13.81069, 6.0125]}, "faces": {"north": {"uv": [1.25, 2.125, 1.875, 2.75], "rotation": 270, "texture": "#1"}, "east": {"uv": [1.25, 2.125, 1.875, 2.75], "rotation": 270, "texture": "#1"}, "south": {"uv": [1.25, 2.125, 1.875, 2.75], "rotation": 270, "texture": "#1"}}}, {"from": [6.41169, 14.46723, 5.2375], "to": [6.67309, 15.06723, 6.7625], "rotation": {"angle": -22.5, "axis": "z", "origin": [7.22599, 14.30358, 6.0125]}, "faces": {"north": {"uv": [1.25, 2.125, 1.875, 2.75], "rotation": 90, "texture": "#1"}, "south": {"uv": [1.25, 2.125, 1.875, 2.75], "rotation": 90, "texture": "#1"}, "west": {"uv": [1.25, 2.125, 1.875, 2.75], "rotation": 90, "texture": "#1"}}}, {"from": [6.60056, 14.6269, 5.2375], "to": [9.36196, 15.2269, 6.7625], "rotation": {"angle": 22.5, "axis": "z", "origin": [9.10669, 15.17612, 6.0125]}, "faces": {"north": {"uv": [1.25, 2.125, 1.875, 2.75], "rotation": 270, "texture": "#1"}, "east": {"uv": [1.25, 2.125, 1.875, 2.75], "rotation": 270, "texture": "#1"}, "south": {"uv": [1.25, 2.125, 1.875, 2.75], "rotation": 270, "texture": "#1"}}}, {"from": [6.5363, 13.84076, 5.2375], "to": [6.7977, 14.44076, 6.7625], "rotation": {"angle": 22.5, "axis": "z", "origin": [7.22599, 14.30358, 6.0125]}, "faces": {"north": {"uv": [1.25, 2.125, 1.875, 2.75], "rotation": 90, "texture": "#1"}, "south": {"uv": [1.25, 2.125, 1.875, 2.75], "rotation": 90, "texture": "#1"}, "west": {"uv": [1.25, 2.125, 1.875, 2.75], "rotation": 90, "texture": "#1"}}}, {"from": [8.07013, 13.28381, 5.2375], "to": [8.67013, 13.54521, 6.7625], "rotation": {"angle": 22.5, "axis": "z", "origin": [9.02583, 13.81069, 6.0125]}, "faces": {"north": {"uv": [1.25, 2.125, 1.875, 2.75], "rotation": 180, "texture": "#1"}, "south": {"uv": [1.25, 2.125, 1.875, 2.75], "rotation": 180, "texture": "#1"}, "down": {"uv": [1.25, 2.125, 1.875, 2.75], "rotation": 180, "texture": "#1"}}}, {"from": [7.74451, 12.78757, 5.2375], "to": [8.34451, 15.64897, 6.7625], "rotation": {"angle": 22.5, "axis": "z", "origin": [7.22599, 14.30358, 6.0125]}, "faces": {"north": {"uv": [1.25, 2.125, 1.875, 2.75], "texture": "#1"}, "south": {"uv": [1.25, 2.125, 1.875, 2.75], "texture": "#1"}, "up": {"uv": [1.25, 2.125, 1.875, 2.75], "texture": "#1"}}}, {"from": [7.89451, 15.5132, 5.1375], "to": [8.19451, 15.77459, 5.2625], "rotation": {"angle": 0, "axis": "y", "origin": [9.41951, 15.28139, 4.5125]}, "faces": {"north": {"uv": [9, 3.125, 9.625, 3.75], "texture": "#1"}, "east": {"uv": [9, 3.125, 9.625, 3.75], "texture": "#1"}, "west": {"uv": [9, 3.125, 9.625, 3.75], "texture": "#1"}, "up": {"uv": [9, 3.125, 9.625, 3.75], "texture": "#1"}, "down": {"uv": [9, 3.125, 9.625, 3.75], "texture": "#1"}}}, {"from": [9.11381, 14.29389, 5.1375], "to": [9.3752, 14.59389, 5.2625], "rotation": {"angle": 0, "axis": "y", "origin": [8.04451, 14.44389, 5.2]}, "faces": {"north": {"uv": [9, 3.125, 9.625, 3.75], "rotation": 270, "texture": "#1"}, "east": {"uv": [9, 3.125, 9.625, 3.75], "rotation": 90, "texture": "#1"}, "west": {"uv": [9, 3.125, 9.625, 3.75], "rotation": 90, "texture": "#1"}, "up": {"uv": [9, 3.125, 9.625, 3.75], "rotation": 90, "texture": "#1"}, "down": {"uv": [9, 3.125, 9.625, 3.75], "rotation": 90, "texture": "#1"}}}, {"from": [9.11381, 14.29389, 5.1375], "to": [9.3752, 14.59389, 5.2625], "rotation": {"angle": 45, "axis": "z", "origin": [8.04451, 14.44389, 5.2]}, "faces": {"north": {"uv": [9, 3.125, 9.625, 3.75], "rotation": 270, "texture": "#1"}, "east": {"uv": [9, 3.125, 9.625, 3.75], "rotation": 90, "texture": "#1"}, "south": {"uv": [9, 3.125, 9.625, 3.75], "rotation": 90, "texture": "#1"}, "west": {"uv": [9, 3.125, 9.625, 3.75], "rotation": 90, "texture": "#1"}, "up": {"uv": [9, 3.125, 9.625, 3.75], "rotation": 90, "texture": "#1"}, "down": {"uv": [9, 3.125, 9.625, 3.75], "rotation": 90, "texture": "#1"}}}, {"from": [7.89451, 13.1132, 5.1375], "to": [8.19451, 13.37459, 5.2625], "rotation": {"angle": 45, "axis": "z", "origin": [8.04451, 14.44389, 5.2]}, "faces": {"north": {"uv": [9, 3.125, 9.625, 3.75], "rotation": 180, "texture": "#1"}, "east": {"uv": [9, 3.125, 9.625, 3.75], "rotation": 180, "texture": "#1"}, "west": {"uv": [9, 3.125, 9.625, 3.75], "rotation": 180, "texture": "#1"}, "up": {"uv": [9, 3.125, 9.625, 3.75], "rotation": 180, "texture": "#1"}, "down": {"uv": [9, 3.125, 9.625, 3.75], "rotation": 180, "texture": "#1"}}}, {"from": [7.89451, 15.5132, 5.1375], "to": [8.19451, 15.77459, 5.2625], "rotation": {"angle": -22.5, "axis": "z", "origin": [8.04451, 14.44389, 5.2]}, "faces": {"north": {"uv": [9, 3.125, 9.625, 3.75], "texture": "#1"}, "east": {"uv": [9, 3.125, 9.625, 3.75], "texture": "#1"}, "west": {"uv": [9, 3.125, 9.625, 3.75], "texture": "#1"}, "up": {"uv": [9, 3.125, 9.625, 3.75], "texture": "#1"}, "down": {"uv": [9, 3.125, 9.625, 3.75], "texture": "#1"}}}, {"from": [9.11381, 14.29389, 5.1375], "to": [9.3752, 14.59389, 5.2625], "rotation": {"angle": -22.5, "axis": "z", "origin": [8.04451, 14.44389, 5.2]}, "faces": {"north": {"uv": [9, 3.125, 9.625, 3.75], "rotation": 270, "texture": "#1"}, "east": {"uv": [9, 3.125, 9.625, 3.75], "rotation": 90, "texture": "#1"}, "west": {"uv": [9, 3.125, 9.625, 3.75], "rotation": 90, "texture": "#1"}, "up": {"uv": [9, 3.125, 9.625, 3.75], "rotation": 90, "texture": "#1"}, "down": {"uv": [9, 3.125, 9.625, 3.75], "rotation": 90, "texture": "#1"}}}, {"from": [9.11381, 14.29389, 5.1375], "to": [9.3752, 14.59389, 5.2625], "rotation": {"angle": 22.5, "axis": "z", "origin": [8.04451, 14.44389, 5.2]}, "faces": {"north": {"uv": [9, 3.125, 9.625, 3.75], "rotation": 270, "texture": "#1"}, "east": {"uv": [9, 3.125, 9.625, 3.75], "rotation": 90, "texture": "#1"}, "west": {"uv": [9, 3.125, 9.625, 3.75], "rotation": 90, "texture": "#1"}, "up": {"uv": [9, 3.125, 9.625, 3.75], "rotation": 90, "texture": "#1"}, "down": {"uv": [9, 3.125, 9.625, 3.75], "rotation": 90, "texture": "#1"}}}, {"from": [7.89451, 13.1132, 5.1375], "to": [8.19451, 13.37459, 5.2625], "rotation": {"angle": 22.5, "axis": "z", "origin": [8.04451, 14.44389, 5.2]}, "faces": {"north": {"uv": [9, 3.125, 9.625, 3.75], "rotation": 180, "texture": "#1"}, "east": {"uv": [9, 3.125, 9.625, 3.75], "rotation": 180, "texture": "#1"}, "west": {"uv": [9, 3.125, 9.625, 3.75], "rotation": 180, "texture": "#1"}, "up": {"uv": [9, 3.125, 9.625, 3.75], "rotation": 180, "texture": "#1"}, "down": {"uv": [9, 3.125, 9.625, 3.75], "rotation": 180, "texture": "#1"}}}, {"from": [7.89451, 15.5132, 5.1375], "to": [8.19451, 15.77459, 5.2625], "rotation": {"angle": 22.5, "axis": "z", "origin": [8.04451, 14.44389, 5.2]}, "faces": {"north": {"uv": [9, 3.125, 9.625, 3.75], "rotation": 180, "texture": "#1"}, "east": {"uv": [9, 3.125, 9.625, 3.75], "rotation": 180, "texture": "#1"}, "west": {"uv": [9, 3.125, 9.625, 3.75], "rotation": 180, "texture": "#1"}, "up": {"uv": [9, 3.125, 9.625, 3.75], "rotation": 180, "texture": "#1"}, "down": {"uv": [9, 3.125, 9.625, 3.75], "rotation": 180, "texture": "#1"}}}, {"from": [7.89451, 13.1132, 5.1375], "to": [8.19451, 13.37459, 5.2625], "rotation": {"angle": 0, "axis": "y", "origin": [9.41951, 12.88139, 4.5125]}, "faces": {"north": {"uv": [9, 3.125, 9.625, 3.75], "texture": "#1"}, "east": {"uv": [9, 3.125, 9.625, 3.75], "texture": "#1"}, "west": {"uv": [9, 3.125, 9.625, 3.75], "texture": "#1"}, "up": {"uv": [9, 3.125, 9.625, 3.75], "texture": "#1"}, "down": {"uv": [9, 3.125, 9.625, 3.75], "texture": "#1"}}}, {"from": [7.89451, 13.1132, 5.1375], "to": [8.19451, 13.37459, 5.2625], "rotation": {"angle": -22.5, "axis": "z", "origin": [8.04451, 14.44389, 5.2]}, "faces": {"north": {"uv": [9, 3.125, 9.625, 3.75], "texture": "#1"}, "east": {"uv": [9, 3.125, 9.625, 3.75], "texture": "#1"}, "west": {"uv": [9, 3.125, 9.625, 3.75], "texture": "#1"}, "up": {"uv": [9, 3.125, 9.625, 3.75], "texture": "#1"}, "down": {"uv": [9, 3.125, 9.625, 3.75], "texture": "#1"}}}, {"from": [7.85, 14.35, 5.025], "to": [8.25, 14.75, 5.4], "rotation": {"angle": -45, "axis": "z", "origin": [8.05, 14.55, 5.25]}, "faces": {"north": {"uv": [2.25, 15.375, 2.875, 16], "texture": "#0"}, "east": {"uv": [2.25, 15.375, 2.875, 16], "texture": "#0"}, "west": {"uv": [2.25, 15.375, 2.875, 16], "texture": "#0"}, "up": {"uv": [2.25, 15.375, 2.875, 16], "texture": "#0"}, "down": {"uv": [2.25, 15.375, 2.875, 16], "texture": "#0"}}}, {"from": [12, 13.6, 6], "to": [13.3, 14.9, 6.975], "rotation": {"angle": 0, "axis": "y", "origin": [8.9, 4.8, 6.5]}, "faces": {"north": {"uv": [3.75, 5.25, 3.125, 5.75], "texture": "#3"}, "east": {"uv": [3.75, 5.25, 3.125, 5.75], "texture": "#3"}, "south": {"uv": [3.75, 5.25, 3.125, 5.75], "texture": "#3"}, "west": {"uv": [3.75, 5.25, 3.125, 5.75], "texture": "#3"}, "up": {"uv": [3.75, 5.25, 3.125, 5.75], "texture": "#3"}, "down": {"uv": [3.75, 5.25, 3.125, 5.75], "texture": "#3"}}}, {"from": [12, 9, 6], "to": [13.3, 10.3, 6.975], "rotation": {"angle": 0, "axis": "y", "origin": [8.9, 19.1, 6.5]}, "faces": {"north": {"uv": [3.75, 5.75, 3.125, 5.25], "texture": "#3"}, "east": {"uv": [3.75, 5.75, 3.125, 5.25], "texture": "#3"}, "south": {"uv": [3.75, 5.75, 3.125, 5.25], "texture": "#3"}, "west": {"uv": [3.75, 5.75, 3.125, 5.25], "texture": "#3"}, "up": {"uv": [3.75, 5.75, 3.125, 5.25], "texture": "#3"}, "down": {"uv": [3.75, 5.75, 3.125, 5.25], "texture": "#3"}}}, {"from": [12.1, 13.7, 5.7], "to": [13.2, 14.8, 7.075], "rotation": {"angle": 0, "axis": "y", "origin": [8.9, 4.8, 6.5]}, "faces": {"north": {"uv": [3.75, 5.25, 3.125, 5.75], "texture": "#3"}, "east": {"uv": [3.75, 5.25, 3.125, 5.75], "texture": "#3"}, "south": {"uv": [3.75, 5.25, 3.125, 5.75], "texture": "#1"}, "west": {"uv": [3.75, 5.25, 3.125, 5.75], "texture": "#3"}, "up": {"uv": [3.75, 5.25, 3.125, 5.75], "texture": "#3"}, "down": {"uv": [3.75, 5.25, 3.125, 5.75], "texture": "#3"}}}, {"from": [12.1, 9.1, 5.7], "to": [13.2, 10.2, 7.075], "rotation": {"angle": 0, "axis": "y", "origin": [8.9, 19.1, 6.5]}, "faces": {"north": {"uv": [3.75, 5.75, 3.125, 5.25], "texture": "#3"}, "east": {"uv": [3.75, 5.75, 3.125, 5.25], "texture": "#3"}, "south": {"uv": [3.75, 5.75, 3.125, 5.25], "texture": "#1"}, "west": {"uv": [3.75, 5.75, 3.125, 5.25], "texture": "#3"}, "up": {"uv": [3.75, 5.75, 3.125, 5.25], "texture": "#3"}, "down": {"uv": [3.75, 5.75, 3.125, 5.25], "texture": "#3"}}}, {"from": [12.1, 13.1, 6], "to": [13.2, 14.3, 6.475], "rotation": {"angle": 22.5, "axis": "x", "origin": [12.65, 14.25, 5.9875]}, "faces": {"north": {"uv": [3.75, 5.25, 3.125, 5.75], "texture": "#3"}, "east": {"uv": [3.75, 5.25, 3.125, 5.75], "texture": "#3"}, "south": {"uv": [3.75, 5.25, 3.125, 5.75], "texture": "#3"}, "west": {"uv": [3.75, 5.25, 3.125, 5.75], "texture": "#3"}}}, {"from": [12.1, 9.6, 6], "to": [13.2, 10.8, 6.475], "rotation": {"angle": -22.5, "axis": "x", "origin": [12.65, 9.65, 5.9875]}, "faces": {"north": {"uv": [3.75, 5.75, 3.125, 5.25], "texture": "#3"}, "east": {"uv": [3.75, 5.75, 3.125, 5.25], "texture": "#3"}, "south": {"uv": [3.75, 5.75, 3.125, 5.25], "texture": "#3"}, "west": {"uv": [3.75, 5.75, 3.125, 5.25], "texture": "#3"}}}, {"from": [12.1, 10.71725, 5.55896], "to": [13.2, 13.18275, 6.03396], "rotation": {"angle": 0, "axis": "y", "origin": [12.65, 13.13275, 5.54646]}, "faces": {"north": {"uv": [3.75, 5.25, 3.125, 5.75], "texture": "#3"}, "east": {"uv": [3.75, 5.25, 3.125, 5.75], "texture": "#3"}, "south": {"uv": [3.75, 5.25, 3.125, 5.75], "texture": "#3"}, "west": {"uv": [3.75, 5.25, 3.125, 5.75], "texture": "#3"}}}, {"from": [12.9, 14.7, 6.4], "to": [13.1, 15.8, 6.675], "rotation": {"angle": 0, "axis": "y", "origin": [8.9, 4.8, 6.5]}, "faces": {"north": {"uv": [3.75, 5.25, 3.125, 5.75], "texture": "#3"}, "east": {"uv": [3.75, 5.25, 3.125, 5.75], "texture": "#3"}, "south": {"uv": [3.75, 5.25, 3.125, 5.75], "texture": "#3"}, "west": {"uv": [3.75, 5.25, 3.125, 5.75], "texture": "#3"}, "up": {"uv": [3.75, 5.25, 3.125, 5.75], "texture": "#3"}}}, {"from": [12.3, 14.7, 6.4], "to": [12.5, 15.8, 6.675], "rotation": {"angle": 0, "axis": "y", "origin": [8.9, 4.8, 6.5]}, "faces": {"north": {"uv": [3.75, 5.25, 3.125, 5.75], "texture": "#3"}, "east": {"uv": [3.75, 5.25, 3.125, 5.75], "texture": "#3"}, "south": {"uv": [3.75, 5.25, 3.125, 5.75], "texture": "#3"}, "west": {"uv": [3.75, 5.25, 3.125, 5.75], "texture": "#3"}, "up": {"uv": [3.75, 5.25, 3.125, 5.75], "texture": "#3"}}}, {"from": [12.5, 15.6, 6.4], "to": [12.9, 15.8, 6.675], "rotation": {"angle": 0, "axis": "y", "origin": [8.9, 4.8, 6.5]}, "faces": {"north": {"uv": [3.75, 5.25, 3.125, 5.75], "texture": "#3"}, "south": {"uv": [3.75, 5.25, 3.125, 5.75], "texture": "#3"}, "up": {"uv": [3.75, 5.25, 3.125, 5.75], "texture": "#3"}, "down": {"uv": [3.75, 5.25, 3.125, 5.75], "texture": "#3"}}}], "display": {"head": {"scale": [2, 2, 2]}}, "groups": [0, 1, 2, 3, 4, 5, 6, 7, 8, 9, 10, 11, 12, 13, 14, 15, 16, 17, 18, 19, 20, 21, 22, 23, 24, 25, 26, 27, 28, 29, 30, 31, 32, 33, 34, 35, 36, 37, 38, 39, 40, 41, 42, 43, 44, 45, 46, 47, 48, 49, 50, 51, 52, 53, 54, 55, 56, 57, 58, 59, 60, 61, 62, 63, 64, 65, 66, 67, 68, 69, 70, {"name": "group", "origin": [7.5, -2.1, 6.5], "children": [71, 72, 73, 74, 75, 76, 77, 78, 79, 80, 81, 82, 83, 84, 85, 86, 87]}, {"name": "group", "origin": [7.5, -2.1, 6.5], "children": [88, 89, 90, 91, 92, 93, 94, 95, 96, 97, 98, 99, 100, 101, 102, 103]}, 104, 105, 106, 107, 108, 109, 110, 111, 112, 113, 114, 115, {"name": "group", "origin": [8.9, 4.8, 6.5], "children": [116, 117, 118, 119, 120, 121, 122, 123, 124, 125]}]}