{"parent": "block/fence_side", "ambientocclusion": false, "textures": {"0": "block/warped_planks", "1": "block/black_concrete", "particle": "block/warped_planks"}, "elements": [{"from": [7.16724, 6.90391, -3.70788], "to": [8.72244, 8.63191, 6.48732], "rotation": {"angle": 0, "axis": "y", "origin": [8.63659, 7.76791, -3.44832]}, "faces": {"north": {"uv": [0, 1, 1, 0], "rotation": 90, "texture": "#0"}, "east": {"uv": [0, 1, 1, 0], "rotation": 90, "texture": "#0"}, "south": {"uv": [0, 1, 1, 0], "rotation": 90, "texture": "#0"}, "west": {"uv": [0, 1, 1, 0], "rotation": 90, "texture": "#0"}, "up": {"uv": [0, 1, 1, 0], "rotation": 90, "texture": "#0"}, "down": {"uv": [0, 1, 1, 0], "rotation": 90, "texture": "#0"}}}, {"from": [7.09353, 6.90391, 7.41322], "to": [8.88029, 8.63191, 15.54519], "rotation": {"angle": 0, "axis": "y", "origin": [7.90569, 7.76791, 14.56704]}, "faces": {"north": {"uv": [0, 0, 1, 1], "rotation": 270, "texture": "#0"}, "east": {"uv": [0, 0, 1, 1], "rotation": 270, "texture": "#0"}, "south": {"uv": [0, 0, 1, 1], "rotation": 270, "texture": "#0"}, "west": {"uv": [0, 0, 1, 1], "rotation": 270, "texture": "#0"}, "up": {"uv": [0, 0, 1, 1], "rotation": 270, "texture": "#0"}, "down": {"uv": [0, 0, 1, 1], "rotation": 270, "texture": "#0"}}}, {"from": [5.90536, 6.90391, 6.86238], "to": [7.52968, 8.63191, 15.30884], "rotation": {"angle": -22.5, "axis": "y", "origin": [6.71752, 7.76791, 14.3307]}, "faces": {"north": {"uv": [0, 0, 1, 1], "rotation": 270, "texture": "#0"}, "east": {"uv": [0, 0, 1, 1], "rotation": 270, "texture": "#0"}, "south": {"uv": [0, 0, 1, 1], "rotation": 270, "texture": "#0"}, "west": {"uv": [0, 0, 1, 1], "rotation": 270, "texture": "#0"}, "up": {"uv": [0, 0, 1, 1], "rotation": 270, "texture": "#0"}, "down": {"uv": [0, 0, 1, 1], "rotation": 270, "texture": "#0"}}}, {"from": [4.89807, 6.90391, 7.02223], "to": [6.52239, 8.63191, 14.63579], "rotation": {"angle": -45, "axis": "y", "origin": [5.71023, 7.76791, 13.65765]}, "faces": {"north": {"uv": [0, 0, 1, 1], "rotation": 270, "texture": "#0"}, "east": {"uv": [0, 0, 1, 1], "rotation": 270, "texture": "#0"}, "south": {"uv": [0, 0, 1, 1], "rotation": 270, "texture": "#0"}, "west": {"uv": [0, 0, 1, 1], "rotation": 270, "texture": "#0"}, "up": {"uv": [0, 0, 1, 1], "rotation": 270, "texture": "#0"}, "down": {"uv": [0, 0, 1, 1], "rotation": 270, "texture": "#0"}}}, {"from": [4.05903, 6.90391, 11.8382], "to": [11.51017, 8.63191, 13.46252], "rotation": {"angle": 22.5, "axis": "y", "origin": [5.03718, 7.76791, 12.65036]}, "faces": {"north": {"uv": [0, 0, 1, 1], "texture": "#0"}, "east": {"uv": [0, 0, 1, 1], "texture": "#0"}, "south": {"uv": [0, 0, 1, 1], "texture": "#0"}, "west": {"uv": [0, 0, 1, 1], "texture": "#0"}, "up": {"uv": [0, 0, 1, 1], "texture": "#0"}, "down": {"uv": [0, 0, 1, 1], "texture": "#0"}}}, {"from": [3.82269, 6.90391, 10.30442], "to": [11.61943, 8.63191, 12.27434], "rotation": {"angle": 0, "axis": "y", "origin": [4.80084, 7.76791, 11.46218]}, "faces": {"north": {"uv": [0, 0, 1, 1], "texture": "#0"}, "east": {"uv": [0, 0, 1, 1], "texture": "#0"}, "south": {"uv": [0, 0, 1, 1], "texture": "#0"}, "west": {"uv": [0, 0, 1, 1], "texture": "#0"}, "up": {"uv": [0, 0, 1, 1], "texture": "#0"}, "down": {"uv": [0, 0, 1, 1], "texture": "#0"}}}, {"from": [4.35586, 6.90391, 11.8382], "to": [11.91759, 8.63191, 13.46252], "rotation": {"angle": -22.5, "axis": "y", "origin": [10.93944, 7.76791, 12.65036]}, "faces": {"north": {"uv": [1, 0, 0, 1], "texture": "#0"}, "east": {"uv": [1, 0, 0, 1], "texture": "#0"}, "south": {"uv": [1, 0, 0, 1], "texture": "#0"}, "west": {"uv": [1, 0, 0, 1], "texture": "#0"}, "up": {"uv": [1, 0, 0, 1], "texture": "#0"}, "down": {"uv": [1, 0, 0, 1], "texture": "#0"}}}, {"from": [11.5042, 6.90391, 10.47722], "to": [12.15393, 8.63191, 12.27434], "rotation": {"angle": 0, "axis": "y", "origin": [11.17579, 7.76791, 11.46218]}, "faces": {"north": {"uv": [1, 0, 0, 1], "texture": "#0"}, "east": {"uv": [1, 0, 0, 1], "texture": "#0"}, "south": {"uv": [1, 0, 0, 1], "texture": "#0"}, "west": {"uv": [1, 0, 0, 1], "texture": "#0"}, "up": {"uv": [1, 0, 0, 1], "texture": "#0"}, "down": {"uv": [1, 0, 0, 1], "texture": "#0"}}}, {"from": [9.45423, 6.90391, 7.19503], "to": [11.07855, 8.63191, 14.63579], "rotation": {"angle": 45, "axis": "y", "origin": [10.26639, 7.76791, 13.65765]}, "faces": {"north": {"uv": [0, 1, 1, 0], "rotation": 270, "texture": "#0"}, "east": {"uv": [0, 1, 1, 0], "rotation": 270, "texture": "#0"}, "south": {"uv": [0, 1, 1, 0], "rotation": 270, "texture": "#0"}, "west": {"uv": [0, 1, 1, 0], "rotation": 270, "texture": "#0"}, "up": {"uv": [0, 1, 1, 0], "rotation": 270, "texture": "#0"}, "down": {"uv": [0, 1, 1, 0], "rotation": 270, "texture": "#0"}}}, {"from": [8.44695, 6.90391, 6.86238], "to": [10.07127, 8.63191, 15.30884], "rotation": {"angle": 22.5, "axis": "y", "origin": [9.25911, 7.76791, 14.3307]}, "faces": {"north": {"uv": [0, 1, 1, 0], "rotation": 270, "texture": "#0"}, "east": {"uv": [0, 1, 1, 0], "rotation": 270, "texture": "#0"}, "south": {"uv": [0, 1, 1, 0], "rotation": 270, "texture": "#0"}, "west": {"uv": [0, 1, 1, 0], "rotation": 270, "texture": "#0"}, "up": {"uv": [0, 1, 1, 0], "rotation": 270, "texture": "#0"}, "down": {"uv": [0, 1, 1, 0], "rotation": 270, "texture": "#0"}}}, {"from": [3.59046, 6.90391, 10.01095], "to": [5.31846, 8.63191, 10.52935], "rotation": {"angle": 22.5, "axis": "y", "origin": [4.45446, 7.76791, 10.87873]}, "faces": {"north": {"uv": [0, 0, 1, 1], "rotation": 90, "texture": "#0"}, "east": {"uv": [0, 0, 1, 1], "rotation": 90, "texture": "#0"}, "south": {"uv": [0, 0, 1, 1], "rotation": 90, "texture": "#0"}, "west": {"uv": [0, 0, 1, 1], "rotation": 90, "texture": "#0"}, "up": {"uv": [0, 0, 1, 1], "rotation": 90, "texture": "#0"}, "down": {"uv": [0, 0, 1, 1], "rotation": 90, "texture": "#0"}}}, {"from": [5.11298, 6.90391, 8.82083], "to": [6.14978, 8.63191, 9.51203], "rotation": {"angle": 45, "axis": "y", "origin": [5.97698, 7.76791, 9.86141]}, "faces": {"north": {"uv": [0, 0, 1, 1], "rotation": 90, "texture": "#0"}, "east": {"uv": [0, 0, 1, 1], "rotation": 90, "texture": "#0"}, "south": {"uv": [0, 0, 1, 1], "rotation": 90, "texture": "#0"}, "west": {"uv": [0, 0, 1, 1], "rotation": 90, "texture": "#0"}, "up": {"uv": [0, 0, 1, 1], "rotation": 90, "texture": "#0"}, "down": {"uv": [0, 0, 1, 1], "rotation": 90, "texture": "#0"}}}, {"from": [5.46496, 6.90391, 8.65485], "to": [6.15616, 8.63191, 9.69165], "rotation": {"angle": -22.5, "axis": "y", "origin": [6.50554, 7.76791, 8.82765]}, "faces": {"north": {"uv": [0, 0, 1, 1], "texture": "#0"}, "east": {"uv": [0, 0, 1, 1], "texture": "#0"}, "south": {"uv": [0, 0, 1, 1], "texture": "#0"}, "west": {"uv": [0, 0, 1, 1], "texture": "#0"}, "up": {"uv": [0, 0, 1, 1], "texture": "#0"}, "down": {"uv": [0, 0, 1, 1], "texture": "#0"}}}, {"from": [5.55768, 6.90391, 5.7695], "to": [10.22328, 8.63191, 8.5343], "rotation": {"angle": 0, "axis": "y", "origin": [5.81725, 7.76791, 7.58336]}, "faces": {"north": {"uv": [0, 0, 1, 1], "texture": "#0"}, "east": {"uv": [0, 0, 1, 1], "texture": "#0"}, "south": {"uv": [0, 0, 1, 1], "texture": "#0"}, "west": {"uv": [0, 0, 1, 1], "texture": "#0"}, "up": {"uv": [0, 0, 1, 1], "texture": "#0"}, "down": {"uv": [0, 0, 1, 1], "texture": "#0"}}}, {"from": [5.55768, 6.90391, 4.55882], "to": [10.91448, 8.63191, 7.66922], "rotation": {"angle": 22.5, "axis": "y", "origin": [5.81725, 7.76791, 7.58336]}, "faces": {"north": {"uv": [0, 0, 1, 1], "texture": "#0"}, "east": {"uv": [0, 0, 1, 1], "texture": "#0"}, "south": {"uv": [0, 0, 1, 1], "texture": "#0"}, "west": {"uv": [0, 0, 1, 1], "texture": "#0"}, "up": {"uv": [0, 0, 1, 1], "texture": "#0"}, "down": {"uv": [0, 0, 1, 1], "texture": "#0"}}}, {"from": [4.96212, 6.90391, 4.5034], "to": [5.65332, 8.63191, 6.2314], "rotation": {"angle": 45, "axis": "y", "origin": [5.22168, 7.76791, 6.14554]}, "faces": {"north": {"uv": [0, 0, 1, 1], "texture": "#0"}, "east": {"uv": [0, 0, 1, 1], "texture": "#0"}, "south": {"uv": [0, 0, 1, 1], "texture": "#0"}, "west": {"uv": [0, 0, 1, 1], "texture": "#0"}, "up": {"uv": [0, 0, 1, 1], "texture": "#0"}, "down": {"uv": [0, 0, 1, 1], "texture": "#0"}}}, {"from": [3.82436, 6.90391, 3.00151], "to": [4.51556, 8.63191, 5.07511], "rotation": {"angle": 22.5, "axis": "y", "origin": [4.08392, 7.76791, 4.98925]}, "faces": {"north": {"uv": [0, 0, 1, 1], "texture": "#0"}, "east": {"uv": [0, 0, 1, 1], "texture": "#0"}, "south": {"uv": [0, 0, 1, 1], "texture": "#0"}, "west": {"uv": [0, 0, 1, 1], "texture": "#0"}, "up": {"uv": [0, 0, 1, 1], "texture": "#0"}, "down": {"uv": [0, 0, 1, 1], "texture": "#0"}}}, {"from": [3.08344, 6.90391, 0.83295], "to": [12.58744, 8.63191, 3.25215], "rotation": {"angle": 0, "axis": "y", "origin": [3.34301, 7.76791, 3.16629]}, "faces": {"north": {"uv": [0, 0, 1, 1], "texture": "#0"}, "east": {"uv": [0, 0, 1, 1], "texture": "#0"}, "south": {"uv": [0, 0, 1, 1], "texture": "#0"}, "west": {"uv": [0, 0, 1, 1], "texture": "#0"}, "up": {"uv": [0, 0, 1, 1], "texture": "#0"}, "down": {"uv": [0, 0, 1, 1], "texture": "#0"}}}, {"from": [3.09654, 6.90391, -1.48038], "to": [12.60054, 8.63191, 0.93882], "rotation": {"angle": -22.5, "axis": "y", "origin": [3.3561, 7.76791, 0.85296]}, "faces": {"north": {"uv": [0, 0, 1, 1], "texture": "#0"}, "east": {"uv": [0, 0, 1, 1], "texture": "#0"}, "south": {"uv": [0, 0, 1, 1], "texture": "#0"}, "west": {"uv": [0, 0, 1, 1], "texture": "#0"}, "up": {"uv": [0, 0, 1, 1], "texture": "#0"}, "down": {"uv": [0, 0, 1, 1], "texture": "#0"}}}, {"from": [3.99392, 6.90391, -3.61261], "to": [13.67072, 8.63191, -1.19341], "rotation": {"angle": -45, "axis": "y", "origin": [4.25348, 7.76791, -1.27927]}, "faces": {"north": {"uv": [0, 0, 1, 1], "texture": "#0"}, "east": {"uv": [0, 0, 1, 1], "texture": "#0"}, "south": {"uv": [0, 0, 1, 1], "texture": "#0"}, "west": {"uv": [0, 0, 1, 1], "texture": "#0"}, "up": {"uv": [0, 0, 1, 1], "texture": "#0"}, "down": {"uv": [0, 0, 1, 1], "texture": "#0"}}}, {"from": [5.81266, 6.90391, -3.16535], "to": [7.36786, 8.63191, 7.02985], "rotation": {"angle": 22.5, "axis": "y", "origin": [5.89852, 7.76791, -2.90578]}, "faces": {"north": {"uv": [0, 0, 1, 1], "rotation": 90, "texture": "#0"}, "east": {"uv": [0, 0, 1, 1], "rotation": 90, "texture": "#0"}, "south": {"uv": [0, 0, 1, 1], "rotation": 90, "texture": "#0"}, "west": {"uv": [0, 0, 1, 1], "rotation": 90, "texture": "#0"}, "up": {"uv": [0, 0, 1, 1], "rotation": 90, "texture": "#0"}, "down": {"uv": [0, 0, 1, 1], "rotation": 90, "texture": "#0"}}}, {"from": [10.56066, 6.90391, 10.01095], "to": [12.28866, 8.63191, 10.52935], "rotation": {"angle": -22.5, "axis": "y", "origin": [11.42466, 7.76791, 10.87873]}, "faces": {"north": {"uv": [0, 1, 1, 0], "rotation": 90, "texture": "#0"}, "east": {"uv": [0, 1, 1, 0], "rotation": 90, "texture": "#0"}, "south": {"uv": [0, 1, 1, 0], "rotation": 90, "texture": "#0"}, "west": {"uv": [0, 1, 1, 0], "rotation": 90, "texture": "#0"}, "up": {"uv": [0, 1, 1, 0], "rotation": 90, "texture": "#0"}, "down": {"uv": [0, 1, 1, 0], "rotation": 90, "texture": "#0"}}}, {"from": [9.72934, 6.90391, 8.82083], "to": [10.76614, 8.63191, 9.51203], "rotation": {"angle": -45, "axis": "y", "origin": [9.90214, 7.76791, 9.86141]}, "faces": {"north": {"uv": [0, 1, 1, 0], "rotation": 90, "texture": "#0"}, "east": {"uv": [0, 1, 1, 0], "rotation": 90, "texture": "#0"}, "south": {"uv": [0, 1, 1, 0], "rotation": 90, "texture": "#0"}, "west": {"uv": [0, 1, 1, 0], "rotation": 90, "texture": "#0"}, "up": {"uv": [0, 1, 1, 0], "rotation": 90, "texture": "#0"}, "down": {"uv": [0, 1, 1, 0], "rotation": 90, "texture": "#0"}}}, {"from": [9.72296, 6.90391, 8.65485], "to": [10.41416, 8.63191, 9.69165], "rotation": {"angle": 22.5, "axis": "y", "origin": [9.37358, 7.76791, 8.82765]}, "faces": {"north": {"uv": [1, 0, 0, 1], "texture": "#0"}, "east": {"uv": [1, 0, 0, 1], "texture": "#0"}, "south": {"uv": [1, 0, 0, 1], "texture": "#0"}, "west": {"uv": [1, 0, 0, 1], "texture": "#0"}, "up": {"uv": [1, 0, 0, 1], "texture": "#0"}, "down": {"uv": [1, 0, 0, 1], "texture": "#0"}}}, {"from": [9.63024, 6.90391, 7.4975], "to": [10.32144, 8.63191, 8.5343], "rotation": {"angle": 0, "axis": "y", "origin": [10.06188, 7.76791, 7.58336]}, "faces": {"north": {"uv": [1, 0, 0, 1], "texture": "#0"}, "east": {"uv": [1, 0, 0, 1], "texture": "#0"}, "south": {"uv": [1, 0, 0, 1], "texture": "#0"}, "west": {"uv": [1, 0, 0, 1], "texture": "#0"}, "up": {"uv": [1, 0, 0, 1], "texture": "#0"}, "down": {"uv": [1, 0, 0, 1], "texture": "#0"}}}, {"from": [9.63024, 6.90391, 5.94122], "to": [10.32144, 8.63191, 7.66922], "rotation": {"angle": -22.5, "axis": "y", "origin": [10.06188, 7.76791, 7.58336]}, "faces": {"north": {"uv": [1, 0, 0, 1], "texture": "#0"}, "east": {"uv": [1, 0, 0, 1], "texture": "#0"}, "south": {"uv": [1, 0, 0, 1], "texture": "#0"}, "west": {"uv": [1, 0, 0, 1], "texture": "#0"}, "up": {"uv": [1, 0, 0, 1], "texture": "#0"}, "down": {"uv": [1, 0, 0, 1], "texture": "#0"}}}, {"from": [10.2258, 6.90391, 4.5034], "to": [10.917, 8.63191, 6.2314], "rotation": {"angle": -45, "axis": "y", "origin": [10.65744, 7.76791, 6.14554]}, "faces": {"north": {"uv": [1, 0, 0, 1], "texture": "#0"}, "east": {"uv": [1, 0, 0, 1], "texture": "#0"}, "south": {"uv": [1, 0, 0, 1], "texture": "#0"}, "west": {"uv": [1, 0, 0, 1], "texture": "#0"}, "up": {"uv": [1, 0, 0, 1], "texture": "#0"}, "down": {"uv": [1, 0, 0, 1], "texture": "#0"}}}, {"from": [11.36356, 6.90391, 3.00151], "to": [12.05476, 8.63191, 5.07511], "rotation": {"angle": -22.5, "axis": "y", "origin": [11.7952, 7.76791, 4.98925]}, "faces": {"north": {"uv": [1, 0, 0, 1], "texture": "#0"}, "east": {"uv": [1, 0, 0, 1], "texture": "#0"}, "south": {"uv": [1, 0, 0, 1], "texture": "#0"}, "west": {"uv": [1, 0, 0, 1], "texture": "#0"}, "up": {"uv": [1, 0, 0, 1], "texture": "#0"}, "down": {"uv": [1, 0, 0, 1], "texture": "#0"}}}, {"from": [12.10448, 6.90391, 0.83295], "to": [12.79568, 8.63191, 3.25215], "rotation": {"angle": 0, "axis": "y", "origin": [12.53612, 7.76791, 3.16629]}, "faces": {"north": {"uv": [1, 0, 0, 1], "texture": "#0"}, "east": {"uv": [1, 0, 0, 1], "texture": "#0"}, "south": {"uv": [1, 0, 0, 1], "texture": "#0"}, "west": {"uv": [1, 0, 0, 1], "texture": "#0"}, "up": {"uv": [1, 0, 0, 1], "texture": "#0"}, "down": {"uv": [1, 0, 0, 1], "texture": "#0"}}}, {"from": [3.45138, 6.90391, -1.48038], "to": [12.78258, 8.63191, 0.93882], "rotation": {"angle": 22.5, "axis": "y", "origin": [12.52302, 7.76791, 0.85296]}, "faces": {"north": {"uv": [1, 0, 0, 1], "texture": "#0"}, "east": {"uv": [1, 0, 0, 1], "texture": "#0"}, "south": {"uv": [1, 0, 0, 1], "texture": "#0"}, "west": {"uv": [1, 0, 0, 1], "texture": "#0"}, "up": {"uv": [1, 0, 0, 1], "texture": "#0"}, "down": {"uv": [1, 0, 0, 1], "texture": "#0"}}}, {"from": [2.20841, 6.90391, -3.61261], "to": [11.88521, 8.63191, -1.19341], "rotation": {"angle": 45, "axis": "y", "origin": [11.62564, 7.76791, -1.27927]}, "faces": {"north": {"uv": [1, 0, 0, 1], "texture": "#0"}, "east": {"uv": [1, 0, 0, 1], "texture": "#0"}, "south": {"uv": [1, 0, 0, 1], "texture": "#0"}, "west": {"uv": [1, 0, 0, 1], "texture": "#0"}, "up": {"uv": [1, 0, 0, 1], "texture": "#0"}, "down": {"uv": [1, 0, 0, 1], "texture": "#0"}}}, {"from": [8.51127, 6.90391, -3.16535], "to": [10.06647, 8.63191, 7.02985], "rotation": {"angle": -22.5, "axis": "y", "origin": [9.98061, 7.76791, -2.90578]}, "faces": {"north": {"uv": [0, 1, 1, 0], "rotation": 90, "texture": "#0"}, "east": {"uv": [0, 1, 1, 0], "rotation": 90, "texture": "#0"}, "south": {"uv": [0, 1, 1, 0], "rotation": 90, "texture": "#0"}, "west": {"uv": [0, 1, 1, 0], "rotation": 90, "texture": "#0"}, "up": {"uv": [0, 1, 1, 0], "rotation": 90, "texture": "#0"}, "down": {"uv": [0, 1, 1, 0], "rotation": 90, "texture": "#0"}}}, {"from": [7.12862, 8.28631, -4.23611], "to": [8.76158, 8.80471, -3.51035], "rotation": {"angle": 0, "axis": "y", "origin": [8.67143, 9.15031, -3.96356]}, "faces": {"north": {"uv": [6.125, 3.75, 6.75, 3.25], "rotation": 90, "texture": "#0"}, "east": {"uv": [6.125, 3.75, 6.75, 3.25], "rotation": 90, "texture": "#0"}, "south": {"uv": [6.125, 3.75, 6.75, 3.25], "rotation": 90, "texture": "#0"}, "west": {"uv": [6.125, 3.75, 6.75, 3.25], "rotation": 90, "texture": "#0"}, "up": {"uv": [6.125, 3.75, 6.75, 3.25], "rotation": 90, "texture": "#0"}, "down": {"uv": [6.125, 3.75, 6.75, 3.25], "rotation": 90, "texture": "#0"}}}, {"from": [6.2596, 8.28631, 15.34661], "to": [6.59621, 8.80471, 24.1347], "rotation": {"angle": 0, "axis": "y", "origin": [6.6007, 8.54551, 16.28465]}, "faces": {"north": {"uv": [6.125, 3.75, 6.75, 3.25], "rotation": 270, "texture": "#0"}, "east": {"uv": [6.125, 3.75, 6.75, 3.25], "rotation": 270, "texture": "#0"}, "south": {"uv": [6.125, 3.75, 6.75, 3.25], "rotation": 270, "texture": "#0"}, "west": {"uv": [6.125, 3.75, 6.75, 3.25], "rotation": 270, "texture": "#0"}, "up": {"uv": [6.125, 3.75, 6.75, 3.25], "texture": "#0"}, "down": {"uv": [6.125, 3.75, 6.75, 3.25], "rotation": 180, "texture": "#0"}}}, {"from": [6.2596, 9.28683, 23.83256], "to": [6.59621, 9.80523, 25.88145], "rotation": {"angle": -22.5, "axis": "x", "origin": [6.4279, 9.54603, 26.49861]}, "faces": {"north": {"uv": [6.125, 3.75, 6.75, 3.25], "rotation": 270, "texture": "#0"}, "east": {"uv": [6.125, 3.75, 6.75, 3.25], "rotation": 270, "texture": "#0"}, "south": {"uv": [6.125, 3.75, 6.75, 3.25], "rotation": 270, "texture": "#0"}, "west": {"uv": [6.125, 3.75, 6.75, 3.25], "rotation": 270, "texture": "#0"}, "up": {"uv": [6.125, 3.75, 6.75, 3.25], "texture": "#0"}, "down": {"uv": [6.125, 3.75, 6.75, 3.25], "rotation": 180, "texture": "#0"}}}, {"from": [8.8516, 9.28683, 23.83256], "to": [9.18821, 9.80523, 25.88145], "rotation": {"angle": -22.5, "axis": "x", "origin": [9.0199, 9.54603, 26.49861]}, "faces": {"north": {"uv": [6.125, 3.75, 6.75, 3.25], "rotation": 270, "texture": "#0"}, "east": {"uv": [6.125, 3.75, 6.75, 3.25], "rotation": 270, "texture": "#0"}, "south": {"uv": [6.125, 3.75, 6.75, 3.25], "rotation": 270, "texture": "#0"}, "west": {"uv": [6.125, 3.75, 6.75, 3.25], "rotation": 270, "texture": "#0"}, "up": {"uv": [6.125, 3.75, 6.75, 3.25], "texture": "#0"}, "down": {"uv": [6.125, 3.75, 6.75, 3.25], "rotation": 180, "texture": "#0"}}}, {"from": [6.6052, 9.28683, 25.56056], "to": [8.84261, 9.80523, 25.88145], "rotation": {"angle": -22.5, "axis": "x", "origin": [8.6743, 9.54603, 26.49861]}, "faces": {"north": {"uv": [6.125, 3.75, 6.75, 3.25], "rotation": 270, "texture": "#0"}, "east": {"uv": [6.125, 3.75, 6.75, 3.25], "rotation": 270, "texture": "#0"}, "south": {"uv": [6.125, 3.75, 6.75, 3.25], "rotation": 270, "texture": "#0"}, "west": {"uv": [6.125, 3.75, 6.75, 3.25], "rotation": 270, "texture": "#0"}, "up": {"uv": [6.125, 3.75, 6.75, 3.25], "texture": "#0"}, "down": {"uv": [6.125, 3.75, 6.75, 3.25], "rotation": 180, "texture": "#0"}}}, {"from": [8.8516, 8.28631, 15.69221], "to": [9.18821, 8.80471, 24.1347], "rotation": {"angle": 0, "axis": "y", "origin": [9.1927, 8.54551, 16.28465]}, "faces": {"north": {"uv": [6.125, 3.75, 6.75, 3.25], "rotation": 270, "texture": "#0"}, "east": {"uv": [6.125, 3.75, 6.75, 3.25], "rotation": 270, "texture": "#0"}, "south": {"uv": [6.125, 3.75, 6.75, 3.25], "rotation": 270, "texture": "#0"}, "west": {"uv": [6.125, 3.75, 6.75, 3.25], "rotation": 270, "texture": "#0"}, "up": {"uv": [6.125, 3.75, 6.75, 3.25], "texture": "#0"}, "down": {"uv": [6.125, 3.75, 6.75, 3.25], "rotation": 180, "texture": "#0"}}}, {"from": [5.75244, 8.28631, 15.17877], "to": [6.93958, 8.80471, 15.86099], "rotation": {"angle": -22.5, "axis": "y", "origin": [6.60521, 9.15031, 14.83393]}, "faces": {"north": {"uv": [6.125, 3.75, 6.75, 3.25], "rotation": 270, "texture": "#0"}, "east": {"uv": [6.125, 3.75, 6.75, 3.25], "rotation": 270, "texture": "#0"}, "south": {"uv": [6.125, 3.75, 6.75, 3.25], "rotation": 270, "texture": "#0"}, "west": {"uv": [6.125, 3.75, 6.75, 3.25], "rotation": 270, "texture": "#0"}, "up": {"uv": [6.125, 3.75, 6.75, 3.25], "rotation": 270, "texture": "#0"}, "down": {"uv": [6.125, 3.75, 6.75, 3.25], "rotation": 270, "texture": "#0"}}}, {"from": [4.69479, 8.28631, 14.47207], "to": [6.40033, 8.80471, 15.15428], "rotation": {"angle": -45, "axis": "y", "origin": [5.54756, 9.15031, 14.12723]}, "faces": {"north": {"uv": [6.125, 3.75, 6.75, 3.25], "rotation": 270, "texture": "#0"}, "east": {"uv": [6.125, 3.75, 6.75, 3.25], "rotation": 270, "texture": "#0"}, "south": {"uv": [6.125, 3.75, 6.75, 3.25], "rotation": 270, "texture": "#0"}, "west": {"uv": [6.125, 3.75, 6.75, 3.25], "rotation": 270, "texture": "#0"}, "up": {"uv": [6.125, 3.75, 6.75, 3.25], "rotation": 270, "texture": "#0"}, "down": {"uv": [6.125, 3.75, 6.75, 3.25], "rotation": 270, "texture": "#0"}}}, {"from": [3.81381, 8.28631, 12.21681], "to": [4.49602, 8.80471, 13.92235], "rotation": {"angle": 22.5, "axis": "y", "origin": [4.84086, 9.15031, 13.06958]}, "faces": {"north": {"uv": [6.125, 3.75, 6.75, 3.25], "texture": "#0"}, "east": {"uv": [6.125, 3.75, 6.75, 3.25], "texture": "#0"}, "south": {"uv": [6.125, 3.75, 6.75, 3.25], "texture": "#0"}, "west": {"uv": [6.125, 3.75, 6.75, 3.25], "texture": "#0"}, "up": {"uv": [6.125, 3.75, 6.75, 3.25], "texture": "#0"}, "down": {"uv": [6.125, 3.75, 6.75, 3.25], "texture": "#0"}}}, {"from": [3.56564, 8.28631, 10.60634], "to": [4.24786, 8.80471, 12.67476], "rotation": {"angle": 0, "axis": "y", "origin": [4.5927, 9.15031, 11.82199]}, "faces": {"north": {"uv": [6.125, 3.75, 6.75, 3.25], "texture": "#0"}, "east": {"uv": [6.125, 3.75, 6.75, 3.25], "texture": "#0"}, "south": {"uv": [6.125, 3.75, 6.75, 3.25], "texture": "#0"}, "west": {"uv": [6.125, 3.75, 6.75, 3.25], "texture": "#0"}, "up": {"uv": [6.125, 3.75, 6.75, 3.25], "texture": "#0"}, "down": {"uv": [6.125, 3.75, 6.75, 3.25], "texture": "#0"}}}, {"from": [11.38307, 8.28631, 12.21681], "to": [12.06529, 8.80471, 13.92235], "rotation": {"angle": -22.5, "axis": "y", "origin": [11.03823, 9.15031, 13.06958]}, "faces": {"north": {"uv": [6.125, 3.75, 6.75, 3.25], "texture": "#0"}, "east": {"uv": [6.125, 3.75, 6.75, 3.25], "texture": "#0"}, "south": {"uv": [6.125, 3.75, 6.75, 3.25], "texture": "#0"}, "west": {"uv": [6.125, 3.75, 6.75, 3.25], "texture": "#0"}, "up": {"uv": [6.125, 3.75, 6.75, 3.25], "texture": "#0"}, "down": {"uv": [6.125, 3.75, 6.75, 3.25], "texture": "#0"}}}, {"from": [11.63123, 8.28631, 10.60634], "to": [12.31345, 8.80471, 12.67476], "rotation": {"angle": 0, "axis": "y", "origin": [11.28639, 9.15031, 11.82199]}, "faces": {"north": {"uv": [6.125, 3.75, 6.75, 3.25], "texture": "#0"}, "east": {"uv": [6.125, 3.75, 6.75, 3.25], "texture": "#0"}, "south": {"uv": [6.125, 3.75, 6.75, 3.25], "texture": "#0"}, "west": {"uv": [6.125, 3.75, 6.75, 3.25], "texture": "#0"}, "up": {"uv": [6.125, 3.75, 6.75, 3.25], "texture": "#0"}, "down": {"uv": [6.125, 3.75, 6.75, 3.25], "texture": "#0"}}}, {"from": [9.47876, 8.28631, 14.47207], "to": [11.1843, 8.80471, 15.15428], "rotation": {"angle": 45, "axis": "y", "origin": [10.33153, 9.15031, 14.12723]}, "faces": {"north": {"uv": [6.125, 3.75, 6.75, 3.25], "rotation": 270, "texture": "#0"}, "east": {"uv": [6.125, 3.75, 6.75, 3.25], "rotation": 270, "texture": "#0"}, "south": {"uv": [6.125, 3.75, 6.75, 3.25], "rotation": 270, "texture": "#0"}, "west": {"uv": [6.125, 3.75, 6.75, 3.25], "rotation": 270, "texture": "#0"}, "up": {"uv": [6.125, 3.75, 6.75, 3.25], "rotation": 270, "texture": "#0"}, "down": {"uv": [6.125, 3.75, 6.75, 3.25], "rotation": 270, "texture": "#0"}}}, {"from": [8.42111, 8.28631, 15.17877], "to": [10.12665, 8.80471, 15.86099], "rotation": {"angle": 22.5, "axis": "y", "origin": [9.27388, 9.15031, 14.83393]}, "faces": {"north": {"uv": [6.125, 3.75, 6.75, 3.25], "rotation": 270, "texture": "#0"}, "east": {"uv": [6.125, 3.75, 6.75, 3.25], "rotation": 270, "texture": "#0"}, "south": {"uv": [6.125, 3.75, 6.75, 3.25], "rotation": 270, "texture": "#0"}, "west": {"uv": [6.125, 3.75, 6.75, 3.25], "rotation": 270, "texture": "#0"}, "up": {"uv": [6.125, 3.75, 6.75, 3.25], "rotation": 270, "texture": "#0"}, "down": {"uv": [6.125, 3.75, 6.75, 3.25], "rotation": 270, "texture": "#0"}}}, {"from": [3.373, 8.28631, 9.98723], "to": [5.1874, 8.80471, 10.71299], "rotation": {"angle": 22.5, "axis": "y", "origin": [4.2802, 9.15031, 11.07984]}, "faces": {"north": {"uv": [6.125, 3.75, 6.75, 3.25], "rotation": 90, "texture": "#0"}, "east": {"uv": [6.125, 3.75, 6.75, 3.25], "rotation": 90, "texture": "#0"}, "south": {"uv": [6.125, 3.75, 6.75, 3.25], "rotation": 90, "texture": "#0"}, "west": {"uv": [6.125, 3.75, 6.75, 3.25], "rotation": 90, "texture": "#0"}, "up": {"uv": [6.125, 3.75, 6.75, 3.25], "rotation": 90, "texture": "#0"}, "down": {"uv": [6.125, 3.75, 6.75, 3.25], "rotation": 90, "texture": "#0"}}}, {"from": [4.97164, 8.28631, 8.91905], "to": [6.06028, 8.80471, 9.64481], "rotation": {"angle": 45, "axis": "y", "origin": [5.87884, 9.15031, 10.01166]}, "faces": {"north": {"uv": [6.125, 3.75, 6.75, 3.25], "rotation": 90, "texture": "#0"}, "east": {"uv": [6.125, 3.75, 6.75, 3.25], "rotation": 90, "texture": "#0"}, "south": {"uv": [6.125, 3.75, 6.75, 3.25], "rotation": 90, "texture": "#0"}, "west": {"uv": [6.125, 3.75, 6.75, 3.25], "rotation": 90, "texture": "#0"}, "up": {"uv": [6.125, 3.75, 6.75, 3.25], "rotation": 90, "texture": "#0"}, "down": {"uv": [6.125, 3.75, 6.75, 3.25], "rotation": 90, "texture": "#0"}}}, {"from": [5.34123, 8.28631, 8.74476], "to": [6.06699, 8.80471, 9.8334], "rotation": {"angle": -22.5, "axis": "y", "origin": [6.43384, 9.15031, 8.9262]}, "faces": {"north": {"uv": [6.125, 3.75, 6.75, 3.25], "texture": "#0"}, "east": {"uv": [6.125, 3.75, 6.75, 3.25], "texture": "#0"}, "south": {"uv": [6.125, 3.75, 6.75, 3.25], "texture": "#0"}, "west": {"uv": [6.125, 3.75, 6.75, 3.25], "texture": "#0"}, "up": {"uv": [6.125, 3.75, 6.75, 3.25], "texture": "#0"}, "down": {"uv": [6.125, 3.75, 6.75, 3.25], "texture": "#0"}}}, {"from": [5.43859, 8.28631, 7.52954], "to": [6.16435, 8.80471, 8.61818], "rotation": {"angle": 0, "axis": "y", "origin": [5.71113, 9.15031, 7.6197]}, "faces": {"north": {"uv": [6.125, 3.75, 6.75, 3.25], "texture": "#0"}, "east": {"uv": [6.125, 3.75, 6.75, 3.25], "texture": "#0"}, "south": {"uv": [6.125, 3.75, 6.75, 3.25], "texture": "#0"}, "west": {"uv": [6.125, 3.75, 6.75, 3.25], "texture": "#0"}, "up": {"uv": [6.125, 3.75, 6.75, 3.25], "texture": "#0"}, "down": {"uv": [6.125, 3.75, 6.75, 3.25], "texture": "#0"}}}, {"from": [5.43859, 8.28631, 5.89545], "to": [6.16435, 8.80471, 7.70985], "rotation": {"angle": 22.5, "axis": "y", "origin": [5.71113, 9.15031, 7.6197]}, "faces": {"north": {"uv": [6.125, 3.75, 6.75, 3.25], "texture": "#0"}, "east": {"uv": [6.125, 3.75, 6.75, 3.25], "texture": "#0"}, "south": {"uv": [6.125, 3.75, 6.75, 3.25], "texture": "#0"}, "west": {"uv": [6.125, 3.75, 6.75, 3.25], "texture": "#0"}, "up": {"uv": [6.125, 3.75, 6.75, 3.25], "texture": "#0"}, "down": {"uv": [6.125, 3.75, 6.75, 3.25], "texture": "#0"}}}, {"from": [4.81324, 8.28631, 4.38574], "to": [5.539, 8.80471, 6.20014], "rotation": {"angle": 45, "axis": "y", "origin": [5.08578, 9.15031, 6.10999]}, "faces": {"north": {"uv": [6.125, 3.75, 6.75, 3.25], "texture": "#0"}, "east": {"uv": [6.125, 3.75, 6.75, 3.25], "texture": "#0"}, "south": {"uv": [6.125, 3.75, 6.75, 3.25], "texture": "#0"}, "west": {"uv": [6.125, 3.75, 6.75, 3.25], "texture": "#0"}, "up": {"uv": [6.125, 3.75, 6.75, 3.25], "texture": "#0"}, "down": {"uv": [6.125, 3.75, 6.75, 3.25], "texture": "#0"}}}, {"from": [3.61859, 8.28631, 2.80876], "to": [4.34435, 8.80471, 4.98604], "rotation": {"angle": 22.5, "axis": "y", "origin": [3.89114, 9.15031, 4.89589]}, "faces": {"north": {"uv": [6.125, 3.75, 6.75, 3.25], "texture": "#0"}, "east": {"uv": [6.125, 3.75, 6.75, 3.25], "texture": "#0"}, "south": {"uv": [6.125, 3.75, 6.75, 3.25], "texture": "#0"}, "west": {"uv": [6.125, 3.75, 6.75, 3.25], "texture": "#0"}, "up": {"uv": [6.125, 3.75, 6.75, 3.25], "texture": "#0"}, "down": {"uv": [6.125, 3.75, 6.75, 3.25], "texture": "#0"}}}, {"from": [2.84063, 8.28631, 0.53177], "to": [3.56639, 8.80471, 3.07193], "rotation": {"angle": 0, "axis": "y", "origin": [3.11317, 9.15031, 2.98178]}, "faces": {"north": {"uv": [6.125, 3.75, 6.75, 3.25], "texture": "#0"}, "east": {"uv": [6.125, 3.75, 6.75, 3.25], "texture": "#0"}, "south": {"uv": [6.125, 3.75, 6.75, 3.25], "texture": "#0"}, "west": {"uv": [6.125, 3.75, 6.75, 3.25], "texture": "#0"}, "up": {"uv": [6.125, 3.75, 6.75, 3.25], "texture": "#0"}, "down": {"uv": [6.125, 3.75, 6.75, 3.25], "texture": "#0"}}}, {"from": [2.85438, 8.28631, -1.89723], "to": [3.58014, 8.80471, 0.64293], "rotation": {"angle": -22.5, "axis": "y", "origin": [3.12692, 9.15031, 0.55278]}, "faces": {"north": {"uv": [6.125, 3.75, 6.75, 3.25], "texture": "#0"}, "east": {"uv": [6.125, 3.75, 6.75, 3.25], "texture": "#0"}, "south": {"uv": [6.125, 3.75, 6.75, 3.25], "texture": "#0"}, "west": {"uv": [6.125, 3.75, 6.75, 3.25], "texture": "#0"}, "up": {"uv": [6.125, 3.75, 6.75, 3.25], "texture": "#0"}, "down": {"uv": [6.125, 3.75, 6.75, 3.25], "texture": "#0"}}}, {"from": [3.79663, 8.28631, -4.13607], "to": [4.52239, 8.80471, -1.59591], "rotation": {"angle": -45, "axis": "y", "origin": [4.06917, 9.15031, -1.68607]}, "faces": {"north": {"uv": [6.125, 3.75, 6.75, 3.25], "texture": "#0"}, "east": {"uv": [6.125, 3.75, 6.75, 3.25], "texture": "#0"}, "south": {"uv": [6.125, 3.75, 6.75, 3.25], "texture": "#0"}, "west": {"uv": [6.125, 3.75, 6.75, 3.25], "texture": "#0"}, "up": {"uv": [6.125, 3.75, 6.75, 3.25], "texture": "#0"}, "down": {"uv": [6.125, 3.75, 6.75, 3.25], "texture": "#0"}}}, {"from": [5.70631, 8.28631, -3.66644], "to": [7.33927, 8.80471, -2.94068], "rotation": {"angle": 22.5, "axis": "y", "origin": [5.79646, 9.15031, -3.3939]}, "faces": {"north": {"uv": [6.125, 3.75, 6.75, 3.25], "rotation": 90, "texture": "#0"}, "east": {"uv": [6.125, 3.75, 6.75, 3.25], "rotation": 90, "texture": "#0"}, "south": {"uv": [6.125, 3.75, 6.75, 3.25], "rotation": 90, "texture": "#0"}, "west": {"uv": [6.125, 3.75, 6.75, 3.25], "rotation": 90, "texture": "#0"}, "up": {"uv": [6.125, 3.75, 6.75, 3.25], "rotation": 90, "texture": "#0"}, "down": {"uv": [6.125, 3.75, 6.75, 3.25], "rotation": 90, "texture": "#0"}}}, {"from": [10.69171, 8.28631, 9.98723], "to": [12.50611, 8.80471, 10.71299], "rotation": {"angle": -22.5, "axis": "y", "origin": [11.59891, 9.15031, 11.07984]}, "faces": {"north": {"uv": [6.125, 3.75, 6.75, 3.25], "rotation": 90, "texture": "#0"}, "east": {"uv": [6.125, 3.75, 6.75, 3.25], "rotation": 90, "texture": "#0"}, "south": {"uv": [6.125, 3.75, 6.75, 3.25], "rotation": 90, "texture": "#0"}, "west": {"uv": [6.125, 3.75, 6.75, 3.25], "rotation": 90, "texture": "#0"}, "up": {"uv": [6.125, 3.75, 6.75, 3.25], "rotation": 90, "texture": "#0"}, "down": {"uv": [6.125, 3.75, 6.75, 3.25], "rotation": 90, "texture": "#0"}}}, {"from": [9.81883, 8.28631, 8.91905], "to": [10.90747, 8.80471, 9.64481], "rotation": {"angle": -45, "axis": "y", "origin": [10.00027, 9.15031, 10.01166]}, "faces": {"north": {"uv": [6.125, 3.75, 6.75, 3.25], "rotation": 90, "texture": "#0"}, "east": {"uv": [6.125, 3.75, 6.75, 3.25], "rotation": 90, "texture": "#0"}, "south": {"uv": [6.125, 3.75, 6.75, 3.25], "rotation": 90, "texture": "#0"}, "west": {"uv": [6.125, 3.75, 6.75, 3.25], "rotation": 90, "texture": "#0"}, "up": {"uv": [6.125, 3.75, 6.75, 3.25], "rotation": 90, "texture": "#0"}, "down": {"uv": [6.125, 3.75, 6.75, 3.25], "rotation": 90, "texture": "#0"}}}, {"from": [9.81213, 8.28631, 8.74476], "to": [10.53789, 8.80471, 9.8334], "rotation": {"angle": 22.5, "axis": "y", "origin": [9.44528, 9.15031, 8.9262]}, "faces": {"north": {"uv": [6.125, 3.75, 6.75, 3.25], "texture": "#0"}, "east": {"uv": [6.125, 3.75, 6.75, 3.25], "texture": "#0"}, "south": {"uv": [6.125, 3.75, 6.75, 3.25], "texture": "#0"}, "west": {"uv": [6.125, 3.75, 6.75, 3.25], "texture": "#0"}, "up": {"uv": [6.125, 3.75, 6.75, 3.25], "texture": "#0"}, "down": {"uv": [6.125, 3.75, 6.75, 3.25], "texture": "#0"}}}, {"from": [9.71477, 8.28631, 7.52954], "to": [10.44053, 8.80471, 8.61818], "rotation": {"angle": 0, "axis": "y", "origin": [10.16799, 9.15031, 7.6197]}, "faces": {"north": {"uv": [6.125, 3.75, 6.75, 3.25], "texture": "#0"}, "east": {"uv": [6.125, 3.75, 6.75, 3.25], "texture": "#0"}, "south": {"uv": [6.125, 3.75, 6.75, 3.25], "texture": "#0"}, "west": {"uv": [6.125, 3.75, 6.75, 3.25], "texture": "#0"}, "up": {"uv": [6.125, 3.75, 6.75, 3.25], "texture": "#0"}, "down": {"uv": [6.125, 3.75, 6.75, 3.25], "texture": "#0"}}}, {"from": [9.71477, 8.28631, 5.89545], "to": [10.44053, 8.80471, 7.70985], "rotation": {"angle": -22.5, "axis": "y", "origin": [10.16799, 9.15031, 7.6197]}, "faces": {"north": {"uv": [6.125, 3.75, 6.75, 3.25], "texture": "#0"}, "east": {"uv": [6.125, 3.75, 6.75, 3.25], "texture": "#0"}, "south": {"uv": [6.125, 3.75, 6.75, 3.25], "texture": "#0"}, "west": {"uv": [6.125, 3.75, 6.75, 3.25], "texture": "#0"}, "up": {"uv": [6.125, 3.75, 6.75, 3.25], "texture": "#0"}, "down": {"uv": [6.125, 3.75, 6.75, 3.25], "texture": "#0"}}}, {"from": [10.34011, 8.28631, 4.38574], "to": [11.06587, 8.80471, 6.20014], "rotation": {"angle": -45, "axis": "y", "origin": [10.79333, 9.15031, 6.10999]}, "faces": {"north": {"uv": [6.125, 3.75, 6.75, 3.25], "texture": "#0"}, "east": {"uv": [6.125, 3.75, 6.75, 3.25], "texture": "#0"}, "south": {"uv": [6.125, 3.75, 6.75, 3.25], "texture": "#0"}, "west": {"uv": [6.125, 3.75, 6.75, 3.25], "texture": "#0"}, "up": {"uv": [6.125, 3.75, 6.75, 3.25], "texture": "#0"}, "down": {"uv": [6.125, 3.75, 6.75, 3.25], "texture": "#0"}}}, {"from": [11.53476, 8.28631, 2.80876], "to": [12.26052, 8.80471, 4.98604], "rotation": {"angle": -22.5, "axis": "y", "origin": [11.98798, 9.15031, 4.89589]}, "faces": {"north": {"uv": [6.125, 3.75, 6.75, 3.25], "texture": "#0"}, "east": {"uv": [6.125, 3.75, 6.75, 3.25], "texture": "#0"}, "south": {"uv": [6.125, 3.75, 6.75, 3.25], "texture": "#0"}, "west": {"uv": [6.125, 3.75, 6.75, 3.25], "texture": "#0"}, "up": {"uv": [6.125, 3.75, 6.75, 3.25], "texture": "#0"}, "down": {"uv": [6.125, 3.75, 6.75, 3.25], "texture": "#0"}}}, {"from": [12.31272, 8.28631, 0.53177], "to": [13.03848, 8.80471, 3.07193], "rotation": {"angle": 0, "axis": "y", "origin": [12.76594, 9.15031, 2.98178]}, "faces": {"north": {"uv": [6.125, 3.75, 6.75, 3.25], "texture": "#0"}, "east": {"uv": [6.125, 3.75, 6.75, 3.25], "texture": "#0"}, "south": {"uv": [6.125, 3.75, 6.75, 3.25], "texture": "#0"}, "west": {"uv": [6.125, 3.75, 6.75, 3.25], "texture": "#0"}, "up": {"uv": [6.125, 3.75, 6.75, 3.25], "texture": "#0"}, "down": {"uv": [6.125, 3.75, 6.75, 3.25], "texture": "#0"}}}, {"from": [12.29897, 8.28631, -1.89723], "to": [13.02473, 8.80471, 0.64293], "rotation": {"angle": 22.5, "axis": "y", "origin": [12.75219, 9.15031, 0.55278]}, "faces": {"north": {"uv": [6.125, 3.75, 6.75, 3.25], "texture": "#0"}, "east": {"uv": [6.125, 3.75, 6.75, 3.25], "texture": "#0"}, "south": {"uv": [6.125, 3.75, 6.75, 3.25], "texture": "#0"}, "west": {"uv": [6.125, 3.75, 6.75, 3.25], "texture": "#0"}, "up": {"uv": [6.125, 3.75, 6.75, 3.25], "texture": "#0"}, "down": {"uv": [6.125, 3.75, 6.75, 3.25], "texture": "#0"}}}, {"from": [11.35672, 8.28631, -4.13607], "to": [12.08248, 8.80471, -1.59591], "rotation": {"angle": 45, "axis": "y", "origin": [11.80994, 9.15031, -1.68607]}, "faces": {"north": {"uv": [6.125, 3.75, 6.75, 3.25], "texture": "#0"}, "east": {"uv": [6.125, 3.75, 6.75, 3.25], "texture": "#0"}, "south": {"uv": [6.125, 3.75, 6.75, 3.25], "texture": "#0"}, "west": {"uv": [6.125, 3.75, 6.75, 3.25], "texture": "#0"}, "up": {"uv": [6.125, 3.75, 6.75, 3.25], "texture": "#0"}, "down": {"uv": [6.125, 3.75, 6.75, 3.25], "texture": "#0"}}}, {"from": [8.53985, 8.28631, -3.66644], "to": [10.17281, 8.80471, -2.94068], "rotation": {"angle": -22.5, "axis": "y", "origin": [10.08265, 9.15031, -3.3939]}, "faces": {"north": {"uv": [6.125, 3.75, 6.75, 3.25], "rotation": 90, "texture": "#0"}, "east": {"uv": [6.125, 3.75, 6.75, 3.25], "rotation": 90, "texture": "#0"}, "south": {"uv": [6.125, 3.75, 6.75, 3.25], "rotation": 90, "texture": "#0"}, "west": {"uv": [6.125, 3.75, 6.75, 3.25], "rotation": 90, "texture": "#0"}, "up": {"uv": [6.125, 3.75, 6.75, 3.25], "rotation": 90, "texture": "#0"}, "down": {"uv": [6.125, 3.75, 6.75, 3.25], "rotation": 90, "texture": "#0"}}}, {"from": [7.12862, 6.55831, -4.23611], "to": [8.76158, 7.07671, -3.51035], "rotation": {"angle": 0, "axis": "y", "origin": [8.67143, 7.42231, -3.96356]}, "faces": {"north": {"uv": [6.125, 3.75, 6.75, 3.25], "rotation": 90, "texture": "#0"}, "east": {"uv": [6.125, 3.75, 6.75, 3.25], "rotation": 90, "texture": "#0"}, "south": {"uv": [6.125, 3.75, 6.75, 3.25], "rotation": 90, "texture": "#0"}, "west": {"uv": [6.125, 3.75, 6.75, 3.25], "rotation": 90, "texture": "#0"}, "up": {"uv": [6.125, 3.75, 6.75, 3.25], "rotation": 90, "texture": "#0"}, "down": {"uv": [6.125, 3.75, 6.75, 3.25], "rotation": 90, "texture": "#0"}}}, {"from": [7.00003, 6.55831, 15.42693], "to": [8.87612, 7.07671, 16.10915], "rotation": {"angle": 0, "axis": "y", "origin": [7.8528, 7.42231, 15.08209]}, "faces": {"north": {"uv": [6.125, 3.75, 6.75, 3.25], "rotation": 270, "texture": "#0"}, "east": {"uv": [6.125, 3.75, 6.75, 3.25], "rotation": 270, "texture": "#0"}, "south": {"uv": [6.125, 3.75, 6.75, 3.25], "rotation": 270, "texture": "#0"}, "west": {"uv": [6.125, 3.75, 6.75, 3.25], "rotation": 270, "texture": "#0"}, "up": {"uv": [6.125, 3.75, 6.75, 3.25], "rotation": 270, "texture": "#0"}, "down": {"uv": [6.125, 3.75, 6.75, 3.25], "rotation": 270, "texture": "#0"}}}, {"from": [5.75244, 6.55831, 15.17877], "to": [7.45798, 7.07671, 15.86099], "rotation": {"angle": -22.5, "axis": "y", "origin": [6.60521, 7.42231, 14.83393]}, "faces": {"north": {"uv": [6.125, 3.75, 6.75, 3.25], "rotation": 270, "texture": "#0"}, "east": {"uv": [6.125, 3.75, 6.75, 3.25], "rotation": 270, "texture": "#0"}, "south": {"uv": [6.125, 3.75, 6.75, 3.25], "rotation": 270, "texture": "#0"}, "west": {"uv": [6.125, 3.75, 6.75, 3.25], "rotation": 270, "texture": "#0"}, "up": {"uv": [6.125, 3.75, 6.75, 3.25], "rotation": 270, "texture": "#0"}, "down": {"uv": [6.125, 3.75, 6.75, 3.25], "rotation": 270, "texture": "#0"}}}, {"from": [4.69479, 6.55831, 14.47207], "to": [6.40033, 7.07671, 15.15428], "rotation": {"angle": -45, "axis": "y", "origin": [5.54756, 7.42231, 14.12723]}, "faces": {"north": {"uv": [6.125, 3.75, 6.75, 3.25], "rotation": 270, "texture": "#0"}, "east": {"uv": [6.125, 3.75, 6.75, 3.25], "rotation": 270, "texture": "#0"}, "south": {"uv": [6.125, 3.75, 6.75, 3.25], "rotation": 270, "texture": "#0"}, "west": {"uv": [6.125, 3.75, 6.75, 3.25], "rotation": 270, "texture": "#0"}, "up": {"uv": [6.125, 3.75, 6.75, 3.25], "rotation": 270, "texture": "#0"}, "down": {"uv": [6.125, 3.75, 6.75, 3.25], "rotation": 270, "texture": "#0"}}}, {"from": [3.81381, 6.55831, 12.21681], "to": [4.49602, 7.07671, 13.92235], "rotation": {"angle": 22.5, "axis": "y", "origin": [4.84086, 7.42231, 13.06958]}, "faces": {"north": {"uv": [6.125, 3.75, 6.75, 3.25], "texture": "#0"}, "east": {"uv": [6.125, 3.75, 6.75, 3.25], "texture": "#0"}, "south": {"uv": [6.125, 3.75, 6.75, 3.25], "texture": "#0"}, "west": {"uv": [6.125, 3.75, 6.75, 3.25], "texture": "#0"}, "up": {"uv": [6.125, 3.75, 6.75, 3.25], "texture": "#0"}, "down": {"uv": [6.125, 3.75, 6.75, 3.25], "texture": "#0"}}}, {"from": [3.56564, 6.55831, 10.60634], "to": [4.24786, 7.07671, 12.67476], "rotation": {"angle": 0, "axis": "y", "origin": [4.5927, 7.42231, 11.82199]}, "faces": {"north": {"uv": [6.125, 3.75, 6.75, 3.25], "texture": "#0"}, "east": {"uv": [6.125, 3.75, 6.75, 3.25], "texture": "#0"}, "south": {"uv": [6.125, 3.75, 6.75, 3.25], "texture": "#0"}, "west": {"uv": [6.125, 3.75, 6.75, 3.25], "texture": "#0"}, "up": {"uv": [6.125, 3.75, 6.75, 3.25], "texture": "#0"}, "down": {"uv": [6.125, 3.75, 6.75, 3.25], "texture": "#0"}}}, {"from": [11.38307, 6.55831, 12.21681], "to": [12.06529, 7.07671, 13.92235], "rotation": {"angle": -22.5, "axis": "y", "origin": [11.03823, 7.42231, 13.06958]}, "faces": {"north": {"uv": [6.125, 3.75, 6.75, 3.25], "texture": "#0"}, "east": {"uv": [6.125, 3.75, 6.75, 3.25], "texture": "#0"}, "south": {"uv": [6.125, 3.75, 6.75, 3.25], "texture": "#0"}, "west": {"uv": [6.125, 3.75, 6.75, 3.25], "texture": "#0"}, "up": {"uv": [6.125, 3.75, 6.75, 3.25], "texture": "#0"}, "down": {"uv": [6.125, 3.75, 6.75, 3.25], "texture": "#0"}}}, {"from": [11.63123, 6.55831, 10.60634], "to": [12.31345, 7.07671, 12.67476], "rotation": {"angle": 0, "axis": "y", "origin": [11.28639, 7.42231, 11.82199]}, "faces": {"north": {"uv": [6.125, 3.75, 6.75, 3.25], "texture": "#0"}, "east": {"uv": [6.125, 3.75, 6.75, 3.25], "texture": "#0"}, "south": {"uv": [6.125, 3.75, 6.75, 3.25], "texture": "#0"}, "west": {"uv": [6.125, 3.75, 6.75, 3.25], "texture": "#0"}, "up": {"uv": [6.125, 3.75, 6.75, 3.25], "texture": "#0"}, "down": {"uv": [6.125, 3.75, 6.75, 3.25], "texture": "#0"}}}, {"from": [9.47876, 6.55831, 14.47207], "to": [11.1843, 7.07671, 15.15428], "rotation": {"angle": 45, "axis": "y", "origin": [10.33153, 7.42231, 14.12723]}, "faces": {"north": {"uv": [6.125, 3.75, 6.75, 3.25], "rotation": 270, "texture": "#0"}, "east": {"uv": [6.125, 3.75, 6.75, 3.25], "rotation": 270, "texture": "#0"}, "south": {"uv": [6.125, 3.75, 6.75, 3.25], "rotation": 270, "texture": "#0"}, "west": {"uv": [6.125, 3.75, 6.75, 3.25], "rotation": 270, "texture": "#0"}, "up": {"uv": [6.125, 3.75, 6.75, 3.25], "rotation": 270, "texture": "#0"}, "down": {"uv": [6.125, 3.75, 6.75, 3.25], "rotation": 270, "texture": "#0"}}}, {"from": [8.42111, 6.55831, 15.17877], "to": [10.12665, 7.07671, 15.86099], "rotation": {"angle": 22.5, "axis": "y", "origin": [9.27388, 7.42231, 14.83393]}, "faces": {"north": {"uv": [6.125, 3.75, 6.75, 3.25], "rotation": 270, "texture": "#0"}, "east": {"uv": [6.125, 3.75, 6.75, 3.25], "rotation": 270, "texture": "#0"}, "south": {"uv": [6.125, 3.75, 6.75, 3.25], "rotation": 270, "texture": "#0"}, "west": {"uv": [6.125, 3.75, 6.75, 3.25], "rotation": 270, "texture": "#0"}, "up": {"uv": [6.125, 3.75, 6.75, 3.25], "rotation": 270, "texture": "#0"}, "down": {"uv": [6.125, 3.75, 6.75, 3.25], "rotation": 270, "texture": "#0"}}}, {"from": [3.373, 6.55831, 9.98723], "to": [5.1874, 7.07671, 10.71299], "rotation": {"angle": 22.5, "axis": "y", "origin": [4.2802, 7.42231, 11.07984]}, "faces": {"north": {"uv": [6.125, 3.75, 6.75, 3.25], "rotation": 90, "texture": "#0"}, "east": {"uv": [6.125, 3.75, 6.75, 3.25], "rotation": 90, "texture": "#0"}, "south": {"uv": [6.125, 3.75, 6.75, 3.25], "rotation": 90, "texture": "#0"}, "west": {"uv": [6.125, 3.75, 6.75, 3.25], "rotation": 90, "texture": "#0"}, "up": {"uv": [6.125, 3.75, 6.75, 3.25], "rotation": 90, "texture": "#0"}, "down": {"uv": [6.125, 3.75, 6.75, 3.25], "rotation": 90, "texture": "#0"}}}, {"from": [4.97164, 6.55831, 8.91905], "to": [6.06028, 7.07671, 9.64481], "rotation": {"angle": 45, "axis": "y", "origin": [5.87884, 7.42231, 10.01166]}, "faces": {"north": {"uv": [6.125, 3.75, 6.75, 3.25], "rotation": 90, "texture": "#0"}, "east": {"uv": [6.125, 3.75, 6.75, 3.25], "rotation": 90, "texture": "#0"}, "south": {"uv": [6.125, 3.75, 6.75, 3.25], "rotation": 90, "texture": "#0"}, "west": {"uv": [6.125, 3.75, 6.75, 3.25], "rotation": 90, "texture": "#0"}, "up": {"uv": [6.125, 3.75, 6.75, 3.25], "rotation": 90, "texture": "#0"}, "down": {"uv": [6.125, 3.75, 6.75, 3.25], "rotation": 90, "texture": "#0"}}}, {"from": [5.34123, 6.55831, 8.74476], "to": [6.06699, 7.07671, 9.8334], "rotation": {"angle": -22.5, "axis": "y", "origin": [6.43384, 7.42231, 8.9262]}, "faces": {"north": {"uv": [6.125, 3.75, 6.75, 3.25], "texture": "#0"}, "east": {"uv": [6.125, 3.75, 6.75, 3.25], "texture": "#0"}, "south": {"uv": [6.125, 3.75, 6.75, 3.25], "texture": "#0"}, "west": {"uv": [6.125, 3.75, 6.75, 3.25], "texture": "#0"}, "up": {"uv": [6.125, 3.75, 6.75, 3.25], "texture": "#0"}, "down": {"uv": [6.125, 3.75, 6.75, 3.25], "texture": "#0"}}}, {"from": [5.43859, 6.55831, 7.52954], "to": [6.16435, 7.07671, 8.61818], "rotation": {"angle": 0, "axis": "y", "origin": [5.71113, 7.42231, 7.6197]}, "faces": {"north": {"uv": [6.125, 3.75, 6.75, 3.25], "texture": "#0"}, "east": {"uv": [6.125, 3.75, 6.75, 3.25], "texture": "#0"}, "south": {"uv": [6.125, 3.75, 6.75, 3.25], "texture": "#0"}, "west": {"uv": [6.125, 3.75, 6.75, 3.25], "texture": "#0"}, "up": {"uv": [6.125, 3.75, 6.75, 3.25], "texture": "#0"}, "down": {"uv": [6.125, 3.75, 6.75, 3.25], "texture": "#0"}}}, {"from": [5.43859, 6.55831, 5.89545], "to": [6.16435, 7.07671, 7.70985], "rotation": {"angle": 22.5, "axis": "y", "origin": [5.71113, 7.42231, 7.6197]}, "faces": {"north": {"uv": [6.125, 3.75, 6.75, 3.25], "texture": "#0"}, "east": {"uv": [6.125, 3.75, 6.75, 3.25], "texture": "#0"}, "south": {"uv": [6.125, 3.75, 6.75, 3.25], "texture": "#0"}, "west": {"uv": [6.125, 3.75, 6.75, 3.25], "texture": "#0"}, "up": {"uv": [6.125, 3.75, 6.75, 3.25], "texture": "#0"}, "down": {"uv": [6.125, 3.75, 6.75, 3.25], "texture": "#0"}}}, {"from": [4.81324, 6.55831, 4.38574], "to": [5.539, 7.07671, 6.20014], "rotation": {"angle": 45, "axis": "y", "origin": [5.08578, 7.42231, 6.10999]}, "faces": {"north": {"uv": [6.125, 3.75, 6.75, 3.25], "texture": "#0"}, "east": {"uv": [6.125, 3.75, 6.75, 3.25], "texture": "#0"}, "south": {"uv": [6.125, 3.75, 6.75, 3.25], "texture": "#0"}, "west": {"uv": [6.125, 3.75, 6.75, 3.25], "texture": "#0"}, "up": {"uv": [6.125, 3.75, 6.75, 3.25], "texture": "#0"}, "down": {"uv": [6.125, 3.75, 6.75, 3.25], "texture": "#0"}}}, {"from": [3.61859, 6.55831, 2.80876], "to": [4.34435, 7.07671, 4.98604], "rotation": {"angle": 22.5, "axis": "y", "origin": [3.89114, 7.42231, 4.89589]}, "faces": {"north": {"uv": [6.125, 3.75, 6.75, 3.25], "texture": "#0"}, "east": {"uv": [6.125, 3.75, 6.75, 3.25], "texture": "#0"}, "south": {"uv": [6.125, 3.75, 6.75, 3.25], "texture": "#0"}, "west": {"uv": [6.125, 3.75, 6.75, 3.25], "texture": "#0"}, "up": {"uv": [6.125, 3.75, 6.75, 3.25], "texture": "#0"}, "down": {"uv": [6.125, 3.75, 6.75, 3.25], "texture": "#0"}}}, {"from": [2.84063, 6.55831, 0.53177], "to": [3.56639, 7.07671, 3.07193], "rotation": {"angle": 0, "axis": "y", "origin": [3.11317, 7.42231, 2.98178]}, "faces": {"north": {"uv": [6.125, 3.75, 6.75, 3.25], "texture": "#0"}, "east": {"uv": [6.125, 3.75, 6.75, 3.25], "texture": "#0"}, "south": {"uv": [6.125, 3.75, 6.75, 3.25], "texture": "#0"}, "west": {"uv": [6.125, 3.75, 6.75, 3.25], "texture": "#0"}, "up": {"uv": [6.125, 3.75, 6.75, 3.25], "texture": "#0"}, "down": {"uv": [6.125, 3.75, 6.75, 3.25], "texture": "#0"}}}, {"from": [2.85438, 6.55831, -1.89723], "to": [3.58014, 7.07671, 0.64293], "rotation": {"angle": -22.5, "axis": "y", "origin": [3.12692, 7.42231, 0.55278]}, "faces": {"north": {"uv": [6.125, 3.75, 6.75, 3.25], "texture": "#0"}, "east": {"uv": [6.125, 3.75, 6.75, 3.25], "texture": "#0"}, "south": {"uv": [6.125, 3.75, 6.75, 3.25], "texture": "#0"}, "west": {"uv": [6.125, 3.75, 6.75, 3.25], "texture": "#0"}, "up": {"uv": [6.125, 3.75, 6.75, 3.25], "texture": "#0"}, "down": {"uv": [6.125, 3.75, 6.75, 3.25], "texture": "#0"}}}, {"from": [3.79663, 6.55831, -4.13607], "to": [4.52239, 7.07671, -1.59591], "rotation": {"angle": -45, "axis": "y", "origin": [4.06917, 7.42231, -1.68607]}, "faces": {"north": {"uv": [6.125, 3.75, 6.75, 3.25], "texture": "#0"}, "east": {"uv": [6.125, 3.75, 6.75, 3.25], "texture": "#0"}, "south": {"uv": [6.125, 3.75, 6.75, 3.25], "texture": "#0"}, "west": {"uv": [6.125, 3.75, 6.75, 3.25], "texture": "#0"}, "up": {"uv": [6.125, 3.75, 6.75, 3.25], "texture": "#0"}, "down": {"uv": [6.125, 3.75, 6.75, 3.25], "texture": "#0"}}}, {"from": [5.70631, 6.55831, -3.66644], "to": [7.33927, 7.07671, -2.94068], "rotation": {"angle": 22.5, "axis": "y", "origin": [5.79646, 7.42231, -3.3939]}, "faces": {"north": {"uv": [6.125, 3.75, 6.75, 3.25], "rotation": 90, "texture": "#0"}, "east": {"uv": [6.125, 3.75, 6.75, 3.25], "rotation": 90, "texture": "#0"}, "south": {"uv": [6.125, 3.75, 6.75, 3.25], "rotation": 90, "texture": "#0"}, "west": {"uv": [6.125, 3.75, 6.75, 3.25], "rotation": 90, "texture": "#0"}, "up": {"uv": [6.125, 3.75, 6.75, 3.25], "rotation": 90, "texture": "#0"}, "down": {"uv": [6.125, 3.75, 6.75, 3.25], "rotation": 90, "texture": "#0"}}}, {"from": [10.69171, 6.55831, 9.98723], "to": [12.50611, 7.07671, 10.71299], "rotation": {"angle": -22.5, "axis": "y", "origin": [11.59891, 7.42231, 11.07984]}, "faces": {"north": {"uv": [6.125, 3.75, 6.75, 3.25], "rotation": 90, "texture": "#0"}, "east": {"uv": [6.125, 3.75, 6.75, 3.25], "rotation": 90, "texture": "#0"}, "south": {"uv": [6.125, 3.75, 6.75, 3.25], "rotation": 90, "texture": "#0"}, "west": {"uv": [6.125, 3.75, 6.75, 3.25], "rotation": 90, "texture": "#0"}, "up": {"uv": [6.125, 3.75, 6.75, 3.25], "rotation": 90, "texture": "#0"}, "down": {"uv": [6.125, 3.75, 6.75, 3.25], "rotation": 90, "texture": "#0"}}}, {"from": [9.81883, 6.55831, 8.91905], "to": [10.90747, 7.07671, 9.64481], "rotation": {"angle": -45, "axis": "y", "origin": [10.00027, 7.42231, 10.01166]}, "faces": {"north": {"uv": [6.125, 3.75, 6.75, 3.25], "rotation": 90, "texture": "#0"}, "east": {"uv": [6.125, 3.75, 6.75, 3.25], "rotation": 90, "texture": "#0"}, "south": {"uv": [6.125, 3.75, 6.75, 3.25], "rotation": 90, "texture": "#0"}, "west": {"uv": [6.125, 3.75, 6.75, 3.25], "rotation": 90, "texture": "#0"}, "up": {"uv": [6.125, 3.75, 6.75, 3.25], "rotation": 90, "texture": "#0"}, "down": {"uv": [6.125, 3.75, 6.75, 3.25], "rotation": 90, "texture": "#0"}}}, {"from": [9.81213, 6.55831, 8.74476], "to": [10.53789, 7.07671, 9.8334], "rotation": {"angle": 22.5, "axis": "y", "origin": [9.44528, 7.42231, 8.9262]}, "faces": {"north": {"uv": [6.125, 3.75, 6.75, 3.25], "texture": "#0"}, "east": {"uv": [6.125, 3.75, 6.75, 3.25], "texture": "#0"}, "south": {"uv": [6.125, 3.75, 6.75, 3.25], "texture": "#0"}, "west": {"uv": [6.125, 3.75, 6.75, 3.25], "texture": "#0"}, "up": {"uv": [6.125, 3.75, 6.75, 3.25], "texture": "#0"}, "down": {"uv": [6.125, 3.75, 6.75, 3.25], "texture": "#0"}}}, {"from": [9.71477, 6.55831, 7.52954], "to": [10.44053, 7.07671, 8.61818], "rotation": {"angle": 0, "axis": "y", "origin": [10.16799, 7.42231, 7.6197]}, "faces": {"north": {"uv": [6.125, 3.75, 6.75, 3.25], "texture": "#0"}, "east": {"uv": [6.125, 3.75, 6.75, 3.25], "texture": "#0"}, "south": {"uv": [6.125, 3.75, 6.75, 3.25], "texture": "#0"}, "west": {"uv": [6.125, 3.75, 6.75, 3.25], "texture": "#0"}, "up": {"uv": [6.125, 3.75, 6.75, 3.25], "texture": "#0"}, "down": {"uv": [6.125, 3.75, 6.75, 3.25], "texture": "#0"}}}, {"from": [9.71477, 6.55831, 5.89545], "to": [10.44053, 7.07671, 7.70985], "rotation": {"angle": -22.5, "axis": "y", "origin": [10.16799, 7.42231, 7.6197]}, "faces": {"north": {"uv": [6.125, 3.75, 6.75, 3.25], "texture": "#0"}, "east": {"uv": [6.125, 3.75, 6.75, 3.25], "texture": "#0"}, "south": {"uv": [6.125, 3.75, 6.75, 3.25], "texture": "#0"}, "west": {"uv": [6.125, 3.75, 6.75, 3.25], "texture": "#0"}, "up": {"uv": [6.125, 3.75, 6.75, 3.25], "texture": "#0"}, "down": {"uv": [6.125, 3.75, 6.75, 3.25], "texture": "#0"}}}, {"from": [10.34011, 6.55831, 4.38574], "to": [11.06587, 7.07671, 6.20014], "rotation": {"angle": -45, "axis": "y", "origin": [10.79333, 7.42231, 6.10999]}, "faces": {"north": {"uv": [6.125, 3.75, 6.75, 3.25], "texture": "#0"}, "east": {"uv": [6.125, 3.75, 6.75, 3.25], "texture": "#0"}, "south": {"uv": [6.125, 3.75, 6.75, 3.25], "texture": "#0"}, "west": {"uv": [6.125, 3.75, 6.75, 3.25], "texture": "#0"}, "up": {"uv": [6.125, 3.75, 6.75, 3.25], "texture": "#0"}, "down": {"uv": [6.125, 3.75, 6.75, 3.25], "texture": "#0"}}}, {"from": [11.53476, 6.55831, 2.80876], "to": [12.26052, 7.07671, 4.98604], "rotation": {"angle": -22.5, "axis": "y", "origin": [11.98798, 7.42231, 4.89589]}, "faces": {"north": {"uv": [6.125, 3.75, 6.75, 3.25], "texture": "#0"}, "east": {"uv": [6.125, 3.75, 6.75, 3.25], "texture": "#0"}, "south": {"uv": [6.125, 3.75, 6.75, 3.25], "texture": "#0"}, "west": {"uv": [6.125, 3.75, 6.75, 3.25], "texture": "#0"}, "up": {"uv": [6.125, 3.75, 6.75, 3.25], "texture": "#0"}, "down": {"uv": [6.125, 3.75, 6.75, 3.25], "texture": "#0"}}}, {"from": [12.31272, 6.55831, 0.53177], "to": [13.03848, 7.07671, 3.07193], "rotation": {"angle": 0, "axis": "y", "origin": [12.76594, 7.42231, 2.98178]}, "faces": {"north": {"uv": [6.125, 3.75, 6.75, 3.25], "texture": "#0"}, "east": {"uv": [6.125, 3.75, 6.75, 3.25], "texture": "#0"}, "south": {"uv": [6.125, 3.75, 6.75, 3.25], "texture": "#0"}, "west": {"uv": [6.125, 3.75, 6.75, 3.25], "texture": "#0"}, "up": {"uv": [6.125, 3.75, 6.75, 3.25], "texture": "#0"}, "down": {"uv": [6.125, 3.75, 6.75, 3.25], "texture": "#0"}}}, {"from": [12.29897, 6.55831, -1.89723], "to": [13.02473, 7.07671, 0.64293], "rotation": {"angle": 22.5, "axis": "y", "origin": [12.75219, 7.42231, 0.55278]}, "faces": {"north": {"uv": [6.125, 3.75, 6.75, 3.25], "texture": "#0"}, "east": {"uv": [6.125, 3.75, 6.75, 3.25], "texture": "#0"}, "south": {"uv": [6.125, 3.75, 6.75, 3.25], "texture": "#0"}, "west": {"uv": [6.125, 3.75, 6.75, 3.25], "texture": "#0"}, "up": {"uv": [6.125, 3.75, 6.75, 3.25], "texture": "#0"}, "down": {"uv": [6.125, 3.75, 6.75, 3.25], "texture": "#0"}}}, {"from": [11.35672, 6.55831, -4.13607], "to": [12.08248, 7.07671, -1.59591], "rotation": {"angle": 45, "axis": "y", "origin": [11.80994, 7.42231, -1.68607]}, "faces": {"north": {"uv": [6.125, 3.75, 6.75, 3.25], "texture": "#0"}, "east": {"uv": [6.125, 3.75, 6.75, 3.25], "texture": "#0"}, "south": {"uv": [6.125, 3.75, 6.75, 3.25], "texture": "#0"}, "west": {"uv": [6.125, 3.75, 6.75, 3.25], "texture": "#0"}, "up": {"uv": [6.125, 3.75, 6.75, 3.25], "texture": "#0"}, "down": {"uv": [6.125, 3.75, 6.75, 3.25], "texture": "#0"}}}, {"from": [8.53985, 6.55831, -3.66644], "to": [10.17281, 7.07671, -2.94068], "rotation": {"angle": -22.5, "axis": "y", "origin": [10.08265, 7.42231, -3.3939]}, "faces": {"north": {"uv": [6.125, 3.75, 6.75, 3.25], "rotation": 90, "texture": "#0"}, "east": {"uv": [6.125, 3.75, 6.75, 3.25], "rotation": 90, "texture": "#0"}, "south": {"uv": [6.125, 3.75, 6.75, 3.25], "rotation": 90, "texture": "#0"}, "west": {"uv": [6.125, 3.75, 6.75, 3.25], "rotation": 90, "texture": "#0"}, "up": {"uv": [6.125, 3.75, 6.75, 3.25], "rotation": 90, "texture": "#0"}, "down": {"uv": [6.125, 3.75, 6.75, 3.25], "rotation": 90, "texture": "#0"}}}, {"from": [6.53944, 8.28631, 0.31455], "to": [9.13144, 8.97751, 2.90655], "rotation": {"angle": 0, "axis": "y", "origin": [3.34301, 9.15031, 2.64789]}, "faces": {"north": {"uv": [5.25, 0, 6.25, 1], "texture": "#0"}, "east": {"uv": [5.25, 0, 6.25, 1], "texture": "#0"}, "south": {"uv": [5.25, 0, 6.25, 1], "texture": "#0"}, "west": {"uv": [5.25, 0, 6.25, 1], "texture": "#0"}, "up": {"uv": [5.25, 0, 6.25, 1], "texture": "#0"}, "down": {"uv": [5.25, 0, 6.25, 1], "texture": "#0"}}}, {"from": [6.53944, 8.11351, 2.04255], "to": [9.13144, 8.67511, 24.16095], "rotation": {"angle": 0, "axis": "y", "origin": [3.34301, 9.15031, 4.37589]}, "faces": {"north": {"uv": [5.25, 0, 6.25, 1], "texture": "#0"}, "east": {"uv": [5.25, 0, 6.25, 1], "texture": "#0"}, "south": {"uv": [5.25, 0, 6.25, 1], "texture": "#0"}, "west": {"uv": [5.25, 0, 6.25, 1], "texture": "#0"}, "up": {"uv": [5.25, 0, 6.25, 1], "texture": "#0"}, "down": {"uv": [5.25, 0, 6.25, 1], "texture": "#0"}}}, {"from": [6.36664, 8.28631, 2.21535], "to": [6.88504, 8.67511, 3.59775], "rotation": {"angle": -22.5, "axis": "y", "origin": [7.66264, 8.48071, 2.64735]}, "faces": {"north": {"uv": [5.25, 0, 6.25, 1], "texture": "#0"}, "east": {"uv": [5.25, 0, 6.25, 1], "texture": "#0"}, "south": {"uv": [5.25, 0, 6.25, 1], "texture": "#0"}, "west": {"uv": [5.25, 0, 6.25, 1], "texture": "#0"}, "up": {"uv": [5.25, 0, 6.25, 1], "texture": "#0"}, "down": {"uv": [5.25, 0, 6.25, 1], "texture": "#0"}}}, {"from": [8.82939, 8.28631, 2.21535], "to": [9.34779, 8.67511, 3.59775], "rotation": {"angle": 22.5, "axis": "y", "origin": [8.05179, 8.48071, 2.64735]}, "faces": {"north": {"uv": [6.25, 0, 5.25, 1], "texture": "#0"}, "east": {"uv": [6.25, 0, 5.25, 1], "texture": "#0"}, "south": {"uv": [6.25, 0, 5.25, 1], "texture": "#0"}, "west": {"uv": [6.25, 0, 5.25, 1], "texture": "#0"}, "up": {"uv": [6.25, 0, 5.25, 1], "texture": "#0"}, "down": {"uv": [6.25, 0, 5.25, 1], "texture": "#0"}}}, {"from": [6.36664, 8.28631, 5.67135], "to": [6.88504, 8.67511, 7.05375], "rotation": {"angle": -22.5, "axis": "y", "origin": [7.66264, 8.48071, 6.10335]}, "faces": {"north": {"uv": [5.25, 0, 6.25, 1], "texture": "#0"}, "east": {"uv": [5.25, 0, 6.25, 1], "texture": "#0"}, "south": {"uv": [5.25, 0, 6.25, 1], "texture": "#0"}, "west": {"uv": [5.25, 0, 6.25, 1], "texture": "#0"}, "up": {"uv": [5.25, 0, 6.25, 1], "texture": "#0"}, "down": {"uv": [5.25, 0, 6.25, 1], "texture": "#0"}}}, {"from": [8.82939, 8.28631, 5.67135], "to": [9.34779, 8.67511, 7.05375], "rotation": {"angle": 22.5, "axis": "y", "origin": [8.05179, 8.48071, 6.10335]}, "faces": {"north": {"uv": [6.25, 0, 5.25, 1], "texture": "#0"}, "east": {"uv": [6.25, 0, 5.25, 1], "texture": "#0"}, "south": {"uv": [6.25, 0, 5.25, 1], "texture": "#0"}, "west": {"uv": [6.25, 0, 5.25, 1], "texture": "#0"}, "up": {"uv": [6.25, 0, 5.25, 1], "texture": "#0"}, "down": {"uv": [6.25, 0, 5.25, 1], "texture": "#0"}}}, {"from": [6.36664, 8.28631, 9.12735], "to": [6.88504, 8.67511, 10.50975], "rotation": {"angle": -22.5, "axis": "y", "origin": [7.66264, 8.48071, 9.55935]}, "faces": {"north": {"uv": [5.25, 0, 6.25, 1], "texture": "#0"}, "east": {"uv": [5.25, 0, 6.25, 1], "texture": "#0"}, "south": {"uv": [5.25, 0, 6.25, 1], "texture": "#0"}, "west": {"uv": [5.25, 0, 6.25, 1], "texture": "#0"}, "up": {"uv": [5.25, 0, 6.25, 1], "texture": "#0"}, "down": {"uv": [5.25, 0, 6.25, 1], "texture": "#0"}}}, {"from": [8.82939, 8.28631, 9.12735], "to": [9.34779, 8.67511, 10.50975], "rotation": {"angle": 22.5, "axis": "y", "origin": [8.05179, 8.48071, 9.55935]}, "faces": {"north": {"uv": [6.25, 0, 5.25, 1], "texture": "#0"}, "east": {"uv": [6.25, 0, 5.25, 1], "texture": "#0"}, "south": {"uv": [6.25, 0, 5.25, 1], "texture": "#0"}, "west": {"uv": [6.25, 0, 5.25, 1], "texture": "#0"}, "up": {"uv": [6.25, 0, 5.25, 1], "texture": "#0"}, "down": {"uv": [6.25, 0, 5.25, 1], "texture": "#0"}}}, {"from": [6.36664, 8.28631, 12.58335], "to": [6.88504, 8.67511, 13.96575], "rotation": {"angle": -22.5, "axis": "y", "origin": [7.66264, 8.48071, 13.01535]}, "faces": {"north": {"uv": [5.25, 0, 6.25, 1], "texture": "#0"}, "east": {"uv": [5.25, 0, 6.25, 1], "texture": "#0"}, "south": {"uv": [5.25, 0, 6.25, 1], "texture": "#0"}, "west": {"uv": [5.25, 0, 6.25, 1], "texture": "#0"}, "up": {"uv": [5.25, 0, 6.25, 1], "texture": "#0"}, "down": {"uv": [5.25, 0, 6.25, 1], "texture": "#0"}}}, {"from": [8.82939, 8.28631, 12.58335], "to": [9.34779, 8.67511, 13.96575], "rotation": {"angle": 22.5, "axis": "y", "origin": [8.05179, 8.48071, 13.01535]}, "faces": {"north": {"uv": [6.25, 0, 5.25, 1], "texture": "#0"}, "east": {"uv": [6.25, 0, 5.25, 1], "texture": "#0"}, "south": {"uv": [6.25, 0, 5.25, 1], "texture": "#0"}, "west": {"uv": [6.25, 0, 5.25, 1], "texture": "#0"}, "up": {"uv": [6.25, 0, 5.25, 1], "texture": "#0"}, "down": {"uv": [6.25, 0, 5.25, 1], "texture": "#0"}}}, {"from": [6.36664, 8.28631, 3.84355], "to": [6.88504, 8.67511, 5.22595], "rotation": {"angle": 22.5, "axis": "y", "origin": [7.66264, 8.48071, 4.79395]}, "faces": {"north": {"uv": [6.25, 0, 5.25, 1], "texture": "#0"}, "east": {"uv": [6.25, 0, 5.25, 1], "texture": "#0"}, "south": {"uv": [6.25, 0, 5.25, 1], "texture": "#0"}, "west": {"uv": [6.25, 0, 5.25, 1], "texture": "#0"}, "up": {"uv": [5.25, 1, 6.25, 0], "texture": "#0"}, "down": {"uv": [5.25, 1, 6.25, 0], "texture": "#0"}}}, {"from": [8.82939, 8.28631, 3.84355], "to": [9.34779, 8.67511, 5.22595], "rotation": {"angle": -22.5, "axis": "y", "origin": [8.05179, 8.48071, 4.79395]}, "faces": {"north": {"uv": [5.25, 0, 6.25, 1], "texture": "#0"}, "east": {"uv": [5.25, 0, 6.25, 1], "texture": "#0"}, "south": {"uv": [5.25, 0, 6.25, 1], "texture": "#0"}, "west": {"uv": [5.25, 0, 6.25, 1], "texture": "#0"}, "up": {"uv": [6.25, 1, 5.25, 0], "texture": "#0"}, "down": {"uv": [6.25, 1, 5.25, 0], "texture": "#0"}}}, {"from": [6.36664, 8.28631, 7.29955], "to": [6.88504, 8.67511, 8.68195], "rotation": {"angle": 22.5, "axis": "y", "origin": [7.66264, 8.48071, 8.24995]}, "faces": {"north": {"uv": [6.25, 0, 5.25, 1], "texture": "#0"}, "east": {"uv": [6.25, 0, 5.25, 1], "texture": "#0"}, "south": {"uv": [6.25, 0, 5.25, 1], "texture": "#0"}, "west": {"uv": [6.25, 0, 5.25, 1], "texture": "#0"}, "up": {"uv": [5.25, 1, 6.25, 0], "texture": "#0"}, "down": {"uv": [5.25, 1, 6.25, 0], "texture": "#0"}}}, {"from": [8.82939, 8.28631, 7.29955], "to": [9.34779, 8.67511, 8.68195], "rotation": {"angle": -22.5, "axis": "y", "origin": [8.05179, 8.48071, 8.24995]}, "faces": {"north": {"uv": [5.25, 0, 6.25, 1], "texture": "#0"}, "east": {"uv": [5.25, 0, 6.25, 1], "texture": "#0"}, "south": {"uv": [5.25, 0, 6.25, 1], "texture": "#0"}, "west": {"uv": [5.25, 0, 6.25, 1], "texture": "#0"}, "up": {"uv": [6.25, 1, 5.25, 0], "texture": "#0"}, "down": {"uv": [6.25, 1, 5.25, 0], "texture": "#0"}}}, {"from": [6.36664, 8.28631, 10.75555], "to": [6.88504, 8.67511, 12.13795], "rotation": {"angle": 22.5, "axis": "y", "origin": [7.66264, 8.48071, 11.70595]}, "faces": {"north": {"uv": [6.25, 0, 5.25, 1], "texture": "#0"}, "east": {"uv": [6.25, 0, 5.25, 1], "texture": "#0"}, "south": {"uv": [6.25, 0, 5.25, 1], "texture": "#0"}, "west": {"uv": [6.25, 0, 5.25, 1], "texture": "#0"}, "up": {"uv": [5.25, 1, 6.25, 0], "texture": "#0"}, "down": {"uv": [5.25, 1, 6.25, 0], "texture": "#0"}}}, {"from": [8.82939, 8.28631, 10.75555], "to": [9.34779, 8.67511, 12.13795], "rotation": {"angle": -22.5, "axis": "y", "origin": [8.05179, 8.48071, 11.70595]}, "faces": {"north": {"uv": [5.25, 0, 6.25, 1], "texture": "#0"}, "east": {"uv": [5.25, 0, 6.25, 1], "texture": "#0"}, "south": {"uv": [5.25, 0, 6.25, 1], "texture": "#0"}, "west": {"uv": [5.25, 0, 6.25, 1], "texture": "#0"}, "up": {"uv": [6.25, 1, 5.25, 0], "texture": "#0"}, "down": {"uv": [6.25, 1, 5.25, 0], "texture": "#0"}}}, {"from": [6.36664, 8.28631, 14.21155], "to": [6.88504, 8.67511, 15.59395], "rotation": {"angle": 22.5, "axis": "y", "origin": [7.66264, 8.48071, 15.16195]}, "faces": {"north": {"uv": [6.25, 0, 5.25, 1], "texture": "#0"}, "east": {"uv": [6.25, 0, 5.25, 1], "texture": "#0"}, "south": {"uv": [6.25, 0, 5.25, 1], "texture": "#0"}, "west": {"uv": [6.25, 0, 5.25, 1], "texture": "#0"}, "up": {"uv": [5.25, 1, 6.25, 0], "texture": "#0"}, "down": {"uv": [5.25, 1, 6.25, 0], "texture": "#0"}}}, {"from": [8.82939, 8.28631, 14.21155], "to": [9.34779, 8.67511, 15.59395], "rotation": {"angle": -22.5, "axis": "y", "origin": [8.05179, 8.48071, 15.16195]}, "faces": {"north": {"uv": [5.25, 0, 6.25, 1], "texture": "#0"}, "east": {"uv": [5.25, 0, 6.25, 1], "texture": "#0"}, "south": {"uv": [5.25, 0, 6.25, 1], "texture": "#0"}, "west": {"uv": [5.25, 0, 6.25, 1], "texture": "#0"}, "up": {"uv": [6.25, 1, 5.25, 0], "texture": "#0"}, "down": {"uv": [6.25, 1, 5.25, 0], "texture": "#0"}}}, {"from": [6.10159, 8.28631, 3.02945], "to": [6.61999, 8.67511, 4.41185], "rotation": {"angle": 0, "axis": "y", "origin": [7.39759, 8.48071, 3.46145]}, "faces": {"north": {"uv": [5.25, 0, 6.25, 1], "texture": "#0"}, "east": {"uv": [5.25, 0, 6.25, 1], "texture": "#0"}, "south": {"uv": [5.25, 0, 6.25, 1], "texture": "#0"}, "west": {"uv": [5.25, 0, 6.25, 1], "texture": "#0"}, "up": {"uv": [5.25, 0, 6.25, 1], "texture": "#0"}, "down": {"uv": [5.25, 0, 6.25, 1], "texture": "#0"}}}, {"from": [9.09444, 8.28631, 3.02945], "to": [9.61284, 8.67511, 4.41185], "rotation": {"angle": 0, "axis": "y", "origin": [8.31684, 8.48071, 3.46145]}, "faces": {"north": {"uv": [6.25, 0, 5.25, 1], "texture": "#0"}, "east": {"uv": [6.25, 0, 5.25, 1], "texture": "#0"}, "south": {"uv": [6.25, 0, 5.25, 1], "texture": "#0"}, "west": {"uv": [6.25, 0, 5.25, 1], "texture": "#0"}, "up": {"uv": [6.25, 0, 5.25, 1], "texture": "#0"}, "down": {"uv": [6.25, 0, 5.25, 1], "texture": "#0"}}}, {"from": [6.10159, 8.28631, 6.48545], "to": [6.61999, 8.67511, 7.86785], "rotation": {"angle": 0, "axis": "y", "origin": [7.39759, 8.48071, 6.91745]}, "faces": {"north": {"uv": [5.25, 0, 6.25, 1], "texture": "#0"}, "east": {"uv": [5.25, 0, 6.25, 1], "texture": "#0"}, "south": {"uv": [5.25, 0, 6.25, 1], "texture": "#0"}, "west": {"uv": [5.25, 0, 6.25, 1], "texture": "#0"}, "up": {"uv": [5.25, 0, 6.25, 1], "texture": "#0"}, "down": {"uv": [5.25, 0, 6.25, 1], "texture": "#0"}}}, {"from": [9.09444, 8.28631, 6.48545], "to": [9.61284, 8.67511, 7.86785], "rotation": {"angle": 0, "axis": "y", "origin": [8.31684, 8.48071, 6.91745]}, "faces": {"north": {"uv": [6.25, 0, 5.25, 1], "texture": "#0"}, "east": {"uv": [6.25, 0, 5.25, 1], "texture": "#0"}, "south": {"uv": [6.25, 0, 5.25, 1], "texture": "#0"}, "west": {"uv": [6.25, 0, 5.25, 1], "texture": "#0"}, "up": {"uv": [6.25, 0, 5.25, 1], "texture": "#0"}, "down": {"uv": [6.25, 0, 5.25, 1], "texture": "#0"}}}, {"from": [6.10159, 8.28631, 9.94145], "to": [6.61999, 8.67511, 11.32385], "rotation": {"angle": 0, "axis": "y", "origin": [7.39759, 8.48071, 10.37345]}, "faces": {"north": {"uv": [5.25, 0, 6.25, 1], "texture": "#0"}, "east": {"uv": [5.25, 0, 6.25, 1], "texture": "#0"}, "south": {"uv": [5.25, 0, 6.25, 1], "texture": "#0"}, "west": {"uv": [5.25, 0, 6.25, 1], "texture": "#0"}, "up": {"uv": [5.25, 0, 6.25, 1], "texture": "#0"}, "down": {"uv": [5.25, 0, 6.25, 1], "texture": "#0"}}}, {"from": [9.09444, 8.28631, 9.94145], "to": [9.61284, 8.67511, 11.32385], "rotation": {"angle": 0, "axis": "y", "origin": [8.31684, 8.48071, 10.37345]}, "faces": {"north": {"uv": [6.25, 0, 5.25, 1], "texture": "#0"}, "east": {"uv": [6.25, 0, 5.25, 1], "texture": "#0"}, "south": {"uv": [6.25, 0, 5.25, 1], "texture": "#0"}, "west": {"uv": [6.25, 0, 5.25, 1], "texture": "#0"}, "up": {"uv": [6.25, 0, 5.25, 1], "texture": "#0"}, "down": {"uv": [6.25, 0, 5.25, 1], "texture": "#0"}}}, {"from": [6.10159, 8.28631, 13.39745], "to": [6.61999, 8.67511, 14.77985], "rotation": {"angle": 0, "axis": "y", "origin": [7.39759, 8.48071, 13.82945]}, "faces": {"north": {"uv": [5.25, 0, 6.25, 1], "texture": "#0"}, "east": {"uv": [5.25, 0, 6.25, 1], "texture": "#0"}, "south": {"uv": [5.25, 0, 6.25, 1], "texture": "#0"}, "west": {"uv": [5.25, 0, 6.25, 1], "texture": "#0"}, "up": {"uv": [5.25, 0, 6.25, 1], "texture": "#0"}, "down": {"uv": [5.25, 0, 6.25, 1], "texture": "#0"}}}, {"from": [9.09444, 8.28631, 13.39745], "to": [9.61284, 8.67511, 14.77985], "rotation": {"angle": 0, "axis": "y", "origin": [8.31684, 8.48071, 13.82945]}, "faces": {"north": {"uv": [6.25, 0, 5.25, 1], "texture": "#0"}, "east": {"uv": [6.25, 0, 5.25, 1], "texture": "#0"}, "south": {"uv": [6.25, 0, 5.25, 1], "texture": "#0"}, "west": {"uv": [6.25, 0, 5.25, 1], "texture": "#0"}, "up": {"uv": [6.25, 0, 5.25, 1], "texture": "#0"}, "down": {"uv": [6.25, 0, 5.25, 1], "texture": "#0"}}}, {"from": [6.53944, 9.49591, -0.37665], "to": [9.13144, 10.18711, 0.66015], "rotation": {"angle": -45, "axis": "x", "origin": [3.34301, 10.35991, 1.78389]}, "faces": {"north": {"uv": [5.25, 0, 6.25, 1], "texture": "#0"}, "east": {"uv": [5.25, 0, 6.25, 1], "texture": "#0"}, "south": {"uv": [5.25, 0, 6.25, 1], "texture": "#0"}, "west": {"uv": [5.25, 0, 6.25, 1], "texture": "#0"}, "up": {"uv": [5.25, 0, 6.25, 1], "texture": "#0"}, "down": {"uv": [5.25, 0, 6.25, 1], "texture": "#0"}}}, {"from": [6.53944, 8.80471, 13.79295], "to": [9.13144, 9.49591, 15.17535], "rotation": {"angle": -45, "axis": "x", "origin": [3.34301, 9.66871, 16.47189]}, "faces": {"north": {"uv": [5.25, 0, 6.25, 1], "texture": "#0"}, "east": {"uv": [5.25, 0, 6.25, 1], "texture": "#0"}, "south": {"uv": [5.25, 0, 6.25, 1], "texture": "#0"}, "west": {"uv": [5.25, 0, 6.25, 1], "texture": "#0"}, "up": {"uv": [5.25, 0, 6.25, 1], "texture": "#0"}, "down": {"uv": [5.25, 0, 6.25, 1], "texture": "#0"}}}, {"from": [6.53944, 7.8966, 15.43291], "to": [9.13144, 8.415, 16.81531], "rotation": {"angle": -22.5, "axis": "x", "origin": [7.83544, 8.0694, 16.12411]}, "faces": {"north": {"uv": [5.25, 0, 6.25, 1], "texture": "#0"}, "east": {"uv": [5.25, 0, 6.25, 1], "texture": "#0"}, "south": {"uv": [5.25, 0, 6.25, 1], "texture": "#0"}, "west": {"uv": [5.25, 0, 6.25, 1], "texture": "#0"}, "up": {"uv": [5.25, 0, 6.25, 1], "texture": "#0"}, "down": {"uv": [5.25, 0, 6.25, 1], "texture": "#0"}}}, {"from": [6.53944, 8.36486, 24.04221], "to": [9.13144, 8.88326, 25.94301], "rotation": {"angle": -22.5, "axis": "x", "origin": [7.83544, 8.53766, 24.73341]}, "faces": {"north": {"uv": [5.25, 0, 6.25, 1], "texture": "#0"}, "east": {"uv": [5.25, 0, 6.25, 1], "texture": "#0"}, "south": {"uv": [5.25, 0, 6.25, 1], "texture": "#0"}, "west": {"uv": [5.25, 0, 6.25, 1], "texture": "#0"}, "up": {"uv": [5.25, 0, 6.25, 1], "texture": "#0"}, "down": {"uv": [5.25, 0, 6.25, 1], "texture": "#0"}}}, {"from": [6.53944, 8.40631, 1.11147], "to": [9.13144, 9.44311, 2.32107], "rotation": {"angle": 0, "axis": "y", "origin": [3.34301, 9.61591, 3.44482]}, "faces": {"north": {"uv": [5.25, 0, 6.25, 1], "texture": "#0"}, "east": {"uv": [5.25, 0, 6.25, 1], "texture": "#0"}, "south": {"uv": [5.25, 0, 6.25, 1], "texture": "#0"}, "west": {"uv": [5.25, 0, 6.25, 1], "texture": "#0"}, "up": {"uv": [5.25, 0, 6.25, 1], "texture": "#0"}, "down": {"uv": [5.25, 0, 6.25, 1], "texture": "#0"}}}, {"from": [6.97144, 9.09751, 1.62987], "to": [7.14424, 9.27031, 25.30347], "rotation": {"angle": 0, "axis": "y", "origin": [3.08381, 9.44311, 3.96322]}, "faces": {"north": {"uv": [5.25, 0, 6.25, 1], "texture": "#1"}, "east": {"uv": [5.25, 0, 6.25, 1], "texture": "#1"}, "south": {"uv": [5.25, 0, 6.25, 1], "texture": "#1"}, "west": {"uv": [5.25, 0, 6.25, 1], "texture": "#1"}, "up": {"uv": [5.25, 0, 6.25, 1], "texture": "#1"}, "down": {"uv": [5.25, 0, 6.25, 1], "texture": "#1"}}}, {"from": [8.52664, 9.09751, 1.62987], "to": [8.69944, 9.27031, 25.30347], "rotation": {"angle": 0, "axis": "y", "origin": [4.63901, 9.44311, 3.96322]}, "faces": {"north": {"uv": [5.25, 0, 6.25, 1], "texture": "#1"}, "east": {"uv": [5.25, 0, 6.25, 1], "texture": "#1"}, "south": {"uv": [5.25, 0, 6.25, 1], "texture": "#1"}, "west": {"uv": [5.25, 0, 6.25, 1], "texture": "#1"}, "up": {"uv": [5.25, 0, 6.25, 1], "texture": "#1"}, "down": {"uv": [5.25, 0, 6.25, 1], "texture": "#1"}}}, {"from": [8.00824, 9.09751, 1.62987], "to": [8.18104, 9.27031, 25.30347], "rotation": {"angle": 0, "axis": "y", "origin": [4.12061, 9.44311, 3.96322]}, "faces": {"north": {"uv": [5.25, 0, 6.25, 1], "texture": "#1"}, "east": {"uv": [5.25, 0, 6.25, 1], "texture": "#1"}, "south": {"uv": [5.25, 0, 6.25, 1], "texture": "#1"}, "west": {"uv": [5.25, 0, 6.25, 1], "texture": "#1"}, "up": {"uv": [5.25, 0, 6.25, 1], "texture": "#1"}, "down": {"uv": [5.25, 0, 6.25, 1], "texture": "#1"}}}, {"from": [7.48984, 9.09751, 1.62987], "to": [7.66264, 9.27031, 25.30347], "rotation": {"angle": 0, "axis": "y", "origin": [3.60221, 9.44311, 3.96322]}, "faces": {"north": {"uv": [5.25, 0, 6.25, 1], "texture": "#1"}, "east": {"uv": [5.25, 0, 6.25, 1], "texture": "#1"}, "south": {"uv": [5.25, 0, 6.25, 1], "texture": "#1"}, "west": {"uv": [5.25, 0, 6.25, 1], "texture": "#1"}, "up": {"uv": [5.25, 0, 6.25, 1], "texture": "#1"}, "down": {"uv": [5.25, 0, 6.25, 1], "texture": "#1"}}}, {"from": [6.53944, 8.28631, 0.14175], "to": [9.13144, 8.97751, 2.90655], "rotation": {"angle": 45, "axis": "y", "origin": [7.83544, 8.63191, 1.61055]}, "faces": {"north": {"uv": [5.25, 0, 6.25, 1], "rotation": 90, "texture": "#0"}, "east": {"uv": [5.25, 0, 6.25, 1], "rotation": 90, "texture": "#0"}, "south": {"uv": [5.25, 0, 6.25, 1], "rotation": 90, "texture": "#0"}, "west": {"uv": [5.25, 0, 6.25, 1], "rotation": 90, "texture": "#0"}, "up": {"uv": [5.25, 0, 6.25, 1], "rotation": 90, "texture": "#0"}, "down": {"uv": [5.25, 0, 6.25, 1], "rotation": 90, "texture": "#0"}}}], "display": {"thirdperson_righthand": {"rotation": [25, -160, 0], "translation": [-1.5, 1.75, 7.75], "scale": [0.5, 0.5, 0.51]}, "thirdperson_lefthand": {"rotation": [25, -160, 0], "translation": [-1.5, 1.75, 7.75], "scale": [0.5, 0.5, 0.51]}, "firstperson_righthand": {"scale": [0.2, 0.2, 0.2]}, "firstperson_lefthand": {"scale": [0.2, 0.2, 0.2]}, "ground": {"translation": [0, 8.75, 0]}, "gui": {"rotation": [-16, -153, -25], "translation": [0, -0.5, 0], "scale": [0.5, 0.5, 0.5]}, "head": {"rotation": [0, -180, 0], "translation": [1.5, -11, 4.25], "scale": [1.3, 1.3, 1.3]}, "fixed": {"translation": [0, -0.75, -1.25], "scale": [0.6, 0.6, 0.6]}}, "groups": [{"name": "group", "origin": [9.42881, 0.5, 2.63074], "children": [0, 1, 2, 3, 4, 5, 6, 7, 8, 9, 10, 11, 12, 13, 14, 15, 16, 17, 18, 19, 20, 21, 22, 23, 24, 25, 26, 27, 28, 29, 30, 31]}, {"name": "group", "origin": [9.42881, 0.5, 2.63074], "children": []}, {"name": "group", "origin": [9.42881, 0.5, 2.63074], "children": [32, 33, 34, 35, 36, 37, 38, 39, 40, 41, 42, 43, 44, 45, 46, 47, 48, 49, 50, 51, 52, 53, 54, 55, 56, 57, 58, 59, 60, 61, 62, 63, 64, 65, 66, 67]}, {"name": "group", "origin": [9.42881, 0.5, 2.63074], "children": [68, 69, 70, 71, 72, 73, 74, 75, 76, 77, 78, 79, 80, 81, 82, 83, 84, 85, 86, 87, 88, 89, 90, 91, 92, 93, 94, 95, 96, 97, 98, 99]}, 100, 101, 102, 103, 104, 105, 106, 107, 108, 109, 110, 111, 112, 113, 114, 115, 116, 117, 118, 119, 120, 121, 122, 123, 124, 125, 126, 127, 128, 129, 130, 131, 132, 133, 134, 135, {"name": "armen", "origin": [8, 8, 8], "children": []}]}