{
	"credit": "Made with Blockbench",
	"textures": {
		"0": "block/green",
		"particle": "block/green"
	},
	"elements": [
		{
			"from": [1.25, 0, -4],
			"to": [14.75, 1.875, 20],
			"rotation": {"angle": 0, "axis": "y", "origin": [-4.75, 0, -4]},
			"faces": {
				"north": {"uv": [0, 0, 9, 1.25], "texture": "#0"},
				"east": {"uv": [0, 0, 16, 1.25], "texture": "#0"},
				"south": {"uv": [0, 0, 9, 1.25], "texture": "#0"},
				"west": {"uv": [0, 0, 16, 1.25], "texture": "#0"},
				"up": {"uv": [0, 0, 9, 16], "texture": "#0"},
				"down": {"uv": [0, 0, 9, 16], "texture": "#0"}
			}
		},
		{
			"from": [5, 1.875, -4],
			"to": [11, 7.875, 20],
			"rotation": {"angle": 0, "axis": "y", "origin": [6.5, 1.875, -4]},
			"faces": {
				"north": {"uv": [0, 0, 4, 4], "texture": "#0"},
				"east": {"uv": [0, 0, 16, 4], "texture": "#0"},
				"south": {"uv": [0, 0, 4, 4], "texture": "#0"},
				"west": {"uv": [0, 0, 16, 4], "texture": "#0"},
				"up": {"uv": [0, 0, 4, 16], "texture": "#0"},
				"down": {"uv": [0, 0, 4, 16], "texture": "#0"}
			}
		},
		{
			"from": [1.25, 7.875, -4],
			"to": [14.75, 10.875, 20],
			"rotation": {"angle": 0, "axis": "y", "origin": [-4.75, 7.875, -4]},
			"faces": {
				"north": {"uv": [0, 0, 9, 2], "texture": "#0"},
				"east": {"uv": [0, 0, 16, 2], "texture": "#0"},
				"south": {"uv": [0, 0, 9, 2], "texture": "#0"},
				"west": {"uv": [0, 0, 16, 2], "texture": "#0"},
				"up": {"uv": [0, 0, 9, 16], "texture": "#0"},
				"down": {"uv": [0, 0, 9, 16], "texture": "#0"}
			}
		}
	]
}