{"display":{"firstperson_lefthand":{"rotation":[71,71,-12],"scale":[0.3,0.3,0.3],"translation":[0,1,0]},"firstperson_righthand":{"rotation":[28,-119,-31],"scale":[0.3,0.3,0.3],"translation":[0,1,0]},"fixed":{"rotation":[-59,90,0],"scale":[0.8,0.8,0.8],"translation":[0,0,-2.25]},"ground":{"scale":[0.3,0.3,0.3]},"gui":{"rotation":[64,-44,0],"scale":[0.8,0.8,0.8],"translation":[0,1,0]},"head":{"scale":[0.2,0.2,0.2]},"thirdperson_lefthand":{"rotation":[-25,63,0],"scale":[0.2,0.2,0.2],"translation":[0,0.5,0]},"thirdperson_righthand":{"rotation":[-25,63,0],"scale":[0.2,0.2,0.2],"translation":[0,0.5,0]}},"elements":[{"faces":{"down":{"texture":"#1","uv":[6,6,7,10]},"east":{"texture":"#1","uv":[6,6,7,10]},"north":{"texture":"#0","uv":[6,6,7,10]},"south":{"texture":"#0","uv":[6,6,7,10]},"up":{"texture":"#0","uv":[6,6,7,10]},"west":{"texture":"#0","uv":[6,6,7,10]}},"from":[6.94492,1.3926,-0.77703],"rotation":{"angle":-22.5,"axis":"z","origin":[14.94492,9.3926,7.22297]},"to":[7.94492,5.3926,16.22297]},{"faces":{"down":{"texture":"#1","uv":[6,6,10,10]},"east":{"texture":"#0","uv":[6,6,10,10]},"north":{"texture":"#0","uv":[6,6,10,10]},"south":{"texture":"#1","uv":[6,6,10,10]},"up":{"texture":"#0","uv":[6,6,10,10]},"west":{"texture":"#0","uv":[6,6,10,10]}},"from":[6.02315,3.83797,-1.40512],"rotation":{"angle":22.5,"axis":"x","origin":[1.52315,6.71945,1.22297]},"to":[10.02315,7.83797,-0.40512]},{"faces":{"down":{"texture":"#1","uv":[6,6,7,10]},"east":{"texture":"#0","uv":[6,6,7,10]},"north":{"texture":"#0","uv":[6,6,7,10]},"south":{"texture":"#0","uv":[6,6,7,10]},"up":{"texture":"#0","uv":[6,6,7,10]},"west":{"texture":"#1","uv":[6,6,7,10]}},"from":[8.10138,1.3926,-0.77703],"rotation":{"angle":22.5,"axis":"z","origin":[1.10138,9.3926,7.22297]},"to":[9.10138,5.3926,16.22297]},{"faces":{"down":{"texture":"#0","uv":[6,6,13.06147,6.28368]},"east":{"texture":"#0","uv":[6,6,13.06147,6.28368]},"north":{"texture":"#0","uv":[6,6,13.06147,6.28368]},"south":{"texture":"#0","uv":[6,6,13.06147,6.28368]},"up":{"texture":"#0","uv":[6,6,13.06147,6.28368]},"west":{"texture":"#0","uv":[6,6,13.06147,6.28368]}},"from":[4.49241,4.77935,-2.30776],"rotation":{"angle":0,"axis":"z","origin":[4.41629,9.67935,7.22297]},"to":[11.55388,5.06304,17.75371]},{"faces":{"down":{"texture":"#1","uv":[6,6,10,10]},"east":{"texture":"#0","uv":[6,6,10,10]},"north":{"texture":"#1","uv":[6,6,10,10]},"south":{"texture":"#0","uv":[6,6,10,10]},"up":{"texture":"#0","uv":[6,6,10,10]},"west":{"texture":"#0","uv":[6,6,10,10]}},"from":[6.02315,3.83797,15.85106],"rotation":{"angle":-22.5,"axis":"x","origin":[7.52315,6.71945,14.22297]},"to":[10.02315,7.83797,16.85106]},{"faces":{"down":{"texture":"#0","uv":[6,6,6.4,9.6]},"east":{"texture":"#0","uv":[6,6,6.4,9.6]},"north":{"texture":"#0","uv":[6,6,6.4,9.6]},"south":{"texture":"#0","uv":[6,6,6.4,9.6]},"up":{"texture":"#0","uv":[6,6,6.4,9.6]},"west":{"texture":"#0","uv":[6,6,6.4,9.6]}},"from":[6.02315,4.23797,15.45106],"rotation":{"angle":-22.5,"axis":"x","origin":[7.52315,6.71945,14.22297]},"to":[10.02315,7.83797,15.85106]},{"faces":{"down":{"texture":"#0","uv":[6,6,6.6,9.6]},"east":{"texture":"#0","uv":[6,6,6.6,9.6]},"north":{"texture":"#0","uv":[6,6,6.6,9.6]},"south":{"texture":"#0","uv":[6,6,6.6,9.6]},"up":{"texture":"#0","uv":[6,6,6.6,9.6]},"west":{"texture":"#0","uv":[6,6,6.6,9.6]}},"from":[6.31811,4.6511,-0.77703],"rotation":{"angle":-22.5,"axis":"z","origin":[6.94619,6.73258,13.72297]},"to":[6.91811,8.2511,16.22297]},{"faces":{"down":{"texture":"#0","uv":[6,6,6.6,9.6]},"east":{"texture":"#0","uv":[6,6,6.6,9.6]},"north":{"texture":"#0","uv":[6,6,6.6,9.6]},"south":{"texture":"#0","uv":[6,6,6.6,9.6]},"up":{"texture":"#0","uv":[6,6,6.6,9.6]},"west":{"texture":"#0","uv":[6,6,6.6,9.6]}},"from":[9.17173,4.6511,-0.77703],"rotation":{"angle":22.5,"axis":"z","origin":[9.14364,6.73258,13.72297]},"to":[9.77173,8.2511,16.22297]},{"faces":{"down":{"texture":"#0","uv":[6,6,10,9.2]},"east":{"texture":"#0","uv":[6,6,10,9.2]},"north":{"texture":"#0","uv":[6,6,10,9.2]},"south":{"texture":"#0","uv":[6,6,10,9.2]},"up":{"texture":"#0","uv":[6,6,10,9.2]},"west":{"texture":"#0","uv":[6,6,10,9.2]}},"from":[6.02315,4.63797,-0.50512],"rotation":{"angle":22.5,"axis":"x","origin":[7.52315,6.71945,0.22297]},"to":[10.02315,7.83797,-0.00512]},{"faces":{"down":{"rotation":90,"texture":"#0","uv":[6,6,7,10]},"east":{"rotation":90,"texture":"#0","uv":[6,6,7,10]},"north":{"rotation":90,"texture":"#0","uv":[6,6,7,10]},"south":{"rotation":90,"texture":"#0","uv":[6,6,7,10]},"up":{"rotation":90,"texture":"#0","uv":[6,6,7,10]},"west":{"rotation":90,"texture":"#0","uv":[6,6,7,10]}},"from":[6.02315,7.75855,-0.77703],"rotation":{"angle":0,"axis":"z","origin":[14.02315,0.75855,7.22297]},"to":[10.02315,8.75855,16.22297]},{"faces":{"down":{"rotation":90,"texture":"#1","uv":[7,7,9,9]},"east":{"rotation":90,"texture":"#1","uv":[7,7,9,9]},"north":{"rotation":90,"texture":"#1","uv":[7,7,9,9]},"south":{"rotation":90,"texture":"#1","uv":[7,7,9,9]},"up":{"rotation":90,"texture":"#1","uv":[7,7,9,9]},"west":{"rotation":90,"texture":"#1","uv":[7,7,9,9]}},"from":[6.52315,8.75855,15.02297],"rotation":{"angle":0,"axis":"z","origin":[13.52315,1.75855,12.22297]},"to":[9.52315,8.95855,15.62297]},{"faces":{"down":{"rotation":90,"texture":"#1","uv":[7,7,9,9]},"east":{"rotation":90,"texture":"#1","uv":[7,7,9,9]},"north":{"rotation":90,"texture":"#1","uv":[7,7,9,9]},"south":{"rotation":90,"texture":"#1","uv":[7,7,9,9]},"up":{"rotation":90,"texture":"#1","uv":[7,7,9,9]},"west":{"rotation":90,"texture":"#1","uv":[7,7,9,9]}},"from":[6.52315,8.75855,1.62297],"rotation":{"angle":0,"axis":"z","origin":[13.52315,1.75855,-1.17703]},"to":[9.52315,8.95855,2.22297]},{"faces":{"down":{"rotation":90,"texture":"#1","uv":[7,7,9,9]},"east":{"rotation":90,"texture":"#1","uv":[7,7,9,9]},"north":{"rotation":90,"texture":"#1","uv":[7,7,9,9]},"south":{"rotation":90,"texture":"#1","uv":[7,7,9,9]},"up":{"rotation":90,"texture":"#1","uv":[7,7,9,9]},"west":{"rotation":90,"texture":"#1","uv":[7,7,9,9]}},"from":[6.52315,8.75855,-0.17703],"rotation":{"angle":0,"axis":"z","origin":[13.52315,1.75855,-2.97703]},"to":[9.52315,8.95855,0.42297]},{"faces":{"down":{"rotation":90,"texture":"#1","uv":[7,7,9,9]},"east":{"rotation":90,"texture":"#1","uv":[7,7,9,9]},"north":{"rotation":90,"texture":"#1","uv":[7,7,9,9]},"south":{"rotation":90,"texture":"#1","uv":[7,7,9,9]},"up":{"rotation":90,"texture":"#1","uv":[7,7,9,9]},"west":{"rotation":90,"texture":"#1","uv":[7,7,9,9]}},"from":[7.12315,8.75855,11.62297],"rotation":{"angle":0,"axis":"z","origin":[13.52315,1.75855,8.82297]},"to":[9.52315,8.95855,12.22297]},{"faces":{"down":{"rotation":90,"texture":"#1","uv":[7,7,9,9]},"east":{"rotation":90,"texture":"#1","uv":[7,7,9,9]},"north":{"rotation":90,"texture":"#1","uv":[7,7,9,9]},"south":{"rotation":90,"texture":"#1","uv":[7,7,9,9]},"up":{"rotation":90,"texture":"#1","uv":[7,7,9,9]},"west":{"rotation":90,"texture":"#1","uv":[7,7,9,9]}},"from":[7.12315,8.75855,4.82297],"rotation":{"angle":0,"axis":"z","origin":[13.52315,1.75855,2.02297]},"to":[8.92315,8.95855,5.42297]},{"faces":{"down":{"rotation":90,"texture":"#1","uv":[7,7,9,9]},"east":{"rotation":90,"texture":"#1","uv":[7,7,9,9]},"north":{"rotation":90,"texture":"#1","uv":[7,7,9,9]},"south":{"rotation":90,"texture":"#1","uv":[7,7,9,9]},"up":{"rotation":90,"texture":"#1","uv":[7,7,9,9]},"west":{"rotation":90,"texture":"#1","uv":[7,7,9,9]}},"from":[7.12315,8.75855,3.02297],"rotation":{"angle":0,"axis":"z","origin":[13.52315,1.75855,0.22297]},"to":[8.92315,8.95855,3.62297]},{"faces":{"down":{"rotation":90,"texture":"#1","uv":[7,7,9,9]},"east":{"rotation":90,"texture":"#1","uv":[7,7,9,9]},"north":{"rotation":90,"texture":"#1","uv":[7,7,9,9]},"south":{"rotation":90,"texture":"#1","uv":[7,7,9,9]},"up":{"rotation":90,"texture":"#1","uv":[7,7,9,9]},"west":{"rotation":90,"texture":"#1","uv":[7,7,9,9]}},"from":[7.12315,8.75855,9.82297],"rotation":{"angle":0,"axis":"z","origin":[13.52315,1.75855,7.02297]},"to":[9.52315,8.95855,10.42297]},{"faces":{"down":{"rotation":90,"texture":"#1","uv":[7,7,9,9]},"east":{"rotation":90,"texture":"#1","uv":[7,7,9,9]},"north":{"rotation":90,"texture":"#1","uv":[7,7,9,9]},"south":{"rotation":90,"texture":"#1","uv":[7,7,9,9]},"up":{"rotation":90,"texture":"#1","uv":[7,7,9,9]},"west":{"rotation":90,"texture":"#1","uv":[7,7,9,9]}},"from":[6.52315,8.75855,8.22297],"rotation":{"angle":0,"axis":"z","origin":[13.52315,1.75855,5.42297]},"to":[9.52315,8.95855,8.82297]},{"faces":{"down":{"rotation":90,"texture":"#1","uv":[7,7,9,9]},"east":{"rotation":90,"texture":"#1","uv":[7,7,9,9]},"north":{"rotation":90,"texture":"#1","uv":[7,7,9,9]},"south":{"rotation":90,"texture":"#1","uv":[7,7,9,9]},"up":{"rotation":90,"texture":"#1","uv":[7,7,9,9]},"west":{"rotation":90,"texture":"#1","uv":[7,7,9,9]}},"from":[7.12315,8.75855,6.42297],"rotation":{"angle":0,"axis":"z","origin":[13.52315,1.75855,3.62297]},"to":[8.02315,8.95855,7.02297]},{"faces":{"down":{"rotation":90,"texture":"#1","uv":[7,7,9,9]},"east":{"rotation":90,"texture":"#1","uv":[7,7,9,9]},"north":{"rotation":90,"texture":"#1","uv":[7,7,9,9]},"south":{"rotation":90,"texture":"#1","uv":[7,7,9,9]},"up":{"rotation":90,"texture":"#1","uv":[7,7,9,9]},"west":{"rotation":90,"texture":"#1","uv":[7,7,9,9]}},"from":[8.62315,8.75855,6.42297],"rotation":{"angle":0,"axis":"z","origin":[15.02315,1.75855,3.62297]},"to":[9.52315,8.95855,7.02297]},{"faces":{"down":{"rotation":90,"texture":"#1","uv":[7,7,9,9]},"east":{"rotation":90,"texture":"#1","uv":[7,7,9,9]},"north":{"rotation":90,"texture":"#1","uv":[7,7,9,9]},"south":{"rotation":90,"texture":"#1","uv":[7,7,9,9]},"up":{"rotation":90,"texture":"#1","uv":[7,7,9,9]},"west":{"rotation":90,"texture":"#1","uv":[7,7,9,9]}},"from":[6.52315,8.75855,13.82297],"rotation":{"angle":0,"axis":"z","origin":[13.52315,1.75855,11.62297]},"to":[7.12315,8.95855,15.02297]},{"faces":{"down":{"rotation":90,"texture":"#1","uv":[7,7,9,9]},"east":{"rotation":90,"texture":"#1","uv":[7,7,9,9]},"north":{"rotation":90,"texture":"#1","uv":[7,7,9,9]},"south":{"rotation":90,"texture":"#1","uv":[7,7,9,9]},"up":{"rotation":90,"texture":"#1","uv":[7,7,9,9]},"west":{"rotation":90,"texture":"#1","uv":[7,7,9,9]}},"from":[6.22315,8.75855,9.42297],"rotation":{"angle":0,"axis":"z","origin":[13.32315,1.75855,11.62297]},"to":[6.32315,8.95855,16.02297]},{"faces":{"down":{"rotation":90,"texture":"#1","uv":[7,7,9,9]},"east":{"rotation":90,"texture":"#1","uv":[7,7,9,9]},"north":{"rotation":90,"texture":"#1","uv":[7,7,9,9]},"south":{"rotation":90,"texture":"#1","uv":[7,7,9,9]},"up":{"rotation":90,"texture":"#1","uv":[7,7,9,9]},"west":{"rotation":90,"texture":"#1","uv":[7,7,9,9]}},"from":[9.72315,8.75855,9.42297],"rotation":{"angle":0,"axis":"z","origin":[16.82315,1.75855,11.62297]},"to":[9.82315,8.95855,16.02297]},{"faces":{"down":{"rotation":90,"texture":"#1","uv":[7,7,9,9]},"east":{"rotation":90,"texture":"#1","uv":[7,7,9,9]},"north":{"rotation":90,"texture":"#1","uv":[7,7,9,9]},"south":{"rotation":90,"texture":"#1","uv":[7,7,9,9]},"up":{"rotation":90,"texture":"#1","uv":[7,7,9,9]},"west":{"rotation":90,"texture":"#1","uv":[7,7,9,9]}},"from":[6.22315,8.75855,-0.57703],"rotation":{"angle":0,"axis":"z","origin":[13.32315,1.75855,2.62297]},"to":[6.32315,8.95855,6.02297]},{"faces":{"down":{"rotation":90,"texture":"#1","uv":[7,7,9,9]},"east":{"rotation":90,"texture":"#1","uv":[7,7,9,9]},"north":{"rotation":90,"texture":"#1","uv":[7,7,9,9]},"south":{"rotation":90,"texture":"#1","uv":[7,7,9,9]},"up":{"rotation":90,"texture":"#1","uv":[7,7,9,9]},"west":{"rotation":90,"texture":"#1","uv":[7,7,9,9]}},"from":[9.72315,8.75855,-0.57703],"rotation":{"angle":0,"axis":"z","origin":[16.82315,1.75855,2.62297]},"to":[9.82315,8.95855,6.02297]},{"faces":{"down":{"rotation":90,"texture":"#1","uv":[7,7,9,9]},"east":{"rotation":90,"texture":"#1","uv":[7,7,9,9]},"north":{"rotation":90,"texture":"#1","uv":[7,7,9,9]},"south":{"rotation":90,"texture":"#1","uv":[7,7,9,9]},"up":{"rotation":90,"texture":"#1","uv":[7,7,9,9]},"west":{"rotation":90,"texture":"#1","uv":[7,7,9,9]}},"from":[6.52315,8.75855,7.02297],"rotation":{"angle":0,"axis":"z","origin":[13.52315,1.75855,4.82297]},"to":[7.12315,8.95855,8.22297]},{"faces":{"down":{"rotation":90,"texture":"#1","uv":[7,7,9,9]},"east":{"rotation":90,"texture":"#1","uv":[7,7,9,9]},"north":{"rotation":90,"texture":"#1","uv":[7,7,9,9]},"south":{"rotation":90,"texture":"#1","uv":[7,7,9,9]},"up":{"rotation":90,"texture":"#1","uv":[7,7,9,9]},"west":{"rotation":90,"texture":"#1","uv":[7,7,9,9]}},"from":[6.52315,8.75855,3.62297],"rotation":{"angle":0,"axis":"z","origin":[13.52315,1.75855,1.42297]},"to":[7.12315,8.95855,4.82297]},{"faces":{"down":{"rotation":90,"texture":"#1","uv":[7,7,9,9]},"east":{"rotation":90,"texture":"#1","uv":[7,7,9,9]},"north":{"rotation":90,"texture":"#1","uv":[7,7,9,9]},"south":{"rotation":90,"texture":"#1","uv":[7,7,9,9]},"up":{"rotation":90,"texture":"#1","uv":[7,7,9,9]},"west":{"rotation":90,"texture":"#1","uv":[7,7,9,9]}},"from":[8.92315,8.75855,3.62297],"rotation":{"angle":0,"axis":"z","origin":[15.92315,1.75855,1.42297]},"to":[9.52315,8.95855,4.82297]},{"faces":{"down":{"rotation":90,"texture":"#1","uv":[7,7,9,9]},"east":{"rotation":90,"texture":"#1","uv":[7,7,9,9]},"north":{"rotation":90,"texture":"#1","uv":[7,7,9,9]},"south":{"rotation":90,"texture":"#1","uv":[7,7,9,9]},"up":{"rotation":90,"texture":"#1","uv":[7,7,9,9]},"west":{"rotation":90,"texture":"#1","uv":[7,7,9,9]}},"from":[6.52315,8.75855,10.42297],"rotation":{"angle":0,"axis":"z","origin":[13.52315,1.75855,8.22297]},"to":[7.12315,8.95855,11.62297]},{"faces":{"down":{"rotation":90,"texture":"#1","uv":[7,7,9,9]},"east":{"rotation":90,"texture":"#1","uv":[7,7,9,9]},"north":{"rotation":90,"texture":"#1","uv":[7,7,9,9]},"south":{"rotation":90,"texture":"#1","uv":[7,7,9,9]},"up":{"rotation":90,"texture":"#1","uv":[7,7,9,9]},"west":{"rotation":90,"texture":"#1","uv":[7,7,9,9]}},"from":[8.32315,8.75855,10.42297],"rotation":{"angle":0,"axis":"z","origin":[15.32315,1.75855,8.22297]},"to":[8.92315,8.95855,11.62297]},{"faces":{"down":{"rotation":90,"texture":"#1","uv":[7,7,9,9]},"east":{"rotation":90,"texture":"#1","uv":[7,7,9,9]},"north":{"rotation":90,"texture":"#1","uv":[7,7,9,9]},"south":{"rotation":90,"texture":"#1","uv":[7,7,9,9]},"up":{"rotation":90,"texture":"#1","uv":[7,7,9,9]},"west":{"rotation":90,"texture":"#1","uv":[7,7,9,9]}},"from":[7.72315,8.75855,13.82297],"rotation":{"angle":0,"axis":"z","origin":[14.72315,1.75855,11.62297]},"to":[8.32315,8.95855,15.02297]},{"faces":{"down":{"rotation":90,"texture":"#1","uv":[7,7,9,9]},"east":{"rotation":90,"texture":"#1","uv":[7,7,9,9]},"north":{"rotation":90,"texture":"#1","uv":[7,7,9,9]},"south":{"rotation":90,"texture":"#1","uv":[7,7,9,9]},"up":{"rotation":90,"texture":"#1","uv":[7,7,9,9]},"west":{"rotation":90,"texture":"#1","uv":[7,7,9,9]}},"from":[8.02315,8.75855,7.02297],"rotation":{"angle":0,"axis":"z","origin":[15.02315,1.75855,4.82297]},"to":[8.62315,8.95855,8.22297]},{"faces":{"down":{"rotation":90,"texture":"#1","uv":[7,7,9,9]},"east":{"rotation":90,"texture":"#1","uv":[7,7,9,9]},"north":{"rotation":90,"texture":"#1","uv":[7,7,9,9]},"south":{"rotation":90,"texture":"#1","uv":[7,7,9,9]},"up":{"rotation":90,"texture":"#1","uv":[7,7,9,9]},"west":{"rotation":90,"texture":"#1","uv":[7,7,9,9]}},"from":[7.12315,8.75855,13.22297],"rotation":{"angle":0,"axis":"z","origin":[14.12315,1.75855,10.42297]},"to":[7.72315,8.95855,13.82297]},{"faces":{"down":{"rotation":90,"texture":"#1","uv":[7,7,9,9]},"east":{"rotation":90,"texture":"#1","uv":[7,7,9,9]},"north":{"rotation":90,"texture":"#1","uv":[7,7,9,9]},"south":{"rotation":90,"texture":"#1","uv":[7,7,9,9]},"up":{"rotation":90,"texture":"#1","uv":[7,7,9,9]},"west":{"rotation":90,"texture":"#1","uv":[7,7,9,9]}},"from":[7.12315,8.75855,1.02297],"rotation":{"angle":0,"axis":"z","origin":[14.12315,1.75855,-1.77703]},"to":[7.72315,8.95855,1.62297]},{"faces":{"down":{"rotation":90,"texture":"#1","uv":[7,7,9,9]},"east":{"rotation":90,"texture":"#1","uv":[7,7,9,9]},"north":{"rotation":90,"texture":"#1","uv":[7,7,9,9]},"south":{"rotation":90,"texture":"#1","uv":[7,7,9,9]},"up":{"rotation":90,"texture":"#1","uv":[7,7,9,9]},"west":{"rotation":90,"texture":"#1","uv":[7,7,9,9]}},"from":[7.72315,8.75855,0.42297],"rotation":{"angle":0,"axis":"z","origin":[14.72315,1.75855,-2.37703]},"to":[8.32315,8.95855,1.02297]},{"faces":{"down":{"rotation":90,"texture":"#1","uv":[7,7,9,9]},"east":{"rotation":90,"texture":"#1","uv":[7,7,9,9]},"north":{"rotation":90,"texture":"#1","uv":[7,7,9,9]},"south":{"rotation":90,"texture":"#1","uv":[7,7,9,9]},"up":{"rotation":90,"texture":"#1","uv":[7,7,9,9]},"west":{"rotation":90,"texture":"#1","uv":[7,7,9,9]}},"from":[8.92315,8.75855,13.82297],"rotation":{"angle":0,"axis":"z","origin":[15.92315,1.75855,11.62297]},"to":[9.52315,8.95855,15.02297]},{"faces":{"down":{"rotation":90,"texture":"#1","uv":[7,7,9,9]},"east":{"rotation":90,"texture":"#1","uv":[7,7,9,9]},"north":{"rotation":90,"texture":"#1","uv":[7,7,9,9]},"south":{"rotation":90,"texture":"#1","uv":[7,7,9,9]},"up":{"rotation":90,"texture":"#1","uv":[7,7,9,9]},"west":{"rotation":90,"texture":"#1","uv":[7,7,9,9]}},"from":[8.32315,8.75855,13.22297],"rotation":{"angle":0,"axis":"z","origin":[15.32315,1.75855,10.42297]},"to":[8.92315,8.95855,13.82297]}],"textures":{"0":"block/gold_block","1":"block/green_concrete"}}