{
	"format_version": "1.9.0",
	"credit": "Made with Blockbench",
	"textures": {
		"0": "block/tire",
		"1": "block/black_concrete_powder",
		"2": "block/glass",
		"3": "block/glowstone",
		"4": "block/darkgray",
		"5": "block/black",
		"6": "block/carbon",
		"particle": "block/tire"
	},
	"elements": [
		{
			"from": [-7, 5, -14],
			"to": [23, 7, 30],
			"rotation": {"angle": 0, "axis": "y", "origin": [0, 5, 2]},
			"faces": {
				"north": {"uv": [0, 0, 16, 2], "texture": "#4"},
				"east": {"uv": [0, 0, 16, 2], "texture": "#4"},
				"south": {"uv": [0, 0, 16, 2], "texture": "#4"},
				"west": {"uv": [0, 0, 16, 2], "texture": "#4"},
				"up": {"uv": [0, 0, 15.90667, 14.04], "texture": "#6"},
				"down": {"uv": [0, 0, 16, 16], "texture": "#4"}
			}
		},
		{
			"from": [-7, 7, -14],
			"to": [23, 14, -12],
			"rotation": {"angle": 0, "axis": "y", "origin": [-7, 7, -14]},
			"faces": {
				"north": {"uv": [0, 0, 16, 7], "texture": "#4"},
				"east": {"uv": [0, 0, 2, 7], "texture": "#4"},
				"south": {"uv": [0, 0, 16, 7], "texture": "#4"},
				"west": {"uv": [0, 0, 2, 7], "texture": "#4"},
				"up": {"uv": [0, 0, 16, 2], "texture": "#4"},
				"down": {"uv": [0, 0, 16, 2], "texture": "#4"}
			}
		},
		{
			"from": [-7, 14, -13.5],
			"to": [23, 25, -12.3],
			"rotation": {"angle": 22.5, "axis": "x", "origin": [0, 14, -14]},
			"faces": {
				"north": {"uv": [0, 0, 16, 11], "texture": "#2"},
				"east": {"uv": [0, 0, 1.2, 11], "texture": "#2"},
				"south": {"uv": [0, 0, 16, 11], "texture": "#2"},
				"west": {"uv": [0, 0, 1.2, 11], "texture": "#2"},
				"up": {"uv": [0, 0, 16, 1.2], "texture": "#2"},
				"down": {"uv": [0, 0, 16, 1.2], "texture": "#2"}
			}
		},
		{
			"from": [-7, 7, -12],
			"to": [-5, 14, -3],
			"rotation": {"angle": 0, "axis": "y", "origin": [-7, 7, -12]},
			"faces": {
				"north": {"uv": [0, 0, 2, 7], "texture": "#4"},
				"east": {"uv": [0, 0, 9, 7], "texture": "#4"},
				"south": {"uv": [0, 0, 2, 7], "texture": "#4"},
				"west": {"uv": [0, 0, 9, 7], "texture": "#4"},
				"up": {"uv": [0, 0, 2, 9], "texture": "#4"},
				"down": {"uv": [0, 0, 2, 9], "texture": "#4"}
			}
		},
		{
			"from": [21, 7, -12],
			"to": [23, 14, -3],
			"rotation": {"angle": 0, "axis": "y", "origin": [21, 7, -12]},
			"faces": {
				"north": {"uv": [0, 0, 2, 7], "texture": "#4"},
				"east": {"uv": [0, 0, 9, 7], "texture": "#4"},
				"south": {"uv": [0, 0, 2, 7], "texture": "#4"},
				"west": {"uv": [0, 0, 9, 7], "texture": "#4"},
				"up": {"uv": [0, 0, 2, 9], "texture": "#4"},
				"down": {"uv": [0, 0, 2, 9], "texture": "#4"}
			}
		},
		{
			"from": [21, 7, 1],
			"to": [23, 14, 10],
			"rotation": {"angle": 0, "axis": "y", "origin": [21, 7, 2]},
			"faces": {
				"north": {"uv": [0, 0, 2, 7], "texture": "#4"},
				"east": {"uv": [0, 0, 16, 7], "texture": "#4"},
				"south": {"uv": [0, 0, 2, 7], "texture": "#4"},
				"west": {"uv": [0, 0, 16, 7], "texture": "#4"},
				"up": {"uv": [0, 0, 2, 13.45333], "texture": "#4"},
				"down": {"uv": [0, 0, 1.90667, 13.41333], "texture": "#4"}
			}
		},
		{
			"from": [-5, 12, -12],
			"to": [21, 14, -5],
			"rotation": {"angle": 0, "axis": "y", "origin": [-5, 12, -7]},
			"color": 4,
			"faces": {
				"north": {"uv": [0, 0, 16, 2], "texture": "#missing"},
				"east": {"uv": [0, 0, 7, 2], "texture": "#missing"},
				"south": {"uv": [0, 0, 16, 2], "texture": "#missing"},
				"west": {"uv": [0, 0, 7, 2], "texture": "#missing"},
				"up": {"uv": [0, 0, 16, 7], "texture": "#missing"},
				"down": {"uv": [0, 0, 16, 7], "texture": "#missing"}
			}
		},
		{
			"from": [-7, 7, 1],
			"to": [-5, 14, 10],
			"rotation": {"angle": 0, "axis": "y", "origin": [-7, 7, 2]},
			"faces": {
				"north": {"uv": [0, 0, 2, 7], "texture": "#4"},
				"east": {"uv": [0, 0, 16, 7], "texture": "#4"},
				"south": {"uv": [0, 0, 2, 7], "texture": "#4"},
				"west": {"uv": [0, 0, 16, 7], "texture": "#4"},
				"up": {"uv": [0, 0, 2.09333, 13.76], "texture": "#4"},
				"down": {"uv": [0.09333, 0, 2.26667, 13.81333], "texture": "#4"}
			}
		},
		{
			"from": [3, 8, -10],
			"to": [5, 9, -6],
			"rotation": {"angle": 22.5, "axis": "x", "origin": [3, 8, -10]},
			"faces": {
				"north": {"uv": [0, 0, 2, 1], "texture": "#5"},
				"east": {"uv": [0, 0, 4, 1], "texture": "#5"},
				"south": {"uv": [0, 0, 2, 1], "texture": "#5"},
				"west": {"uv": [0, 0, 4, 1], "texture": "#5"},
				"up": {"uv": [0, 0, 2, 4], "texture": "#5"},
				"down": {"uv": [0, 0, 2, 4], "texture": "#5"}
			}
		},
		{
			"from": [0, 8, -10],
			"to": [2, 9, -6],
			"rotation": {"angle": 22.5, "axis": "x", "origin": [0, 8, -10]},
			"faces": {
				"north": {"uv": [0, 0, 2, 1], "texture": "#5"},
				"east": {"uv": [0, 0, 4, 1], "texture": "#5"},
				"south": {"uv": [0, 0, 2, 1], "texture": "#5"},
				"west": {"uv": [0, 0, 4, 1], "texture": "#5"},
				"up": {"uv": [0, 0, 2, 4], "texture": "#5"},
				"down": {"uv": [0, 0, 2, 4], "texture": "#5"}
			}
		},
		{
			"from": [21, 7, 16],
			"to": [23, 14, 30],
			"rotation": {"angle": 0, "axis": "y", "origin": [21, 7, 19]},
			"faces": {
				"north": {"uv": [0, 0, 2, 7], "texture": "#4"},
				"east": {"uv": [0, 0, 16, 7], "texture": "#4"},
				"south": {"uv": [0, 0, 2, 7], "texture": "#4"},
				"west": {"uv": [0, 0, 16, 7], "texture": "#4"},
				"up": {"uv": [0, 0, 2, 13.45333], "texture": "#4"},
				"down": {"uv": [0, 0, 1.90667, 13.41333], "texture": "#4"}
			}
		},
		{
			"from": [-7, 7, 16],
			"to": [-5, 14, 30],
			"rotation": {"angle": 0, "axis": "y", "origin": [-7, 7, 19]},
			"faces": {
				"north": {"uv": [0, 0, 2, 7], "texture": "#4"},
				"east": {"uv": [0, 0, 16, 7], "texture": "#4"},
				"south": {"uv": [0, 0, 2, 7], "texture": "#4"},
				"west": {"uv": [0, 0, 16, 7], "texture": "#4"},
				"up": {"uv": [0, 0, 2.09333, 13.76], "texture": "#4"},
				"down": {"uv": [0.09333, 0, 2.26667, 13.81333], "texture": "#4"}
			}
		},
		{
			"from": [-3, 10, -15.3],
			"to": [-1, 12, -15],
			"rotation": {"angle": 0, "axis": "y", "origin": [-2, 9, -17]},
			"faces": {
				"north": {"uv": [0, 0, 16, 16], "texture": "#3"},
				"east": {"uv": [0, 0, 0.3, 2], "texture": "#3"},
				"south": {"uv": [0, 0, 2, 2], "texture": "#missing"},
				"west": {"uv": [0, 0, 0.3, 2], "texture": "#3"},
				"up": {"uv": [0, 0, 2, 0.3], "texture": "#3"},
				"down": {"uv": [0, 0, 2, 0.3], "texture": "#3"}
			}
		},
		{
			"from": [17, 10, -15.3],
			"to": [19, 12, -15],
			"rotation": {"angle": 0, "axis": "y", "origin": [18, 9, -17]},
			"faces": {
				"north": {"uv": [0, 0, 16, 16], "texture": "#3"},
				"east": {"uv": [0, 0, 0.3, 2], "texture": "#3"},
				"south": {"uv": [0, 0, 2, 2], "texture": "#missing"},
				"west": {"uv": [0, 0, 0.3, 2], "texture": "#3"},
				"up": {"uv": [0, 0, 2, 0.3], "texture": "#3"},
				"down": {"uv": [0, 0, 2, 0.3], "texture": "#3"}
			}
		},
		{
			"from": [11, 8, -15.3],
			"to": [12, 12, -15],
			"rotation": {"angle": 0, "axis": "y", "origin": [11, 9, -17]},
			"color": 6,
			"faces": {
				"north": {"uv": [0, 0, 1, 4], "texture": "#missing"},
				"east": {"uv": [0, 0, 0.3, 4], "texture": "#missing"},
				"south": {"uv": [0, 0, 1, 4], "texture": "#missing"},
				"west": {"uv": [0, 0, 0.3, 4], "texture": "#missing"},
				"up": {"uv": [0, 0, 1, 0.3], "texture": "#missing"},
				"down": {"uv": [0, 0, 1, 0.3], "texture": "#missing"}
			}
		},
		{
			"from": [3, 8, -15.3],
			"to": [4, 12, -15],
			"rotation": {"angle": 0, "axis": "y", "origin": [3, 9, -17]},
			"color": 6,
			"faces": {
				"north": {"uv": [0, 0, 1, 4], "texture": "#missing"},
				"east": {"uv": [0, 0, 0.3, 4], "texture": "#missing"},
				"south": {"uv": [0, 0, 1, 4], "texture": "#missing"},
				"west": {"uv": [0, 0, 0.3, 4], "texture": "#missing"},
				"up": {"uv": [0, 0, 1, 0.3], "texture": "#missing"},
				"down": {"uv": [0, 0, 1, 0.3], "texture": "#missing"}
			}
		},
		{
			"from": [9, 8, -15.3],
			"to": [10, 12, -15],
			"rotation": {"angle": 0, "axis": "y", "origin": [9, 9, -17]},
			"color": 6,
			"faces": {
				"north": {"uv": [0, 0, 1, 4], "texture": "#missing"},
				"east": {"uv": [0, 0, 0.3, 4], "texture": "#missing"},
				"south": {"uv": [0, 0, 1, 4], "texture": "#missing"},
				"west": {"uv": [0, 0, 0.3, 4], "texture": "#missing"},
				"up": {"uv": [0, 0, 1, 0.3], "texture": "#missing"},
				"down": {"uv": [0, 0, 1, 0.3], "texture": "#missing"}
			}
		},
		{
			"from": [5, 8, -15.3],
			"to": [6, 12, -15],
			"rotation": {"angle": 0, "axis": "y", "origin": [5, 9, -17]},
			"color": 6,
			"faces": {
				"north": {"uv": [0, 0, 1, 4], "texture": "#missing"},
				"east": {"uv": [0, 0, 0.3, 4], "texture": "#missing"},
				"south": {"uv": [0, 0, 1, 4], "texture": "#missing"},
				"west": {"uv": [0, 0, 0.3, 4], "texture": "#missing"},
				"up": {"uv": [0, 0, 1, 0.3], "texture": "#missing"},
				"down": {"uv": [0, 0, 1, 0.3], "texture": "#missing"}
			}
		},
		{
			"from": [7, 8, -15.3],
			"to": [8, 12, -15],
			"rotation": {"angle": 0, "axis": "y", "origin": [7, 9, -17]},
			"color": 6,
			"faces": {
				"north": {"uv": [0, 0, 1, 4], "texture": "#missing"},
				"east": {"uv": [0, 0, 0.3, 4], "texture": "#missing"},
				"south": {"uv": [0, 0, 1, 4], "texture": "#missing"},
				"west": {"uv": [0, 0, 0.3, 4], "texture": "#missing"},
				"up": {"uv": [0, 0, 1, 0.3], "texture": "#missing"},
				"down": {"uv": [0, 0, 1, 0.3], "texture": "#missing"}
			}
		},
		{
			"from": [-5, 7, -15],
			"to": [21, 13, -14],
			"rotation": {"angle": 0, "axis": "y", "origin": [0, 7, -16]},
			"faces": {
				"north": {"uv": [0, 0, 16, 6], "texture": "#4"},
				"east": {"uv": [0, 0, 1, 6], "texture": "#4"},
				"south": {"uv": [0, 0, 16, 6], "texture": "#4"},
				"west": {"uv": [0, 0, 1, 6], "texture": "#4"},
				"up": {"uv": [0, 0, 16, 1], "texture": "#4"},
				"down": {"uv": [0, 0, 16, 1], "texture": "#4"}
			}
		},
		{
			"name": "hexadecagon",
			"from": [-8.46875, 4.29266, -13.26563],
			"to": [-5.68125, 6.40734, -11.49375],
			"rotation": {"angle": 22.5, "axis": "x", "origin": [-4.625, 5.35, -7.95]},
			"faces": {
				"north": {"uv": [0, 0, 1, 1], "texture": "#5"},
				"east": {"uv": [0, 0, 1, 1], "texture": "#5"},
				"south": {"uv": [0, 0, 1, 1], "texture": "#5"},
				"west": {"uv": [0, 0, 1, 1], "texture": "#5"},
				"up": {"uv": [0, 0, 1, 1], "texture": "#5"},
				"down": {"uv": [0, 0, 1, 1], "texture": "#5"}
			}
		},
		{
			"name": "hexadecagon",
			"from": [-8.46875, 4.29266, -13.26563],
			"to": [-5.68125, 6.40734, -11.49375],
			"rotation": {"angle": 45, "axis": "x", "origin": [-4.625, 5.35, -7.95]},
			"faces": {
				"north": {"uv": [0, 0, 1, 1], "texture": "#5"},
				"east": {"uv": [0, 0, 1, 1], "texture": "#5"},
				"south": {"uv": [0, 0, 1, 1], "texture": "#5"},
				"west": {"uv": [0, 0, 1, 1], "texture": "#5"},
				"up": {"uv": [0, 0, 1, 1], "texture": "#5"},
				"down": {"uv": [0, 0, 1, 1], "texture": "#5"}
			}
		},
		{
			"name": "hexadecagon",
			"from": [-8.46875, 4.29266, -4.40625],
			"to": [-5.68125, 6.40734, -2.63438],
			"rotation": {"angle": -45, "axis": "x", "origin": [-4.625, 5.35, -7.95]},
			"faces": {
				"north": {"uv": [0, 0, 1, 1], "texture": "#5"},
				"east": {"uv": [0, 0, 1, 1], "texture": "#5"},
				"south": {"uv": [0, 0, 1, 1], "texture": "#5"},
				"west": {"uv": [0, 0, 1, 1], "texture": "#5"},
				"up": {"uv": [0, 0, 1, 1], "texture": "#5"},
				"down": {"uv": [0, 0, 1, 1], "texture": "#5"}
			}
		},
		{
			"name": "hexadecagon",
			"from": [-8.46875, 4.29266, -4.40625],
			"to": [-5.68125, 6.40734, -2.63438],
			"rotation": {"angle": -22.5, "axis": "x", "origin": [-4.625, 5.35, -7.95]},
			"faces": {
				"north": {"uv": [0, 0, 1, 1], "texture": "#5"},
				"east": {"uv": [0, 0, 1, 1], "texture": "#5"},
				"south": {"uv": [0, 0, 1, 1], "texture": "#5"},
				"west": {"uv": [0, 0, 1, 1], "texture": "#5"},
				"up": {"uv": [0, 0, 1, 1], "texture": "#5"},
				"down": {"uv": [0, 0, 1, 1], "texture": "#5"}
			}
		},
		{
			"name": "hexadecagon",
			"from": [-8.46875, 8.89375, -9.00734],
			"to": [-5.68125, 10.66562, -6.89266],
			"rotation": {"angle": -22.5, "axis": "x", "origin": [-4.625, 5.35, -7.95]},
			"faces": {
				"north": {"uv": [0, 0, 1, 1], "texture": "#5"},
				"east": {"uv": [0, 0, 1, 1], "texture": "#5"},
				"south": {"uv": [0, 0, 1, 1], "texture": "#5"},
				"west": {"uv": [0, 0, 1, 1], "texture": "#5"},
				"up": {"uv": [0, 0, 1, 1], "texture": "#5"},
				"down": {"uv": [0, 0, 1, 1], "texture": "#5"}
			}
		},
		{
			"name": "hexadecagon",
			"from": [-8.46875, 8.89375, -9.00734],
			"to": [-5.68125, 10.66562, -6.89266],
			"rotation": {"angle": 0, "axis": "x", "origin": [-4.625, 5.35, -7.95]},
			"faces": {
				"north": {"uv": [0, 0, 1, 1], "texture": "#5"},
				"east": {"uv": [0, 0, 1, 1], "texture": "#5"},
				"south": {"uv": [0, 0, 1, 1], "texture": "#5"},
				"west": {"uv": [0, 0, 1, 1], "texture": "#5"},
				"up": {"uv": [0, 0, 1, 1], "texture": "#5"},
				"down": {"uv": [0, 0, 1, 1], "texture": "#5"}
			}
		},
		{
			"name": "hexadecagon",
			"from": [-8.46875, 8.89375, -9.00734],
			"to": [-5.68125, 10.66562, -6.89266],
			"rotation": {"angle": 22.5, "axis": "x", "origin": [-4.625, 5.35, -7.95]},
			"faces": {
				"north": {"uv": [0, 0, 1, 1], "texture": "#5"},
				"east": {"uv": [0, 0, 1, 1], "texture": "#5"},
				"south": {"uv": [0, 0, 1, 1], "texture": "#5"},
				"west": {"uv": [0, 0, 1, 1], "texture": "#5"},
				"up": {"uv": [0, 0, 1, 1], "texture": "#5"},
				"down": {"uv": [0, 0, 1, 1], "texture": "#5"}
			}
		},
		{
			"name": "hexadecagon",
			"from": [-9.5, 3.00408, -11.75],
			"to": [-4.5, 4.49592, -4.25],
			"rotation": {"angle": -45, "axis": "x", "origin": [-7, 3.75, -8]},
			"faces": {
				"north": {"uv": [0, 0, 1, 1], "texture": "#1"},
				"east": {"uv": [0, 0, 1, 1], "texture": "#1"},
				"south": {"uv": [0, 0, 1, 1], "texture": "#1"},
				"west": {"uv": [0, 0, 1, 1], "texture": "#1"},
				"up": {"uv": [0, 0, 1, 1], "texture": "#1"},
				"down": {"uv": [0, 0, 1, 1], "texture": "#1"}
			}
		},
		{
			"name": "hexadecagon",
			"from": [-9.5, 3.00408, -11.75],
			"to": [-4.5, 4.49592, -4.25],
			"rotation": {"angle": -22.5, "axis": "x", "origin": [-7, 3.75, -8]},
			"faces": {
				"north": {"uv": [0, 0, 1, 1], "texture": "#1"},
				"east": {"uv": [0, 0, 1, 1], "texture": "#1"},
				"south": {"uv": [0, 0, 1, 1], "texture": "#1"},
				"west": {"uv": [0, 0, 1, 1], "texture": "#1"},
				"up": {"uv": [0, 0, 1, 1], "texture": "#1"},
				"down": {"uv": [0, 0, 1, 1], "texture": "#1"}
			}
		},
		{
			"name": "hexadecagon",
			"from": [-9.5, 3.00408, -11.75],
			"to": [-4.5, 4.49592, -4.25],
			"rotation": {"angle": 0, "axis": "y", "origin": [-7, 3.75, -8]},
			"faces": {
				"north": {"uv": [0, 0, 1, 1], "texture": "#1"},
				"east": {"uv": [0, 0, 1, 1], "texture": "#1"},
				"south": {"uv": [0, 0, 1, 1], "texture": "#1"},
				"west": {"uv": [0, 0, 1, 1], "texture": "#1"},
				"up": {"uv": [0, 0, 1, 1], "texture": "#1"},
				"down": {"uv": [0, 0, 1, 1], "texture": "#1"}
			}
		},
		{
			"name": "hexadecagon",
			"from": [-9.5, 3.00408, -11.75],
			"to": [-4.5, 4.49592, -4.25],
			"rotation": {"angle": 22.5, "axis": "x", "origin": [-7, 3.75, -8]},
			"faces": {
				"north": {"uv": [0, 0, 1, 1], "texture": "#1"},
				"east": {"uv": [0, 0, 1, 1], "texture": "#1"},
				"south": {"uv": [0, 0, 1, 1], "texture": "#1"},
				"west": {"uv": [0, 0, 1, 1], "texture": "#1"},
				"up": {"uv": [0, 0, 1, 1], "texture": "#1"},
				"down": {"uv": [0, 0, 1, 1], "texture": "#1"}
			}
		},
		{
			"name": "hexadecagon",
			"from": [-9.5, 3.00408, -11.75],
			"to": [-4.5, 4.49592, -4.25],
			"rotation": {"angle": 45, "axis": "x", "origin": [-7, 3.75, -8]},
			"faces": {
				"north": {"uv": [0, 0, 1, 1], "texture": "#1"},
				"east": {"uv": [0, 0, 1, 1], "texture": "#1"},
				"south": {"uv": [0, 0, 1, 1], "texture": "#1"},
				"west": {"uv": [0, 0, 1, 1], "texture": "#1"},
				"up": {"uv": [0, 0, 1, 1], "texture": "#1"},
				"down": {"uv": [0, 0, 1, 1], "texture": "#1"}
			}
		},
		{
			"name": "hexadecagon",
			"from": [-9.5, 0, -8.74592],
			"to": [-4.5, 7.5, -7.25408],
			"rotation": {"angle": -22.5, "axis": "x", "origin": [-7, 3.75, -8]},
			"faces": {
				"north": {"uv": [0, 0, 1, 1], "texture": "#1"},
				"east": {"uv": [0, 0, 1, 1], "texture": "#1"},
				"south": {"uv": [0, 0, 1, 1], "texture": "#1"},
				"west": {"uv": [0, 0, 1, 1], "texture": "#1"},
				"up": {"uv": [0, 0, 1, 1], "texture": "#1"},
				"down": {"uv": [0, 0, 1, 1], "texture": "#1"}
			}
		},
		{
			"name": "hexadecagon",
			"from": [-9.5, 0, -8.74592],
			"to": [-4.5, 7.5, -7.25408],
			"rotation": {"angle": 0, "axis": "y", "origin": [-7, 3.75, -8]},
			"faces": {
				"north": {"uv": [0, 0, 1, 1], "texture": "#1"},
				"east": {"uv": [0, 0, 1, 1], "texture": "#1"},
				"south": {"uv": [0, 0, 1, 1], "texture": "#1"},
				"west": {"uv": [0, 0, 1, 1], "texture": "#1"},
				"up": {"uv": [0, 0, 1, 1], "texture": "#1"},
				"down": {"uv": [0, 0, 1, 1], "texture": "#1"}
			}
		},
		{
			"name": "hexadecagon",
			"from": [-9.5, 0, -8.74592],
			"to": [-4.5, 7.5, -7.25408],
			"rotation": {"angle": 22.5, "axis": "x", "origin": [-7, 3.75, -8]},
			"faces": {
				"north": {"uv": [0, 0, 1, 1], "texture": "#1"},
				"east": {"uv": [0, 0, 1, 1], "texture": "#1"},
				"south": {"uv": [0, 0, 1, 1], "texture": "#1"},
				"west": {"uv": [0, 0, 1, 1], "texture": "#1"},
				"up": {"uv": [0, 0, 1, 1], "texture": "#1"},
				"down": {"uv": [0, 0, 1, 1], "texture": "#1"}
			}
		},
		{
			"from": [-9.6, -1, -13],
			"to": [-9.6, 8.5, -3],
			"rotation": {"angle": 0, "axis": "y", "origin": [-11.6, 2, -6]},
			"faces": {
				"north": {"uv": [0, 0, 0, 7.5], "texture": "#missing"},
				"east": {"uv": [0, 0, 16, 16], "texture": "#0"},
				"south": {"uv": [0, 0, 0, 7.5], "texture": "#missing"},
				"west": {"uv": [0, 0, 16, 16], "texture": "#0"},
				"up": {"uv": [0, 0, 0, 8], "texture": "#missing"},
				"down": {"uv": [0, 0, 0, 8], "texture": "#missing"}
			}
		},
		{
			"from": [-4.4, -1, -13],
			"to": [-4.4, 8.5, -3],
			"rotation": {"angle": 0, "axis": "y", "origin": [-2.4, 2, -6]},
			"faces": {
				"north": {"uv": [0, 0, 0, 7.5], "texture": "#missing"},
				"east": {"uv": [16, 0, 0, 16], "texture": "#0"},
				"south": {"uv": [0, 0, 0, 7.5], "texture": "#missing"},
				"west": {"uv": [16, 0, 0, 16], "texture": "#0"},
				"up": {"uv": [0, 0, 0, 8], "texture": "#missing"},
				"down": {"uv": [0, 0, 0, 8], "texture": "#missing"}
			}
		},
		{
			"name": "hexadecagon",
			"from": [21.53125, 4.29266, -13.26563],
			"to": [24.31875, 6.40734, -11.49375],
			"rotation": {"angle": 22.5, "axis": "x", "origin": [25.375, 5.35, -7.95]},
			"faces": {
				"north": {"uv": [0, 0, 1, 1], "texture": "#5"},
				"east": {"uv": [0, 0, 1, 1], "texture": "#5"},
				"south": {"uv": [0, 0, 1, 1], "texture": "#5"},
				"west": {"uv": [0, 0, 1, 1], "texture": "#5"},
				"up": {"uv": [0, 0, 1, 1], "texture": "#5"},
				"down": {"uv": [0, 0, 1, 1], "texture": "#5"}
			}
		},
		{
			"name": "hexadecagon",
			"from": [21.53125, 4.29266, -13.26563],
			"to": [24.31875, 6.40734, -11.49375],
			"rotation": {"angle": 45, "axis": "x", "origin": [25.375, 5.35, -7.95]},
			"faces": {
				"north": {"uv": [0, 0, 1, 1], "texture": "#5"},
				"east": {"uv": [0, 0, 1, 1], "texture": "#5"},
				"south": {"uv": [0, 0, 1, 1], "texture": "#5"},
				"west": {"uv": [0, 0, 1, 1], "texture": "#5"},
				"up": {"uv": [0, 0, 1, 1], "texture": "#5"},
				"down": {"uv": [0, 0, 1, 1], "texture": "#5"}
			}
		},
		{
			"name": "hexadecagon",
			"from": [21.53125, 4.29266, -4.40625],
			"to": [24.31875, 6.40734, -2.63438],
			"rotation": {"angle": -45, "axis": "x", "origin": [25.375, 5.35, -7.95]},
			"faces": {
				"north": {"uv": [0, 0, 1, 1], "texture": "#5"},
				"east": {"uv": [0, 0, 1, 1], "texture": "#5"},
				"south": {"uv": [0, 0, 1, 1], "texture": "#5"},
				"west": {"uv": [0, 0, 1, 1], "texture": "#5"},
				"up": {"uv": [0, 0, 1, 1], "texture": "#5"},
				"down": {"uv": [0, 0, 1, 1], "texture": "#5"}
			}
		},
		{
			"name": "hexadecagon",
			"from": [21.53125, 4.29266, -4.40625],
			"to": [24.31875, 6.40734, -2.63438],
			"rotation": {"angle": -22.5, "axis": "x", "origin": [25.375, 5.35, -7.95]},
			"faces": {
				"north": {"uv": [0, 0, 1, 1], "texture": "#5"},
				"east": {"uv": [0, 0, 1, 1], "texture": "#5"},
				"south": {"uv": [0, 0, 1, 1], "texture": "#5"},
				"west": {"uv": [0, 0, 1, 1], "texture": "#5"},
				"up": {"uv": [0, 0, 1, 1], "texture": "#5"},
				"down": {"uv": [0, 0, 1, 1], "texture": "#5"}
			}
		},
		{
			"name": "hexadecagon",
			"from": [21.53125, 8.89375, -9.00734],
			"to": [24.31875, 10.66562, -6.89266],
			"rotation": {"angle": -22.5, "axis": "x", "origin": [25.375, 5.35, -7.95]},
			"faces": {
				"north": {"uv": [0, 0, 1, 1], "texture": "#5"},
				"east": {"uv": [0, 0, 1, 1], "texture": "#5"},
				"south": {"uv": [0, 0, 1, 1], "texture": "#5"},
				"west": {"uv": [0, 0, 1, 1], "texture": "#5"},
				"up": {"uv": [0, 0, 1, 1], "texture": "#5"},
				"down": {"uv": [0, 0, 1, 1], "texture": "#5"}
			}
		},
		{
			"name": "hexadecagon",
			"from": [21.53125, 8.89375, -9.00734],
			"to": [24.31875, 10.66562, -6.89266],
			"rotation": {"angle": 0, "axis": "y", "origin": [25.375, 5.35, -7.95]},
			"faces": {
				"north": {"uv": [0, 0, 1, 1], "texture": "#5"},
				"east": {"uv": [0, 0, 1, 1], "texture": "#5"},
				"south": {"uv": [0, 0, 1, 1], "texture": "#5"},
				"west": {"uv": [0, 0, 1, 1], "texture": "#5"},
				"up": {"uv": [0, 0, 1, 1], "texture": "#5"},
				"down": {"uv": [0, 0, 1, 1], "texture": "#5"}
			}
		},
		{
			"name": "hexadecagon",
			"from": [21.53125, 8.89375, -9.00734],
			"to": [24.31875, 10.66562, -6.89266],
			"rotation": {"angle": 22.5, "axis": "x", "origin": [25.375, 5.35, -7.95]},
			"faces": {
				"north": {"uv": [0, 0, 1, 1], "texture": "#5"},
				"east": {"uv": [0, 0, 1, 1], "texture": "#5"},
				"south": {"uv": [0, 0, 1, 1], "texture": "#5"},
				"west": {"uv": [0, 0, 1, 1], "texture": "#5"},
				"up": {"uv": [0, 0, 1, 1], "texture": "#5"},
				"down": {"uv": [0, 0, 1, 1], "texture": "#5"}
			}
		},
		{
			"name": "hexadecagon",
			"from": [20.5, 3.00408, -11.75],
			"to": [25.5, 4.49592, -4.25],
			"rotation": {"angle": -45, "axis": "x", "origin": [23, 3.75, -8]},
			"faces": {
				"north": {"uv": [0, 0, 1, 1], "texture": "#1"},
				"east": {"uv": [0, 0, 1, 1], "texture": "#1"},
				"south": {"uv": [0, 0, 1, 1], "texture": "#1"},
				"west": {"uv": [0, 0, 1, 1], "texture": "#1"},
				"up": {"uv": [0, 0, 1, 1], "texture": "#1"},
				"down": {"uv": [0, 0, 1, 1], "texture": "#1"}
			}
		},
		{
			"name": "hexadecagon",
			"from": [20.5, 3.00408, -11.75],
			"to": [25.5, 4.49592, -4.25],
			"rotation": {"angle": -22.5, "axis": "x", "origin": [23, 3.75, -8]},
			"faces": {
				"north": {"uv": [0, 0, 1, 1], "texture": "#1"},
				"east": {"uv": [0, 0, 1, 1], "texture": "#1"},
				"south": {"uv": [0, 0, 1, 1], "texture": "#1"},
				"west": {"uv": [0, 0, 1, 1], "texture": "#1"},
				"up": {"uv": [0, 0, 1, 1], "texture": "#1"},
				"down": {"uv": [0, 0, 1, 1], "texture": "#1"}
			}
		},
		{
			"name": "hexadecagon",
			"from": [20.5, 3.00408, -11.75],
			"to": [25.5, 4.49592, -4.25],
			"rotation": {"angle": 0, "axis": "y", "origin": [23, 3.75, -8]},
			"faces": {
				"north": {"uv": [0, 0, 1, 1], "texture": "#1"},
				"east": {"uv": [0, 0, 1, 1], "texture": "#1"},
				"south": {"uv": [0, 0, 1, 1], "texture": "#1"},
				"west": {"uv": [0, 0, 1, 1], "texture": "#1"},
				"up": {"uv": [0, 0, 1, 1], "texture": "#1"},
				"down": {"uv": [0, 0, 1, 1], "texture": "#1"}
			}
		},
		{
			"name": "hexadecagon",
			"from": [20.5, 3.00408, -11.75],
			"to": [25.5, 4.49592, -4.25],
			"rotation": {"angle": 22.5, "axis": "x", "origin": [23, 3.75, -8]},
			"faces": {
				"north": {"uv": [0, 0, 1, 1], "texture": "#1"},
				"east": {"uv": [0, 0, 1, 1], "texture": "#1"},
				"south": {"uv": [0, 0, 1, 1], "texture": "#1"},
				"west": {"uv": [0, 0, 1, 1], "texture": "#1"},
				"up": {"uv": [0, 0, 1, 1], "texture": "#1"},
				"down": {"uv": [0, 0, 1, 1], "texture": "#1"}
			}
		},
		{
			"name": "hexadecagon",
			"from": [20.5, 3.00408, -11.75],
			"to": [25.5, 4.49592, -4.25],
			"rotation": {"angle": 45, "axis": "x", "origin": [23, 3.75, -8]},
			"faces": {
				"north": {"uv": [0, 0, 1, 1], "texture": "#1"},
				"east": {"uv": [0, 0, 1, 1], "texture": "#1"},
				"south": {"uv": [0, 0, 1, 1], "texture": "#1"},
				"west": {"uv": [0, 0, 1, 1], "texture": "#1"},
				"up": {"uv": [0, 0, 1, 1], "texture": "#1"},
				"down": {"uv": [0, 0, 1, 1], "texture": "#1"}
			}
		},
		{
			"name": "hexadecagon",
			"from": [20.5, 0, -8.74592],
			"to": [25.5, 7.5, -7.25408],
			"rotation": {"angle": -22.5, "axis": "x", "origin": [23, 3.75, -8]},
			"faces": {
				"north": {"uv": [0, 0, 1, 1], "texture": "#1"},
				"east": {"uv": [0, 0, 1, 1], "texture": "#1"},
				"south": {"uv": [0, 0, 1, 1], "texture": "#1"},
				"west": {"uv": [0, 0, 1, 1], "texture": "#1"},
				"up": {"uv": [0, 0, 1, 1], "texture": "#1"},
				"down": {"uv": [0, 0, 1, 1], "texture": "#1"}
			}
		},
		{
			"name": "hexadecagon",
			"from": [20.5, 0, -8.74592],
			"to": [25.5, 7.5, -7.25408],
			"rotation": {"angle": 0, "axis": "y", "origin": [23, 3.75, -8]},
			"faces": {
				"north": {"uv": [0, 0, 1, 1], "texture": "#1"},
				"east": {"uv": [0, 0, 1, 1], "texture": "#1"},
				"south": {"uv": [0, 0, 1, 1], "texture": "#1"},
				"west": {"uv": [0, 0, 1, 1], "texture": "#1"},
				"up": {"uv": [0, 0, 1, 1], "texture": "#1"},
				"down": {"uv": [0, 0, 1, 1], "texture": "#1"}
			}
		},
		{
			"name": "hexadecagon",
			"from": [20.5, 0, -8.74592],
			"to": [25.5, 7.5, -7.25408],
			"rotation": {"angle": 22.5, "axis": "x", "origin": [23, 3.75, -8]},
			"faces": {
				"north": {"uv": [0, 0, 1, 1], "texture": "#1"},
				"east": {"uv": [0, 0, 1, 1], "texture": "#1"},
				"south": {"uv": [0, 0, 1, 1], "texture": "#1"},
				"west": {"uv": [0, 0, 1, 1], "texture": "#1"},
				"up": {"uv": [0, 0, 1, 1], "texture": "#1"},
				"down": {"uv": [0, 0, 1, 1], "texture": "#1"}
			}
		},
		{
			"from": [20.4, -1, -13],
			"to": [20.4, 8.5, -3],
			"rotation": {"angle": 0, "axis": "y", "origin": [18.4, 2, -6]},
			"faces": {
				"north": {"uv": [0, 0, 0, 7.5], "texture": "#missing"},
				"east": {"uv": [0, 0, 16, 16], "texture": "#0"},
				"south": {"uv": [0, 0, 0, 7.5], "texture": "#missing"},
				"west": {"uv": [0, 0, 16, 16], "texture": "#0"},
				"up": {"uv": [0, 0, 0, 8], "texture": "#missing"},
				"down": {"uv": [0, 0, 0, 8], "texture": "#missing"}
			}
		},
		{
			"from": [25.6, -1, -13],
			"to": [25.6, 8.5, -3],
			"rotation": {"angle": 0, "axis": "y", "origin": [27.6, 2, -6]},
			"faces": {
				"north": {"uv": [0, 0, 0, 7.5], "texture": "#missing"},
				"east": {"uv": [16, 0, 0, 16], "texture": "#0"},
				"south": {"uv": [0, 0, 0, 7.5], "texture": "#missing"},
				"west": {"uv": [16, 0, 0, 16], "texture": "#0"},
				"up": {"uv": [0, 0, 0, 8], "texture": "#missing"},
				"down": {"uv": [0, 0, 0, 8], "texture": "#missing"}
			}
		},
		{
			"name": "hexadecagon",
			"from": [-8.46875, 4.29266, 20.73437],
			"to": [-5.68125, 6.40734, 22.50625],
			"rotation": {"angle": 22.5, "axis": "x", "origin": [-4.625, 5.35, 26.05]},
			"faces": {
				"north": {"uv": [0, 0, 1, 1], "texture": "#5"},
				"east": {"uv": [0, 0, 1, 1], "texture": "#5"},
				"south": {"uv": [0, 0, 1, 1], "texture": "#5"},
				"west": {"uv": [0, 0, 1, 1], "texture": "#5"},
				"up": {"uv": [0, 0, 1, 1], "texture": "#5"},
				"down": {"uv": [0, 0, 1, 1], "texture": "#5"}
			}
		},
		{
			"name": "hexadecagon",
			"from": [-8.46875, 4.29266, 20.73437],
			"to": [-5.68125, 6.40734, 22.50625],
			"rotation": {"angle": 45, "axis": "x", "origin": [-4.625, 5.35, 26.05]},
			"faces": {
				"north": {"uv": [0, 0, 1, 1], "texture": "#5"},
				"east": {"uv": [0, 0, 1, 1], "texture": "#5"},
				"south": {"uv": [0, 0, 1, 1], "texture": "#5"},
				"west": {"uv": [0, 0, 1, 1], "texture": "#5"},
				"up": {"uv": [0, 0, 1, 1], "texture": "#5"},
				"down": {"uv": [0, 0, 1, 1], "texture": "#5"}
			}
		},
		{
			"name": "hexadecagon",
			"from": [-8.46875, 4.29266, 29.59375],
			"to": [-5.68125, 6.40734, 31.36562],
			"rotation": {"angle": -45, "axis": "x", "origin": [-4.625, 5.35, 26.05]},
			"faces": {
				"north": {"uv": [0, 0, 1, 1], "texture": "#5"},
				"east": {"uv": [0, 0, 1, 1], "texture": "#5"},
				"south": {"uv": [0, 0, 1, 1], "texture": "#5"},
				"west": {"uv": [0, 0, 1, 1], "texture": "#5"},
				"up": {"uv": [0, 0, 1, 1], "texture": "#5"},
				"down": {"uv": [0, 0, 1, 1], "texture": "#5"}
			}
		},
		{
			"name": "hexadecagon",
			"from": [-8.46875, 4.29266, 29.59375],
			"to": [-5.68125, 6.40734, 31.36562],
			"rotation": {"angle": -22.5, "axis": "x", "origin": [-4.625, 5.35, 26.05]},
			"faces": {
				"north": {"uv": [0, 0, 1, 1], "texture": "#5"},
				"east": {"uv": [0, 0, 1, 1], "texture": "#5"},
				"south": {"uv": [0, 0, 1, 1], "texture": "#5"},
				"west": {"uv": [0, 0, 1, 1], "texture": "#5"},
				"up": {"uv": [0, 0, 1, 1], "texture": "#5"},
				"down": {"uv": [0, 0, 1, 1], "texture": "#5"}
			}
		},
		{
			"name": "hexadecagon",
			"from": [-8.46875, 8.89375, 24.99266],
			"to": [-5.68125, 10.66562, 27.10734],
			"rotation": {"angle": -22.5, "axis": "x", "origin": [-4.625, 5.35, 26.05]},
			"faces": {
				"north": {"uv": [0, 0, 1, 1], "texture": "#5"},
				"east": {"uv": [0, 0, 1, 1], "texture": "#5"},
				"south": {"uv": [0, 0, 1, 1], "texture": "#5"},
				"west": {"uv": [0, 0, 1, 1], "texture": "#5"},
				"up": {"uv": [0, 0, 1, 1], "texture": "#5"},
				"down": {"uv": [0, 0, 1, 1], "texture": "#5"}
			}
		},
		{
			"name": "hexadecagon",
			"from": [-8.46875, 8.89375, 24.99266],
			"to": [-5.68125, 10.66562, 27.10734],
			"rotation": {"angle": 0, "axis": "y", "origin": [-4.625, 5.35, 26.05]},
			"faces": {
				"north": {"uv": [0, 0, 1, 1], "texture": "#5"},
				"east": {"uv": [0, 0, 1, 1], "texture": "#5"},
				"south": {"uv": [0, 0, 1, 1], "texture": "#5"},
				"west": {"uv": [0, 0, 1, 1], "texture": "#5"},
				"up": {"uv": [0, 0, 1, 1], "texture": "#5"},
				"down": {"uv": [0, 0, 1, 1], "texture": "#5"}
			}
		},
		{
			"name": "hexadecagon",
			"from": [-8.46875, 8.89375, 24.99266],
			"to": [-5.68125, 10.66562, 27.10734],
			"rotation": {"angle": 22.5, "axis": "x", "origin": [-4.625, 5.35, 26.05]},
			"faces": {
				"north": {"uv": [0, 0, 1, 1], "texture": "#5"},
				"east": {"uv": [0, 0, 1, 1], "texture": "#5"},
				"south": {"uv": [0, 0, 1, 1], "texture": "#5"},
				"west": {"uv": [0, 0, 1, 1], "texture": "#5"},
				"up": {"uv": [0, 0, 1, 1], "texture": "#5"},
				"down": {"uv": [0, 0, 1, 1], "texture": "#5"}
			}
		},
		{
			"name": "hexadecagon",
			"from": [-9.5, 3.00408, 22.25],
			"to": [-4.5, 4.49592, 29.75],
			"rotation": {"angle": -45, "axis": "x", "origin": [-7, 3.75, 26]},
			"faces": {
				"north": {"uv": [0, 0, 1, 1], "texture": "#1"},
				"east": {"uv": [0, 0, 1, 1], "texture": "#1"},
				"south": {"uv": [0, 0, 1, 1], "texture": "#1"},
				"west": {"uv": [0, 0, 1, 1], "texture": "#1"},
				"up": {"uv": [0, 0, 1, 1], "texture": "#1"},
				"down": {"uv": [0, 0, 1, 1], "texture": "#1"}
			}
		},
		{
			"name": "hexadecagon",
			"from": [-9.5, 3.00408, 22.25],
			"to": [-4.5, 4.49592, 29.75],
			"rotation": {"angle": -22.5, "axis": "x", "origin": [-7, 3.75, 26]},
			"faces": {
				"north": {"uv": [0, 0, 1, 1], "texture": "#1"},
				"east": {"uv": [0, 0, 1, 1], "texture": "#1"},
				"south": {"uv": [0, 0, 1, 1], "texture": "#1"},
				"west": {"uv": [0, 0, 1, 1], "texture": "#1"},
				"up": {"uv": [0, 0, 1, 1], "texture": "#1"},
				"down": {"uv": [0, 0, 1, 1], "texture": "#1"}
			}
		},
		{
			"name": "hexadecagon",
			"from": [-9.5, 3.00408, 22.25],
			"to": [-4.5, 4.49592, 29.75],
			"rotation": {"angle": 0, "axis": "y", "origin": [-7, 3.75, 26]},
			"faces": {
				"north": {"uv": [0, 0, 1, 1], "texture": "#1"},
				"east": {"uv": [0, 0, 1, 1], "texture": "#1"},
				"south": {"uv": [0, 0, 1, 1], "texture": "#1"},
				"west": {"uv": [0, 0, 1, 1], "texture": "#1"},
				"up": {"uv": [0, 0, 1, 1], "texture": "#1"},
				"down": {"uv": [0, 0, 1, 1], "texture": "#1"}
			}
		},
		{
			"name": "hexadecagon",
			"from": [-9.5, 3.00408, 22.25],
			"to": [-4.5, 4.49592, 29.75],
			"rotation": {"angle": 22.5, "axis": "x", "origin": [-7, 3.75, 26]},
			"faces": {
				"north": {"uv": [0, 0, 1, 1], "texture": "#1"},
				"east": {"uv": [0, 0, 1, 1], "texture": "#1"},
				"south": {"uv": [0, 0, 1, 1], "texture": "#1"},
				"west": {"uv": [0, 0, 1, 1], "texture": "#1"},
				"up": {"uv": [0, 0, 1, 1], "texture": "#1"},
				"down": {"uv": [0, 0, 1, 1], "texture": "#1"}
			}
		},
		{
			"name": "hexadecagon",
			"from": [-9.5, 3.00408, 22.25],
			"to": [-4.5, 4.49592, 29.75],
			"rotation": {"angle": 45, "axis": "x", "origin": [-7, 3.75, 26]},
			"faces": {
				"north": {"uv": [0, 0, 1, 1], "texture": "#1"},
				"east": {"uv": [0, 0, 1, 1], "texture": "#1"},
				"south": {"uv": [0, 0, 1, 1], "texture": "#1"},
				"west": {"uv": [0, 0, 1, 1], "texture": "#1"},
				"up": {"uv": [0, 0, 1, 1], "texture": "#1"},
				"down": {"uv": [0, 0, 1, 1], "texture": "#1"}
			}
		},
		{
			"name": "hexadecagon",
			"from": [-9.5, 0, 25.25408],
			"to": [-4.5, 7.5, 26.74592],
			"rotation": {"angle": -22.5, "axis": "x", "origin": [-7, 3.75, 26]},
			"faces": {
				"north": {"uv": [0, 0, 1, 1], "texture": "#1"},
				"east": {"uv": [0, 0, 1, 1], "texture": "#1"},
				"south": {"uv": [0, 0, 1, 1], "texture": "#1"},
				"west": {"uv": [0, 0, 1, 1], "texture": "#1"},
				"up": {"uv": [0, 0, 1, 1], "texture": "#1"},
				"down": {"uv": [0, 0, 1, 1], "texture": "#1"}
			}
		},
		{
			"name": "hexadecagon",
			"from": [-9.5, 0, 25.25408],
			"to": [-4.5, 7.5, 26.74592],
			"rotation": {"angle": 0, "axis": "y", "origin": [-7, 3.75, 26]},
			"faces": {
				"north": {"uv": [0, 0, 1, 1], "texture": "#1"},
				"east": {"uv": [0, 0, 1, 1], "texture": "#1"},
				"south": {"uv": [0, 0, 1, 1], "texture": "#1"},
				"west": {"uv": [0, 0, 1, 1], "texture": "#1"},
				"up": {"uv": [0, 0, 1, 1], "texture": "#1"},
				"down": {"uv": [0, 0, 1, 1], "texture": "#1"}
			}
		},
		{
			"name": "hexadecagon",
			"from": [-9.5, 0, 25.25408],
			"to": [-4.5, 7.5, 26.74592],
			"rotation": {"angle": 22.5, "axis": "x", "origin": [-7, 3.75, 26]},
			"faces": {
				"north": {"uv": [0, 0, 1, 1], "texture": "#1"},
				"east": {"uv": [0, 0, 1, 1], "texture": "#1"},
				"south": {"uv": [0, 0, 1, 1], "texture": "#1"},
				"west": {"uv": [0, 0, 1, 1], "texture": "#1"},
				"up": {"uv": [0, 0, 1, 1], "texture": "#1"},
				"down": {"uv": [0, 0, 1, 1], "texture": "#1"}
			}
		},
		{
			"from": [-9.6, -1, 21],
			"to": [-9.6, 8.5, 31],
			"rotation": {"angle": 0, "axis": "y", "origin": [-11.6, 2, 28]},
			"faces": {
				"north": {"uv": [0, 0, 0, 7.5], "texture": "#missing"},
				"east": {"uv": [0, 0, 16, 16], "texture": "#0"},
				"south": {"uv": [0, 0, 0, 7.5], "texture": "#missing"},
				"west": {"uv": [0, 0, 16, 16], "texture": "#0"},
				"up": {"uv": [0, 0, 0, 8], "texture": "#missing"},
				"down": {"uv": [0, 0, 0, 8], "texture": "#missing"}
			}
		},
		{
			"from": [-4.4, -1, 21],
			"to": [-4.4, 8.5, 31],
			"rotation": {"angle": 0, "axis": "y", "origin": [-2.4, 2, 28]},
			"faces": {
				"north": {"uv": [0, 0, 0, 7.5], "texture": "#missing"},
				"east": {"uv": [16, 0, 0, 16], "texture": "#0"},
				"south": {"uv": [0, 0, 0, 7.5], "texture": "#missing"},
				"west": {"uv": [16, 0, 0, 16], "texture": "#0"},
				"up": {"uv": [0, 0, 0, 8], "texture": "#missing"},
				"down": {"uv": [0, 0, 0, 8], "texture": "#missing"}
			}
		},
		{
			"name": "hexadecagon",
			"from": [21.53125, 4.29266, 20.73437],
			"to": [24.31875, 6.40734, 22.50625],
			"rotation": {"angle": 22.5, "axis": "x", "origin": [25.375, 5.35, 26.05]},
			"faces": {
				"north": {"uv": [0, 0, 1, 1], "texture": "#5"},
				"east": {"uv": [0, 0, 1, 1], "texture": "#5"},
				"south": {"uv": [0, 0, 1, 1], "texture": "#5"},
				"west": {"uv": [0, 0, 1, 1], "texture": "#5"},
				"up": {"uv": [0, 0, 1, 1], "texture": "#5"},
				"down": {"uv": [0, 0, 1, 1], "texture": "#5"}
			}
		},
		{
			"name": "hexadecagon",
			"from": [21.53125, 4.29266, 20.73437],
			"to": [24.31875, 6.40734, 22.50625],
			"rotation": {"angle": 45, "axis": "x", "origin": [25.375, 5.35, 26.05]},
			"faces": {
				"north": {"uv": [0, 0, 1, 1], "texture": "#5"},
				"east": {"uv": [0, 0, 1, 1], "texture": "#5"},
				"south": {"uv": [0, 0, 1, 1], "texture": "#5"},
				"west": {"uv": [0, 0, 1, 1], "texture": "#5"},
				"up": {"uv": [0, 0, 1, 1], "texture": "#5"},
				"down": {"uv": [0, 0, 1, 1], "texture": "#5"}
			}
		},
		{
			"name": "hexadecagon",
			"from": [21.53125, 4.29266, 29.59375],
			"to": [24.31875, 6.40734, 31.36562],
			"rotation": {"angle": -45, "axis": "x", "origin": [25.375, 5.35, 26.05]},
			"faces": {
				"north": {"uv": [0, 0, 1, 1], "texture": "#5"},
				"east": {"uv": [0, 0, 1, 1], "texture": "#5"},
				"south": {"uv": [0, 0, 1, 1], "texture": "#5"},
				"west": {"uv": [0, 0, 1, 1], "texture": "#5"},
				"up": {"uv": [0, 0, 1, 1], "texture": "#5"},
				"down": {"uv": [0, 0, 1, 1], "texture": "#5"}
			}
		},
		{
			"name": "hexadecagon",
			"from": [21.53125, 4.29266, 29.59375],
			"to": [24.31875, 6.40734, 31.36562],
			"rotation": {"angle": -22.5, "axis": "x", "origin": [25.375, 5.35, 26.05]},
			"faces": {
				"north": {"uv": [0, 0, 1, 1], "texture": "#5"},
				"east": {"uv": [0, 0, 1, 1], "texture": "#5"},
				"south": {"uv": [0, 0, 1, 1], "texture": "#5"},
				"west": {"uv": [0, 0, 1, 1], "texture": "#5"},
				"up": {"uv": [0, 0, 1, 1], "texture": "#5"},
				"down": {"uv": [0, 0, 1, 1], "texture": "#5"}
			}
		},
		{
			"name": "hexadecagon",
			"from": [21.53125, 8.89375, 24.99266],
			"to": [24.31875, 10.66562, 27.10734],
			"rotation": {"angle": -22.5, "axis": "x", "origin": [25.375, 5.35, 26.05]},
			"faces": {
				"north": {"uv": [0, 0, 1, 1], "texture": "#5"},
				"east": {"uv": [0, 0, 1, 1], "texture": "#5"},
				"south": {"uv": [0, 0, 1, 1], "texture": "#5"},
				"west": {"uv": [0, 0, 1, 1], "texture": "#5"},
				"up": {"uv": [0, 0, 1, 1], "texture": "#5"},
				"down": {"uv": [0, 0, 1, 1], "texture": "#5"}
			}
		},
		{
			"name": "hexadecagon",
			"from": [21.53125, 8.89375, 24.99266],
			"to": [24.31875, 10.66562, 27.10734],
			"rotation": {"angle": 0, "axis": "y", "origin": [25.375, 5.35, 26.05]},
			"faces": {
				"north": {"uv": [0, 0, 1, 1], "texture": "#5"},
				"east": {"uv": [0, 0, 1, 1], "texture": "#5"},
				"south": {"uv": [0, 0, 1, 1], "texture": "#5"},
				"west": {"uv": [0, 0, 1, 1], "texture": "#5"},
				"up": {"uv": [0, 0, 1, 1], "texture": "#5"},
				"down": {"uv": [0, 0, 1, 1], "texture": "#5"}
			}
		},
		{
			"name": "hexadecagon",
			"from": [21.53125, 8.89375, 24.99266],
			"to": [24.31875, 10.66562, 27.10734],
			"rotation": {"angle": 22.5, "axis": "x", "origin": [25.375, 5.35, 26.05]},
			"faces": {
				"north": {"uv": [0, 0, 1, 1], "texture": "#5"},
				"east": {"uv": [0, 0, 1, 1], "texture": "#5"},
				"south": {"uv": [0, 0, 1, 1], "texture": "#5"},
				"west": {"uv": [0, 0, 1, 1], "texture": "#5"},
				"up": {"uv": [0, 0, 1, 1], "texture": "#5"},
				"down": {"uv": [0, 0, 1, 1], "texture": "#5"}
			}
		},
		{
			"name": "hexadecagon",
			"from": [20.5, 3.00408, 22.25],
			"to": [25.5, 4.49592, 29.75],
			"rotation": {"angle": -45, "axis": "x", "origin": [23, 3.75, 26]},
			"faces": {
				"north": {"uv": [0, 0, 1, 1], "texture": "#1"},
				"east": {"uv": [0, 0, 1, 1], "texture": "#1"},
				"south": {"uv": [0, 0, 1, 1], "texture": "#1"},
				"west": {"uv": [0, 0, 1, 1], "texture": "#1"},
				"up": {"uv": [0, 0, 1, 1], "texture": "#1"},
				"down": {"uv": [0, 0, 1, 1], "texture": "#1"}
			}
		},
		{
			"name": "hexadecagon",
			"from": [20.5, 3.00408, 22.25],
			"to": [25.5, 4.49592, 29.75],
			"rotation": {"angle": -22.5, "axis": "x", "origin": [23, 3.75, 26]},
			"faces": {
				"north": {"uv": [0, 0, 1, 1], "texture": "#1"},
				"east": {"uv": [0, 0, 1, 1], "texture": "#1"},
				"south": {"uv": [0, 0, 1, 1], "texture": "#1"},
				"west": {"uv": [0, 0, 1, 1], "texture": "#1"},
				"up": {"uv": [0, 0, 1, 1], "texture": "#1"},
				"down": {"uv": [0, 0, 1, 1], "texture": "#1"}
			}
		},
		{
			"name": "hexadecagon",
			"from": [20.5, 3.00408, 22.25],
			"to": [25.5, 4.49592, 29.75],
			"rotation": {"angle": 0, "axis": "y", "origin": [23, 3.75, 26]},
			"faces": {
				"north": {"uv": [0, 0, 1, 1], "texture": "#1"},
				"east": {"uv": [0, 0, 1, 1], "texture": "#1"},
				"south": {"uv": [0, 0, 1, 1], "texture": "#1"},
				"west": {"uv": [0, 0, 1, 1], "texture": "#1"},
				"up": {"uv": [0, 0, 1, 1], "texture": "#1"},
				"down": {"uv": [0, 0, 1, 1], "texture": "#1"}
			}
		},
		{
			"name": "hexadecagon",
			"from": [20.5, 3.00408, 22.25],
			"to": [25.5, 4.49592, 29.75],
			"rotation": {"angle": 22.5, "axis": "x", "origin": [23, 3.75, 26]},
			"faces": {
				"north": {"uv": [0, 0, 1, 1], "texture": "#1"},
				"east": {"uv": [0, 0, 1, 1], "texture": "#1"},
				"south": {"uv": [0, 0, 1, 1], "texture": "#1"},
				"west": {"uv": [0, 0, 1, 1], "texture": "#1"},
				"up": {"uv": [0, 0, 1, 1], "texture": "#1"},
				"down": {"uv": [0, 0, 1, 1], "texture": "#1"}
			}
		},
		{
			"name": "hexadecagon",
			"from": [20.5, 3.00408, 22.25],
			"to": [25.5, 4.49592, 29.75],
			"rotation": {"angle": 45, "axis": "x", "origin": [23, 3.75, 26]},
			"faces": {
				"north": {"uv": [0, 0, 1, 1], "texture": "#1"},
				"east": {"uv": [0, 0, 1, 1], "texture": "#1"},
				"south": {"uv": [0, 0, 1, 1], "texture": "#1"},
				"west": {"uv": [0, 0, 1, 1], "texture": "#1"},
				"up": {"uv": [0, 0, 1, 1], "texture": "#1"},
				"down": {"uv": [0, 0, 1, 1], "texture": "#1"}
			}
		},
		{
			"name": "hexadecagon",
			"from": [20.5, 0, 25.25408],
			"to": [25.5, 7.5, 26.74592],
			"rotation": {"angle": -22.5, "axis": "x", "origin": [23, 3.75, 26]},
			"faces": {
				"north": {"uv": [0, 0, 1, 1], "texture": "#1"},
				"east": {"uv": [0, 0, 1, 1], "texture": "#1"},
				"south": {"uv": [0, 0, 1, 1], "texture": "#1"},
				"west": {"uv": [0, 0, 1, 1], "texture": "#1"},
				"up": {"uv": [0, 0, 1, 1], "texture": "#1"},
				"down": {"uv": [0, 0, 1, 1], "texture": "#1"}
			}
		},
		{
			"name": "hexadecagon",
			"from": [20.5, 0, 25.25408],
			"to": [25.5, 7.5, 26.74592],
			"rotation": {"angle": 0, "axis": "y", "origin": [23, 3.75, 26]},
			"faces": {
				"north": {"uv": [0, 0, 1, 1], "texture": "#1"},
				"east": {"uv": [0, 0, 1, 1], "texture": "#1"},
				"south": {"uv": [0, 0, 1, 1], "texture": "#1"},
				"west": {"uv": [0, 0, 1, 1], "texture": "#1"},
				"up": {"uv": [0, 0, 1, 1], "texture": "#1"},
				"down": {"uv": [0, 0, 1, 1], "texture": "#1"}
			}
		},
		{
			"name": "hexadecagon",
			"from": [20.5, 0, 25.25408],
			"to": [25.5, 7.5, 26.74592],
			"rotation": {"angle": 22.5, "axis": "x", "origin": [23, 3.75, 26]},
			"faces": {
				"north": {"uv": [0, 0, 1, 1], "texture": "#1"},
				"east": {"uv": [0, 0, 1, 1], "texture": "#1"},
				"south": {"uv": [0, 0, 1, 1], "texture": "#1"},
				"west": {"uv": [0, 0, 1, 1], "texture": "#1"},
				"up": {"uv": [0, 0, 1, 1], "texture": "#1"},
				"down": {"uv": [0, 0, 1, 1], "texture": "#1"}
			}
		},
		{
			"from": [20.4, -1, 21],
			"to": [20.4, 8.5, 31],
			"rotation": {"angle": 0, "axis": "y", "origin": [18.4, 2, 28]},
			"faces": {
				"north": {"uv": [0, 0, 0, 7.5], "texture": "#missing"},
				"east": {"uv": [0, 0, 16, 16], "texture": "#0"},
				"south": {"uv": [0, 0, 0, 7.5], "texture": "#missing"},
				"west": {"uv": [0, 0, 16, 16], "texture": "#0"},
				"up": {"uv": [0, 0, 0, 8], "texture": "#missing"},
				"down": {"uv": [0, 0, 0, 8], "texture": "#missing"}
			}
		},
		{
			"from": [25.6, -1, 21],
			"to": [25.6, 8.5, 31],
			"rotation": {"angle": 0, "axis": "y", "origin": [27.6, 2, 28]},
			"faces": {
				"north": {"uv": [0, 0, 0, 7.5], "texture": "#missing"},
				"east": {"uv": [16, 0, 0, 16], "texture": "#0"},
				"south": {"uv": [0, 0, 0, 7.5], "texture": "#missing"},
				"west": {"uv": [16, 0, 0, 16], "texture": "#0"},
				"up": {"uv": [0, 0, 0, 8], "texture": "#missing"},
				"down": {"uv": [0, 0, 0, 8], "texture": "#missing"}
			}
		},
		{
			"from": [-5, 10, 0],
			"to": [21, 12, 8],
			"rotation": {"angle": 0, "axis": "y", "origin": [-3, 10, -3]},
			"faces": {
				"north": {"uv": [0, 0, 16, 2], "texture": "#1"},
				"east": {"uv": [0, 0, 11, 2], "texture": "#1"},
				"south": {"uv": [0, 0, 16, 2], "texture": "#1"},
				"west": {"uv": [0, 0, 11, 2], "texture": "#1"},
				"up": {"uv": [0, 0, 16, 11], "texture": "#1"},
				"down": {"uv": [0, 0, 16, 11], "texture": "#1"}
			}
		},
		{
			"from": [-5, 10, 8],
			"to": [21, 21.6, 10],
			"rotation": {"angle": 0, "axis": "x", "origin": [-3, 10, 8]},
			"faces": {
				"north": {"uv": [0, 0, 16, 14], "texture": "#1"},
				"east": {"uv": [0, 0, 2, 14], "texture": "#1"},
				"south": {"uv": [0, 0, 16, 14], "texture": "#1"},
				"west": {"uv": [0, 0, 2, 14], "texture": "#1"},
				"up": {"uv": [0, 0, 16, 2], "texture": "#1"},
				"down": {"uv": [0, 0, 16, 2], "texture": "#1"}
			}
		},
		{
			"from": [-5, 10, 15],
			"to": [21, 12, 23],
			"rotation": {"angle": 0, "axis": "y", "origin": [-3, 10, 12]},
			"faces": {
				"north": {"uv": [0, 0, 16, 2], "texture": "#1"},
				"east": {"uv": [0, 0, 11, 2], "texture": "#1"},
				"south": {"uv": [0, 0, 16, 2], "texture": "#1"},
				"west": {"uv": [0, 0, 11, 2], "texture": "#1"},
				"up": {"uv": [0, 0, 16, 11], "texture": "#1"},
				"down": {"uv": [0, 0, 16, 11], "texture": "#1"}
			}
		},
		{
			"from": [-5, 10, 23],
			"to": [21, 21.6, 25],
			"rotation": {"angle": 0, "axis": "y", "origin": [-3, 10, 23]},
			"faces": {
				"north": {"uv": [0, 0, 16, 14], "texture": "#1"},
				"east": {"uv": [0, 0, 2, 14], "texture": "#1"},
				"south": {"uv": [0, 0, 16, 14], "texture": "#1"},
				"west": {"uv": [0, 0, 2, 14], "texture": "#1"},
				"up": {"uv": [0, 0, 16, 2], "texture": "#1"},
				"down": {"uv": [0, 0, 16, 2], "texture": "#1"}
			}
		}
	],
	"groups": [
		{
			"name": "jeep",
			"origin": [8, 8, 8],
			"color": 0,
			"children": [
				0,
				1,
				2,
				3,
				4,
				5,
				6,
				7,
				8,
				9,
				10,
				11,
				12,
				13,
				14,
				15,
				16,
				17,
				18,
				19,
				{
					"name": "wielen",
					"origin": [8, 8, 8],
					"color": 0,
					"children": [
						{
							"name": "wiel",
							"origin": [8, 8, 8],
							"color": 0,
							"children": [
								{
									"name": "hexadecagon",
									"origin": [8, 8, 8],
									"color": 0,
									"children": [20, 21, 22, 23, 24, 25, 26]
								},
								{
									"name": "hexadecagon",
									"origin": [8, 8, 8],
									"color": 0,
									"children": [27, 28, 29, 30, 31, 32, 33, 34, 35, 36]
								}
							]
						},
						{
							"name": "wiel",
							"origin": [8, 8, 8],
							"color": 0,
							"children": [
								{
									"name": "hexadecagon",
									"origin": [8, 8, 8],
									"color": 0,
									"children": [37, 38, 39, 40, 41, 42, 43]
								},
								{
									"name": "hexadecagon",
									"origin": [8, 8, 8],
									"color": 0,
									"children": [44, 45, 46, 47, 48, 49, 50, 51, 52, 53]
								}
							]
						},
						{
							"name": "wiel",
							"origin": [8, 8, 8],
							"color": 0,
							"children": [
								{
									"name": "hexadecagon",
									"origin": [8, 8, 8],
									"color": 0,
									"children": [54, 55, 56, 57, 58, 59, 60]
								},
								{
									"name": "hexadecagon",
									"origin": [8, 8, 8],
									"color": 0,
									"children": [61, 62, 63, 64, 65, 66, 67, 68, 69, 70]
								}
							]
						},
						{
							"name": "wiel",
							"origin": [8, 8, 8],
							"color": 0,
							"children": [
								{
									"name": "hexadecagon",
									"origin": [8, 8, 8],
									"color": 0,
									"children": [71, 72, 73, 74, 75, 76, 77]
								},
								{
									"name": "hexadecagon",
									"origin": [8, 8, 8],
									"color": 0,
									"children": [78, 79, 80, 81, 82, 83, 84, 85, 86, 87]
								}
							]
						}
					]
				},
				{
					"name": "stoelen",
					"origin": [8, 8, 8],
					"color": 0,
					"children": [
						{
							"name": "bank",
							"origin": [8, 8, 8],
							"color": 0,
							"children": [88, 89]
						},
						{
							"name": "bank",
							"origin": [8, 8, 8],
							"color": 0,
							"children": [90, 91]
						}
					]
				}
			]
		}
	]
}